verification_queue,verification_priority,edge_id,source_strut_id,node_u,node_v,phase2b4_automated_review_label,phase2b4_automated_review_status,phase2c_triage_bucket,phase2c_label,phase2c_status,phase2c_confidence_tier,phase2c_reason,phase2b3_missing_evidence_count,ct_anomaly_rank,ct_missing_material_anomaly_score,occupied_axial_fraction,longest_low_area_gap_fraction,area_mean_voxels2,core_minus_background_contrast,negative_template_residual,bridge_connected_26,threshold_stability_occupied_fraction_range,local_registration_stability_voxels,orientation_key,boundary_bin,spatial_region
remaining_review_required_677_second_priority,1,E_N005468_N006605,11708,N005468,N006605,manual_review_uncertain,blocked_manual_review,uncertain_mixed_evidence,phase2c_still_review_required,still_review_required,review_required,blocked_or_mixed_evidence_remains_unresolved,4,64,4.8374999999999995,0.4166666666666667,0.5833333333333334,4.75,0.20958083832335328,3.8,False,0.08333333333333331,0.3869486659948345,ori101,near_boundary,r121
remaining_review_required_677_second_priority,2,E_N004684_N005821,10340,N004684,N005821,manual_review_uncertain,blocked_manual_review,uncertain_mixed_evidence,phase2c_still_review_required,still_review_required,review_required,blocked_or_mixed_evidence_remains_unresolved,3,67,4.727083333333333,0.75,0.25,10.333333333333334,2.2316269640141915,4.325,False,0.20833333333333337,0.16505491542447037,ori101,near_boundary,r001
remaining_review_required_677_second_priority,3,E_N002146_N002152,3782,N002146,N002152,manual_review_uncertain,blocked_manual_review,uncertain_registration_unstable,phase2c_still_review_required,still_review_required,review_required,blocked_or_mixed_evidence_remains_unresolved,4,69,4.625,0.3333333333333333,0.6666666666666666,1.6666666666666667,0.6197866149369544,3.4,False,0.16666666666666669,2.5,ori011,boundary,r020
remaining_review_required_677_second_priority,4,E_N010116_N010121,18270,N010116,N010121,manual_review_uncertain,blocked_manual_review,uncertain_mixed_evidence,phase2c_still_review_required,still_review_required,review_required,blocked_or_mixed_evidence_remains_unresolved,4,70,4.604166666666666,0.3333333333333333,0.6666666666666666,4.041666666666667,0.14316702819956617,3.4,False,0.08333333333333331,0.3041601293177627,ori011,boundary,r022
remaining_review_required_677_second_priority,5,E_N003280_N004420,7813,N003280,N004420,manual_review_possible_unintended_disconnected,blocked_manual_review,possible_disconnected_instability_or_evidence_shortfall,phase2c_still_review_required,still_review_required,review_required,blocked_or_mixed_evidence_remains_unresolved,5,71,4.520833333333333,0.375,0.625,3.4583333333333335,-0.21056289089645588,3.4,False,0.08333333333333337,2.5,ori011,boundary,r021
remaining_review_required_677_second_priority,6,E_N003280_N003286,5798,N003280,N003286,manual_review_possible_unintended_disconnected,blocked_manual_review,possible_disconnected_instability_or_evidence_shortfall,phase2c_still_review_required,still_review_required,review_required,blocked_or_mixed_evidence_remains_unresolved,5,74,4.2562500000000005,0.4583333333333333,0.5416666666666666,2.875,0.015468607825295723,3.291666666666667,False,0.12499999999999994,2.5,ori011,boundary,r020
remaining_review_required_677_second_priority,7,E_N000633_N000766,1324,N000633,N000766,manual_review_uncertain,blocked_manual_review,uncertain_threshold_sensitive,phase2c_still_review_required,still_review_required,review_required,blocked_or_mixed_evidence_remains_unresolved,3,76,4.23125,0.5,0.4583333333333333,1.875,0.11835748792270531,3.225,False,0.7916666666666666,2.5,ori011,boundary,r020
remaining_review_required_677_second_priority,8,E_N007259_N007265,13107,N007259,N007265,manual_review_uncertain,blocked_manual_review,uncertain_mixed_evidence,phase2c_still_review_required,still_review_required,review_required,blocked_or_mixed_evidence_remains_unresolved,3,77,4.214583333333334,0.5416666666666666,0.4583333333333333,7.083333333333333,0.9267810026385225,3.416666666666667,False,0.125,0.6082895085961296,ori101,interior,r112
remaining_review_required_677_second_priority,9,E_N002330_N003484,6176,N002330,N003484,manual_review_uncertain,blocked_manual_review,uncertain_mixed_evidence,phase2c_still_review_required,still_review_required,review_required,blocked_or_mixed_evidence_remains_unresolved,3,82,4.150480769230769,0.5416666666666666,0.4583333333333333,5.333333333333333,1.5656742556917689,3.352564102564102,False,0.125,1.4364135517125658,ori101,boundary,r101
remaining_review_required_677_second_priority,10,E_N000759_N000892,1544,N000759,N000892,manual_review_uncertain,blocked_manual_review,uncertain_threshold_sensitive,phase2c_still_review_required,still_review_required,review_required,blocked_or_mixed_evidence_remains_unresolved,3,83,4.102083333333334,0.5416666666666666,0.375,1.9583333333333333,0.1875,3.2,False,0.875,2.5,ori011,boundary,r020
remaining_review_required_677_second_priority,11,E_N009349_N009365,16714,N009349,N009365,manual_review_uncertain,blocked_manual_review,uncertain_threshold_sensitive,phase2c_still_review_required,still_review_required,review_required,blocked_or_mixed_evidence_remains_unresolved,3,87,4.016666666666667,0.6666666666666666,0.3333333333333333,4.208333333333333,5.2780638516992795,3.25,False,1.0,0.1565024250077669,ori110,boundary,r002
remaining_review_required_677_second_priority,12,E_N005930_N007066,12549,N005930,N007066,manual_review_uncertain,blocked_manual_review,uncertain_threshold_sensitive,phase2c_still_review_required,still_review_required,review_required,blocked_or_mixed_evidence_remains_unresolved,3,88,3.9607954545454542,0.8333333333333334,0.16666666666666666,7.875,1.1819990054699154,3.7045454545454546,False,0.29166666666666663,2.5,ori101,boundary,r002
remaining_review_required_677_second_priority,13,E_N000507_N000640,1104,N000507,N000640,manual_review_uncertain,blocked_manual_review,uncertain_threshold_sensitive,phase2c_still_review_required,still_review_required,review_required,blocked_or_mixed_evidence_remains_unresolved,2,89,3.9541666666666666,0.7916666666666666,0.20833333333333334,3.2083333333333335,0.33589415279556123,3.5,True,0.75,2.5,ori011,boundary,r010
remaining_review_required_677_second_priority,14,E_N007735_N008889,15992,N007735,N008889,manual_review_uncertain,blocked_manual_review,uncertain_mixed_evidence,phase2c_still_review_required,still_review_required,review_required,blocked_or_mixed_evidence_remains_unresolved,3,90,3.9145833333333333,0.5833333333333334,0.4166666666666667,6.5,1.0936329588014981,3.2,False,0.125,0.4260717904297914,ori101,near_boundary,r122
remaining_review_required_677_second_priority,15,E_N006125_N006131,11091,N006125,N006131,manual_review_uncertain,blocked_manual_review,uncertain_mixed_evidence,phase2c_still_review_required,still_review_required,review_required,blocked_or_mixed_evidence_remains_unresolved,3,92,3.8875000000000006,0.5416666666666666,0.4583333333333333,6.75,1.0228346456692914,3.1,False,0.08333333333333337,0.6105646231880436,ori101,interior,r111
remaining_review_required_677_second_priority,16,E_N003465_N004605,8389,N003465,N004605,manual_review_uncertain,blocked_manual_review,uncertain_mixed_evidence,phase2c_still_review_required,still_review_required,review_required,blocked_or_mixed_evidence_remains_unresolved,3,204,3.7937499999999997,0.5833333333333334,0.4166666666666667,10.333333333333334,0.8434744268077602,3.1,False,0.04166666666666663,0.5170921501420754,ori101,near_boundary,r101
remaining_review_required_677_second_priority,17,E_N006629_N006635,11991,N006629,N006635,manual_review_uncertain,blocked_manual_review,uncertain_mixed_evidence,phase2c_still_review_required,still_review_required,review_required,blocked_or_mixed_evidence_remains_unresolved,3,205,3.7520833333333337,0.625,0.375,5.083333333333333,0.8865979381443299,3.1,False,0.20833333333333331,0.7058374421131116,ori101,near_boundary,r121
remaining_review_required_677_second_priority,18,E_N009099_N009223,16436,N009099,N009223,manual_review_uncertain,blocked_manual_review,uncertain_threshold_sensitive,phase2c_still_review_required,still_review_required,review_required,blocked_or_mixed_evidence_remains_unresolved,2,206,3.697916666666667,0.9166666666666666,0.08333333333333333,5.083333333333333,6.274871794871795,3.375,True,0.9583333333333334,0.26269408352579154,ori110,boundary,r002
remaining_review_required_677_second_priority,19,E_N001385_N001495,2667,N001385,N001495,manual_review_possible_unintended_missing,blocked_manual_review,possible_missing_boundary,phase2c_still_review_required,still_review_required,review_required,blocked_or_mixed_evidence_remains_unresolved,7,207,3.6833333333333336,0.0,1.0,0.16666666666666666,0.023088455772113943,1.6666666666666667,False,0.6666666666666666,1.7017268832004415,ori110,boundary,r200
remaining_review_required_677_second_priority,20,E_N008505_N009645,17533,N008505,N009645,manual_review_uncertain,blocked_manual_review,uncertain_mixed_evidence,phase2c_still_review_required,still_review_required,review_required,blocked_or_mixed_evidence_remains_unresolved,3,208,3.671428571428571,0.5833333333333334,0.4166666666666667,6.75,1.0298818624044475,2.946428571428571,False,0.16666666666666669,0.3885162588498538,ori101,boundary,r112
remaining_review_required_677_second_priority,21,E_N006941_N006952,12352,N006941,N006952,manual_review_uncertain,blocked_manual_review,uncertain_mixed_evidence,phase2c_still_review_required,still_review_required,review_required,blocked_or_mixed_evidence_remains_unresolved,3,209,3.6625,0.7916666666666666,0.20833333333333334,11.833333333333334,4.625904486251809,3.375,False,0.08333333333333337,0.27755861843135793,ori101,near_boundary,r002
remaining_review_required_677_second_priority,22,E_N000231_N000358,2625,N000231,N000358,manual_review_possible_unintended_missing,blocked_manual_review,possible_missing_instability_or_evidence_shortfall,phase2c_still_review_required,still_review_required,review_required,blocked_or_mixed_evidence_remains_unresolved,7,210,3.652083333333333,0.041666666666666664,0.9583333333333334,0.125,-0.04633830200907323,1.75,False,0.5416666666666666,1.28497254914217,ori110,near_boundary,r200
remaining_review_required_677_second_priority,23,E_N008313_N008315,14765,N008313,N008315,manual_review_possible_unintended_missing,blocked_manual_review,possible_missing_boundary,phase2c_still_review_required,still_review_required,review_required,blocked_or_mixed_evidence_remains_unresolved,7,215,3.6208333333333336,0.0,1.0,0.2916666666666667,-0.35706860706860705,1.6666666666666667,False,0.4166666666666667,1.9096780555811592,ori110,boundary,r202
remaining_review_required_677_second_priority,24,E_N008351_N009505,17248,N008351,N009505,manual_review_uncertain,blocked_manual_review,uncertain_mixed_evidence,phase2c_still_review_required,still_review_required,review_required,blocked_or_mixed_evidence_remains_unresolved,3,216,3.6163690476190475,0.5833333333333334,0.4166666666666667,9.125,1.9565734681737061,2.9017857142857144,False,0.125,0.13626255424272465,ori101,boundary,r112
remaining_review_required_677_second_priority,25,E_N000063_N001217,2364,N000063,N001217,manual_review_uncertain,blocked_manual_review,uncertain_mixed_evidence,phase2c_still_review_required,still_review_required,review_required,blocked_or_mixed_evidence_remains_unresolved,3,220,3.5937499999999996,0.5833333333333334,0.4166666666666667,5.208333333333333,1.750857142857143,2.9,False,0.04166666666666674,0.862240494175657,ori101,near_boundary,r100
remaining_review_required_677_second_priority,26,E_N000114_N000249,420,N000114,N000249,manual_review_possible_unintended_disconnected,blocked_manual_review,possible_disconnected_instability_or_evidence_shortfall,phase2c_still_review_required,still_review_required,review_required,blocked_or_mixed_evidence_remains_unresolved,5,221,3.5895833333333336,0.0,1.0,0.3333333333333333,0.525894538606403,1.5,False,0.9583333333333334,2.5,ori011,boundary,r200
remaining_review_required_677_second_priority,27,E_N009209_N009225,16430,N009209,N009225,manual_review_uncertain,blocked_manual_review,uncertain_threshold_sensitive,phase2c_still_review_required,still_review_required,review_required,blocked_or_mixed_evidence_remains_unresolved,3,222,3.5833333333333335,0.9166666666666666,0.08333333333333333,4.083333333333333,6.826568265682657,3.25,False,1.0,0.28670833200565715,ori110,boundary,r002
remaining_review_required_677_second_priority,28,E_N000861_N000988,3725,N000861,N000988,manual_review_possible_unintended_disconnected,blocked_manual_review,possible_disconnected_instability_or_evidence_shortfall,phase2c_still_review_required,still_review_required,review_required,blocked_or_mixed_evidence_remains_unresolved,5,223,3.5791666666666666,0.08333333333333333,0.9166666666666666,0.4166666666666667,0.19690635451505017,1.75,False,0.5833333333333334,1.455426708157623,ori110,near_boundary,r220
remaining_review_required_677_second_priority,29,E_N000357_N000372,2651,N000357,N000372,manual_review_possible_unintended_missing,blocked_manual_review,possible_missing_boundary,phase2c_still_review_required,still_review_required,review_required,blocked_or_mixed_evidence_remains_unresolved,6,224,3.547916666666667,0.041666666666666664,0.9583333333333334,0.125,0.081831290555155,1.6666666666666667,False,0.4583333333333333,1.6021646735052766,ori110,boundary,r200
remaining_review_required_677_second_priority,30,E_N002643_N002645,4685,N002643,N002645,manual_review_possible_unintended_missing,blocked_manual_review,possible_missing_boundary,phase2c_still_review_required,still_review_required,review_required,blocked_or_mixed_evidence_remains_unresolved,6,225,3.547916666666667,0.0,1.0,0.0,0.2536231884057971,1.6666666666666667,False,0.125,2.5,ori110,boundary,r200
remaining_review_required_677_second_priority,31,E_N004781_N006045,10720,N004781,N006045,manual_review_possible_unintended_disconnected,blocked_manual_review,possible_disconnected_instability_or_evidence_shortfall,phase2c_still_review_required,still_review_required,review_required,blocked_or_mixed_evidence_remains_unresolved,5,226,3.5479166666666666,0.0,1.0,0.4166666666666667,2.1008902077151337,1.5,False,0.7916666666666666,2.5,ori011,boundary,r201
remaining_review_required_677_second_priority,32,E_N006041_N006045,10723,N006041,N006045,manual_review_possible_unintended_disconnected,blocked_manual_review,possible_disconnected_instability_or_evidence_shortfall,phase2c_still_review_required,still_review_required,review_required,blocked_or_mixed_evidence_remains_unresolved,5,227,3.5479166666666666,0.0,1.0,0.3333333333333333,1.2025,1.5,False,0.7916666666666666,2.5,ori011,boundary,r201
remaining_review_required_677_second_priority,33,E_N000245_N000372,2649,N000245,N000372,manual_review_possible_unintended_missing,blocked_manual_review,possible_missing_boundary,phase2c_still_review_required,still_review_required,review_required,blocked_or_mixed_evidence_remains_unresolved,6,228,3.5375000000000005,0.0,1.0,0.0,0.08626198083067092,1.6666666666666667,False,0.08333333333333333,2.5,ori110,boundary,r200
remaining_review_required_677_second_priority,34,E_N000375_N000377,653,N000375,N000377,manual_review_possible_unintended_missing,blocked_manual_review,possible_missing_boundary,phase2c_still_review_required,still_review_required,review_required,blocked_or_mixed_evidence_remains_unresolved,7,229,3.5375000000000005,0.0,1.0,0.0,-0.0759170653907496,1.6666666666666667,False,0.08333333333333333,2.5,ori110,boundary,r200
remaining_review_required_677_second_priority,35,E_N007049_N007176,14745,N007049,N007176,manual_review_possible_unintended_missing,blocked_manual_review,possible_missing_boundary,phase2c_still_review_required,still_review_required,review_required,blocked_or_mixed_evidence_remains_unresolved,7,230,3.5375,0.041666666666666664,0.9583333333333334,0.20833333333333334,-0.8571428571428571,1.6666666666666667,False,0.4166666666666667,2.074802038697655,ori110,boundary,r202
remaining_review_required_677_second_priority,36,E_N009085_N009209,16408,N009085,N009209,manual_review_uncertain,blocked_manual_review,uncertain_threshold_sensitive,phase2c_still_review_required,still_review_required,review_required,blocked_or_mixed_evidence_remains_unresolved,3,231,3.53125,0.9583333333333334,0.041666666666666664,4.708333333333333,5.525109170305677,3.25,False,0.9583333333333334,0.5310756210951564,ori110,boundary,r002
remaining_review_required_677_second_priority,37,E_N000245_N000251,647,N000245,N000251,manual_review_possible_unintended_missing,blocked_manual_review,possible_missing_boundary,phase2c_still_review_required,still_review_required,review_required,blocked_or_mixed_evidence_remains_unresolved,7,232,3.528075396825397,0.0,1.0,0.125,-0.12991452991452992,1.5634920634920635,False,0.4583333333333333,2.5,ori101,boundary,r200
remaining_review_required_677_second_priority,38,E_N001509_N001511,2669,N001509,N001511,manual_review_possible_unintended_missing,blocked_manual_review,possible_missing_boundary,phase2c_still_review_required,still_review_required,review_required,blocked_or_mixed_evidence_remains_unresolved,7,234,3.5270833333333336,0.0,1.0,0.0,-0.026124197002141327,1.6666666666666667,False,0.041666666666666664,2.5,ori110,boundary,r200
remaining_review_required_677_second_priority,39,E_N002883_N002993,5315,N002883,N002993,manual_review_uncertain,blocked_manual_review,uncertain_threshold_sensitive,phase2c_still_review_required,still_review_required,review_required,blocked_or_mixed_evidence_remains_unresolved,4,236,3.516666666666667,0.375,0.625,1.125,0.23378962536023054,2.166666666666667,False,1.0,1.0380597208928324,ori110,interior,r210
remaining_review_required_677_second_priority,40,E_N000240_N000375,640,N000240,N000375,manual_review_possible_unintended_missing,blocked_manual_review,possible_missing_boundary,phase2c_still_review_required,still_review_required,review_required,blocked_or_mixed_evidence_remains_unresolved,6,239,3.5166666666666666,0.0,1.0,0.0,0.17099863201094392,1.5,False,0.6666666666666666,2.5,ori011,boundary,r200
remaining_review_required_677_second_priority,41,E_N005327_N005333,9663,N005327,N005333,manual_review_uncertain,blocked_manual_review,uncertain_mixed_evidence,phase2c_still_review_required,still_review_required,review_required,blocked_or_mixed_evidence_remains_unresolved,3,240,3.5104166666666665,0.625,0.375,6.708333333333333,0.775,2.9,False,0.04166666666666663,0.24244014723752277,ori101,interior,r021
remaining_review_required_677_second_priority,42,E_N003773_N003777,6691,N003773,N003777,manual_review_possible_unintended_missing,blocked_manual_review,possible_missing_boundary,phase2c_still_review_required,still_review_required,review_required,blocked_or_mixed_evidence_remains_unresolved,6,241,3.50625,0.0,1.0,0.25,2.360230547550432,1.5,False,0.625,2.5,ori011,boundary,r201
remaining_review_required_677_second_priority,43,E_N009223_N009239,16458,N009223,N009239,manual_review_uncertain,blocked_manual_review,uncertain_threshold_sensitive,phase2c_still_review_required,still_review_required,review_required,blocked_or_mixed_evidence_remains_unresolved,2,242,3.5,1.0,0.0,5.041666666666667,9.086350974930362,3.25,True,1.0,0.1988673507376599,ori110,boundary,r002
remaining_review_required_677_second_priority,44,E_N001310_N002447,4340,N001310,N002447,manual_review_uncertain,blocked_manual_review,uncertain_mixed_evidence,phase2c_still_review_required,still_review_required,review_required,blocked_or_mixed_evidence_remains_unresolved,3,243,3.4958333333333336,0.6666666666666666,0.3333333333333333,8.208333333333334,2.6593959731543624,2.916666666666667,False,0.25,0.4861524852752796,ori101,near_boundary,r100
remaining_review_required_677_second_priority,45,E_N003647_N003651,6471,N003647,N003651,manual_review_possible_unintended_missing,blocked_manual_review,possible_missing_boundary,phase2c_still_review_required,still_review_required,review_required,blocked_or_mixed_evidence_remains_unresolved,6,244,3.4958333333333336,0.0,1.0,0.2916666666666667,2.6882352941176473,1.5,False,0.5833333333333334,2.5,ori011,boundary,r201
remaining_review_required_677_second_priority,46,E_N004907_N004911,8707,N004907,N004911,manual_review_possible_unintended_missing,blocked_manual_review,possible_missing_boundary,phase2c_still_review_required,still_review_required,review_required,blocked_or_mixed_evidence_remains_unresolved,6,245,3.4958333333333336,0.0,1.0,0.20833333333333334,1.7775061124694376,1.5,False,0.5833333333333334,2.5,ori011,boundary,r201
remaining_review_required_677_second_priority,47,E_N009211_N009335,16664,N009211,N009335,manual_review_uncertain,blocked_manual_review,uncertain_threshold_sensitive,phase2c_still_review_required,still_review_required,review_required,blocked_or_mixed_evidence_remains_unresolved,2,246,3.4895833333333335,1.0,0.0,4.875,6.691131498470948,3.25,True,0.9583333333333334,0.45395315216942195,ori110,boundary,r002
remaining_review_required_677_second_priority,48,E_N000251_N000372,657,N000251,N000372,manual_review_possible_unintended_disconnected,blocked_manual_review,possible_disconnected_instability_or_evidence_shortfall,phase2c_still_review_required,still_review_required,review_required,blocked_or_mixed_evidence_remains_unresolved,5,248,3.475,0.041666666666666664,0.9583333333333334,0.3333333333333333,1.11980198019802,1.5,False,0.8333333333333334,1.6021646735052766,ori011,boundary,r200
remaining_review_required_677_second_priority,49,E_N000119_N001383,2436,N000119,N001383,manual_review_possible_unintended_missing,blocked_manual_review,possible_missing_boundary,phase2c_still_review_required,still_review_required,review_required,blocked_or_mixed_evidence_remains_unresolved,6,249,3.4645833333333336,0.0,1.0,0.041666666666666664,4.3633217993079585,1.5,False,0.4583333333333333,2.5,ori011,boundary,r200
remaining_review_required_677_second_priority,50,E_N000245_N000249,423,N000245,N000249,manual_review_possible_unintended_missing,blocked_manual_review,possible_missing_boundary,phase2c_still_review_required,still_review_required,review_required,blocked_or_mixed_evidence_remains_unresolved,6,250,3.4645833333333336,0.0,1.0,0.0,1.9187725631768953,1.5,False,0.4583333333333333,2.5,ori011,boundary,r200
remaining_review_required_677_second_priority,51,E_N002640_N003777,6700,N002640,N003777,manual_review_possible_unintended_missing,blocked_manual_review,possible_missing_boundary,phase2c_still_review_required,still_review_required,review_required,blocked_or_mixed_evidence_remains_unresolved,6,251,3.457638888888889,0.0,1.0,0.20833333333333334,0.2583668005354752,1.5555555555555556,False,0.20833333333333334,2.5,ori101,boundary,r201
remaining_review_required_677_second_priority,52,E_N000249_N000251,433,N000249,N000251,manual_review_possible_unintended_missing,blocked_manual_review,possible_missing_boundary,phase2c_still_review_required,still_review_required,review_required,blocked_or_mixed_evidence_remains_unresolved,6,252,3.454166666666667,0.041666666666666664,0.9583333333333334,0.125,0.23085163363685057,1.6666666666666667,False,0.08333333333333333,2.5,ori110,boundary,r200
remaining_review_required_677_second_priority,53,E_N001379_N002643,4672,N001379,N002643,manual_review_possible_unintended_missing,blocked_manual_review,possible_missing_boundary,phase2c_still_review_required,still_review_required,review_required,blocked_or_mixed_evidence_remains_unresolved,6,253,3.4541666666666666,0.0,1.0,0.16666666666666666,2.324455205811138,1.5,False,0.4166666666666667,2.5,ori011,boundary,r200
remaining_review_required_677_second_priority,54,E_N001505_N001511,2883,N001505,N001511,manual_review_possible_unintended_missing,blocked_manual_review,possible_missing_boundary,phase2c_still_review_required,still_review_required,review_required,blocked_or_mixed_evidence_remains_unresolved,6,254,3.4485014619883043,0.0,1.0,0.125,0.0449438202247191,1.5672514619883042,False,0.125,2.5,ori101,boundary,r200
remaining_review_required_677_second_priority,55,E_N000361_N000372,648,N000361,N000372,manual_review_possible_unintended_missing,blocked_manual_review,possible_missing_boundary,phase2c_still_review_required,still_review_required,review_required,blocked_or_mixed_evidence_remains_unresolved,6,255,3.4460213032581457,0.0,1.0,0.0,0.041831097079715863,1.5751879699248121,False,0.08333333333333333,1.6021646735052766,ori101,boundary,r200
remaining_review_required_677_second_priority,56,E_N004221_N005361,9709,N004221,N005361,manual_review_uncertain,blocked_manual_review,uncertain_mixed_evidence,phase2c_still_review_required,still_review_required,review_required,blocked_or_mixed_evidence_remains_unresolved,3,257,3.4437499999999996,0.625,0.375,10.666666666666666,0.6377066479071404,2.833333333333333,False,0.04166666666666663,0.5824893905085334,ori101,interior,r121
remaining_review_required_677_second_priority,57,E_N000372_N001509,2668,N000372,N001509,manual_review_possible_unintended_missing,blocked_manual_review,possible_missing_boundary,phase2c_still_review_required,still_review_required,review_required,blocked_or_mixed_evidence_remains_unresolved,6,259,3.4356046365914787,0.0,1.0,0.0,0.2768102658111824,1.5751879699248121,False,0.041666666666666664,2.5,ori101,boundary,r200
remaining_review_required_677_second_priority,58,E_N000105_N000232,2405,N000105,N000232,manual_review_uncertain,blocked_manual_review,uncertain_threshold_sensitive,phase2c_still_review_required,still_review_required,review_required,blocked_or_mixed_evidence_remains_unresolved,4,260,3.4333333333333336,0.125,0.875,0.5833333333333334,0.03640680648990898,1.7083333333333335,False,0.49999999999999994,1.2233541195243525,ori110,near_boundary,r200
remaining_review_required_677_second_priority,59,E_N001012_N001018,1766,N001012,N001018,manual_review_uncertain,blocked_manual_review,uncertain_registration_unstable,phase2c_still_review_required,still_review_required,review_required,blocked_or_mixed_evidence_remains_unresolved,3,263,3.4270833333333335,0.5416666666666666,0.4583333333333333,4.25,0.9920823436262867,2.65,False,0.04166666666666674,2.5,ori011,boundary,r020
remaining_review_required_677_second_priority,60,E_N008813_N010077,18156,N008813,N010077,manual_review_possible_unintended_missing,blocked_manual_review,possible_missing_boundary,phase2c_still_review_required,still_review_required,review_required,blocked_or_mixed_evidence_remains_unresolved,7,264,3.4270833333333335,0.0,1.0,0.2916666666666667,-0.35212660731948564,1.4,False,0.7083333333333334,2.5,ori011,boundary,r222
remaining_review_required_677_second_priority,61,E_N002639_N002643,4675,N002639,N002643,manual_review_possible_unintended_missing,blocked_manual_review,possible_missing_boundary,phase2c_still_review_required,still_review_required,review_required,blocked_or_mixed_evidence_remains_unresolved,6,268,3.4229166666666666,0.0,1.0,0.041666666666666664,1.502008032128514,1.5,False,0.2916666666666667,2.5,ori011,boundary,r200
remaining_review_required_677_second_priority,62,E_N008813_N008817,15635,N008813,N008817,manual_review_possible_unintended_missing,blocked_manual_review,possible_missing_boundary,phase2c_still_review_required,still_review_required,review_required,blocked_or_mixed_evidence_remains_unresolved,7,269,3.4166666666666665,0.0,1.0,0.16666666666666666,-0.7721354166666666,1.4,False,0.6666666666666666,2.5,ori011,boundary,r222
remaining_review_required_677_second_priority,63,E_N001477_N001492,4643,N001477,N001492,manual_review_uncertain,blocked_manual_review,uncertain_threshold_sensitive,phase2c_still_review_required,still_review_required,review_required,blocked_or_mixed_evidence_remains_unresolved,4,270,3.4095238095238094,0.3333333333333333,0.5416666666666666,1.0833333333333333,0.16660440791931266,2.142857142857143,False,0.8333333333333334,1.0027604246204005,ori110,interior,r200
remaining_review_required_677_second_priority,64,E_N005789_N007053,12516,N005789,N007053,manual_review_possible_unintended_missing,blocked_manual_review,possible_missing_boundary,phase2c_still_review_required,still_review_required,review_required,blocked_or_mixed_evidence_remains_unresolved,6,271,3.4020833333333336,0.0,1.0,0.0,1.373134328358209,1.5,False,0.20833333333333334,2.5,ori011,boundary,r202
remaining_review_required_677_second_priority,65,E_N008057_N009321,16620,N008057,N009321,manual_review_possible_unintended_missing,blocked_manual_review,possible_missing_boundary,phase2c_still_review_required,still_review_required,review_required,blocked_or_mixed_evidence_remains_unresolved,6,272,3.4020833333333336,0.0,1.0,0.2916666666666667,0.23478260869565218,1.5,False,0.20833333333333334,2.5,ori011,boundary,r202
remaining_review_required_677_second_priority,66,E_N007553_N008817,15632,N007553,N008817,manual_review_possible_unintended_missing,blocked_manual_review,possible_missing_boundary,phase2c_still_review_required,still_review_required,review_required,blocked_or_mixed_evidence_remains_unresolved,7,273,3.3958333333333335,0.0,1.0,0.041666666666666664,-0.6970128022759602,1.4,False,0.5833333333333334,2.5,ori011,boundary,r222
remaining_review_required_677_second_priority,67,E_N000755_N000876,1537,N000755,N000876,manual_review_possible_unintended_disconnected,blocked_manual_review,possible_disconnected_instability_or_evidence_shortfall,phase2c_still_review_required,still_review_required,review_required,blocked_or_mixed_evidence_remains_unresolved,5,274,3.385416666666667,0.041666666666666664,0.9583333333333334,0.3333333333333333,0.31216457960644006,1.4,False,0.875,1.8816835069634312,ori011,boundary,r220
remaining_review_required_677_second_priority,68,E_N008687_N009951,17900,N008687,N009951,manual_review_possible_unintended_missing,blocked_manual_review,possible_missing_boundary,phase2c_still_review_required,still_review_required,review_required,blocked_or_mixed_evidence_remains_unresolved,7,275,3.375,0.0,1.0,0.041666666666666664,-0.7263922518159807,1.4,False,0.5,2.5,ori011,boundary,r222
remaining_review_required_677_second_priority,69,E_N009191_N009321,16622,N009191,N009321,manual_review_possible_unintended_missing,blocked_manual_review,possible_missing_boundary,phase2c_still_review_required,still_review_required,review_required,blocked_or_mixed_evidence_remains_unresolved,6,276,3.3604166666666666,0.0,1.0,0.0,0.7455061494796594,1.5,False,0.041666666666666664,0.0,ori011,boundary,r202
remaining_review_required_677_second_priority,70,E_N003088_N004225,7480,N003088,N004225,manual_review_uncertain,blocked_manual_review,uncertain_mixed_evidence,phase2c_still_review_required,still_review_required,review_required,blocked_or_mixed_evidence_remains_unresolved,3,277,3.3541666666666665,0.7083333333333334,0.2916666666666667,7.583333333333333,1.577896138482024,2.9,False,0.08333333333333337,0.6418659619368473,ori101,interior,r121
remaining_review_required_677_second_priority,71,E_N003144_N004283,7587,N003144,N004283,manual_review_possible_unintended_missing,blocked_manual_review,possible_missing_boundary,phase2c_still_review_required,still_review_required,review_required,blocked_or_mixed_evidence_remains_unresolved,7,278,3.3541666666666665,0.0,1.0,0.16666666666666666,-0.046511627906976744,1.4,False,0.4166666666666667,1.8195923687786932,ori011,boundary,r221
remaining_review_required_677_second_priority,72,E_N000245_N001509,2656,N000245,N001509,manual_review_possible_unintended_missing,blocked_manual_review,possible_missing_boundary,phase2c_still_review_required,still_review_required,review_required,blocked_or_mixed_evidence_remains_unresolved,6,279,3.35,0.0,1.0,0.0,2.4285714285714284,1.5,False,0.0,2.5,ori011,boundary,r200
remaining_review_required_677_second_priority,73,E_N000371_N000375,643,N000371,N000375,manual_review_possible_unintended_missing,blocked_manual_review,possible_missing_boundary,phase2c_still_review_required,still_review_required,review_required,blocked_or_mixed_evidence_remains_unresolved,6,280,3.35,0.0,1.0,0.0,1.3877551020408163,1.5,False,0.0,2.5,ori011,boundary,r200
remaining_review_required_677_second_priority,74,E_N001052_N001063,1856,N001052,N001063,manual_review_possible_unintended_missing,blocked_manual_review,possible_missing_boundary,phase2c_still_review_required,still_review_required,review_required,blocked_or_mixed_evidence_remains_unresolved,6,284,3.35,0.0,1.0,0.0,0.21721311475409835,1.5,False,0.0,0.0,ori101,boundary,r120
remaining_review_required_677_second_priority,75,E_N001052_N001077,1885,N001052,N001077,manual_review_possible_unintended_missing,blocked_manual_review,possible_missing_boundary,phase2c_still_review_required,still_review_required,review_required,blocked_or_mixed_evidence_remains_unresolved,6,285,3.35,0.0,1.0,0.0,0.3606837606837607,1.5,False,0.0,0.0,ori101,boundary,r120
remaining_review_required_677_second_priority,76,E_N001066_N001077,1884,N001066,N001077,manual_review_possible_unintended_missing,blocked_manual_review,possible_missing_boundary,phase2c_still_review_required,still_review_required,review_required,blocked_or_mixed_evidence_remains_unresolved,6,290,3.35,0.0,1.0,0.0,0.1655328798185941,1.5,False,0.0,0.0,ori101,boundary,r120
remaining_review_required_677_second_priority,77,E_N001066_N001091,1913,N001066,N001091,manual_review_possible_unintended_missing,blocked_manual_review,possible_missing_boundary,phase2c_still_review_required,still_review_required,review_required,blocked_or_mixed_evidence_remains_unresolved,6,291,3.35,0.0,1.0,0.0,0.5179584120982986,1.5,False,0.0,0.0,ori101,boundary,r120
remaining_review_required_677_second_priority,78,E_N001071_N002225,3929,N001071,N002225,manual_review_possible_unintended_missing,blocked_manual_review,possible_missing_boundary,phase2c_still_review_required,still_review_required,review_required,blocked_or_mixed_evidence_remains_unresolved,6,295,3.35,0.0,1.0,0.0,0.35964912280701755,1.5,False,0.0,0.0,ori101,boundary,r120
remaining_review_required_677_second_priority,79,E_N001080_N001091,1912,N001080,N001091,manual_review_possible_unintended_missing,blocked_manual_review,possible_missing_boundary,phase2c_still_review_required,still_review_required,review_required,blocked_or_mixed_evidence_remains_unresolved,6,296,3.35,0.0,1.0,0.0,0.07741935483870968,1.5,False,0.0,0.0,ori101,boundary,r120
remaining_review_required_677_second_priority,80,E_N001085_N001091,1915,N001085,N001091,manual_review_possible_unintended_missing,blocked_manual_review,possible_missing_boundary,phase2c_still_review_required,still_review_required,review_required,blocked_or_mixed_evidence_remains_unresolved,6,297,3.35,0.0,1.0,0.0,0.33653846153846156,1.5,False,0.0,0.0,ori101,boundary,r120
remaining_review_required_677_second_priority,81,E_N001505_N001509,2659,N001505,N001509,manual_review_possible_unintended_missing,blocked_manual_review,possible_missing_boundary,phase2c_still_review_required,still_review_required,review_required,blocked_or_mixed_evidence_remains_unresolved,6,299,3.35,0.0,1.0,0.0,1.875,1.5,False,0.0,2.5,ori011,boundary,r200
remaining_review_required_677_second_priority,82,E_N002191_N003345,5917,N002191,N003345,manual_review_possible_unintended_missing,blocked_manual_review,possible_missing_boundary,phase2c_still_review_required,still_review_required,review_required,blocked_or_mixed_evidence_remains_unresolved,6,305,3.35,0.0,1.0,0.0,0.08550185873605948,1.5,False,0.0,0.0,ori101,boundary,r120
remaining_review_required_677_second_priority,83,E_N002205_N002211,3903,N002205,N002211,manual_review_possible_unintended_missing,blocked_manual_review,possible_missing_boundary,phase2c_still_review_required,still_review_required,review_required,blocked_or_mixed_evidence_remains_unresolved,6,306,3.35,0.0,1.0,0.0,0.16666666666666666,1.5,False,0.0,0.0,ori101,boundary,r120
remaining_review_required_677_second_priority,84,E_N002219_N002225,3931,N002219,N002225,manual_review_possible_unintended_missing,blocked_manual_review,possible_missing_boundary,phase2c_still_review_required,still_review_required,review_required,blocked_or_mixed_evidence_remains_unresolved,6,310,3.35,0.0,1.0,0.0,0.45433255269320844,1.5,False,0.0,0.0,ori101,boundary,r120
remaining_review_required_677_second_priority,85,E_N003339_N004493,7961,N003339,N004493,manual_review_possible_unintended_missing,blocked_manual_review,possible_missing_boundary,phase2c_still_review_required,still_review_required,review_required,blocked_or_mixed_evidence_remains_unresolved,6,321,3.35,0.0,1.0,0.0,0.1013215859030837,1.5,False,0.0,0.0,ori101,boundary,r121
remaining_review_required_677_second_priority,86,E_N003353_N003359,5947,N003353,N003359,manual_review_possible_unintended_missing,blocked_manual_review,possible_missing_boundary,phase2c_still_review_required,still_review_required,review_required,blocked_or_mixed_evidence_remains_unresolved,6,322,3.35,0.0,1.0,0.0,0.12875536480686695,1.5,False,0.0,0.0,ori101,boundary,r120
remaining_review_required_677_second_priority,87,E_N003521_N003525,6251,N003521,N003525,manual_review_possible_unintended_missing,blocked_manual_review,possible_missing_boundary,phase2c_still_review_required,still_review_required,review_required,blocked_or_mixed_evidence_remains_unresolved,6,324,3.35,0.0,1.0,0.0,1.566951566951567,1.5,False,0.0,2.5,ori011,boundary,r201
remaining_review_required_677_second_priority,88,E_N003521_N004659,8265,N003521,N004659,manual_review_possible_unintended_missing,blocked_manual_review,possible_missing_boundary,phase2c_still_review_required,still_review_required,review_required,blocked_or_mixed_evidence_remains_unresolved,6,325,3.35,0.0,1.0,0.0,0.09223300970873786,1.5,False,0.0,2.5,ori011,boundary,r201
remaining_review_required_677_second_priority,89,E_N004487_N004493,7963,N004487,N004493,manual_review_possible_unintended_missing,blocked_manual_review,possible_missing_boundary,phase2c_still_review_required,still_review_required,review_required,blocked_or_mixed_evidence_remains_unresolved,6,336,3.35,0.0,1.0,0.0,0.12028301886792453,1.5,False,0.0,0.0,ori101,boundary,r121
remaining_review_required_677_second_priority,90,E_N007049_N007053,12519,N007049,N007053,manual_review_possible_unintended_missing,blocked_manual_review,possible_missing_boundary,phase2c_still_review_required,still_review_required,review_required,blocked_or_mixed_evidence_remains_unresolved,6,364,3.35,0.0,1.0,0.0,0.23224043715846995,1.5,False,0.0,2.5,ori011,boundary,r202
remaining_review_required_677_second_priority,91,E_N007049_N008313,14752,N007049,N008313,manual_review_possible_unintended_missing,blocked_manual_review,possible_missing_boundary,phase2c_still_review_required,still_review_required,review_required,blocked_or_mixed_evidence_remains_unresolved,6,365,3.35,0.0,1.0,0.0,0.07161125319693094,1.5,False,0.0,0.0,ori011,boundary,r202
remaining_review_required_677_second_priority,92,E_N008183_N009447,16876,N008183,N009447,manual_review_possible_unintended_missing,blocked_manual_review,possible_missing_boundary,phase2c_still_review_required,still_review_required,review_required,blocked_or_mixed_evidence_remains_unresolved,7,378,3.35,0.0,1.0,0.0,-0.11260504201680673,1.5,False,0.0,2.5,ori011,boundary,r202
remaining_review_required_677_second_priority,93,E_N008309_N009447,16877,N008309,N009447,manual_review_possible_unintended_missing,blocked_manual_review,possible_missing_boundary,phase2c_still_review_required,still_review_required,review_required,blocked_or_mixed_evidence_remains_unresolved,6,380,3.35,0.0,1.0,0.0,0.803921568627451,1.5,False,0.0,0.0,ori011,boundary,r202
remaining_review_required_677_second_priority,94,E_N009317_N009447,16878,N009317,N009447,manual_review_possible_unintended_missing,blocked_manual_review,possible_missing_boundary,phase2c_still_review_required,still_review_required,review_required,blocked_or_mixed_evidence_remains_unresolved,6,395,3.35,0.0,1.0,0.0,0.2069701280227596,1.5,False,0.0,0.0,ori011,boundary,r202
remaining_review_required_677_second_priority,95,E_N000372_N001511,2675,N000372,N001511,manual_review_possible_unintended_disconnected,blocked_manual_review,possible_disconnected_instability_or_evidence_shortfall,phase2c_still_review_required,still_review_required,review_required,blocked_or_mixed_evidence_remains_unresolved,5,403,3.339583333333333,0.08333333333333333,0.9166666666666666,0.4583333333333333,1.5565345080763584,1.5,False,0.625,1.6021646735052766,ori011,boundary,r200
remaining_review_required_677_second_priority,96,E_N000125_N000235,431,N000125,N000235,manual_review_uncertain,blocked_manual_review,uncertain_threshold_sensitive,phase2c_still_review_required,still_review_required,review_required,blocked_or_mixed_evidence_remains_unresolved,4,404,3.329166666666667,0.16666666666666666,0.8333333333333334,1.5833333333333333,0.20793590232735598,1.6666666666666667,False,0.5833333333333333,1.5557569192209466,ori110,boundary,r200
remaining_review_required_677_second_priority,97,E_N006938_N006940,12328,N006938,N006940,manual_review_uncertain,blocked_manual_review,uncertain_registration_unstable,phase2c_still_review_required,still_review_required,review_required,blocked_or_mixed_evidence_remains_unresolved,3,405,3.321969696969697,0.6666666666666666,0.3333333333333333,10.708333333333334,5.205858421480879,2.7636363636363637,False,0.16666666666666674,2.5,ori101,boundary,r002
remaining_review_required_677_second_priority,98,E_N006587_N007727,13921,N006587,N007727,manual_review_uncertain,blocked_manual_review,uncertain_mixed_evidence,phase2c_still_review_required,still_review_required,review_required,blocked_or_mixed_evidence_remains_unresolved,3,406,3.3208333333333337,0.625,0.375,8.291666666666666,0.7089175546831183,2.7,False,0.08333333333333326,0.284523803192801,ori101,near_boundary,r022
remaining_review_required_677_second_priority,99,E_N003023_N003144,5569,N003023,N003144,manual_review_possible_unintended_disconnected,blocked_manual_review,possible_disconnected_instability_or_evidence_shortfall,phase2c_still_review_required,still_review_required,review_required,blocked_or_mixed_evidence_remains_unresolved,5,407,3.317361111111111,0.0,1.0,0.4166666666666667,0.4738562091503268,1.3111111111111111,False,0.625,1.8962167768516174,ori011,boundary,r220
remaining_review_required_677_second_priority,100,E_N001128_N002267,4031,N001128,N002267,manual_review_possible_unintended_missing,blocked_manual_review,possible_missing_boundary,phase2c_still_review_required,still_review_required,review_required,blocked_or_mixed_evidence_remains_unresolved,6,408,3.3125000000000004,0.041666666666666664,0.9583333333333334,0.25,0.6009933774834437,1.4,False,0.5833333333333334,1.514134239058892,ori011,boundary,r220
remaining_review_required_677_second_priority,101,E_N003396_N004535,8063,N003396,N004535,manual_review_possible_unintended_missing,blocked_manual_review,possible_missing_boundary,phase2c_still_review_required,still_review_required,review_required,blocked_or_mixed_evidence_remains_unresolved,7,409,3.3125000000000004,0.041666666666666664,0.9583333333333334,0.20833333333333334,-0.23204419889502761,1.4,False,0.5833333333333334,1.319296423912333,ori011,boundary,r221
remaining_review_required_677_second_priority,102,E_N006419_N007683,13616,N006419,N007683,manual_review_possible_unintended_missing,blocked_manual_review,possible_missing_boundary,phase2c_still_review_required,still_review_required,review_required,blocked_or_mixed_evidence_remains_unresolved,7,410,3.3125000000000004,0.041666666666666664,0.9583333333333334,0.125,-0.4507269789983845,1.4,False,0.5833333333333334,2.5,ori011,boundary,r222
remaining_review_required_677_second_priority,103,E_N000371_N000377,867,N000371,N000377,manual_review_possible_unintended_missing,blocked_manual_review,possible_missing_boundary,phase2c_still_review_required,still_review_required,review_required,blocked_or_mixed_evidence_remains_unresolved,7,411,3.3106046365914787,0.08333333333333333,0.9166666666666666,0.20833333333333334,0.014054813773717497,1.5751879699248121,False,0.20833333333333334,2.5,ori101,boundary,r200
remaining_review_required_677_second_priority,104,E_N000445_N000456,792,N000445,N000456,manual_review_uncertain,blocked_manual_review,uncertain_mixed_evidence,phase2c_still_review_required,still_review_required,review_required,blocked_or_mixed_evidence_remains_unresolved,3,412,3.2979166666666666,0.7083333333333334,0.2916666666666667,6.291666666666667,1.1128625472887768,2.8333333333333335,False,0.125,0.9046078871309624,ori101,boundary,r110
remaining_review_required_677_second_priority,105,E_N004277_N005541,9804,N004277,N005541,manual_review_possible_unintended_missing,blocked_manual_review,possible_missing_boundary,phase2c_still_review_required,still_review_required,review_required,blocked_or_mixed_evidence_remains_unresolved,6,413,3.2916666666666665,0.0,1.0,0.0,0.12098765432098765,1.4,False,0.16666666666666666,2.5,ori011,boundary,r221
remaining_review_required_677_second_priority,106,E_N002010_N003149,5571,N002010,N003149,manual_review_possible_unintended_disconnected,blocked_manual_review,possible_disconnected_instability_or_evidence_shortfall,phase2c_still_review_required,still_review_required,review_required,blocked_or_mixed_evidence_remains_unresolved,5,414,3.2895833333333337,0.0,1.0,0.4166666666666667,0.8744769874476988,1.2,False,0.9583333333333334,1.9649959408976352,ori011,boundary,r220
remaining_review_required_677_second_priority,107,E_N001889_N002010,3553,N001889,N002010,manual_review_possible_unintended_missing,blocked_manual_review,possible_missing_boundary,phase2c_still_review_required,still_review_required,review_required,blocked_or_mixed_evidence_remains_unresolved,6,415,3.28125,0.0,1.0,0.0,0.44919786096256686,1.4,False,0.125,1.8400881668667388,ori011,boundary,r220
remaining_review_required_677_second_priority,108,E_N003143_N004407,7788,N003143,N004407,manual_review_possible_unintended_missing,blocked_manual_review,possible_missing_boundary,phase2c_still_review_required,still_review_required,review_required,blocked_or_mixed_evidence_remains_unresolved,6,416,3.28125,0.0,1.0,0.0,0.8152709359605911,1.4,False,0.125,2.5,ori011,boundary,r221
remaining_review_required_677_second_priority,109,E_N010199_N010203,18447,N010199,N010203,manual_review_possible_unintended_missing,blocked_manual_review,possible_missing_boundary,phase2c_still_review_required,still_review_required,review_required,blocked_or_mixed_evidence_remains_unresolved,7,417,3.28125,0.0,1.0,0.08333333333333333,-0.8018975332068311,1.4,False,0.125,2.5,ori011,boundary,r222
remaining_review_required_677_second_priority,110,E_N002262_N003401,6047,N002262,N003401,manual_review_possible_unintended_missing,blocked_manual_review,possible_missing_boundary,phase2c_still_review_required,still_review_required,review_required,blocked_or_mixed_evidence_remains_unresolved,6,418,3.2708333333333335,0.0,1.0,0.041666666666666664,0.5661157024793388,1.4,False,0.08333333333333333,1.1797611590172348,ori011,boundary,r220
remaining_review_required_677_second_priority,111,E_N003395_N003399,6027,N003395,N003399,manual_review_possible_unintended_missing,blocked_manual_review,possible_missing_boundary,phase2c_still_review_required,still_review_required,review_required,blocked_or_mixed_evidence_remains_unresolved,7,419,3.2708333333333335,0.0,1.0,0.0,-0.18309859154929578,1.4,False,0.08333333333333333,2.5,ori011,boundary,r220
remaining_review_required_677_second_priority,112,E_N005663_N005667,10059,N005663,N005667,manual_review_possible_unintended_missing,blocked_manual_review,possible_missing_boundary,phase2c_still_review_required,still_review_required,review_required,blocked_or_mixed_evidence_remains_unresolved,7,420,3.2708333333333335,0.0,1.0,0.0,-0.8250728862973761,1.4,False,0.08333333333333333,2.5,ori011,boundary,r221
remaining_review_required_677_second_priority,113,E_N006545_N006549,11603,N006545,N006549,manual_review_possible_unintended_missing,blocked_manual_review,possible_missing_boundary,phase2c_still_review_required,still_review_required,review_required,blocked_or_mixed_evidence_remains_unresolved,7,421,3.2708333333333335,0.0,1.0,0.0,-0.6942003514938488,1.4,False,0.08333333333333333,2.5,ori011,boundary,r221
remaining_review_required_677_second_priority,114,E_N006797_N006801,12075,N006797,N006801,manual_review_possible_unintended_missing,blocked_manual_review,possible_missing_boundary,phase2c_still_review_required,still_review_required,review_required,blocked_or_mixed_evidence_remains_unresolved,7,422,3.2708333333333335,0.0,1.0,0.0,-1.241150442477876,1.4,False,0.08333333333333333,2.5,ori011,boundary,r221
remaining_review_required_677_second_priority,115,E_N003520_N003526,6255,N003520,N003526,manual_review_possible_unintended_disconnected,blocked_manual_review,possible_disconnected_instability_or_evidence_shortfall,phase2c_still_review_required,still_review_required,review_required,blocked_or_mixed_evidence_remains_unresolved,5,423,3.270454545454546,0.041666666666666664,0.8333333333333334,0.5416666666666666,0.050066755674232306,1.5454545454545454,False,0.3333333333333333,2.5,ori101,boundary,r201
remaining_review_required_677_second_priority,116,E_N009447_N009449,16889,N009447,N009449,manual_review_possible_unintended_disconnected,blocked_manual_review,possible_disconnected_instability_or_evidence_shortfall,phase2c_still_review_required,still_review_required,review_required,blocked_or_mixed_evidence_remains_unresolved,5,424,3.2666666666666666,0.125,0.875,0.7916666666666666,-0.6167820069204152,1.5,False,0.6666666666666666,2.0840686278990606,ori110,boundary,r202
remaining_review_required_677_second_priority,117,E_N007109_N007120,12644,N007109,N007120,manual_review_uncertain,blocked_manual_review,uncertain_mixed_evidence,phase2c_still_review_required,still_review_required,review_required,blocked_or_mixed_evidence_remains_unresolved,3,425,3.2658653846153842,0.7083333333333334,0.2916666666666667,8.833333333333334,1.815968841285297,2.801282051282051,False,0.125,0.49118438234077366,ori101,interior,r102
remaining_review_required_677_second_priority,118,E_N000870_N001005,1740,N000870,N001005,manual_review_possible_unintended_missing,blocked_manual_review,possible_missing_boundary,phase2c_still_review_required,still_review_required,review_required,blocked_or_mixed_evidence_remains_unresolved,7,426,3.2604166666666665,0.0,1.0,0.041666666666666664,-0.20020325203252032,1.4,False,0.041666666666666664,2.5,ori011,boundary,r220
remaining_review_required_677_second_priority,119,E_N000996_N001131,1992,N000996,N001131,manual_review_possible_unintended_missing,blocked_manual_review,possible_missing_boundary,phase2c_still_review_required,still_review_required,review_required,blocked_or_mixed_evidence_remains_unresolved,7,427,3.2604166666666665,0.0,1.0,0.0,-0.039532794249775384,1.4,False,0.041666666666666664,2.5,ori011,boundary,r220
remaining_review_required_677_second_priority,120,E_N004529_N004533,8043,N004529,N004533,manual_review_possible_unintended_missing,blocked_manual_review,possible_missing_boundary,phase2c_still_review_required,still_review_required,review_required,blocked_or_mixed_evidence_remains_unresolved,7,428,3.2604166666666665,0.0,1.0,0.0,-0.5452865064695009,1.4,False,0.041666666666666664,2.5,ori011,boundary,r221
remaining_review_required_677_second_priority,121,E_N000749_N002013,3536,N000749,N002013,manual_review_possible_unintended_missing,blocked_manual_review,possible_missing_boundary,phase2c_still_review_required,still_review_required,review_required,blocked_or_mixed_evidence_remains_unresolved,6,429,3.25,0.0,1.0,0.0,0.5358931552587646,1.4,False,0.0,2.5,ori011,boundary,r220
remaining_review_required_677_second_priority,122,E_N000875_N000879,1523,N000875,N000879,manual_review_possible_unintended_missing,blocked_manual_review,possible_missing_boundary,phase2c_still_review_required,still_review_required,review_required,blocked_or_mixed_evidence_remains_unresolved,6,430,3.25,0.0,1.0,0.0,0.05521472392638037,1.4,False,0.0,2.5,ori011,boundary,r220
remaining_review_required_677_second_priority,123,E_N000875_N002139,3756,N000875,N002139,manual_review_possible_unintended_missing,blocked_manual_review,possible_missing_boundary,phase2c_still_review_required,still_review_required,review_required,blocked_or_mixed_evidence_remains_unresolved,6,431,3.25,0.0,1.0,0.0,0.3329253365973072,1.4,False,0.0,2.5,ori011,boundary,r220
remaining_review_required_677_second_priority,124,E_N001001_N001005,1743,N001001,N001005,manual_review_possible_unintended_missing,blocked_manual_review,possible_missing_boundary,phase2c_still_review_required,still_review_required,review_required,blocked_or_mixed_evidence_remains_unresolved,7,432,3.25,0.0,1.0,0.0,0.010514018691588784,1.4,False,0.0,2.5,ori011,boundary,r220
remaining_review_required_677_second_priority,125,E_N001001_N002265,4008,N001001,N002265,manual_review_possible_unintended_missing,blocked_manual_review,possible_missing_boundary,phase2c_still_review_required,still_review_required,review_required,blocked_or_mixed_evidence_remains_unresolved,6,433,3.25,0.0,1.0,0.0,0.12352941176470589,1.4,False,0.0,2.5,ori011,boundary,r220
remaining_review_required_677_second_priority,126,E_N001127_N001131,1995,N001127,N001131,manual_review_possible_unintended_missing,blocked_manual_review,possible_missing_boundary,phase2c_still_review_required,still_review_required,review_required,blocked_or_mixed_evidence_remains_unresolved,7,434,3.25,0.0,1.0,0.0,-0.3020257826887661,1.4,False,0.0,2.5,ori011,boundary,r220
remaining_review_required_677_second_priority,127,E_N001883_N003147,5552,N001883,N003147,manual_review_possible_unintended_missing,blocked_manual_review,possible_missing_boundary,phase2c_still_review_required,still_review_required,review_required,blocked_or_mixed_evidence_remains_unresolved,6,435,3.25,0.0,1.0,0.0,0.6805194805194805,1.4,False,0.0,2.5,ori011,boundary,r220
remaining_review_required_677_second_priority,128,E_N002009_N002013,3539,N002009,N002013,manual_review_possible_unintended_missing,blocked_manual_review,possible_missing_boundary,phase2c_still_review_required,still_review_required,review_required,blocked_or_mixed_evidence_remains_unresolved,6,436,3.25,0.0,1.0,0.0,0.6349206349206349,1.4,False,0.0,2.5,ori011,boundary,r220
remaining_review_required_677_second_priority,129,E_N002009_N003273,5772,N002009,N003273,manual_review_possible_unintended_missing,blocked_manual_review,possible_missing_boundary,phase2c_still_review_required,still_review_required,review_required,blocked_or_mixed_evidence_remains_unresolved,6,437,3.25,0.0,1.0,0.0,0.5838150289017341,1.4,False,0.0,2.5,ori011,boundary,r220
remaining_review_required_677_second_priority,130,E_N002135_N002139,3759,N002135,N002139,manual_review_possible_unintended_missing,blocked_manual_review,possible_missing_boundary,phase2c_still_review_required,still_review_required,review_required,blocked_or_mixed_evidence_remains_unresolved,6,438,3.25,0.0,1.0,0.0,0.3160621761658031,1.4,False,0.0,2.5,ori011,boundary,r220
remaining_review_required_677_second_priority,131,E_N002261_N002265,4011,N002261,N002265,manual_review_possible_unintended_missing,blocked_manual_review,possible_missing_boundary,phase2c_still_review_required,still_review_required,review_required,blocked_or_mixed_evidence_remains_unresolved,6,439,3.25,0.0,1.0,0.0,0.040955631399317405,1.4,False,0.0,2.5,ori011,boundary,r220
remaining_review_required_677_second_priority,132,E_N003017_N004281,7568,N003017,N004281,manual_review_possible_unintended_missing,blocked_manual_review,possible_missing_boundary,phase2c_still_review_required,still_review_required,review_required,blocked_or_mixed_evidence_remains_unresolved,6,440,3.25,0.0,1.0,0.0,1.1253644314868805,1.4,False,0.0,2.5,ori011,boundary,r221
remaining_review_required_677_second_priority,133,E_N003143_N003147,5555,N003143,N003147,manual_review_possible_unintended_missing,blocked_manual_review,possible_missing_boundary,phase2c_still_review_required,still_review_required,review_required,blocked_or_mixed_evidence_remains_unresolved,6,441,3.25,0.0,1.0,0.0,0.8518518518518519,1.4,False,0.0,2.5,ori011,boundary,r220
remaining_review_required_677_second_priority,134,E_N003269_N003273,5775,N003269,N003273,manual_review_possible_unintended_missing,blocked_manual_review,possible_missing_boundary,phase2c_still_review_required,still_review_required,review_required,blocked_or_mixed_evidence_remains_unresolved,6,442,3.25,0.0,1.0,0.0,0.5348837209302325,1.4,False,0.0,2.5,ori011,boundary,r220
remaining_review_required_677_second_priority,135,E_N004151_N005415,9584,N004151,N005415,manual_review_possible_unintended_missing,blocked_manual_review,possible_missing_boundary,phase2c_still_review_required,still_review_required,review_required,blocked_or_mixed_evidence_remains_unresolved,6,443,3.25,0.0,1.0,0.0,0.6353887399463807,1.4,False,0.0,2.5,ori011,boundary,r221
remaining_review_required_677_second_priority,136,E_N004277_N004281,7571,N004277,N004281,manual_review_possible_unintended_missing,blocked_manual_review,possible_missing_boundary,phase2c_still_review_required,still_review_required,review_required,blocked_or_mixed_evidence_remains_unresolved,6,444,3.25,0.0,1.0,0.0,0.7903225806451613,1.4,False,0.0,2.5,ori011,boundary,r221
remaining_review_required_677_second_priority,137,E_N004403_N004407,7791,N004403,N004407,manual_review_possible_unintended_missing,blocked_manual_review,possible_missing_boundary,phase2c_still_review_required,still_review_required,review_required,blocked_or_mixed_evidence_remains_unresolved,6,445,3.25,0.0,1.0,0.0,0.47160493827160493,1.4,False,0.0,2.5,ori011,boundary,r221
remaining_review_required_677_second_priority,138,E_N005285_N006549,11600,N005285,N006549,manual_review_possible_unintended_missing,blocked_manual_review,possible_missing_boundary,phase2c_still_review_required,still_review_required,review_required,blocked_or_mixed_evidence_remains_unresolved,6,446,3.25,0.0,1.0,0.0,0.2455621301775148,1.4,False,0.0,2.5,ori011,boundary,r221
remaining_review_required_677_second_priority,139,E_N005411_N005415,9587,N005411,N005415,manual_review_possible_unintended_missing,blocked_manual_review,possible_missing_boundary,phase2c_still_review_required,still_review_required,review_required,blocked_or_mixed_evidence_remains_unresolved,6,447,3.25,0.0,1.0,0.0,0.08791208791208792,1.4,False,0.0,2.5,ori011,boundary,r221
remaining_review_required_677_second_priority,140,E_N005411_N006675,11820,N005411,N006675,manual_review_possible_unintended_missing,blocked_manual_review,possible_missing_boundary,phase2c_still_review_required,still_review_required,review_required,blocked_or_mixed_evidence_remains_unresolved,6,448,3.25,0.0,1.0,0.0,0.12633832976445397,1.4,False,0.0,2.5,ori011,boundary,r221
remaining_review_required_677_second_priority,141,E_N009225_N009349,16692,N009225,N009349,manual_review_uncertain,blocked_manual_review,uncertain_threshold_sensitive,phase2c_still_review_required,still_review_required,review_required,blocked_or_mixed_evidence_remains_unresolved,2,452,3.25,1.0,0.0,5.375,8.034782608695652,3.0,True,1.0,0.22483828648026885,ori110,boundary,r002
remaining_review_required_677_second_priority,142,E_N009947_N009951,17903,N009947,N009951,manual_review_possible_unintended_missing,blocked_manual_review,possible_missing_boundary,phase2c_still_review_required,still_review_required,review_required,blocked_or_mixed_evidence_remains_unresolved,7,453,3.25,0.0,1.0,0.0,-0.6260303687635574,1.4,False,0.0,2.5,ori011,boundary,r222
remaining_review_required_677_second_priority,143,E_N010073_N010077,18159,N010073,N010077,manual_review_possible_unintended_missing,blocked_manual_review,possible_missing_boundary,phase2c_still_review_required,still_review_required,review_required,blocked_or_mixed_evidence_remains_unresolved,7,454,3.25,0.0,1.0,0.0,-0.8396761133603239,1.4,False,0.0,2.5,ori011,boundary,r222
remaining_review_required_677_second_priority,144,E_N003899_N005163,9144,N003899,N005163,manual_review_possible_unintended_missing,blocked_manual_review,possible_missing_boundary,phase2c_still_review_required,still_review_required,review_required,blocked_or_mixed_evidence_remains_unresolved,6,455,3.2458333333333336,0.0,1.0,0.20833333333333334,1.2591743119266054,1.25,False,0.5833333333333334,2.5,ori011,boundary,r211
remaining_review_required_677_second_priority,145,E_N007301_N008565,15192,N007301,N008565,manual_review_possible_unintended_missing,blocked_manual_review,possible_missing_boundary,phase2c_still_review_required,still_review_required,review_required,blocked_or_mixed_evidence_remains_unresolved,7,456,3.2354166666666666,0.0,1.0,0.125,-0.3685092127303183,1.25,False,0.5416666666666666,2.5,ori011,boundary,r212
remaining_review_required_677_second_priority,146,E_N009191_N009195,16367,N009191,N009195,manual_review_possible_unintended_disconnected,blocked_manual_review,possible_disconnected_instability_or_evidence_shortfall,phase2c_still_review_required,still_review_required,review_required,blocked_or_mixed_evidence_remains_unresolved,5,457,3.2354166666666666,0.08333333333333333,0.9166666666666666,0.4583333333333333,0.25316455696202533,1.5,False,0.20833333333333334,2.5,ori011,boundary,r202
remaining_review_required_677_second_priority,147,E_N004570_N004590,8146,N004570,N004590,manual_review_uncertain,blocked_manual_review,uncertain_mixed_evidence,phase2c_still_review_required,still_review_required,review_required,blocked_or_mixed_evidence_remains_unresolved,3,458,3.225,0.75,0.25,6.416666666666667,1.5196357427433125,2.8333333333333335,False,0.16666666666666663,1.1403416799873591,ori101,boundary,r101
remaining_review_required_677_second_priority,148,E_N005033_N006297,11160,N005033,N006297,manual_review_possible_unintended_missing,blocked_manual_review,possible_missing_boundary,phase2c_still_review_required,still_review_required,review_required,blocked_or_mixed_evidence_remains_unresolved,6,459,3.225,0.0,1.0,0.0,0.6586715867158671,1.25,False,0.5,2.5,ori011,boundary,r211
remaining_review_required_677_second_priority,149,E_N001688_N002811,4997,N001688,N002811,manual_review_uncertain,blocked_manual_review,uncertain_mixed_evidence,phase2c_still_review_required,still_review_required,review_required,blocked_or_mixed_evidence_remains_unresolved,3,460,3.2187500000000004,0.7916666666666666,0.20833333333333334,11.0,2.7404580152671754,2.9,False,0.20833333333333326,0.5351511412088454,ori101,interior,r110
remaining_review_required_677_second_priority,150,E_N009082_N009085,16146,N009082,N009085,manual_review_uncertain,blocked_manual_review,uncertain_threshold_sensitive,phase2c_still_review_required,still_review_required,review_required,blocked_or_mixed_evidence_remains_unresolved,2,461,3.2083333333333335,1.0,0.0,5.875,3.985103626943005,3.0,True,0.8333333333333334,2.5,ori110,boundary,r002
remaining_review_required_677_second_priority,151,E_N000624_N001763,3115,N000624,N001763,manual_review_possible_unintended_disconnected,blocked_manual_review,possible_disconnected_instability_or_evidence_shortfall,phase2c_still_review_required,still_review_required,review_required,blocked_or_mixed_evidence_remains_unresolved,5,462,3.2069444444444444,0.041666666666666664,0.9583333333333334,0.3333333333333333,1.2666666666666666,1.2111111111111112,False,0.9166666666666666,1.7880693468452007,ori011,boundary,r210
remaining_review_required_677_second_priority,152,E_N002015_N002136,3773,N002015,N002136,manual_review_possible_unintended_disconnected,blocked_manual_review,possible_disconnected_instability_or_evidence_shortfall,phase2c_still_review_required,still_review_required,review_required,blocked_or_mixed_evidence_remains_unresolved,5,463,3.2062500000000003,0.041666666666666664,0.9583333333333334,0.8333333333333334,0.8436692506459949,1.2,False,0.9583333333333334,1.8422723614841832,ori011,boundary,r220
remaining_review_required_677_second_priority,153,E_N000366_N000501,860,N000366,N000501,manual_review_possible_unintended_missing,blocked_manual_review,possible_missing_boundary,phase2c_still_review_required,still_review_required,review_required,blocked_or_mixed_evidence_remains_unresolved,7,464,3.2041666666666666,0.0,1.0,0.0,-0.06021290751829674,1.25,False,0.4166666666666667,2.5,ori011,boundary,r210
remaining_review_required_677_second_priority,154,E_N001505_N002769,4892,N001505,N002769,manual_review_possible_unintended_missing,blocked_manual_review,possible_missing_boundary,phase2c_still_review_required,still_review_required,review_required,blocked_or_mixed_evidence_remains_unresolved,6,465,3.2041666666666666,0.0,1.0,0.0,2.1276041666666665,1.25,False,0.4166666666666667,2.5,ori011,boundary,r210
remaining_review_required_677_second_priority,155,E_N002765_N002769,4895,N002765,N002769,manual_review_possible_unintended_missing,blocked_manual_review,possible_missing_boundary,phase2c_still_review_required,still_review_required,review_required,blocked_or_mixed_evidence_remains_unresolved,6,466,3.2041666666666666,0.0,1.0,0.0,1.85480093676815,1.25,False,0.4166666666666667,2.5,ori011,boundary,r210
remaining_review_required_677_second_priority,156,E_N005454_N006577,11681,N005454,N006577,manual_review_uncertain,blocked_manual_review,uncertain_mixed_evidence,phase2c_still_review_required,still_review_required,review_required,blocked_or_mixed_evidence_remains_unresolved,3,467,3.2041666666666666,0.5833333333333334,0.4166666666666667,8.166666666666666,0.7006845052893591,2.5,False,0.08333333333333337,0.2345138387028366,ori101,near_boundary,r021
remaining_review_required_677_second_priority,157,E_N006293_N006297,11163,N006293,N006297,manual_review_possible_unintended_missing,blocked_manual_review,possible_missing_boundary,phase2c_still_review_required,still_review_required,review_required,blocked_or_mixed_evidence_remains_unresolved,6,468,3.2041666666666666,0.0,1.0,0.125,0.2892561983471074,1.25,False,0.4166666666666667,2.5,ori011,boundary,r211
remaining_review_required_677_second_priority,158,E_N000744_N000879,1520,N000744,N000879,manual_review_possible_unintended_missing,blocked_manual_review,possible_missing_boundary,phase2c_still_review_required,still_review_required,review_required,blocked_or_mixed_evidence_remains_unresolved,7,469,3.197916666666667,0.041666666666666664,0.9583333333333334,0.125,-0.2892728003214142,1.4,False,0.125,2.5,ori011,boundary,r220
remaining_review_required_677_second_priority,159,E_N002135_N003399,6024,N002135,N003399,manual_review_possible_unintended_missing,blocked_manual_review,possible_missing_boundary,phase2c_still_review_required,still_review_required,review_required,blocked_or_mixed_evidence_remains_unresolved,6,470,3.197916666666667,0.041666666666666664,0.9583333333333334,0.16666666666666666,0.870201096892139,1.4,False,0.125,2.5,ori011,boundary,r220
remaining_review_required_677_second_priority,160,E_N004533_N004535,8057,N004533,N004535,manual_review_possible_unintended_missing,blocked_manual_review,possible_missing_boundary,phase2c_still_review_required,still_review_required,review_required,blocked_or_mixed_evidence_remains_unresolved,6,471,3.1958333333333337,0.0,1.0,0.08333333333333333,0.7137476459510358,1.2,False,0.5833333333333334,2.5,ori110,boundary,r221
remaining_review_required_677_second_priority,161,E_N006167_N007431,13176,N006167,N007431,manual_review_possible_unintended_missing,blocked_manual_review,possible_missing_boundary,phase2c_still_review_required,still_review_required,review_required,blocked_or_mixed_evidence_remains_unresolved,7,472,3.19375,0.0,1.0,0.08333333333333333,-0.24675324675324675,1.25,False,0.375,2.5,ori011,boundary,r212
remaining_review_required_677_second_priority,162,E_N008379_N008399,15122,N008379,N008399,manual_review_uncertain,blocked_manual_review,uncertain_mixed_evidence,phase2c_still_review_required,still_review_required,review_required,blocked_or_mixed_evidence_remains_unresolved,3,473,3.1916666666666664,0.75,0.25,6.958333333333333,1.2700617283950617,2.8,False,0.16666666666666663,0.538346880585935,ori101,near_boundary,r112
remaining_review_required_677_second_priority,163,E_N000861_N000876,3531,N000861,N000876,manual_review_possible_unintended_missing,blocked_manual_review,possible_missing_boundary,phase2c_still_review_required,still_review_required,review_required,blocked_or_mixed_evidence_remains_unresolved,6,474,3.185416666666667,0.0,1.0,0.041666666666666664,0.1242556570067487,1.2,False,0.5416666666666666,1.8816835069634312,ori110,boundary,r220
remaining_review_required_677_second_priority,164,E_N003273_N003275,5785,N003273,N003275,manual_review_possible_unintended_missing,blocked_manual_review,possible_missing_boundary,phase2c_still_review_required,still_review_required,review_required,blocked_or_mixed_evidence_remains_unresolved,6,475,3.185416666666667,0.0,1.0,0.041666666666666664,0.3820120537783959,1.2,False,0.5416666666666666,2.5,ori110,boundary,r220
remaining_review_required_677_second_priority,165,E_N000492_N000627,1080,N000492,N000627,manual_review_possible_unintended_missing,blocked_manual_review,possible_missing_boundary,phase2c_still_review_required,still_review_required,review_required,blocked_or_mixed_evidence_remains_unresolved,7,476,3.1833333333333336,0.0,1.0,0.0,-0.3058900097624471,1.25,False,0.3333333333333333,2.5,ori011,boundary,r210
remaining_review_required_677_second_priority,166,E_N001129_N001133,2015,N001129,N001133,manual_review_possible_unintended_disconnected,blocked_manual_review,possible_disconnected_instability_or_evidence_shortfall,phase2c_still_review_required,still_review_required,review_required,blocked_or_mixed_evidence_remains_unresolved,6,477,3.1770833333333335,0.041666666666666664,0.9583333333333334,0.4583333333333333,-0.08528645833333333,1.4,False,0.041666666666666664,0.11056111561381268,ori011,boundary,r220
remaining_review_required_677_second_priority,167,E_N007931_N009069,16105,N007931,N009069,manual_review_possible_unintended_missing,blocked_manual_review,possible_missing_boundary,phase2c_still_review_required,still_review_required,review_required,blocked_or_mixed_evidence_remains_unresolved,7,478,3.1770833333333335,0.041666666666666664,0.9583333333333334,0.08333333333333333,-1.0022172949002217,1.4,False,0.041666666666666664,2.5,ori011,boundary,r222
remaining_review_required_677_second_priority,168,E_N000755_N000865,1531,N000755,N000865,manual_review_possible_unintended_missing,blocked_manual_review,possible_missing_boundary,phase2c_still_review_required,still_review_required,review_required,blocked_or_mixed_evidence_remains_unresolved,7,479,3.1750000000000003,0.041666666666666664,0.9583333333333334,0.2916666666666667,-0.03901515151515152,1.2,False,0.8333333333333334,1.4984818464103549,ori110,boundary,r220
remaining_review_required_677_second_priority,169,E_N004281_N004283,7581,N004281,N004283,manual_review_possible_unintended_missing,blocked_manual_review,possible_missing_boundary,phase2c_still_review_required,still_review_required,review_required,blocked_or_mixed_evidence_remains_unresolved,6,480,3.1750000000000003,0.0,1.0,0.0,0.24189526184538654,1.2,False,0.5,2.5,ori110,boundary,r221
remaining_review_required_677_second_priority,170,E_N000237_N000347,623,N000237,N000347,manual_review_possible_unintended_disconnected,blocked_manual_review,possible_disconnected_instability_or_evidence_shortfall,phase2c_still_review_required,still_review_required,review_required,blocked_or_mixed_evidence_remains_unresolved,5,481,3.1729166666666666,0.16666666666666666,0.8333333333333334,0.8333333333333334,-0.21581350636866137,1.5,False,0.625,0.8234922748018364,ori110,boundary,r200
remaining_review_required_677_second_priority,171,E_N000501_N000503,873,N000501,N000503,manual_review_possible_unintended_missing,blocked_manual_review,possible_missing_boundary,phase2c_still_review_required,still_review_required,review_required,blocked_or_mixed_evidence_remains_unresolved,7,482,3.1729166666666666,0.0,1.0,0.041666666666666664,0.02139231327048586,1.125,False,0.7916666666666666,2.5,ori110,boundary,r210
remaining_review_required_677_second_priority,172,E_N005033_N005037,8927,N005033,N005037,manual_review_possible_unintended_missing,blocked_manual_review,possible_missing_boundary,phase2c_still_review_required,still_review_required,review_required,blocked_or_mixed_evidence_remains_unresolved,6,483,3.1729166666666666,0.0,1.0,0.0,0.8276595744680851,1.25,False,0.2916666666666667,2.5,ori011,boundary,r211
remaining_review_required_677_second_priority,173,E_N005159_N005163,9147,N005159,N005163,manual_review_possible_unintended_missing,blocked_manual_review,possible_missing_boundary,phase2c_still_review_required,still_review_required,review_required,blocked_or_mixed_evidence_remains_unresolved,6,484,3.1729166666666666,0.0,1.0,0.0,0.7956730769230769,1.25,False,0.2916666666666667,2.5,ori011,boundary,r211
remaining_review_required_677_second_priority,174,E_N005159_N006423,11380,N005159,N006423,manual_review_possible_unintended_missing,blocked_manual_review,possible_missing_boundary,phase2c_still_review_required,still_review_required,review_required,blocked_or_mixed_evidence_remains_unresolved,6,485,3.1729166666666666,0.0,1.0,0.0,0.4397810218978102,1.25,False,0.2916666666666667,2.5,ori011,boundary,r211
remaining_review_required_677_second_priority,175,E_N003018_N004157,7367,N003018,N004157,manual_review_uncertain,blocked_manual_review,uncertain_threshold_sensitive,phase2c_still_review_required,still_review_required,review_required,blocked_or_mixed_evidence_remains_unresolved,4,486,3.1694444444444447,0.0,1.0,0.625,0.5040871934604905,1.1111111111111112,False,0.8333333333333334,2.023535570402136,ori011,boundary,r211
remaining_review_required_677_second_priority,176,E_N004151_N004278,9577,N004151,N004278,manual_review_possible_unintended_missing,blocked_manual_review,possible_missing_boundary,phase2c_still_review_required,still_review_required,review_required,blocked_or_mixed_evidence_remains_unresolved,6,487,3.1645833333333337,0.0,1.0,0.0,0.22015404364569963,1.2,False,0.4583333333333333,2.5,ori110,boundary,r221
remaining_review_required_677_second_priority,177,E_N001631_N001635,2879,N001631,N001635,manual_review_possible_unintended_missing,blocked_manual_review,possible_missing_boundary,phase2c_still_review_required,still_review_required,review_required,blocked_or_mixed_evidence_remains_unresolved,6,488,3.1625,0.0,1.0,0.0,2.01432664756447,1.25,False,0.25,2.5,ori011,boundary,r210
remaining_review_required_677_second_priority,178,E_N003899_N003903,6911,N003899,N003903,manual_review_possible_unintended_missing,blocked_manual_review,possible_missing_boundary,phase2c_still_review_required,still_review_required,review_required,blocked_or_mixed_evidence_remains_unresolved,6,489,3.1625,0.0,1.0,0.0,1.1923076923076923,1.25,False,0.25,2.5,ori011,boundary,r211
remaining_review_required_677_second_priority,179,E_N000879_N000881,1533,N000879,N000881,manual_review_possible_unintended_missing,blocked_manual_review,possible_missing_boundary,phase2c_still_review_required,still_review_required,review_required,blocked_or_mixed_evidence_remains_unresolved,6,490,3.154166666666667,0.0,1.0,0.0,0.2736009044657999,1.2,False,0.4166666666666667,2.5,ori110,boundary,r220
remaining_review_required_677_second_priority,180,E_N002821_N002827,5215,N002821,N002827,manual_review_uncertain,blocked_manual_review,uncertain_mixed_evidence,phase2c_still_review_required,still_review_required,review_required,blocked_or_mixed_evidence_remains_unresolved,3,491,3.154166666666667,0.625,0.375,10.708333333333334,2.526053215077605,2.533333333333333,False,0.08333333333333337,1.0326483802452253,ori101,interior,r110
remaining_review_required_677_second_priority,181,E_N000503_N000624,1097,N000503,N000624,manual_review_possible_unintended_disconnected,blocked_manual_review,possible_disconnected_instability_or_evidence_shortfall,phase2c_still_review_required,still_review_required,review_required,blocked_or_mixed_evidence_remains_unresolved,5,492,3.152083333333333,0.08333333333333333,0.9166666666666666,0.5416666666666666,1.0859977949283353,1.25,False,0.875,1.7880693468452007,ori011,boundary,r210
remaining_review_required_677_second_priority,182,E_N000119_N000246,2429,N000119,N000246,manual_review_uncertain,blocked_manual_review,uncertain_threshold_sensitive,phase2c_still_review_required,still_review_required,review_required,blocked_or_mixed_evidence_remains_unresolved,4,493,3.141666666666667,0.16666666666666666,0.5833333333333334,0.4583333333333333,0.4350453172205438,1.6666666666666667,False,0.8333333333333334,2.5,ori110,boundary,r200
remaining_review_required_677_second_priority,183,E_N000618_N000753,1300,N000618,N000753,manual_review_possible_unintended_missing,blocked_manual_review,possible_missing_boundary,phase2c_still_review_required,still_review_required,review_required,blocked_or_mixed_evidence_remains_unresolved,7,494,3.1416666666666666,0.0,1.0,0.0,-0.6160598179453837,1.25,False,0.16666666666666666,2.5,ori011,boundary,r210
remaining_review_required_677_second_priority,184,E_N004025_N004029,7131,N004025,N004029,manual_review_possible_unintended_missing,blocked_manual_review,possible_missing_boundary,phase2c_still_review_required,still_review_required,review_required,blocked_or_mixed_evidence_remains_unresolved,6,495,3.1416666666666666,0.0,1.0,0.0,0.9582366589327146,1.25,False,0.16666666666666666,2.5,ori011,boundary,r211
remaining_review_required_677_second_priority,185,E_N000987_N001002,3751,N000987,N001002,manual_review_possible_unintended_missing,blocked_manual_review,possible_missing_boundary,phase2c_still_review_required,still_review_required,review_required,blocked_or_mixed_evidence_remains_unresolved,6,496,3.1333333333333337,0.0,1.0,0.125,0.4042168674698795,1.2,False,0.3333333333333333,1.6422106995768233,ori110,boundary,r220
remaining_review_required_677_second_priority,186,E_N003023_N003133,5563,N003023,N003133,manual_review_possible_unintended_missing,blocked_manual_review,possible_missing_boundary,phase2c_still_review_required,still_review_required,review_required,blocked_or_mixed_evidence_remains_unresolved,7,497,3.1333333333333337,0.0,1.0,0.041666666666666664,-0.019153802172670098,1.2,False,0.3333333333333333,1.8962167768516174,ori110,boundary,r220
remaining_review_required_677_second_priority,187,E_N000629_N000750,1317,N000629,N000750,manual_review_possible_unintended_missing,blocked_manual_review,possible_missing_boundary,phase2c_still_review_required,still_review_required,review_required,blocked_or_mixed_evidence_remains_unresolved,6,498,3.13125,0.041666666666666664,0.9583333333333334,0.25,0.6809744779582366,1.25,False,0.4583333333333333,1.8178918293767836,ori011,boundary,r210
remaining_review_required_677_second_priority,188,E_N000750_N001889,3335,N000750,N001889,manual_review_possible_unintended_missing,blocked_manual_review,possible_missing_boundary,phase2c_still_review_required,still_review_required,review_required,blocked_or_mixed_evidence_remains_unresolved,6,499,3.13125,0.0,1.0,0.0,0.3955321944809461,1.25,False,0.125,1.8178918293767836,ori011,boundary,r210
remaining_review_required_677_second_priority,189,E_N001005_N001007,1753,N001005,N001007,manual_review_possible_unintended_missing,blocked_manual_review,possible_missing_boundary,phase2c_still_review_required,still_review_required,review_required,blocked_or_mixed_evidence_remains_unresolved,6,500,3.122916666666667,0.0,1.0,0.041666666666666664,0.5242548217416715,1.2,False,0.2916666666666667,2.5,ori110,boundary,r220
remaining_review_required_677_second_priority,190,E_N003399_N003401,6041,N003399,N003401,manual_review_possible_unintended_missing,blocked_manual_review,possible_missing_boundary,phase2c_still_review_required,still_review_required,review_required,blocked_or_mixed_evidence_remains_unresolved,6,501,3.122916666666667,0.0,1.0,0.0,0.8480050664977834,1.2,False,0.2916666666666667,2.5,ori110,boundary,r220
remaining_review_required_677_second_priority,191,E_N001621_N001623,2861,N001621,N001623,manual_review_uncertain,blocked_manual_review,uncertain_threshold_sensitive,phase2c_still_review_required,still_review_required,review_required,blocked_or_mixed_evidence_remains_unresolved,4,502,3.1208333333333336,0.125,0.75,0.4166666666666667,0.0938375350140056,1.5,False,0.5833333333333334,1.2895142205956827,ori110,near_boundary,r210
remaining_review_required_677_second_priority,192,E_N006293_N007557,13396,N006293,N007557,manual_review_possible_unintended_missing,blocked_manual_review,possible_missing_boundary,phase2c_still_review_required,still_review_required,review_required,blocked_or_mixed_evidence_remains_unresolved,7,503,3.1208333333333336,0.0,1.0,0.0,-0.6815533980582524,1.25,False,0.08333333333333333,2.5,ori011,boundary,r212
remaining_review_required_677_second_priority,193,E_N000624_N001761,3108,N000624,N001761,manual_review_possible_unintended_missing,blocked_manual_review,possible_missing_boundary,phase2c_still_review_required,still_review_required,review_required,blocked_or_mixed_evidence_remains_unresolved,6,504,3.113888888888889,0.0,1.0,0.125,0.178752107925801,1.2222222222222223,False,0.16666666666666666,2.5,ori101,boundary,r210
remaining_review_required_677_second_priority,194,E_N001631_N001637,3103,N001631,N001637,manual_review_possible_unintended_missing,blocked_manual_review,possible_missing_boundary,phase2c_still_review_required,still_review_required,review_required,blocked_or_mixed_evidence_remains_unresolved,6,505,3.113888888888889,0.0,1.0,0.08333333333333333,0.050256410256410255,1.2222222222222223,False,0.16666666666666666,2.5,ori101,boundary,r210
remaining_review_required_677_second_priority,195,E_N001757_N001763,3323,N001757,N001763,manual_review_possible_unintended_missing,blocked_manual_review,possible_missing_boundary,phase2c_still_review_required,still_review_required,review_required,blocked_or_mixed_evidence_remains_unresolved,7,506,3.113888888888889,0.0,1.0,0.08333333333333333,-0.12373968835930339,1.2222222222222223,False,0.16666666666666666,2.5,ori101,boundary,r210
remaining_review_required_677_second_priority,196,E_N001495_N001497,2641,N001495,N001497,manual_review_uncertain,blocked_manual_review,uncertain_threshold_sensitive,phase2c_still_review_required,still_review_required,review_required,blocked_or_mixed_evidence_remains_unresolved,4,507,3.1104166666666666,0.125,0.5,0.4166666666666667,-0.04789719626168224,1.75,False,0.5416666666666666,1.2597752604859898,ori110,near_boundary,r200
remaining_review_required_677_second_priority,197,E_N004025_N005289,9364,N004025,N005289,manual_review_possible_unintended_missing,blocked_manual_review,possible_missing_boundary,phase2c_still_review_required,still_review_required,review_required,blocked_or_mixed_evidence_remains_unresolved,6,508,3.1104166666666666,0.0,1.0,0.0,0.687192118226601,1.25,False,0.041666666666666664,2.5,ori011,boundary,r211
remaining_review_required_677_second_priority,198,E_N003436_N004575,8140,N003436,N004575,manual_review_uncertain,blocked_manual_review,uncertain_mixed_evidence,phase2c_still_review_required,still_review_required,review_required,blocked_or_mixed_evidence_remains_unresolved,3,509,3.104166666666667,0.9166666666666666,0.08333333333333333,11.5,3.439087610160705,3.0,False,0.08333333333333337,0.8461977778872906,ori011,boundary,r001
remaining_review_required_677_second_priority,199,E_N000623_N000629,1307,N000623,N000629,manual_review_possible_unintended_missing,blocked_manual_review,possible_missing_boundary,phase2c_still_review_required,still_review_required,review_required,blocked_or_mixed_evidence_remains_unresolved,6,510,3.1034722222222224,0.0,1.0,0.08333333333333333,0.18544809228039041,1.2222222222222223,False,0.125,2.5,ori101,boundary,r210
remaining_review_required_677_second_priority,200,E_N002135_N002262,6017,N002135,N002262,manual_review_possible_unintended_missing,blocked_manual_review,possible_missing_boundary,phase2c_still_review_required,still_review_required,review_required,blocked_or_mixed_evidence_remains_unresolved,6,511,3.1020833333333337,0.0,1.0,0.0,0.6336633663366337,1.2,False,0.20833333333333334,2.5,ori110,boundary,r220
remaining_review_required_677_second_priority,201,E_N001889_N001999,3547,N001889,N001999,manual_review_possible_unintended_missing,blocked_manual_review,possible_missing_boundary,phase2c_still_review_required,still_review_required,review_required,blocked_or_mixed_evidence_remains_unresolved,6,512,3.1020833333333333,0.041666666666666664,0.9583333333333334,0.125,0.21955958549222798,1.2,False,0.5416666666666666,1.6541711226812181,ori110,boundary,r220
remaining_review_required_677_second_priority,202,E_N000371_N001635,2876,N000371,N001635,manual_review_possible_unintended_missing,blocked_manual_review,possible_missing_boundary,phase2c_still_review_required,still_review_required,review_required,blocked_or_mixed_evidence_remains_unresolved,6,513,3.1,0.0,1.0,0.0,1.7376543209876543,1.25,False,0.0,2.5,ori011,boundary,r210
remaining_review_required_677_second_priority,203,E_N000497_N000501,863,N000497,N000501,manual_review_possible_unintended_missing,blocked_manual_review,possible_missing_boundary,phase2c_still_review_required,still_review_required,review_required,blocked_or_mixed_evidence_remains_unresolved,6,514,3.1,0.0,1.0,0.0,1.077922077922078,1.25,False,0.0,2.5,ori011,boundary,r210
remaining_review_required_677_second_priority,204,E_N000497_N001761,3096,N000497,N001761,manual_review_possible_unintended_missing,blocked_manual_review,possible_missing_boundary,phase2c_still_review_required,still_review_required,review_required,blocked_or_mixed_evidence_remains_unresolved,6,515,3.1,0.0,1.0,0.0,1.4684210526315788,1.25,False,0.0,2.5,ori011,boundary,r210
remaining_review_required_677_second_priority,205,E_N000623_N000627,1083,N000623,N000627,manual_review_possible_unintended_missing,blocked_manual_review,possible_missing_boundary,phase2c_still_review_required,still_review_required,review_required,blocked_or_mixed_evidence_remains_unresolved,6,516,3.1,0.0,1.0,0.0,0.45799457994579945,1.25,False,0.0,2.5,ori011,boundary,r210
remaining_review_required_677_second_priority,206,E_N000623_N001887,3316,N000623,N001887,manual_review_possible_unintended_missing,blocked_manual_review,possible_missing_boundary,phase2c_still_review_required,still_review_required,review_required,blocked_or_mixed_evidence_remains_unresolved,6,517,3.1,0.0,1.0,0.0,0.9583333333333334,1.25,False,0.0,2.5,ori011,boundary,r210
remaining_review_required_677_second_priority,207,E_N000749_N000753,1303,N000749,N000753,manual_review_possible_unintended_missing,blocked_manual_review,possible_missing_boundary,phase2c_still_review_required,still_review_required,review_required,blocked_or_mixed_evidence_remains_unresolved,6,518,3.1,0.0,1.0,0.0,0.3087248322147651,1.25,False,0.0,2.5,ori011,boundary,r210
remaining_review_required_677_second_priority,208,E_N001631_N002895,5112,N001631,N002895,manual_review_possible_unintended_missing,blocked_manual_review,possible_missing_boundary,phase2c_still_review_required,still_review_required,review_required,blocked_or_mixed_evidence_remains_unresolved,6,519,3.1,0.0,1.0,0.0,1.2412868632707774,1.25,False,0.0,2.5,ori011,boundary,r210
remaining_review_required_677_second_priority,209,E_N001757_N001761,3099,N001757,N001761,manual_review_possible_unintended_missing,blocked_manual_review,possible_missing_boundary,phase2c_still_review_required,still_review_required,review_required,blocked_or_mixed_evidence_remains_unresolved,6,520,3.1,0.0,1.0,0.0,1.1226666666666667,1.25,False,0.0,2.5,ori011,boundary,r210
remaining_review_required_677_second_priority,210,E_N001757_N003021,5332,N001757,N003021,manual_review_possible_unintended_missing,blocked_manual_review,possible_missing_boundary,phase2c_still_review_required,still_review_required,review_required,blocked_or_mixed_evidence_remains_unresolved,6,521,3.1,0.0,1.0,0.0,1.4,1.25,False,0.0,2.5,ori011,boundary,r210
remaining_review_required_677_second_priority,211,E_N001883_N001887,3319,N001883,N001887,manual_review_possible_unintended_missing,blocked_manual_review,possible_missing_boundary,phase2c_still_review_required,still_review_required,review_required,blocked_or_mixed_evidence_remains_unresolved,6,522,3.1,0.0,1.0,0.0,0.86810551558753,1.25,False,0.0,2.5,ori011,boundary,r210
remaining_review_required_677_second_priority,212,E_N002891_N002895,5115,N002891,N002895,manual_review_possible_unintended_missing,blocked_manual_review,possible_missing_boundary,phase2c_still_review_required,still_review_required,review_required,blocked_or_mixed_evidence_remains_unresolved,6,523,3.1,0.0,1.0,0.0,1.0106382978723405,1.25,False,0.0,2.5,ori011,boundary,r210
remaining_review_required_677_second_priority,213,E_N002891_N004155,7348,N002891,N004155,manual_review_possible_unintended_missing,blocked_manual_review,possible_missing_boundary,phase2c_still_review_required,still_review_required,review_required,blocked_or_mixed_evidence_remains_unresolved,6,524,3.1,0.0,1.0,0.0,1.254335260115607,1.25,False,0.0,2.5,ori011,boundary,r211
remaining_review_required_677_second_priority,214,E_N003017_N003021,5335,N003017,N003021,manual_review_possible_unintended_missing,blocked_manual_review,possible_missing_boundary,phase2c_still_review_required,still_review_required,review_required,blocked_or_mixed_evidence_remains_unresolved,6,525,3.1,0.0,1.0,0.0,0.8838862559241706,1.25,False,0.0,2.5,ori011,boundary,r210
remaining_review_required_677_second_priority,215,E_N004151_N004155,7351,N004151,N004155,manual_review_possible_unintended_missing,blocked_manual_review,possible_missing_boundary,phase2c_still_review_required,still_review_required,review_required,blocked_or_mixed_evidence_remains_unresolved,6,526,3.1,0.0,1.0,0.0,0.46511627906976744,1.25,False,0.0,2.5,ori011,boundary,r211
remaining_review_required_677_second_priority,216,E_N005285_N005289,9367,N005285,N005289,manual_review_possible_unintended_missing,blocked_manual_review,possible_missing_boundary,phase2c_still_review_required,still_review_required,review_required,blocked_or_mixed_evidence_remains_unresolved,6,527,3.1,0.0,1.0,0.0,0.9634146341463414,1.25,False,0.0,2.5,ori011,boundary,r211
remaining_review_required_677_second_priority,217,E_N006419_N006423,11383,N006419,N006423,manual_review_possible_unintended_missing,blocked_manual_review,possible_missing_boundary,phase2c_still_review_required,still_review_required,review_required,blocked_or_mixed_evidence_remains_unresolved,7,528,3.1,0.0,1.0,0.0,-0.1432225063938619,1.25,False,0.0,2.5,ori011,boundary,r211
remaining_review_required_677_second_priority,218,E_N007427_N008691,15412,N007427,N008691,manual_review_possible_unintended_missing,blocked_manual_review,possible_missing_boundary,phase2c_still_review_required,still_review_required,review_required,blocked_or_mixed_evidence_remains_unresolved,7,529,3.1,0.0,1.0,0.0,-1.104134762633997,1.25,False,0.0,2.5,ori011,boundary,r212
remaining_review_required_677_second_priority,219,E_N007553_N007557,13399,N007553,N007557,manual_review_possible_unintended_missing,blocked_manual_review,possible_missing_boundary,phase2c_still_review_required,still_review_required,review_required,blocked_or_mixed_evidence_remains_unresolved,7,530,3.1,0.0,1.0,0.0,-0.8243992606284658,1.25,False,0.0,2.5,ori011,boundary,r212
remaining_review_required_677_second_priority,220,E_N008309_N009573,17132,N008309,N009573,manual_review_possible_unintended_missing,blocked_manual_review,possible_missing_boundary,phase2c_still_review_required,still_review_required,review_required,blocked_or_mixed_evidence_remains_unresolved,7,531,3.1,0.0,1.0,0.0,-0.041666666666666664,1.25,False,0.0,0.0,ori011,boundary,r212
remaining_review_required_677_second_priority,221,E_N008435_N009699,17388,N008435,N009699,manual_review_possible_unintended_missing,blocked_manual_review,possible_missing_boundary,phase2c_still_review_required,still_review_required,review_required,blocked_or_mixed_evidence_remains_unresolved,7,532,3.1,0.0,1.0,0.0,-0.565377532228361,1.25,False,0.0,2.5,ori011,boundary,r212
remaining_review_required_677_second_priority,222,E_N008561_N009825,17644,N008561,N009825,manual_review_possible_unintended_missing,blocked_manual_review,possible_missing_boundary,phase2c_still_review_required,still_review_required,review_required,blocked_or_mixed_evidence_remains_unresolved,7,533,3.1,0.0,1.0,0.0,-0.6452554744525547,1.25,False,0.0,2.5,ori011,boundary,r212
remaining_review_required_677_second_priority,223,E_N009443_N009573,17134,N009443,N009573,manual_review_possible_unintended_missing,blocked_manual_review,possible_missing_boundary,phase2c_still_review_required,still_review_required,review_required,blocked_or_mixed_evidence_remains_unresolved,7,534,3.1,0.0,1.0,0.0,-0.010995723885155772,1.25,False,0.0,0.0,ori011,boundary,r212
remaining_review_required_677_second_priority,224,E_N009569_N009573,17135,N009569,N009573,manual_review_possible_unintended_missing,blocked_manual_review,possible_missing_boundary,phase2c_still_review_required,still_review_required,review_required,blocked_or_mixed_evidence_remains_unresolved,7,535,3.1,0.0,1.0,0.0,-0.6110726643598616,1.25,False,0.0,0.0,ori011,boundary,r212
remaining_review_required_677_second_priority,225,E_N009569_N009699,17390,N009569,N009699,manual_review_possible_unintended_missing,blocked_manual_review,possible_missing_boundary,phase2c_still_review_required,still_review_required,review_required,blocked_or_mixed_evidence_remains_unresolved,7,536,3.1,0.0,1.0,0.0,-0.17768595041322313,1.25,False,0.0,0.0,ori011,boundary,r212
remaining_review_required_677_second_priority,226,E_N009695_N009699,17391,N009695,N009699,manual_review_possible_unintended_missing,blocked_manual_review,possible_missing_boundary,phase2c_still_review_required,still_review_required,review_required,blocked_or_mixed_evidence_remains_unresolved,7,537,3.1,0.0,1.0,0.0,-0.7549081697276757,1.25,False,0.0,0.0,ori011,boundary,r212
remaining_review_required_677_second_priority,227,E_N009695_N009825,17646,N009695,N009825,manual_review_possible_unintended_missing,blocked_manual_review,possible_missing_boundary,phase2c_still_review_required,still_review_required,review_required,blocked_or_mixed_evidence_remains_unresolved,7,538,3.1,0.0,1.0,0.0,-0.2511961722488038,1.25,False,0.0,0.0,ori011,boundary,r212
remaining_review_required_677_second_priority,228,E_N009821_N009825,17647,N009821,N009825,manual_review_possible_unintended_missing,blocked_manual_review,possible_missing_boundary,phase2c_still_review_required,still_review_required,review_required,blocked_or_mixed_evidence_remains_unresolved,7,539,3.1,0.0,1.0,0.0,-0.7392344497607656,1.25,False,0.0,0.0,ori011,boundary,r212
remaining_review_required_677_second_priority,229,E_N002905_N002925,5386,N002905,N002925,manual_review_uncertain,blocked_manual_review,uncertain_mixed_evidence,phase2c_still_review_required,still_review_required,review_required,blocked_or_mixed_evidence_remains_unresolved,3,540,3.0937499999999996,0.5833333333333334,0.4166666666666667,7.333333333333333,1.2945508100147276,2.4,False,0.04166666666666663,0.7179002741505561,ori101,near_boundary,r020
remaining_review_required_677_second_priority,230,E_N004529_N005667,10057,N004529,N005667,manual_review_possible_unintended_disconnected,blocked_manual_review,possible_disconnected_instability_or_evidence_shortfall,phase2c_still_review_required,still_review_required,review_required,blocked_or_mixed_evidence_remains_unresolved,5,541,3.0937499999999996,0.08333333333333333,0.9166666666666666,0.625,0.11009174311926606,1.4,False,0.04166666666666667,2.5,ori011,boundary,r221
remaining_review_required_677_second_priority,231,E_N000497_N000503,1087,N000497,N000503,manual_review_possible_unintended_missing,blocked_manual_review,possible_missing_boundary,phase2c_still_review_required,still_review_required,review_required,blocked_or_mixed_evidence_remains_unresolved,7,542,3.093055555555556,0.0,1.0,0.0,-0.17751479289940827,1.2222222222222223,False,0.08333333333333333,2.5,ori101,boundary,r210
remaining_review_required_677_second_priority,232,E_N008435_N009573,17133,N008435,N009573,manual_review_possible_unintended_disconnected,blocked_manual_review,possible_disconnected_instability_or_evidence_shortfall,phase2c_still_review_required,still_review_required,review_required,blocked_or_mixed_evidence_remains_unresolved,5,543,3.0923611111111113,0.041666666666666664,0.9583333333333334,0.4583333333333333,0.5359897172236504,1.2111111111111112,False,0.4583333333333333,2.5,ori011,boundary,r212
remaining_review_required_677_second_priority,233,E_N002251_N002253,3993,N002251,N002253,manual_review_possible_unintended_disconnected,blocked_manual_review,possible_disconnected_instability_or_evidence_shortfall,phase2c_still_review_required,still_review_required,review_required,blocked_or_mixed_evidence_remains_unresolved,5,544,3.091666666666667,0.041666666666666664,0.9583333333333334,0.375,0.5681024447031432,1.2,False,0.5,1.2635061186887893,ori110,boundary,r220
remaining_review_required_677_second_priority,234,E_N000377_N000498,877,N000377,N000498,manual_review_possible_unintended_disconnected,blocked_manual_review,possible_disconnected_instability_or_evidence_shortfall,phase2c_still_review_required,still_review_required,review_required,blocked_or_mixed_evidence_remains_unresolved,5,545,3.0895833333333336,0.125,0.875,0.2916666666666667,1.0793499043977055,1.25,False,0.9583333333333334,1.6123023638336207,ori011,boundary,r210
remaining_review_required_677_second_priority,235,E_N004907_N006171,10940,N004907,N006171,manual_review_uncertain,blocked_manual_review,uncertain_threshold_sensitive,phase2c_still_review_required,still_review_required,review_required,blocked_or_mixed_evidence_remains_unresolved,4,546,3.0895833333333336,0.0,1.0,0.7916666666666666,1.5053533190578159,1.0,False,0.9583333333333334,2.5,ori011,boundary,r211
remaining_review_required_677_second_priority,236,E_N008772_N008775,15570,N008772,N008775,manual_review_uncertain,blocked_manual_review,uncertain_mixed_evidence,phase2c_still_review_required,still_review_required,review_required,blocked_or_mixed_evidence_remains_unresolved,3,547,3.0854166666666667,0.7083333333333334,0.2916666666666667,9.25,1.1564226519337018,2.6,False,0.20833333333333326,0.6333967027431652,ori101,near_boundary,r122
remaining_review_required_677_second_priority,237,E_N001687_N001693,3199,N001687,N001693,manual_review_uncertain,blocked_manual_review,uncertain_mixed_evidence,phase2c_still_review_required,still_review_required,review_required,blocked_or_mixed_evidence_remains_unresolved,3,548,3.0812500000000003,0.75,0.25,8.791666666666666,1.5325501713166911,2.7,False,0.125,0.7554130650909058,ori101,near_boundary,r110
remaining_review_required_677_second_priority,238,E_N003381_N003396,8035,N003381,N003396,manual_review_possible_unintended_missing,blocked_manual_review,possible_missing_boundary,phase2c_still_review_required,still_review_required,review_required,blocked_or_mixed_evidence_remains_unresolved,6,549,3.0812500000000003,0.041666666666666664,0.9583333333333334,0.2916666666666667,0.7020863658418244,1.2,False,0.4583333333333333,1.319296423912333,ori110,boundary,r221
remaining_review_required_677_second_priority,239,E_N009821_N009951,17902,N009821,N009951,manual_review_possible_unintended_disconnected,blocked_manual_review,possible_disconnected_instability_or_evidence_shortfall,phase2c_still_review_required,still_review_required,review_required,blocked_or_mixed_evidence_remains_unresolved,6,550,3.0812500000000003,0.041666666666666664,0.9583333333333334,0.625,-0.027766914352757136,1.2,False,0.4583333333333333,2.5,ori011,boundary,r222
remaining_review_required_677_second_priority,240,E_N000109_N000124,211,N000109,N000124,manual_review_uncertain,blocked_manual_review,uncertain_threshold_sensitive,phase2c_still_review_required,still_review_required,review_required,blocked_or_mixed_evidence_remains_unresolved,4,551,3.0791666666666666,0.20833333333333334,0.5416666666666666,0.7083333333333334,0.06671554252199413,1.6666666666666667,False,0.9166666666666667,1.3547880990105992,ori110,boundary,r200
remaining_review_required_677_second_priority,241,E_N000237_N000361,628,N000237,N000361,manual_review_possible_unintended_disconnected,blocked_manual_review,possible_disconnected_instability_or_evidence_shortfall,phase2c_still_review_required,still_review_required,review_required,blocked_or_mixed_evidence_remains_unresolved,5,552,3.0791666666666666,0.125,0.625,1.9583333333333333,-0.08818600754084625,1.5,False,0.9166666666666667,1.1359020194497198,ori110,boundary,r200
remaining_review_required_677_second_priority,242,E_N001637_N001747,3107,N001637,N001747,manual_review_possible_unintended_missing,blocked_manual_review,possible_missing_boundary,phase2c_still_review_required,still_review_required,review_required,blocked_or_mixed_evidence_remains_unresolved,7,553,3.0791666666666666,0.0,1.0,0.041666666666666664,-0.01132300357568534,1.125,False,0.4166666666666667,1.6488389436504705,ori110,boundary,r210
remaining_review_required_677_second_priority,243,E_N002769_N002771,4905,N002769,N002771,manual_review_possible_unintended_missing,blocked_manual_review,possible_missing_boundary,phase2c_still_review_required,still_review_required,review_required,blocked_or_mixed_evidence_remains_unresolved,6,554,3.0791666666666666,0.0,1.0,0.0,0.22010237319683573,1.125,False,0.4166666666666667,2.5,ori110,boundary,r210
remaining_review_required_677_second_priority,244,E_N004157_N004267,7579,N004157,N004267,manual_review_uncertain,blocked_manual_review,uncertain_threshold_sensitive,phase2c_still_review_required,still_review_required,review_required,blocked_or_mixed_evidence_remains_unresolved,4,555,3.0763257575757574,0.041666666666666664,0.9583333333333334,0.5,0.20709491850431447,1.0909090909090908,False,0.875,2.023535570402136,ori110,boundary,r221
remaining_review_required_677_second_priority,245,E_N000498_N001635,2888,N000498,N001635,manual_review_possible_unintended_missing,blocked_manual_review,possible_missing_boundary,phase2c_still_review_required,still_review_required,review_required,blocked_or_mixed_evidence_remains_unresolved,6,556,3.0722222222222224,0.0,1.0,0.0,0.173015873015873,1.2222222222222223,False,0.0,2.5,ori101,boundary,r210
remaining_review_required_677_second_priority,246,E_N004151_N004157,7575,N004151,N004157,manual_review_possible_unintended_missing,blocked_manual_review,possible_missing_boundary,phase2c_still_review_required,still_review_required,review_required,blocked_or_mixed_evidence_remains_unresolved,6,557,3.0722222222222224,0.0,1.0,0.041666666666666664,0.23875968992248062,1.2222222222222223,False,0.0,2.5,ori101,boundary,r211
remaining_review_required_677_second_priority,247,E_N001113_N001128,4003,N001113,N001128,manual_review_possible_unintended_missing,blocked_manual_review,possible_missing_boundary,phase2c_still_review_required,still_review_required,review_required,blocked_or_mixed_evidence_remains_unresolved,6,559,3.0708333333333337,0.0,1.0,0.041666666666666664,0.909702209414025,1.2,False,0.08333333333333333,1.514134239058892,ori110,boundary,r220
remaining_review_required_677_second_priority,248,E_N002265_N002267,4025,N002265,N002267,manual_review_possible_unintended_missing,blocked_manual_review,possible_missing_boundary,phase2c_still_review_required,still_review_required,review_required,blocked_or_mixed_evidence_remains_unresolved,6,560,3.0708333333333337,0.0,1.0,0.08333333333333333,1.0552380952380953,1.2,False,0.08333333333333333,2.5,ori110,boundary,r220
remaining_review_required_677_second_priority,249,E_N000735_N000750,3311,N000735,N000750,manual_review_possible_unintended_missing,blocked_manual_review,possible_missing_boundary,phase2c_still_review_required,still_review_required,review_required,blocked_or_mixed_evidence_remains_unresolved,6,561,3.06875,0.0,1.0,0.16666666666666666,0.18219539796303283,1.125,False,0.375,1.8908898605435271,ori110,boundary,r210
remaining_review_required_677_second_priority,250,E_N006423_N006425,11393,N006423,N006425,manual_review_possible_unintended_missing,blocked_manual_review,possible_missing_boundary,phase2c_still_review_required,still_review_required,review_required,blocked_or_mixed_evidence_remains_unresolved,6,562,3.06875,0.0,1.0,0.041666666666666664,0.18148420279206465,1.125,False,0.375,2.5,ori110,boundary,r211
remaining_review_required_677_second_priority,251,E_N000885_N001018,1764,N000885,N001018,manual_review_uncertain,blocked_manual_review,uncertain_threshold_sensitive,phase2c_still_review_required,still_review_required,review_required,blocked_or_mixed_evidence_remains_unresolved,3,563,3.0645833333333337,0.75,0.25,4.416666666666667,0.531492084877063,2.6,False,0.45833333333333337,2.5,ori011,boundary,r020
remaining_review_required_677_second_priority,252,E_N009083_N009084,16152,N009083,N009084,manual_review_uncertain,blocked_manual_review,uncertain_threshold_sensitive,phase2c_still_review_required,still_review_required,review_required,blocked_or_mixed_evidence_remains_unresolved,2,564,3.0625,1.0,0.0,6.083333333333333,4.894154818325434,2.875,True,0.75,1.2071301708466335,ori110,boundary,r002
remaining_review_required_677_second_priority,253,E_N002891_N002897,5339,N002891,N002897,manual_review_possible_unintended_missing,blocked_manual_review,possible_missing_boundary,phase2c_still_review_required,still_review_required,review_required,blocked_or_mixed_evidence_remains_unresolved,6,565,3.0616013071895427,0.0,1.0,0.20833333333333334,0.1258741258741259,1.1699346405228759,False,0.16666666666666666,2.5,ori101,boundary,r210
remaining_review_required_677_second_priority,254,E_N002009_N002136,5765,N002009,N002136,manual_review_possible_unintended_missing,blocked_manual_review,possible_missing_boundary,phase2c_still_review_required,still_review_required,review_required,blocked_or_mixed_evidence_remains_unresolved,6,566,3.060416666666667,0.0,1.0,0.0,0.565816678152998,1.2,False,0.041666666666666664,2.5,ori110,boundary,r220
remaining_review_required_677_second_priority,255,E_N003017_N003144,7561,N003017,N003144,manual_review_possible_unintended_missing,blocked_manual_review,possible_missing_boundary,phase2c_still_review_required,still_review_required,review_required,blocked_or_mixed_evidence_remains_unresolved,6,567,3.060416666666667,0.0,1.0,0.0,0.36670235546038543,1.2,False,0.041666666666666664,2.5,ori110,boundary,r221
remaining_review_required_677_second_priority,256,E_N001873_N001875,3301,N001873,N001875,manual_review_possible_unintended_disconnected,blocked_manual_review,possible_disconnected_instability_or_evidence_shortfall,phase2c_still_review_required,still_review_required,review_required,blocked_or_mixed_evidence_remains_unresolved,5,568,3.058333333333333,0.08333333333333333,0.5416666666666666,0.4583333333333333,0.2880228136882129,1.5,False,1.0,1.706047647469199,ori110,near_boundary,r210
remaining_review_required_677_second_priority,257,E_N007708_N008831,15689,N007708,N008831,manual_review_uncertain,blocked_manual_review,uncertain_mixed_evidence,phase2c_still_review_required,still_review_required,review_required,blocked_or_mixed_evidence_remains_unresolved,3,569,3.05625,0.625,0.375,7.541666666666667,1.2406616862326574,2.425,False,0.125,0.31626049684465274,ori101,near_boundary,r022
remaining_review_required_677_second_priority,258,E_N009443_N009449,17139,N009443,N009449,manual_review_possible_unintended_disconnected,blocked_manual_review,possible_disconnected_instability_or_evidence_shortfall,phase2c_still_review_required,still_review_required,review_required,blocked_or_mixed_evidence_remains_unresolved,6,570,3.051388888888889,0.041666666666666664,0.9583333333333334,0.5416666666666666,-0.3213957759412305,1.2222222222222223,False,0.25,2.0840686278990606,ori101,boundary,r212
remaining_review_required_677_second_priority,259,E_N000739_N000750,1308,N000739,N000750,manual_review_possible_unintended_missing,blocked_manual_review,possible_missing_boundary,phase2c_still_review_required,still_review_required,review_required,blocked_or_mixed_evidence_remains_unresolved,7,571,3.0513888888888885,0.041666666666666664,0.9166666666666666,0.125,-0.2111888111888112,1.2222222222222223,False,0.4166666666666667,1.8178918293767836,ori101,boundary,r210
remaining_review_required_677_second_priority,260,E_N002629_N002640,4680,N002629,N002640,manual_review_uncertain,blocked_manual_review,uncertain_threshold_sensitive,phase2c_still_review_required,still_review_required,review_required,blocked_or_mixed_evidence_remains_unresolved,4,572,3.0506578947368417,0.20833333333333334,0.7916666666666666,0.875,0.31186752529898804,1.513157894736842,False,0.41666666666666663,1.7783219965400394,ori101,boundary,r200
remaining_review_required_677_second_priority,261,E_N000749_N000876,3529,N000749,N000876,manual_review_possible_unintended_missing,blocked_manual_review,possible_missing_boundary,phase2c_still_review_required,still_review_required,review_required,blocked_or_mixed_evidence_remains_unresolved,6,573,3.0500000000000003,0.0,1.0,0.0,0.036065573770491806,1.2,False,0.0,2.5,ori110,boundary,r220
remaining_review_required_677_second_priority,262,E_N000875_N001002,3749,N000875,N001002,manual_review_possible_unintended_missing,blocked_manual_review,possible_missing_boundary,phase2c_still_review_required,still_review_required,review_required,blocked_or_mixed_evidence_remains_unresolved,6,574,3.0500000000000003,0.0,1.0,0.0,0.4138950480413895,1.2,False,0.0,2.5,ori110,boundary,r220
remaining_review_required_677_second_priority,263,E_N001001_N001128,4001,N001001,N001128,manual_review_possible_unintended_missing,blocked_manual_review,possible_missing_boundary,phase2c_still_review_required,still_review_required,review_required,blocked_or_mixed_evidence_remains_unresolved,6,575,3.0500000000000003,0.0,1.0,0.041666666666666664,0.7161458333333334,1.2,False,0.0,2.5,ori110,boundary,r220
remaining_review_required_677_second_priority,264,E_N001131_N001133,2009,N001131,N001133,manual_review_possible_unintended_missing,blocked_manual_review,possible_missing_boundary,phase2c_still_review_required,still_review_required,review_required,blocked_or_mixed_evidence_remains_unresolved,6,576,3.0500000000000003,0.0,1.0,0.0,0.6827731092436975,1.2,False,0.0,2.5,ori110,boundary,r220
remaining_review_required_677_second_priority,265,E_N001883_N002010,5545,N001883,N002010,manual_review_possible_unintended_missing,blocked_manual_review,possible_missing_boundary,phase2c_still_review_required,still_review_required,review_required,blocked_or_mixed_evidence_remains_unresolved,6,577,3.0500000000000003,0.0,1.0,0.0,0.4099722991689751,1.2,False,0.0,2.5,ori110,boundary,r220
remaining_review_required_677_second_priority,266,E_N002013_N002015,3549,N002013,N002015,manual_review_possible_unintended_missing,blocked_manual_review,possible_missing_boundary,phase2c_still_review_required,still_review_required,review_required,blocked_or_mixed_evidence_remains_unresolved,6,578,3.0500000000000003,0.0,1.0,0.0,0.28776978417266186,1.2,False,0.0,2.5,ori110,boundary,r220
remaining_review_required_677_second_priority,267,E_N003147_N003149,5565,N003147,N003149,manual_review_possible_unintended_missing,blocked_manual_review,possible_missing_boundary,phase2c_still_review_required,still_review_required,review_required,blocked_or_mixed_evidence_remains_unresolved,6,579,3.0500000000000003,0.0,1.0,0.0,0.32790398628375483,1.2,False,0.0,2.5,ori110,boundary,r220
remaining_review_required_677_second_priority,268,E_N000483_N001747,3092,N000483,N001747,manual_review_uncertain,blocked_manual_review,uncertain_threshold_sensitive,phase2c_still_review_required,still_review_required,review_required,blocked_or_mixed_evidence_remains_unresolved,3,583,3.047916666666667,0.375,0.3333333333333333,1.2083333333333333,1.0089628681177978,2.0,False,0.9583333333333334,1.4618231860746864,ori011,near_boundary,r210
remaining_review_required_677_second_priority,269,E_N001511_N001621,2887,N001511,N001621,manual_review_possible_unintended_missing,blocked_manual_review,possible_missing_boundary,phase2c_still_review_required,still_review_required,review_required,blocked_or_mixed_evidence_remains_unresolved,7,584,3.0479166666666666,0.041666666666666664,0.9583333333333334,0.25,-0.006911057692307692,1.125,False,0.625,1.5185515693998946,ori110,boundary,r210
remaining_review_required_677_second_priority,270,E_N008687_N008691,15415,N008687,N008691,manual_review_possible_unintended_missing,blocked_manual_review,possible_missing_boundary,phase2c_still_review_required,still_review_required,review_required,blocked_or_mixed_evidence_remains_unresolved,7,585,3.0479166666666666,0.041666666666666664,0.9583333333333334,0.125,-1.1256830601092895,1.25,False,0.125,2.5,ori011,boundary,r212
remaining_review_required_677_second_priority,271,E_N002895_N002897,5125,N002895,N002897,manual_review_possible_unintended_missing,blocked_manual_review,possible_missing_boundary,phase2c_still_review_required,still_review_required,review_required,blocked_or_mixed_evidence_remains_unresolved,6,586,3.0375,0.0,1.0,0.0,0.3326761951700345,1.125,False,0.25,2.5,ori110,boundary,r210
remaining_review_required_677_second_priority,272,E_N008691_N008693,15425,N008691,N008693,manual_review_possible_unintended_missing,blocked_manual_review,possible_missing_boundary,phase2c_still_review_required,still_review_required,review_required,blocked_or_mixed_evidence_remains_unresolved,7,587,3.0375,0.0,1.0,0.125,-0.9043736100815419,1.125,False,0.25,1.77796906632134,ori110,boundary,r212
remaining_review_required_677_second_priority,273,E_N001743_N001758,5107,N001743,N001758,manual_review_uncertain,blocked_manual_review,uncertain_threshold_sensitive,phase2c_still_review_required,still_review_required,review_required,blocked_or_mixed_evidence_remains_unresolved,4,588,3.0326388888888896,0.041666666666666664,0.9583333333333334,0.5,0.15065502183406113,1.088888888888889,False,0.7083333333333334,1.9391740836136475,ori110,boundary,r210
remaining_review_required_677_second_priority,274,E_N004025_N004031,7355,N004025,N004031,manual_review_possible_unintended_missing,blocked_manual_review,possible_missing_boundary,phase2c_still_review_required,still_review_required,review_required,blocked_or_mixed_evidence_remains_unresolved,6,589,3.0305555555555554,0.041666666666666664,0.9583333333333334,0.20833333333333334,0.3373860182370821,1.2222222222222223,False,0.16666666666666666,2.5,ori101,boundary,r211
remaining_review_required_677_second_priority,275,E_N001674_N002811,4976,N001674,N002811,manual_review_uncertain,blocked_manual_review,uncertain_mixed_evidence,phase2c_still_review_required,still_review_required,review_required,blocked_or_mixed_evidence_remains_unresolved,3,590,3.027083333333333,0.6666666666666666,0.3333333333333333,12.541666666666666,3.115228426395939,2.5,False,0.04166666666666674,0.5351511412088454,ori101,interior,r010
remaining_review_required_677_second_priority,276,E_N000639_N000643,1123,N000639,N000643,manual_review_uncertain,blocked_manual_review,uncertain_mixed_evidence,phase2c_still_review_required,still_review_required,review_required,blocked_or_mixed_evidence_remains_unresolved,2,591,3.0208333333333335,1.0,0.0,7.5,1.4118221787982412,3.0,True,0.08333333333333337,0.7606477619909219,ori011,boundary,r010
remaining_review_required_677_second_priority,277,E_N001631_N001758,5105,N001631,N001758,manual_review_possible_unintended_missing,blocked_manual_review,possible_missing_boundary,phase2c_still_review_required,still_review_required,review_required,blocked_or_mixed_evidence_remains_unresolved,5,592,3.020138888888889,0.0,1.0,0.08333333333333333,0.25316455696202533,1.1180555555555556,False,0.20833333333333334,2.5,ori110,boundary,r210
remaining_review_required_677_second_priority,278,E_N003900_N005037,8936,N003900,N005037,manual_review_possible_unintended_missing,blocked_manual_review,possible_missing_boundary,phase2c_still_review_required,still_review_required,review_required,blocked_or_mixed_evidence_remains_unresolved,7,593,3.020138888888889,0.041666666666666664,0.9583333333333334,0.125,-0.3354978354978355,1.2222222222222223,False,0.125,2.5,ori101,boundary,r211
remaining_review_required_677_second_priority,279,E_N000629_N000739,1311,N000629,N000739,manual_review_possible_unintended_missing,blocked_manual_review,possible_missing_boundary,phase2c_still_review_required,still_review_required,review_required,blocked_or_mixed_evidence_remains_unresolved,6,594,3.0166666666666666,0.041666666666666664,0.9583333333333334,0.2916666666666667,0.06877828054298643,1.125,False,0.5,1.2985242174741585,ori110,boundary,r210
remaining_review_required_677_second_priority,280,E_N000503_N000613,1091,N000503,N000613,manual_review_uncertain,blocked_manual_review,uncertain_threshold_sensitive,phase2c_still_review_required,still_review_required,review_required,blocked_or_mixed_evidence_remains_unresolved,4,595,3.00625,0.041666666666666664,0.9583333333333334,0.6666666666666666,0.09329446064139942,1.0,False,0.9583333333333334,1.7511942272409344,ori110,boundary,r210
remaining_review_required_677_second_priority,281,E_N001763_N001873,3327,N001763,N001873,manual_review_possible_unintended_missing,blocked_manual_review,possible_missing_boundary,phase2c_still_review_required,still_review_required,review_required,blocked_or_mixed_evidence_remains_unresolved,6,596,3.00625,0.041666666666666664,0.9583333333333334,0.08333333333333333,0.14324600204151072,1.125,False,0.4583333333333333,1.752171901503672,ori110,boundary,r210
remaining_review_required_677_second_priority,282,E_N000373_N000375,652,N000373,N000375,manual_review_possible_unintended_disconnected,blocked_manual_review,possible_disconnected_instability_or_evidence_shortfall,phase2c_still_review_required,still_review_required,review_required,blocked_or_mixed_evidence_remains_unresolved,5,597,3.004671717171717,0.25,0.75,8.0,-0.33043019266297174,1.5505050505050506,False,0.41666666666666663,2.5,ori101,boundary,r200
remaining_review_required_677_second_priority,283,E_N000381_N000514,884,N000381,N000514,manual_review_uncertain,blocked_manual_review,uncertain_threshold_sensitive,phase2c_still_review_required,still_review_required,review_required,blocked_or_mixed_evidence_remains_unresolved,2,598,3.0041666666666664,1.0,0.0,6.041666666666667,1.1273278475530533,2.9,True,0.41666666666666663,2.5,ori011,boundary,r010
remaining_review_required_677_second_priority,284,E_N000129_N000262,444,N000129,N000262,manual_review_uncertain,blocked_manual_review,uncertain_registration_unstable,phase2c_still_review_required,still_review_required,review_required,blocked_or_mixed_evidence_remains_unresolved,2,599,3.0,1.0,0.0,11.583333333333334,1.8215652173913044,3.0,True,0.0,2.5,ori011,boundary,r000
remaining_review_required_677_second_priority,285,E_N000260_N001399,2479,N000260,N001399,manual_review_uncertain,blocked_manual_review,uncertain_mixed_evidence,phase2c_still_review_required,still_review_required,review_required,blocked_or_mixed_evidence_remains_unresolved,2,600,3.0,1.0,0.0,12.333333333333334,6.542931483087598,3.0,True,0.0,0.7346548399144804,ori011,boundary,r000
remaining_review_required_677_second_priority,286,E_N000274_N001397,2493,N000274,N001397,manual_review_uncertain,blocked_manual_review,uncertain_mixed_evidence,phase2c_still_review_required,still_review_required,review_required,blocked_or_mixed_evidence_remains_unresolved,2,601,3.0,1.0,0.0,14.958333333333334,2.121005189838842,3.0,True,0.0,0.48289071529693656,ori101,near_boundary,r000
remaining_review_required_677_second_priority,287,E_N000634_N000640,1106,N000634,N000640,manual_review_uncertain,blocked_manual_review,uncertain_registration_unstable,phase2c_still_review_required,still_review_required,review_required,blocked_or_mixed_evidence_remains_unresolved,2,602,3.0,1.0,0.0,6.041666666666667,1.5260896255371394,3.0,True,0.0,2.5,ori011,boundary,r010
remaining_review_required_677_second_priority,288,E_N001768_N001774,3122,N001768,N001774,manual_review_uncertain,blocked_manual_review,uncertain_registration_unstable,phase2c_still_review_required,still_review_required,review_required,blocked_or_mixed_evidence_remains_unresolved,2,603,3.0,1.0,0.0,6.458333333333333,1.6714553404122423,3.0,True,0.0,2.5,ori011,boundary,r010
remaining_review_required_677_second_priority,289,E_N009083_N009099,16174,N009083,N009099,manual_review_uncertain,blocked_manual_review,uncertain_threshold_sensitive,phase2c_still_review_required,still_review_required,review_required,blocked_or_mixed_evidence_remains_unresolved,2,604,3.0,1.0,0.0,6.916666666666667,9.642326732673267,2.75,True,1.0,0.36934098299460855,ori110,boundary,r002
remaining_review_required_677_second_priority,290,E_N006167_N006171,10943,N006167,N006171,manual_review_possible_unintended_disconnected,blocked_manual_review,possible_disconnected_instability_or_evidence_shortfall,phase2c_still_review_required,still_review_required,review_required,blocked_or_mixed_evidence_remains_unresolved,5,605,2.997916666666667,0.08333333333333333,0.9166666666666666,0.4583333333333333,0.7579462102689487,1.2,False,0.4583333333333333,2.5,ori011,boundary,r211
remaining_review_required_677_second_priority,291,E_N007931_N007935,14091,N007931,N007935,manual_review_possible_unintended_disconnected,blocked_manual_review,possible_disconnected_instability_or_evidence_shortfall,phase2c_still_review_required,still_review_required,review_required,blocked_or_mixed_evidence_remains_unresolved,5,606,2.9895833333333335,0.16666666666666666,0.8333333333333334,0.5,-1.0703753351206435,1.4,False,0.2916666666666667,2.5,ori011,boundary,r222
remaining_review_required_677_second_priority,292,E_N002897_N003007,5343,N002897,N003007,manual_review_uncertain,blocked_manual_review,uncertain_threshold_sensitive,phase2c_still_review_required,still_review_required,review_required,blocked_or_mixed_evidence_remains_unresolved,4,607,2.989583333333333,0.041666666666666664,0.9583333333333334,0.375,0.08309037900874636,1.0666666666666667,False,0.625,1.917536713192877,ori110,boundary,r210
remaining_review_required_677_second_priority,293,E_N001003_N001007,1759,N001003,N001007,manual_review_possible_unintended_disconnected,blocked_manual_review,possible_disconnected_instability_or_evidence_shortfall,phase2c_still_review_required,still_review_required,review_required,blocked_or_mixed_evidence_remains_unresolved,5,608,2.979166666666667,0.16666666666666666,0.8333333333333334,2.875,-0.08010335917312661,1.4,False,0.25,1.582833663811897,ori011,boundary,r220
remaining_review_required_677_second_priority,294,E_N009335_N009351,16686,N009335,N009351,manual_review_uncertain,blocked_manual_review,uncertain_threshold_sensitive,phase2c_still_review_required,still_review_required,review_required,blocked_or_mixed_evidence_remains_unresolved,2,609,2.9791666666666665,1.0,0.0,6.875,8.758530183727034,2.75,True,0.9166666666666666,0.3289850837560865,ori110,boundary,r002
remaining_review_required_677_second_priority,295,E_N000371_N000498,2869,N000371,N000498,manual_review_possible_unintended_missing,blocked_manual_review,possible_missing_boundary,phase2c_still_review_required,still_review_required,review_required,blocked_or_mixed_evidence_remains_unresolved,6,611,2.975,0.0,1.0,0.0,0.2421784472769409,1.125,False,0.0,2.5,ori110,boundary,r210
remaining_review_required_677_second_priority,296,E_N000497_N000624,3089,N000497,N000624,manual_review_possible_unintended_missing,blocked_manual_review,possible_missing_boundary,phase2c_still_review_required,still_review_required,review_required,blocked_or_mixed_evidence_remains_unresolved,7,612,2.975,0.0,1.0,0.0,0.022999520843315763,1.125,False,0.0,2.5,ori110,boundary,r210
remaining_review_required_677_second_priority,297,E_N000623_N000750,3309,N000623,N000750,manual_review_possible_unintended_missing,blocked_manual_review,possible_missing_boundary,phase2c_still_review_required,still_review_required,review_required,blocked_or_mixed_evidence_remains_unresolved,6,613,2.975,0.0,1.0,0.0,0.09184726522187822,1.125,False,0.0,2.5,ori110,boundary,r210
remaining_review_required_677_second_priority,298,E_N000627_N000629,1093,N000627,N000629,manual_review_possible_unintended_missing,blocked_manual_review,possible_missing_boundary,phase2c_still_review_required,still_review_required,review_required,blocked_or_mixed_evidence_remains_unresolved,7,614,2.975,0.0,1.0,0.0,-0.07177033492822966,1.125,False,0.0,2.5,ori110,boundary,r210
remaining_review_required_677_second_priority,299,E_N000753_N000755,1313,N000753,N000755,manual_review_possible_unintended_missing,blocked_manual_review,possible_missing_boundary,phase2c_still_review_required,still_review_required,review_required,blocked_or_mixed_evidence_remains_unresolved,6,615,2.975,0.0,1.0,0.0,0.11123470522803114,1.125,False,0.0,2.5,ori110,boundary,r210
remaining_review_required_677_second_priority,300,E_N001635_N001637,2889,N001635,N001637,manual_review_possible_unintended_missing,blocked_manual_review,possible_missing_boundary,phase2c_still_review_required,still_review_required,review_required,blocked_or_mixed_evidence_remains_unresolved,7,616,2.975,0.0,1.0,0.0,0.021114864864864864,1.125,False,0.0,2.5,ori110,boundary,r210
remaining_review_required_677_second_priority,301,E_N001757_N001884,5325,N001757,N001884,manual_review_possible_unintended_missing,blocked_manual_review,possible_missing_boundary,phase2c_still_review_required,still_review_required,review_required,blocked_or_mixed_evidence_remains_unresolved,6,617,2.975,0.0,1.0,0.0,0.2574123989218329,1.125,False,0.0,2.5,ori110,boundary,r210
remaining_review_required_677_second_priority,302,E_N001761_N001763,3109,N001761,N001763,manual_review_possible_unintended_missing,blocked_manual_review,possible_missing_boundary,phase2c_still_review_required,still_review_required,review_required,blocked_or_mixed_evidence_remains_unresolved,6,618,2.975,0.0,1.0,0.0,0.07270865335381464,1.125,False,0.0,2.5,ori110,boundary,r210
remaining_review_required_677_second_priority,303,E_N001887_N001889,3329,N001887,N001889,manual_review_possible_unintended_missing,blocked_manual_review,possible_missing_boundary,phase2c_still_review_required,still_review_required,review_required,blocked_or_mixed_evidence_remains_unresolved,6,619,2.975,0.0,1.0,0.0,0.06736965436438196,1.125,False,0.0,2.5,ori110,boundary,r210
remaining_review_required_677_second_priority,304,E_N003021_N003023,5345,N003021,N003023,manual_review_possible_unintended_missing,blocked_manual_review,possible_missing_boundary,phase2c_still_review_required,still_review_required,review_required,blocked_or_mixed_evidence_remains_unresolved,6,620,2.975,0.0,1.0,0.0,0.2956573468173706,1.125,False,0.0,2.5,ori110,boundary,r210
remaining_review_required_677_second_priority,305,E_N004155_N004157,7361,N004155,N004157,manual_review_possible_unintended_missing,blocked_manual_review,possible_missing_boundary,phase2c_still_review_required,still_review_required,review_required,blocked_or_mixed_evidence_remains_unresolved,6,621,2.975,0.0,1.0,0.0,0.18823529411764706,1.125,False,0.0,2.5,ori110,boundary,r211
remaining_review_required_677_second_priority,306,E_N008757_N008763,15759,N008757,N008763,manual_review_uncertain,blocked_manual_review,uncertain_mixed_evidence,phase2c_still_review_required,still_review_required,review_required,blocked_or_mixed_evidence_remains_unresolved,3,622,2.9729166666666664,0.7916666666666666,0.20833333333333334,9.208333333333334,1.4282022886674048,2.675,False,0.125,0.39540070864716703,ori101,near_boundary,r122
remaining_review_required_677_second_priority,307,E_N000483_N000498,2871,N000483,N000498,manual_review_possible_unintended_missing,blocked_manual_review,possible_missing_boundary,phase2c_still_review_required,still_review_required,review_required,blocked_or_mixed_evidence_remains_unresolved,6,623,2.964583333333333,0.041666666666666664,0.9583333333333334,0.08333333333333333,0.04994686503719448,1.125,False,0.2916666666666667,1.6123023638336207,ori110,boundary,r210
remaining_review_required_677_second_priority,308,E_N004908_N006045,10732,N004908,N006045,manual_review_uncertain,blocked_manual_review,uncertain_registration_unstable,phase2c_still_review_required,still_review_required,review_required,blocked_or_mixed_evidence_remains_unresolved,4,624,2.957638888888889,0.25,0.75,1.6666666666666667,0.5428571428571428,1.5555555555555556,False,0.20833333333333334,2.5,ori101,boundary,r201
remaining_review_required_677_second_priority,309,E_N004570_N004576,8123,N004570,N004576,manual_review_uncertain,blocked_manual_review,uncertain_mixed_evidence,phase2c_still_review_required,still_review_required,review_required,blocked_or_mixed_evidence_remains_unresolved,3,625,2.9570075757575762,0.75,0.25,10.458333333333334,2.2623891497130932,2.575757575757576,False,0.125,1.1403416799873591,ori101,boundary,r001
remaining_review_required_677_second_priority,310,E_N000113_N000123,200,N000113,N000123,manual_review_uncertain,blocked_manual_review,uncertain_threshold_sensitive,phase2c_still_review_required,still_review_required,review_required,blocked_or_mixed_evidence_remains_unresolved,4,626,2.9541666666666666,0.20833333333333334,0.6666666666666666,0.625,0.9898674980514419,1.5,False,0.5833333333333334,2.5,ori011,boundary,r200
remaining_review_required_677_second_priority,311,E_N000483_N000487,858,N000483,N000487,manual_review_uncertain,blocked_manual_review,uncertain_threshold_sensitive,phase2c_still_review_required,still_review_required,review_required,blocked_or_mixed_evidence_remains_unresolved,4,627,2.947222222222222,0.08333333333333333,0.875,0.9166666666666666,1.1546840958605664,1.0555555555555556,False,1.0,1.288212490688547,ori011,boundary,r210
remaining_review_required_677_second_priority,312,E_N001869_N003023,5556,N001869,N003023,manual_review_possible_unintended_missing,blocked_manual_review,possible_missing_boundary,phase2c_still_review_required,still_review_required,review_required,blocked_or_mixed_evidence_remains_unresolved,6,628,2.947222222222222,0.08333333333333333,0.9166666666666666,0.2916666666666667,0.4043795620437956,1.2222222222222223,False,0.16666666666666666,1.8962167768516174,ori101,boundary,r210
remaining_review_required_677_second_priority,313,E_N003899_N003905,7135,N003899,N003905,manual_review_uncertain,blocked_manual_review,uncertain_threshold_sensitive,phase2c_still_review_required,still_review_required,review_required,blocked_or_mixed_evidence_remains_unresolved,4,629,2.9402777777777778,0.08333333333333333,0.9166666666666666,0.7916666666666666,0.47804878048780486,1.1111111111111112,False,0.5833333333333334,2.5,ori101,boundary,r211
remaining_review_required_677_second_priority,314,E_N001017_N001021,1787,N001017,N001021,manual_review_uncertain,blocked_manual_review,uncertain_threshold_sensitive,phase2c_still_review_required,still_review_required,review_required,blocked_or_mixed_evidence_remains_unresolved,2,630,2.938194444444444,1.0,0.0,3.3333333333333335,1.1836930455635493,2.844444444444444,True,0.375,0.09068137430848695,ori011,boundary,r020
remaining_review_required_677_second_priority,315,E_N001495_N001506,2664,N001495,N001506,manual_review_uncertain,blocked_manual_review,uncertain_threshold_sensitive,phase2c_still_review_required,still_review_required,review_required,blocked_or_mixed_evidence_remains_unresolved,4,631,2.9368055555555554,0.16666666666666666,0.5833333333333334,0.6666666666666666,0.501779359430605,1.5555555555555556,False,0.4583333333333333,1.7927205139480746,ori101,boundary,r200
remaining_review_required_677_second_priority,316,E_N007049_N008187,14533,N007049,N008187,manual_review_uncertain,blocked_manual_review,uncertain_threshold_sensitive,phase2c_still_review_required,still_review_required,review_required,blocked_or_mixed_evidence_remains_unresolved,4,632,2.933333333333333,0.20833333333333334,0.625,0.625,0.09558011049723757,1.5,False,0.6666666666666666,2.5,ori011,boundary,r202
remaining_review_required_677_second_priority,317,E_N001617_N001623,3075,N001617,N001623,manual_review_uncertain,blocked_manual_review,uncertain_mixed_evidence,phase2c_still_review_required,still_review_required,review_required,blocked_or_mixed_evidence_remains_unresolved,4,633,2.932107843137255,0.3333333333333333,0.6666666666666666,0.9166666666666666,0.4779951100244499,1.6862745098039216,False,0.25,1.4228278290874685,ori101,near_boundary,r210
remaining_review_required_677_second_priority,318,E_N007679_N007683,13619,N007679,N007683,manual_review_possible_unintended_disconnected,blocked_manual_review,possible_disconnected_instability_or_evidence_shortfall,phase2c_still_review_required,still_review_required,review_required,blocked_or_mixed_evidence_remains_unresolved,5,634,2.9270833333333335,0.25,0.75,0.625,-0.33883248730964466,1.4,False,0.7083333333333334,2.5,ori011,boundary,r222
remaining_review_required_677_second_priority,319,E_N000119_N000125,427,N000119,N000125,manual_review_possible_unintended_disconnected,blocked_manual_review,possible_disconnected_instability_or_evidence_shortfall,phase2c_still_review_required,still_review_required,review_required,blocked_or_mixed_evidence_remains_unresolved,5,635,2.926388888888889,0.25,0.5833333333333334,0.5833333333333334,-0.12437810945273632,1.5555555555555556,False,0.75,2.5,ori101,boundary,r200
remaining_review_required_677_second_priority,320,E_N001127_N001128,4002,N001127,N001128,manual_review_possible_unintended_disconnected,blocked_manual_review,possible_disconnected_instability_or_evidence_shortfall,phase2c_still_review_required,still_review_required,review_required,blocked_or_mixed_evidence_remains_unresolved,5,636,2.925,0.08333333333333333,0.9166666666666666,0.4583333333333333,0.5068637803590285,1.2,False,0.16666666666666669,1.514134239058892,ori110,boundary,r220
remaining_review_required_677_second_priority,321,E_N000739_N000741,1285,N000739,N000741,manual_review_possible_unintended_disconnected,blocked_manual_review,possible_disconnected_instability_or_evidence_shortfall,phase2c_still_review_required,still_review_required,review_required,blocked_or_mixed_evidence_remains_unresolved,5,637,2.9229166666666666,0.041666666666666664,0.9583333333333334,0.5,-0.06545741324921135,1.0,False,0.625,1.2985242174741585,ori110,boundary,r210
remaining_review_required_677_second_priority,322,E_N001385_N001506,2673,N001385,N001506,manual_review_uncertain,blocked_manual_review,uncertain_threshold_sensitive,phase2c_still_review_required,still_review_required,review_required,blocked_or_mixed_evidence_remains_unresolved,3,638,2.9229166666666666,0.125,0.4583333333333333,0.4166666666666667,1.4226415094339622,1.5,False,0.9583333333333334,1.7927205139480746,ori011,boundary,r200
remaining_review_required_677_second_priority,323,E_N001869_N001884,5327,N001869,N001884,manual_review_uncertain,blocked_manual_review,uncertain_threshold_sensitive,phase2c_still_review_required,still_review_required,review_required,blocked_or_mixed_evidence_remains_unresolved,4,639,2.9229166666666666,0.041666666666666664,0.9583333333333334,0.375,0.14542135686035898,1.0,False,0.625,2.172959683691446,ori110,boundary,r210
remaining_review_required_677_second_priority,324,E_N002891_N003018,7341,N002891,N003018,manual_review_possible_unintended_missing,blocked_manual_review,possible_missing_boundary,phase2c_still_review_required,still_review_required,review_required,blocked_or_mixed_evidence_remains_unresolved,6,640,2.9229166666666666,0.08333333333333333,0.9166666666666666,0.16666666666666666,0.3115036622145627,1.125,False,0.4583333333333333,2.5,ori110,boundary,r211
remaining_review_required_677_second_priority,325,E_N006041_N006047,10947,N006041,N006047,manual_review_possible_unintended_disconnected,blocked_manual_review,possible_disconnected_instability_or_evidence_shortfall,phase2c_still_review_required,still_review_required,review_required,blocked_or_mixed_evidence_remains_unresolved,5,641,2.915972222222222,0.2916666666666667,0.7083333333333334,0.9583333333333334,-0.021170610211706103,1.5555555555555556,False,0.375,2.5,ori101,boundary,r201
remaining_review_required_677_second_priority,326,E_N003436_N004576,8121,N003436,N004576,manual_review_uncertain,blocked_manual_review,uncertain_mixed_evidence,phase2c_still_review_required,still_review_required,review_required,blocked_or_mixed_evidence_remains_unresolved,3,642,2.9145833333333337,0.7916666666666666,0.20833333333333334,11.333333333333334,3.0928246013667424,2.6166666666666667,False,0.125,0.9216949866326226,ori101,boundary,r001
remaining_review_required_677_second_priority,327,E_N000877_N000881,1539,N000877,N000881,manual_review_possible_unintended_disconnected,blocked_manual_review,possible_disconnected_instability_or_evidence_shortfall,phase2c_still_review_required,still_review_required,review_required,blocked_or_mixed_evidence_remains_unresolved,5,643,2.9062499999999996,0.20833333333333334,0.7916666666666666,5.125,-0.35282373074729034,1.4,False,0.29166666666666663,1.8004417730976063,ori011,boundary,r220
remaining_review_required_677_second_priority,328,E_N000377_N000487,871,N000377,N000487,manual_review_possible_unintended_disconnected,blocked_manual_review,possible_disconnected_instability_or_evidence_shortfall,phase2c_still_review_required,still_review_required,review_required,blocked_or_mixed_evidence_remains_unresolved,6,644,2.902083333333333,0.08333333333333333,0.9166666666666666,0.75,-0.027111574556830033,1.125,False,0.375,1.5766754012113513,ori110,boundary,r210
remaining_review_required_677_second_priority,329,E_N006671_N006675,11823,N006671,N006675,manual_review_possible_unintended_disconnected,blocked_manual_review,possible_disconnected_instability_or_evidence_shortfall,phase2c_still_review_required,still_review_required,review_required,blocked_or_mixed_evidence_remains_unresolved,5,645,2.8958333333333335,0.125,0.5833333333333334,0.4166666666666667,-0.6248431618569636,1.4,False,0.75,2.5,ori011,boundary,r221
remaining_review_required_677_second_priority,330,E_N006797_N007935,14089,N006797,N007935,manual_review_possible_unintended_disconnected,blocked_manual_review,possible_disconnected_instability_or_evidence_shortfall,phase2c_still_review_required,still_review_required,review_required,blocked_or_mixed_evidence_remains_unresolved,5,646,2.895833333333333,0.20833333333333334,0.7916666666666666,0.625,-0.05410821643286573,1.4,False,0.25,2.5,ori011,boundary,r222
remaining_review_required_677_second_priority,331,E_N004025_N004152,9357,N004025,N004152,manual_review_uncertain,blocked_manual_review,uncertain_threshold_sensitive,phase2c_still_review_required,still_review_required,review_required,blocked_or_mixed_evidence_remains_unresolved,4,647,2.891666666666666,0.041666666666666664,0.9166666666666666,0.3333333333333333,0.3603258265452803,1.0,False,0.6666666666666666,2.5,ori110,boundary,r211
remaining_review_required_677_second_priority,332,E_N008310_N009447,16888,N008310,N009447,manual_review_uncertain,blocked_manual_review,uncertain_threshold_sensitive,phase2c_still_review_required,still_review_required,review_required,blocked_or_mixed_evidence_remains_unresolved,4,648,2.8867324561403507,0.2916666666666667,0.7083333333333334,1.0416666666666667,0.13426423200859292,1.5263157894736843,False,0.375,2.126631828308713,ori101,boundary,r202
remaining_review_required_677_second_priority,333,E_N001763_N001884,3333,N001763,N001884,manual_review_uncertain,blocked_manual_review,uncertain_threshold_sensitive,phase2c_still_review_required,still_review_required,review_required,blocked_or_mixed_evidence_remains_unresolved,4,649,2.8833333333333333,0.125,0.7083333333333334,0.8333333333333334,0.981198589894242,1.2,False,1.0,2.172959683691446,ori011,boundary,r210
remaining_review_required_677_second_priority,334,E_N003984_N005121,9080,N003984,N005121,manual_review_uncertain,blocked_manual_review,uncertain_mixed_evidence,phase2c_still_review_required,still_review_required,review_required,blocked_or_mixed_evidence_remains_unresolved,3,650,2.8749999999999996,0.7916666666666666,0.125,7.416666666666667,2.4477720964207452,2.65,False,0.16666666666666663,0.8363458927230504,ori101,interior,r111
remaining_review_required_677_second_priority,335,E_N005873_N005879,10651,N005873,N005879,manual_review_uncertain,blocked_manual_review,uncertain_mixed_evidence,phase2c_still_review_required,still_review_required,review_required,blocked_or_mixed_evidence_remains_unresolved,3,651,2.8724358974358974,0.75,0.25,9.708333333333334,2.24873417721519,2.480769230769231,False,0.16666666666666663,0.7321017341223162,ori101,interior,r101
remaining_review_required_677_second_priority,336,E_N002765_N004029,7128,N002765,N004029,manual_review_possible_unintended_missing,blocked_manual_review,possible_missing_boundary,phase2c_still_review_required,still_review_required,review_required,blocked_or_mixed_evidence_remains_unresolved,6,652,2.870833333333333,0.08333333333333333,0.75,0.2916666666666667,1.8871794871794871,1.25,False,0.4166666666666667,2.5,ori011,boundary,r211
remaining_review_required_677_second_priority,337,E_N000343_N000358,2627,N000343,N000358,manual_review_uncertain,blocked_manual_review,uncertain_threshold_sensitive,phase2c_still_review_required,still_review_required,review_required,blocked_or_mixed_evidence_remains_unresolved,3,653,2.8673611111111112,0.25,0.375,0.9166666666666666,0.1743119266055046,1.6527777777777777,False,0.9583333333333334,1.1611557081528456,ori110,near_boundary,r200
remaining_review_required_677_second_priority,338,E_N006308_N007444,13209,N006308,N007444,manual_review_uncertain,blocked_manual_review,uncertain_registration_unstable,phase2c_still_review_required,still_review_required,review_required,blocked_or_mixed_evidence_remains_unresolved,3,654,2.866369047619048,0.625,0.375,5.875,0.5399610136452242,2.2142857142857144,False,0.20833333333333331,2.5,ori101,boundary,r012
remaining_review_required_677_second_priority,339,E_N004403_N005667,10056,N004403,N005667,manual_review_uncertain,blocked_manual_review,uncertain_threshold_sensitive,phase2c_still_review_required,still_review_required,review_required,blocked_or_mixed_evidence_remains_unresolved,4,655,2.864583333333333,0.20833333333333334,0.6666666666666666,0.4583333333333333,0.1997126436781609,1.4,False,0.625,2.5,ori011,boundary,r221
remaining_review_required_677_second_priority,340,E_N005286_N006423,11392,N005286,N006423,manual_review_possible_unintended_disconnected,blocked_manual_review,possible_disconnected_instability_or_evidence_shortfall,phase2c_still_review_required,still_review_required,review_required,blocked_or_mixed_evidence_remains_unresolved,5,656,2.863888888888889,0.125,0.875,0.5416666666666666,-0.093711467324291,1.2222222222222223,False,0.16666666666666669,2.5,ori101,boundary,r211
remaining_review_required_677_second_priority,341,E_N000121_N000123,212,N000121,N000123,manual_review_possible_unintended_disconnected,blocked_manual_review,possible_disconnected_instability_or_evidence_shortfall,phase2c_still_review_required,still_review_required,review_required,blocked_or_mixed_evidence_remains_unresolved,5,657,2.8570304437564498,0.3333333333333333,0.5833333333333334,4.583333333333333,-0.6405118300338001,1.5278637770897832,False,0.9166666666666666,2.5,ori101,boundary,r200
remaining_review_required_677_second_priority,342,E_N006041_N007305,12956,N006041,N007305,manual_review_uncertain,blocked_manual_review,uncertain_threshold_sensitive,phase2c_still_review_required,still_review_required,review_required,blocked_or_mixed_evidence_remains_unresolved,4,658,2.8569444444444447,0.16666666666666666,0.8333333333333334,0.5,0.7107438016528925,1.2361111111111112,False,0.4166666666666667,2.5,ori011,boundary,r212
remaining_review_required_677_second_priority,343,E_N009065_N009069,16107,N009065,N009069,manual_review_possible_unintended_disconnected,blocked_manual_review,possible_disconnected_instability_or_evidence_shortfall,phase2c_still_review_required,still_review_required,review_required,blocked_or_mixed_evidence_remains_unresolved,5,659,2.8541666666666665,0.25,0.75,0.625,-1.2722513089005236,1.4,False,0.4166666666666667,2.5,ori011,boundary,r222
remaining_review_required_677_second_priority,344,E_N000973_N000988,3727,N000973,N000988,manual_review_uncertain,blocked_manual_review,uncertain_threshold_sensitive,phase2c_still_review_required,still_review_required,review_required,blocked_or_mixed_evidence_remains_unresolved,3,660,2.85,0.25,0.5,1.2083333333333333,0.26973947895791583,1.5,False,1.0,1.4008740326951608,ori110,near_boundary,r220
remaining_review_required_677_second_priority,345,E_N003129_N003144,7563,N003129,N003144,manual_review_uncertain,blocked_manual_review,uncertain_threshold_sensitive,phase2c_still_review_required,still_review_required,review_required,blocked_or_mixed_evidence_remains_unresolved,4,661,2.8499999999999996,0.08333333333333333,0.9166666666666666,0.7083333333333334,0.20513623551518947,1.0,False,0.6666666666666666,1.6986342989916456,ori110,boundary,r221
remaining_review_required_677_second_priority,346,E_N005291_N005401,9595,N005291,N005401,manual_review_uncertain,blocked_manual_review,uncertain_threshold_sensitive,phase2c_still_review_required,still_review_required,review_required,blocked_or_mixed_evidence_remains_unresolved,4,662,2.841666666666667,0.20833333333333334,0.7916666666666666,0.625,0.3097560975609756,1.2,False,0.8333333333333334,1.8947291258350738,ori110,boundary,r221
remaining_review_required_677_second_priority,347,E_N000288_N001411,2517,N000288,N001411,manual_review_uncertain,blocked_manual_review,uncertain_mixed_evidence,phase2c_still_review_required,still_review_required,review_required,blocked_or_mixed_evidence_remains_unresolved,3,663,2.839583333333333,0.7083333333333334,0.2916666666666667,13.625,5.385793871866295,2.375,False,0.125,0.5579914805870629,ori101,near_boundary,r000
remaining_review_required_677_second_priority,348,E_N002513_N002517,4455,N002513,N002517,manual_review_uncertain,blocked_manual_review,uncertain_threshold_sensitive,phase2c_still_review_required,still_review_required,review_required,blocked_or_mixed_evidence_remains_unresolved,3,664,2.839583333333333,0.20833333333333334,0.5,0.7916666666666666,2.5675675675675675,1.5,False,0.7916666666666666,2.5,ori011,boundary,r200
remaining_review_required_677_second_priority,349,E_N006196_N007333,13016,N006196,N007333,manual_review_uncertain,blocked_manual_review,uncertain_mixed_evidence,phase2c_still_review_required,still_review_required,review_required,blocked_or_mixed_evidence_remains_unresolved,3,665,2.8375,0.7916666666666666,0.20833333333333334,11.375,2.9702409069437885,2.55,False,0.08333333333333326,0.25404317375566354,ori101,interior,r012
remaining_review_required_677_second_priority,350,E_N000247_N000249,432,N000247,N000249,manual_review_possible_unintended_disconnected,blocked_manual_review,possible_disconnected_instability_or_evidence_shortfall,phase2c_still_review_required,still_review_required,review_required,blocked_or_mixed_evidence_remains_unresolved,5,666,2.8346491228070176,0.3333333333333333,0.6666666666666666,7.791666666666667,-0.5016013796501602,1.5263157894736843,False,0.5,2.5,ori101,boundary,r200
remaining_review_required_677_second_priority,351,E_N002499_N003653,6692,N002499,N003653,manual_review_uncertain,blocked_manual_review,uncertain_mixed_evidence,phase2c_still_review_required,still_review_required,review_required,blocked_or_mixed_evidence_remains_unresolved,4,667,2.834649122807017,0.2916666666666667,0.7083333333333334,1.2916666666666667,0.5079136690647482,1.5263157894736843,False,0.16666666666666669,1.935815021548109,ori101,boundary,r201
remaining_review_required_677_second_priority,352,E_N001506_N002643,4684,N001506,N002643,manual_review_uncertain,blocked_manual_review,uncertain_threshold_sensitive,phase2c_still_review_required,still_review_required,review_required,blocked_or_mixed_evidence_remains_unresolved,3,668,2.8329545454545455,0.20833333333333334,0.5,0.9166666666666666,0.17809139784946237,1.5454545454545454,False,0.5833333333333334,2.5,ori101,boundary,r200
remaining_review_required_677_second_priority,353,E_N004001_N004012,7108,N004001,N004012,manual_review_uncertain,blocked_manual_review,uncertain_threshold_sensitive,phase2c_still_review_required,still_review_required,review_required,blocked_or_mixed_evidence_remains_unresolved,3,669,2.8306547619047624,0.5,0.5,4.375,1.7137809187279152,1.8660714285714286,False,0.45833333333333337,1.3822723247168955,ori101,interior,r211
remaining_review_required_677_second_priority,354,E_N008183_N008313,14754,N008183,N008313,manual_review_uncertain,blocked_manual_review,uncertain_threshold_sensitive,phase2c_still_review_required,still_review_required,review_required,blocked_or_mixed_evidence_remains_unresolved,4,670,2.8291666666666666,0.3333333333333333,0.625,0.7916666666666666,0.6714975845410628,1.5,False,0.75,2.5,ori011,boundary,r202
remaining_review_required_677_second_priority,355,E_N000876_N002015,3555,N000876,N002015,manual_review_possible_unintended_disconnected,blocked_manual_review,possible_disconnected_instability_or_evidence_shortfall,phase2c_still_review_required,still_review_required,review_required,blocked_or_mixed_evidence_remains_unresolved,5,671,2.827777777777778,0.08333333333333333,0.5416666666666666,0.5833333333333334,0.9897610921501706,1.3111111111111111,False,0.8333333333333334,1.8816835069634312,ori011,boundary,r220
remaining_review_required_677_second_priority,356,E_N003385_N003396,6036,N003385,N003396,manual_review_uncertain,blocked_manual_review,uncertain_threshold_sensitive,phase2c_still_review_required,still_review_required,review_required,blocked_or_mixed_evidence_remains_unresolved,4,672,2.8217261904761908,0.0,1.0,0.4166666666666667,0.32533733133433285,0.8571428571428571,False,0.4583333333333333,1.4415639053408078,ori101,boundary,r220
remaining_review_required_677_second_priority,357,E_N009825_N009827,17657,N009825,N009827,manual_review_uncertain,blocked_manual_review,uncertain_threshold_sensitive,phase2c_still_review_required,still_review_required,review_required,blocked_or_mixed_evidence_remains_unresolved,4,674,2.808333333333333,0.08333333333333333,0.9166666666666666,0.7083333333333334,-0.4218608852755194,1.0,False,0.49999999999999994,1.958013711465929,ori110,boundary,r212
remaining_review_required_677_second_priority,358,E_N003018_N004155,7360,N003018,N004155,manual_review_uncertain,blocked_manual_review,uncertain_registration_unstable,phase2c_still_review_required,still_review_required,review_required,blocked_or_mixed_evidence_remains_unresolved,4,675,2.801388888888889,0.08333333333333333,0.75,0.4583333333333333,0.518840579710145,1.2222222222222223,False,0.25,2.5,ori101,boundary,r211
remaining_review_required_677_second_priority,359,E_N000613_N000624,1088,N000613,N000624,manual_review_uncertain,blocked_manual_review,uncertain_mixed_evidence,phase2c_still_review_required,still_review_required,review_required,blocked_or_mixed_evidence_remains_unresolved,4,677,2.7909722222222224,0.16666666666666666,0.8333333333333334,0.3333333333333333,-0.28866995073891627,1.2222222222222223,False,0.20833333333333334,1.7880693468452007,ori101,boundary,r210
remaining_review_required_677_second_priority,360,E_N003017_N003023,5559,N003017,N003023,manual_review_uncertain,blocked_manual_review,uncertain_registration_unstable,phase2c_still_review_required,still_review_required,review_required,blocked_or_mixed_evidence_remains_unresolved,5,678,2.7909722222222224,0.041666666666666664,0.7083333333333334,0.25,0.6158730158730159,1.2222222222222223,False,0.20833333333333334,2.5,ori101,boundary,r210
remaining_review_required_677_second_priority,361,E_N000876_N002013,3548,N000876,N002013,manual_review_uncertain,blocked_manual_review,uncertain_threshold_sensitive,phase2c_still_review_required,still_review_required,review_required,blocked_or_mixed_evidence_remains_unresolved,5,679,2.7904761904761908,0.0,1.0,0.125,-0.1819941916747338,0.8571428571428571,False,0.3333333333333333,2.5,ori101,boundary,r220
remaining_review_required_677_second_priority,362,E_N002247_N002262,6019,N002247,N002262,manual_review_uncertain,blocked_manual_review,uncertain_threshold_sensitive,phase2c_still_review_required,still_review_required,review_required,blocked_or_mixed_evidence_remains_unresolved,5,680,2.7895833333333333,0.08333333333333333,0.75,0.20833333333333334,0.788235294117647,1.2,False,0.2916666666666667,1.1797611590172348,ori110,boundary,r220
remaining_review_required_677_second_priority,363,E_N008687_N009825,17645,N008687,N009825,manual_review_uncertain,blocked_manual_review,uncertain_threshold_sensitive,phase2c_still_review_required,still_review_required,review_required,blocked_or_mixed_evidence_remains_unresolved,3,681,2.7895833333333333,0.20833333333333334,0.7916666666666666,0.75,0.08333333333333333,1.2,False,0.625,2.5,ori011,boundary,r212
remaining_review_required_677_second_priority,364,E_N005159_N005286,11373,N005159,N005286,manual_review_uncertain,blocked_manual_review,uncertain_threshold_sensitive,phase2c_still_review_required,still_review_required,review_required,blocked_or_mixed_evidence_remains_unresolved,3,682,2.7874999999999996,0.08333333333333333,0.9166666666666666,0.375,0.21189120809614168,1.0,False,0.4166666666666667,2.5,ori110,boundary,r211
remaining_review_required_677_second_priority,365,E_N005411_N005417,9811,N005411,N005417,manual_review_uncertain,blocked_manual_review,uncertain_threshold_sensitive,phase2c_still_review_required,still_review_required,review_required,blocked_or_mixed_evidence_remains_unresolved,5,683,2.780059523809524,0.0,1.0,0.16666666666666666,-0.025604551920341393,0.8571428571428571,False,0.2916666666666667,2.5,ori101,boundary,r221
remaining_review_required_677_second_priority,366,E_N003133_N003135,5537,N003133,N003135,manual_review_uncertain,blocked_manual_review,uncertain_threshold_sensitive,phase2c_still_review_required,still_review_required,review_required,blocked_or_mixed_evidence_remains_unresolved,2,684,2.7770833333333336,0.375,0.4166666666666667,1.0416666666666667,0.06398378691372322,1.6666666666666667,False,0.875,1.453187263913366,ori110,near_boundary,r220
remaining_review_required_677_second_priority,367,E_N000361_N000377,650,N000361,N000377,manual_review_uncertain,blocked_manual_review,uncertain_threshold_sensitive,phase2c_still_review_required,still_review_required,review_required,blocked_or_mixed_evidence_remains_unresolved,3,685,2.777083333333333,0.25,0.4583333333333333,2.8333333333333335,-0.0022982635342185904,1.5,False,0.875,1.5766754012113513,ori110,boundary,r200
remaining_review_required_677_second_priority,368,E_N003269_N004533,8040,N003269,N004533,manual_review_uncertain,blocked_manual_review,uncertain_threshold_sensitive,phase2c_still_review_required,still_review_required,review_required,blocked_or_mixed_evidence_remains_unresolved,3,686,2.7756944444444445,0.125,0.625,0.5416666666666666,0.5863192182410424,1.3111111111111111,False,0.4583333333333333,2.5,ori011,boundary,r221
remaining_review_required_677_second_priority,369,E_N005328_N005331,9450,N005328,N005331,manual_review_uncertain,blocked_manual_review,uncertain_mixed_evidence,phase2c_still_review_required,still_review_required,review_required,blocked_or_mixed_evidence_remains_unresolved,2,687,2.7687500000000003,0.75,0.25,10.708333333333334,1.834316840671811,2.3666666666666667,False,0.20833333333333337,0.24095151871480258,ori101,interior,r021
remaining_review_required_677_second_priority,370,E_N001253_N001380,4445,N001253,N001380,manual_review_uncertain,blocked_manual_review,uncertain_threshold_sensitive,phase2c_still_review_required,still_review_required,review_required,blocked_or_mixed_evidence_remains_unresolved,2,688,2.766666666666667,0.20833333333333334,0.4166666666666667,0.9583333333333334,0.3710961420698102,1.5,False,0.8333333333333334,2.5,ori110,boundary,r200
remaining_review_required_677_second_priority,371,E_N001002_N002139,3768,N001002,N002139,manual_review_uncertain,blocked_manual_review,uncertain_registration_unstable,phase2c_still_review_required,still_review_required,review_required,blocked_or_mixed_evidence_remains_unresolved,4,691,2.748809523809524,0.0,1.0,0.08333333333333333,0.07888631090487239,0.8571428571428571,False,0.16666666666666666,2.5,ori101,boundary,r220
remaining_review_required_677_second_priority,372,E_N002639_N003903,6908,N002639,N003903,manual_review_uncertain,blocked_manual_review,uncertain_threshold_sensitive,phase2c_still_review_required,still_review_required,review_required,blocked_or_mixed_evidence_remains_unresolved,3,692,2.7486111111111113,0.20833333333333334,0.75,0.625,2.366233766233766,1.2111111111111112,False,0.5833333333333334,2.5,ori011,boundary,r211
remaining_review_required_677_second_priority,373,E_N004099_N004110,7280,N004099,N004110,manual_review_uncertain,blocked_manual_review,uncertain_mixed_evidence,phase2c_still_review_required,still_review_required,review_required,blocked_or_mixed_evidence_remains_unresolved,2,693,2.747916666666667,0.6666666666666666,0.3333333333333333,7.541666666666667,1.4287461773700305,2.2,False,0.125,0.802913766545054,ori101,interior,r111
remaining_review_required_677_second_priority,374,E_N004029_N004031,7141,N004029,N004031,manual_review_uncertain,blocked_manual_review,uncertain_threshold_sensitive,phase2c_still_review_required,still_review_required,review_required,blocked_or_mixed_evidence_remains_unresolved,4,694,2.7479166666666663,0.041666666666666664,0.7083333333333334,0.20833333333333334,0.36511329628046174,1.0958333333333332,False,0.5416666666666666,2.5,ori110,boundary,r211
remaining_review_required_677_second_priority,375,E_N000609_N000624,3091,N000609,N000624,manual_review_uncertain,blocked_manual_review,uncertain_threshold_sensitive,phase2c_still_review_required,still_review_required,review_required,blocked_or_mixed_evidence_remains_unresolved,4,695,2.7458333333333336,0.125,0.7083333333333334,0.2916666666666667,0.14223560910307897,1.125,False,0.75,1.7880693468452007,ori110,boundary,r210
remaining_review_required_677_second_priority,376,E_N003143_N003270,7781,N003143,N003270,manual_review_uncertain,blocked_manual_review,uncertain_threshold_sensitive,phase2c_still_review_required,still_review_required,review_required,blocked_or_mixed_evidence_remains_unresolved,3,697,2.7375000000000003,0.16666666666666666,0.7083333333333334,0.5,0.49341825902335457,1.2,False,0.5833333333333334,2.5,ori110,boundary,r221
remaining_review_required_677_second_priority,377,E_N000105_N001369,2432,N000105,N001369,manual_review_uncertain,blocked_manual_review,uncertain_threshold_sensitive,phase2c_still_review_required,still_review_required,review_required,blocked_or_mixed_evidence_remains_unresolved,2,698,2.7354166666666666,0.5833333333333334,0.25,1.25,1.6571767497034402,2.0,False,0.875,1.251042295911195,ori011,near_boundary,r200
remaining_review_required_677_second_priority,378,E_N003521_N003648,8477,N003521,N003648,manual_review_uncertain,blocked_manual_review,uncertain_threshold_sensitive,phase2c_still_review_required,still_review_required,review_required,blocked_or_mixed_evidence_remains_unresolved,3,699,2.7354166666666666,0.2916666666666667,0.5833333333333334,1.1666666666666667,0.1711340206185567,1.5,False,0.375,1.9309651165307584,ori110,boundary,r201
remaining_review_required_677_second_priority,379,E_N007301_N007305,12959,N007301,N007305,manual_review_uncertain,blocked_manual_review,uncertain_threshold_sensitive,phase2c_still_review_required,still_review_required,review_required,blocked_or_mixed_evidence_remains_unresolved,3,700,2.7354166666666666,0.041666666666666664,0.7083333333333334,0.75,0.23741007194244604,1.0,False,0.875,2.5,ori011,boundary,r212
remaining_review_required_677_second_priority,380,E_N001154_N001174,2074,N001154,N001174,manual_review_uncertain,blocked_manual_review,uncertain_mixed_evidence,phase2c_still_review_required,still_review_required,review_required,blocked_or_mixed_evidence_remains_unresolved,2,702,2.73125,0.75,0.25,12.375,6.20619335347432,2.35,False,0.125,1.7039586478376956,ori101,boundary,r000
remaining_review_required_677_second_priority,381,E_N002010_N003147,5564,N002010,N003147,manual_review_uncertain,blocked_manual_review,uncertain_registration_unstable,phase2c_still_review_required,still_review_required,review_required,blocked_or_mixed_evidence_remains_unresolved,5,703,2.7312499999999997,0.0,1.0,0.0,-0.24025974025974026,0.8708333333333333,False,0.041666666666666664,2.5,ori101,boundary,r220
remaining_review_required_677_second_priority,382,E_N001883_N001889,3543,N001883,N001889,manual_review_uncertain,blocked_manual_review,uncertain_registration_unstable,phase2c_still_review_required,still_review_required,review_required,blocked_or_mixed_evidence_remains_unresolved,5,704,2.728472222222222,0.041666666666666664,0.6666666666666666,0.125,0.34923076923076923,1.2222222222222223,False,0.125,2.5,ori101,boundary,r210
remaining_review_required_677_second_priority,383,E_N002135_N002141,4015,N002135,N002141,manual_review_uncertain,blocked_manual_review,uncertain_registration_unstable,phase2c_still_review_required,still_review_required,review_required,blocked_or_mixed_evidence_remains_unresolved,4,705,2.7279761904761908,0.0,1.0,0.125,0.3328290468986384,0.8571428571428571,False,0.08333333333333333,2.5,ori101,boundary,r220
remaining_review_required_677_second_priority,384,E_N004277_N004283,7795,N004277,N004283,manual_review_uncertain,blocked_manual_review,uncertain_registration_unstable,phase2c_still_review_required,still_review_required,review_required,blocked_or_mixed_evidence_remains_unresolved,5,706,2.7279761904761908,0.0,1.0,0.08333333333333333,-0.09444444444444444,0.8571428571428571,False,0.08333333333333333,2.5,ori101,boundary,r221
remaining_review_required_677_second_priority,385,E_N002139_N002141,3769,N002139,N002141,manual_review_uncertain,blocked_manual_review,uncertain_threshold_sensitive,phase2c_still_review_required,still_review_required,review_required,blocked_or_mixed_evidence_remains_unresolved,5,707,2.7270833333333333,0.08333333333333333,0.6666666666666666,0.20833333333333334,0.5544235924932975,1.2,False,0.375,2.5,ori110,boundary,r220
remaining_review_required_677_second_priority,386,E_N001080_N001105,1941,N001080,N001105,manual_review_uncertain,blocked_manual_review,uncertain_mixed_evidence,phase2c_still_review_required,still_review_required,review_required,blocked_or_mixed_evidence_remains_unresolved,4,708,2.720833333333333,0.0,1.0,0.0,0.3729166666666667,0.8708333333333333,False,0.0,0.0,ori101,boundary,r220
remaining_review_required_677_second_priority,387,E_N001085_N001105,1942,N001085,N001105,manual_review_uncertain,blocked_manual_review,uncertain_mixed_evidence,phase2c_still_review_required,still_review_required,review_required,blocked_or_mixed_evidence_remains_unresolved,5,709,2.720833333333333,0.0,1.0,0.0,-0.5768115942028985,0.8708333333333333,False,0.0,0.0,ori101,boundary,r220
remaining_review_required_677_second_priority,388,E_N001085_N002239,3957,N001085,N002239,manual_review_uncertain,blocked_manual_review,uncertain_mixed_evidence,phase2c_still_review_required,still_review_required,review_required,blocked_or_mixed_evidence_remains_unresolved,4,710,2.720833333333333,0.0,1.0,0.0,0.5835294117647059,0.8708333333333333,False,0.0,0.0,ori101,boundary,r220
remaining_review_required_677_second_priority,389,E_N001094_N001105,1940,N001094,N001105,manual_review_uncertain,blocked_manual_review,uncertain_mixed_evidence,phase2c_still_review_required,still_review_required,review_required,blocked_or_mixed_evidence_remains_unresolved,5,711,2.720833333333333,0.0,1.0,0.0,-0.016366612111292964,0.8708333333333333,False,0.0,0.0,ori101,boundary,r220
remaining_review_required_677_second_priority,390,E_N001094_N001119,1969,N001094,N001119,manual_review_uncertain,blocked_manual_review,uncertain_mixed_evidence,phase2c_still_review_required,still_review_required,review_required,blocked_or_mixed_evidence_remains_unresolved,4,712,2.720833333333333,0.0,1.0,0.0,0.07246376811594203,0.8708333333333333,False,0.0,0.0,ori101,boundary,r220
remaining_review_required_677_second_priority,391,E_N001099_N001105,1943,N001099,N001105,manual_review_uncertain,blocked_manual_review,uncertain_mixed_evidence,phase2c_still_review_required,still_review_required,review_required,blocked_or_mixed_evidence_remains_unresolved,4,713,2.720833333333333,0.0,1.0,0.0,0.6859688195991092,0.8708333333333333,False,0.0,0.0,ori101,boundary,r220
remaining_review_required_677_second_priority,392,E_N001099_N001119,1970,N001099,N001119,manual_review_uncertain,blocked_manual_review,uncertain_mixed_evidence,phase2c_still_review_required,still_review_required,review_required,blocked_or_mixed_evidence_remains_unresolved,5,714,2.720833333333333,0.0,1.0,0.0,-0.3805774278215223,0.8708333333333333,False,0.0,0.0,ori101,boundary,r220
remaining_review_required_677_second_priority,393,E_N001099_N002239,3956,N001099,N002239,manual_review_uncertain,blocked_manual_review,uncertain_mixed_evidence,phase2c_still_review_required,still_review_required,review_required,blocked_or_mixed_evidence_remains_unresolved,5,715,2.720833333333333,0.0,1.0,0.0,-0.9656019656019657,0.8708333333333333,False,0.0,0.0,ori101,boundary,r220
remaining_review_required_677_second_priority,394,E_N001099_N002253,3985,N001099,N002253,manual_review_uncertain,blocked_manual_review,uncertain_mixed_evidence,phase2c_still_review_required,still_review_required,review_required,blocked_or_mixed_evidence_remains_unresolved,4,716,2.720833333333333,0.0,1.0,0.0,0.4222222222222222,0.8708333333333333,False,0.0,0.0,ori101,boundary,r220
remaining_review_required_677_second_priority,395,E_N001108_N001119,1968,N001108,N001119,manual_review_uncertain,blocked_manual_review,uncertain_mixed_evidence,phase2c_still_review_required,still_review_required,review_required,blocked_or_mixed_evidence_remains_unresolved,5,717,2.720833333333333,0.0,1.0,0.0,-0.1045016077170418,0.8708333333333333,False,0.0,0.0,ori101,boundary,r220
remaining_review_required_677_second_priority,396,E_N001108_N001133,2001,N001108,N001133,manual_review_uncertain,blocked_manual_review,uncertain_mixed_evidence,phase2c_still_review_required,still_review_required,review_required,blocked_or_mixed_evidence_remains_unresolved,4,718,2.720833333333333,0.0,1.0,0.0,0.18882466281310212,0.8708333333333333,False,0.0,0.0,ori101,boundary,r220
remaining_review_required_677_second_priority,397,E_N001113_N001119,1971,N001113,N001119,manual_review_uncertain,blocked_manual_review,uncertain_mixed_evidence,phase2c_still_review_required,still_review_required,review_required,blocked_or_mixed_evidence_remains_unresolved,4,719,2.720833333333333,0.0,1.0,0.0,0.34600760456273766,0.8708333333333333,False,0.0,0.0,ori101,boundary,r220
remaining_review_required_677_second_priority,398,E_N001113_N001133,2002,N001113,N001133,manual_review_uncertain,blocked_manual_review,uncertain_mixed_evidence,phase2c_still_review_required,still_review_required,review_required,blocked_or_mixed_evidence_remains_unresolved,5,720,2.720833333333333,0.0,1.0,0.0,-0.13108614232209737,0.8708333333333333,False,0.0,0.0,ori101,boundary,r220
remaining_review_required_677_second_priority,399,E_N001113_N002253,3984,N001113,N002253,manual_review_uncertain,blocked_manual_review,uncertain_mixed_evidence,phase2c_still_review_required,still_review_required,review_required,blocked_or_mixed_evidence_remains_unresolved,5,721,2.720833333333333,0.0,1.0,0.0,-0.7835990888382688,0.8708333333333333,False,0.0,0.0,ori101,boundary,r220
remaining_review_required_677_second_priority,400,E_N001113_N002267,4017,N001113,N002267,manual_review_uncertain,blocked_manual_review,uncertain_mixed_evidence,phase2c_still_review_required,still_review_required,review_required,blocked_or_mixed_evidence_remains_unresolved,4,722,2.720833333333333,0.0,1.0,0.0,0.2773972602739726,0.8708333333333333,False,0.0,0.0,ori101,boundary,r220
remaining_review_required_677_second_priority,401,E_N001122_N001133,2000,N001122,N001133,manual_review_uncertain,blocked_manual_review,uncertain_mixed_evidence,phase2c_still_review_required,still_review_required,review_required,blocked_or_mixed_evidence_remains_unresolved,4,723,2.720833333333333,0.0,1.0,0.0,0.17167381974248927,0.8708333333333333,False,0.0,0.0,ori101,boundary,r220
remaining_review_required_677_second_priority,402,E_N001127_N001133,2003,N001127,N001133,manual_review_uncertain,blocked_manual_review,uncertain_mixed_evidence,phase2c_still_review_required,still_review_required,review_required,blocked_or_mixed_evidence_remains_unresolved,4,724,2.720833333333333,0.0,1.0,0.0,0.5444915254237288,0.8708333333333333,False,0.0,0.0,ori101,boundary,r220
remaining_review_required_677_second_priority,403,E_N001127_N002267,4016,N001127,N002267,manual_review_uncertain,blocked_manual_review,uncertain_mixed_evidence,phase2c_still_review_required,still_review_required,review_required,blocked_or_mixed_evidence_remains_unresolved,5,725,2.720833333333333,0.0,1.0,0.0,-0.7990867579908676,0.8708333333333333,False,0.0,0.0,ori101,boundary,r220
remaining_review_required_677_second_priority,404,E_N002136_N003273,5784,N002136,N003273,manual_review_uncertain,blocked_manual_review,uncertain_registration_unstable,phase2c_still_review_required,still_review_required,review_required,blocked_or_mixed_evidence_remains_unresolved,5,726,2.720833333333333,0.0,1.0,0.0,-0.012711864406779662,0.8708333333333333,False,0.0,2.5,ori101,boundary,r220
remaining_review_required_677_second_priority,405,E_N002219_N002239,3958,N002219,N002239,manual_review_uncertain,blocked_manual_review,uncertain_mixed_evidence,phase2c_still_review_required,still_review_required,review_required,blocked_or_mixed_evidence_remains_unresolved,5,727,2.720833333333333,0.0,1.0,0.0,-0.7947494033412887,0.8708333333333333,False,0.0,0.0,ori101,boundary,r220
remaining_review_required_677_second_priority,406,E_N002219_N003373,5973,N002219,N003373,manual_review_uncertain,blocked_manual_review,uncertain_mixed_evidence,phase2c_still_review_required,still_review_required,review_required,blocked_or_mixed_evidence_remains_unresolved,4,728,2.720833333333333,0.0,1.0,0.0,0.16404494382022472,0.8708333333333333,False,0.0,0.0,ori101,boundary,r220
remaining_review_required_677_second_priority,407,E_N002233_N002239,3959,N002233,N002239,manual_review_uncertain,blocked_manual_review,uncertain_mixed_evidence,phase2c_still_review_required,still_review_required,review_required,blocked_or_mixed_evidence_remains_unresolved,4,729,2.720833333333333,0.0,1.0,0.0,0.9211195928753181,0.8708333333333333,False,0.0,0.0,ori101,boundary,r220
remaining_review_required_677_second_priority,408,E_N002233_N002253,3986,N002233,N002253,manual_review_uncertain,blocked_manual_review,uncertain_mixed_evidence,phase2c_still_review_required,still_review_required,review_required,blocked_or_mixed_evidence_remains_unresolved,5,730,2.720833333333333,0.0,1.0,0.0,-0.9565217391304348,0.8708333333333333,False,0.0,0.0,ori101,boundary,r220
remaining_review_required_677_second_priority,409,E_N002233_N003373,5972,N002233,N003373,manual_review_uncertain,blocked_manual_review,uncertain_mixed_evidence,phase2c_still_review_required,still_review_required,review_required,blocked_or_mixed_evidence_remains_unresolved,5,731,2.720833333333333,0.0,1.0,0.0,-0.9506493506493506,0.8708333333333333,False,0.0,0.0,ori101,boundary,r220
remaining_review_required_677_second_priority,410,E_N002233_N003387,6001,N002233,N003387,manual_review_uncertain,blocked_manual_review,uncertain_mixed_evidence,phase2c_still_review_required,still_review_required,review_required,blocked_or_mixed_evidence_remains_unresolved,4,732,2.720833333333333,0.0,1.0,0.0,0.41216216216216217,0.8708333333333333,False,0.0,0.0,ori101,boundary,r220
remaining_review_required_677_second_priority,411,E_N002247_N002253,3987,N002247,N002253,manual_review_uncertain,blocked_manual_review,uncertain_mixed_evidence,phase2c_still_review_required,still_review_required,review_required,blocked_or_mixed_evidence_remains_unresolved,4,733,2.720833333333333,0.0,1.0,0.0,0.35359116022099446,0.8708333333333333,False,0.0,0.0,ori101,boundary,r220
remaining_review_required_677_second_priority,412,E_N002247_N002267,4018,N002247,N002267,manual_review_uncertain,blocked_manual_review,uncertain_mixed_evidence,phase2c_still_review_required,still_review_required,review_required,blocked_or_mixed_evidence_remains_unresolved,5,734,2.720833333333333,0.0,1.0,0.0,-0.4180327868852459,0.8708333333333333,False,0.0,0.0,ori101,boundary,r220
remaining_review_required_677_second_priority,413,E_N002247_N003387,6000,N002247,N003387,manual_review_uncertain,blocked_manual_review,uncertain_mixed_evidence,phase2c_still_review_required,still_review_required,review_required,blocked_or_mixed_evidence_remains_unresolved,5,735,2.720833333333333,0.0,1.0,0.0,-0.8798185941043084,0.8708333333333333,False,0.0,0.0,ori101,boundary,r220
remaining_review_required_677_second_priority,414,E_N002247_N003401,6033,N002247,N003401,manual_review_uncertain,blocked_manual_review,uncertain_mixed_evidence,phase2c_still_review_required,still_review_required,review_required,blocked_or_mixed_evidence_remains_unresolved,4,736,2.720833333333333,0.0,1.0,0.0,0.3643410852713178,0.8708333333333333,False,0.0,0.0,ori101,boundary,r220
remaining_review_required_677_second_priority,415,E_N002261_N002267,4019,N002261,N002267,manual_review_uncertain,blocked_manual_review,uncertain_mixed_evidence,phase2c_still_review_required,still_review_required,review_required,blocked_or_mixed_evidence_remains_unresolved,4,737,2.720833333333333,0.0,1.0,0.0,0.4114285714285714,0.8708333333333333,False,0.0,0.0,ori101,boundary,r220
remaining_review_required_677_second_priority,416,E_N002261_N003401,6032,N002261,N003401,manual_review_uncertain,blocked_manual_review,uncertain_mixed_evidence,phase2c_still_review_required,still_review_required,review_required,blocked_or_mixed_evidence_remains_unresolved,5,738,2.720833333333333,0.0,1.0,0.0,-0.9625550660792952,0.8708333333333333,False,0.0,0.0,ori101,boundary,r220
remaining_review_required_677_second_priority,417,E_N003144_N004281,7580,N003144,N004281,manual_review_uncertain,blocked_manual_review,uncertain_registration_unstable,phase2c_still_review_required,still_review_required,review_required,blocked_or_mixed_evidence_remains_unresolved,5,739,2.720833333333333,0.0,1.0,0.0,-0.3076923076923077,0.8708333333333333,False,0.0,2.5,ori101,boundary,r221
remaining_review_required_677_second_priority,418,E_N003353_N003373,5974,N003353,N003373,manual_review_uncertain,blocked_manual_review,uncertain_mixed_evidence,phase2c_still_review_required,still_review_required,review_required,blocked_or_mixed_evidence_remains_unresolved,5,740,2.720833333333333,0.0,1.0,0.0,-1.0526315789473684,0.8708333333333333,False,0.0,0.0,ori101,boundary,r220
remaining_review_required_677_second_priority,419,E_N003353_N004507,7989,N003353,N004507,manual_review_uncertain,blocked_manual_review,uncertain_mixed_evidence,phase2c_still_review_required,still_review_required,review_required,blocked_or_mixed_evidence_remains_unresolved,4,741,2.720833333333333,0.0,1.0,0.0,0.4302554027504912,0.8708333333333333,False,0.0,0.0,ori101,boundary,r221
remaining_review_required_677_second_priority,420,E_N003367_N003373,5975,N003367,N003373,manual_review_uncertain,blocked_manual_review,uncertain_mixed_evidence,phase2c_still_review_required,still_review_required,review_required,blocked_or_mixed_evidence_remains_unresolved,4,742,2.720833333333333,0.0,1.0,0.0,0.4349775784753363,0.8708333333333333,False,0.0,0.0,ori101,boundary,r220
remaining_review_required_677_second_priority,421,E_N003367_N003387,6002,N003367,N003387,manual_review_uncertain,blocked_manual_review,uncertain_mixed_evidence,phase2c_still_review_required,still_review_required,review_required,blocked_or_mixed_evidence_remains_unresolved,5,743,2.720833333333333,0.0,1.0,0.0,-1.3473389355742298,0.8708333333333333,False,0.0,0.0,ori101,boundary,r220
remaining_review_required_677_second_priority,422,E_N003367_N004507,7988,N003367,N004507,manual_review_uncertain,blocked_manual_review,uncertain_mixed_evidence,phase2c_still_review_required,still_review_required,review_required,blocked_or_mixed_evidence_remains_unresolved,5,744,2.720833333333333,0.0,1.0,0.0,-1.2732558139534884,0.8708333333333333,False,0.0,0.0,ori101,boundary,r221
remaining_review_required_677_second_priority,423,E_N003367_N004521,8017,N003367,N004521,manual_review_uncertain,blocked_manual_review,uncertain_mixed_evidence,phase2c_still_review_required,still_review_required,review_required,blocked_or_mixed_evidence_remains_unresolved,4,745,2.720833333333333,0.0,1.0,0.0,0.3775280898876405,0.8708333333333333,False,0.0,0.0,ori101,boundary,r221
remaining_review_required_677_second_priority,424,E_N003381_N003387,6003,N003381,N003387,manual_review_uncertain,blocked_manual_review,uncertain_mixed_evidence,phase2c_still_review_required,still_review_required,review_required,blocked_or_mixed_evidence_remains_unresolved,4,746,2.720833333333333,0.0,1.0,0.0,0.16956521739130434,0.8708333333333333,False,0.0,0.0,ori101,boundary,r220
remaining_review_required_677_second_priority,425,E_N003381_N003401,6034,N003381,N003401,manual_review_uncertain,blocked_manual_review,uncertain_mixed_evidence,phase2c_still_review_required,still_review_required,review_required,blocked_or_mixed_evidence_remains_unresolved,5,747,2.720833333333333,0.0,1.0,0.0,-0.849624060150376,0.8708333333333333,False,0.0,0.0,ori101,boundary,r220
remaining_review_required_677_second_priority,426,E_N003381_N004521,8016,N003381,N004521,manual_review_uncertain,blocked_manual_review,uncertain_mixed_evidence,phase2c_still_review_required,still_review_required,review_required,blocked_or_mixed_evidence_remains_unresolved,5,748,2.720833333333333,0.0,1.0,0.0,-1.2997198879551821,0.8708333333333333,False,0.0,0.0,ori101,boundary,r221
remaining_review_required_677_second_priority,427,E_N003381_N004535,8049,N003381,N004535,manual_review_uncertain,blocked_manual_review,uncertain_mixed_evidence,phase2c_still_review_required,still_review_required,review_required,blocked_or_mixed_evidence_remains_unresolved,4,749,2.720833333333333,0.0,1.0,0.0,0.20040485829959515,0.8708333333333333,False,0.0,0.0,ori101,boundary,r221
remaining_review_required_677_second_priority,428,E_N003395_N003401,6035,N003395,N003401,manual_review_uncertain,blocked_manual_review,uncertain_mixed_evidence,phase2c_still_review_required,still_review_required,review_required,blocked_or_mixed_evidence_remains_unresolved,4,750,2.720833333333333,0.0,1.0,0.0,0.11208791208791209,0.8708333333333333,False,0.0,0.0,ori101,boundary,r220
remaining_review_required_677_second_priority,429,E_N003395_N004535,8048,N003395,N004535,manual_review_uncertain,blocked_manual_review,uncertain_mixed_evidence,phase2c_still_review_required,still_review_required,review_required,blocked_or_mixed_evidence_remains_unresolved,5,751,2.720833333333333,0.0,1.0,0.0,-0.7388663967611336,0.8708333333333333,False,0.0,0.0,ori101,boundary,r221
remaining_review_required_677_second_priority,430,E_N004487_N004507,7990,N004487,N004507,manual_review_uncertain,blocked_manual_review,uncertain_mixed_evidence,phase2c_still_review_required,still_review_required,review_required,blocked_or_mixed_evidence_remains_unresolved,5,752,2.720833333333333,0.0,1.0,0.0,-1.2184300341296928,0.8708333333333333,False,0.0,0.0,ori101,boundary,r221
remaining_review_required_677_second_priority,431,E_N004487_N005641,10005,N004487,N005641,manual_review_uncertain,blocked_manual_review,uncertain_mixed_evidence,phase2c_still_review_required,still_review_required,review_required,blocked_or_mixed_evidence_remains_unresolved,5,753,2.720833333333333,0.0,1.0,0.0,-0.06595744680851064,0.8708333333333333,False,0.0,0.0,ori101,boundary,r221
remaining_review_required_677_second_priority,432,E_N004501_N004507,7991,N004501,N004507,manual_review_uncertain,blocked_manual_review,uncertain_mixed_evidence,phase2c_still_review_required,still_review_required,review_required,blocked_or_mixed_evidence_remains_unresolved,4,754,2.720833333333333,0.0,1.0,0.0,0.2455795677799607,0.8708333333333333,False,0.0,0.0,ori101,boundary,r221
remaining_review_required_677_second_priority,433,E_N004501_N004521,8018,N004501,N004521,manual_review_uncertain,blocked_manual_review,uncertain_mixed_evidence,phase2c_still_review_required,still_review_required,review_required,blocked_or_mixed_evidence_remains_unresolved,5,755,2.720833333333333,0.0,1.0,0.0,-1.0623376623376624,0.8708333333333333,False,0.0,0.0,ori101,boundary,r221
remaining_review_required_677_second_priority,434,E_N004501_N005641,10004,N004501,N005641,manual_review_uncertain,blocked_manual_review,uncertain_mixed_evidence,phase2c_still_review_required,still_review_required,review_required,blocked_or_mixed_evidence_remains_unresolved,5,756,2.720833333333333,0.0,1.0,0.0,-1.1931464174454829,0.8708333333333333,False,0.0,0.0,ori101,boundary,r221
remaining_review_required_677_second_priority,435,E_N004501_N005655,10033,N004501,N005655,manual_review_uncertain,blocked_manual_review,uncertain_mixed_evidence,phase2c_still_review_required,still_review_required,review_required,blocked_or_mixed_evidence_remains_unresolved,4,757,2.720833333333333,0.0,1.0,0.0,0.19668737060041408,0.8708333333333333,False,0.0,0.0,ori101,boundary,r221
remaining_review_required_677_second_priority,436,E_N004515_N004521,8019,N004515,N004521,manual_review_uncertain,blocked_manual_review,uncertain_mixed_evidence,phase2c_still_review_required,still_review_required,review_required,blocked_or_mixed_evidence_remains_unresolved,4,758,2.720833333333333,0.0,1.0,0.0,0.34573304157549234,0.8708333333333333,False,0.0,0.0,ori101,boundary,r221
remaining_review_required_677_second_priority,437,E_N004515_N004535,8050,N004515,N004535,manual_review_uncertain,blocked_manual_review,uncertain_mixed_evidence,phase2c_still_review_required,still_review_required,review_required,blocked_or_mixed_evidence_remains_unresolved,5,759,2.720833333333333,0.0,1.0,0.0,-0.9700854700854701,0.8708333333333333,False,0.0,0.0,ori101,boundary,r221
remaining_review_required_677_second_priority,438,E_N004515_N005655,10032,N004515,N005655,manual_review_uncertain,blocked_manual_review,uncertain_mixed_evidence,phase2c_still_review_required,still_review_required,review_required,blocked_or_mixed_evidence_remains_unresolved,5,760,2.720833333333333,0.0,1.0,0.0,-0.8995633187772926,0.8708333333333333,False,0.0,0.0,ori101,boundary,r221
remaining_review_required_677_second_priority,439,E_N004515_N005669,10065,N004515,N005669,manual_review_uncertain,blocked_manual_review,uncertain_mixed_evidence,phase2c_still_review_required,still_review_required,review_required,blocked_or_mixed_evidence_remains_unresolved,4,761,2.720833333333333,0.0,1.0,0.0,0.13986013986013987,0.8708333333333333,False,0.0,0.0,ori101,boundary,r221
remaining_review_required_677_second_priority,440,E_N004529_N004535,8051,N004529,N004535,manual_review_uncertain,blocked_manual_review,uncertain_mixed_evidence,phase2c_still_review_required,still_review_required,review_required,blocked_or_mixed_evidence_remains_unresolved,4,762,2.720833333333333,0.0,1.0,0.0,0.21524663677130046,0.8708333333333333,False,0.0,0.0,ori101,boundary,r221
remaining_review_required_677_second_priority,441,E_N004529_N005669,10064,N004529,N005669,manual_review_uncertain,blocked_manual_review,uncertain_mixed_evidence,phase2c_still_review_required,still_review_required,review_required,blocked_or_mixed_evidence_remains_unresolved,5,763,2.720833333333333,0.0,1.0,0.0,-0.9682539682539683,0.8708333333333333,False,0.0,0.0,ori101,boundary,r221
remaining_review_required_677_second_priority,442,E_N005621_N005641,10006,N005621,N005641,manual_review_uncertain,blocked_manual_review,uncertain_mixed_evidence,phase2c_still_review_required,still_review_required,review_required,blocked_or_mixed_evidence_remains_unresolved,5,764,2.720833333333333,0.0,1.0,0.0,-0.6994047619047619,0.8708333333333333,False,0.0,0.0,ori101,boundary,r221
remaining_review_required_677_second_priority,443,E_N005621_N006775,12021,N005621,N006775,manual_review_uncertain,blocked_manual_review,uncertain_mixed_evidence,phase2c_still_review_required,still_review_required,review_required,blocked_or_mixed_evidence_remains_unresolved,5,765,2.720833333333333,0.0,1.0,0.0,-0.3287671232876712,0.8708333333333333,False,0.0,0.0,ori101,boundary,r221
remaining_review_required_677_second_priority,444,E_N005635_N005641,10007,N005635,N005641,manual_review_uncertain,blocked_manual_review,uncertain_mixed_evidence,phase2c_still_review_required,still_review_required,review_required,blocked_or_mixed_evidence_remains_unresolved,4,766,2.720833333333333,0.0,1.0,0.0,0.1949367088607595,0.8708333333333333,False,0.0,0.0,ori101,boundary,r221
remaining_review_required_677_second_priority,445,E_N005635_N005655,10034,N005635,N005655,manual_review_uncertain,blocked_manual_review,uncertain_mixed_evidence,phase2c_still_review_required,still_review_required,review_required,blocked_or_mixed_evidence_remains_unresolved,5,767,2.720833333333333,0.0,1.0,0.0,-0.5733333333333334,0.8708333333333333,False,0.0,0.0,ori101,boundary,r221
remaining_review_required_677_second_priority,446,E_N005635_N006775,12020,N005635,N006775,manual_review_uncertain,blocked_manual_review,uncertain_mixed_evidence,phase2c_still_review_required,still_review_required,review_required,blocked_or_mixed_evidence_remains_unresolved,5,768,2.720833333333333,0.0,1.0,0.0,-1.4246575342465753,0.8708333333333333,False,0.0,0.0,ori101,boundary,r221
remaining_review_required_677_second_priority,447,E_N005635_N006789,12049,N005635,N006789,manual_review_uncertain,blocked_manual_review,uncertain_mixed_evidence,phase2c_still_review_required,still_review_required,review_required,blocked_or_mixed_evidence_remains_unresolved,5,769,2.720833333333333,0.0,1.0,0.0,-0.022113022113022112,0.8708333333333333,False,0.0,0.0,ori101,boundary,r221
remaining_review_required_677_second_priority,448,E_N005649_N005655,10035,N005649,N005655,manual_review_uncertain,blocked_manual_review,uncertain_mixed_evidence,phase2c_still_review_required,still_review_required,review_required,blocked_or_mixed_evidence_remains_unresolved,5,770,2.720833333333333,0.0,1.0,0.0,-0.037940379403794036,0.8708333333333333,False,0.0,0.0,ori101,boundary,r221
remaining_review_required_677_second_priority,449,E_N005649_N005669,10066,N005649,N005669,manual_review_uncertain,blocked_manual_review,uncertain_mixed_evidence,phase2c_still_review_required,still_review_required,review_required,blocked_or_mixed_evidence_remains_unresolved,5,771,2.720833333333333,0.0,1.0,0.0,-0.884020618556701,0.8708333333333333,False,0.0,0.0,ori101,boundary,r221
remaining_review_required_677_second_priority,450,E_N005649_N006789,12048,N005649,N006789,manual_review_uncertain,blocked_manual_review,uncertain_mixed_evidence,phase2c_still_review_required,still_review_required,review_required,blocked_or_mixed_evidence_remains_unresolved,5,772,2.720833333333333,0.0,1.0,0.0,-0.773955773955774,0.8708333333333333,False,0.0,0.0,ori101,boundary,r221
remaining_review_required_677_second_priority,451,E_N005649_N006803,12081,N005649,N006803,manual_review_uncertain,blocked_manual_review,uncertain_mixed_evidence,phase2c_still_review_required,still_review_required,review_required,blocked_or_mixed_evidence_remains_unresolved,5,773,2.720833333333333,0.0,1.0,0.0,-0.18085106382978725,0.8708333333333333,False,0.0,0.0,ori101,boundary,r221
remaining_review_required_677_second_priority,452,E_N005663_N005669,10067,N005663,N005669,manual_review_uncertain,blocked_manual_review,uncertain_mixed_evidence,phase2c_still_review_required,still_review_required,review_required,blocked_or_mixed_evidence_remains_unresolved,4,774,2.720833333333333,0.0,1.0,0.0,0.13466334164588528,0.8708333333333333,False,0.0,0.0,ori101,boundary,r221
remaining_review_required_677_second_priority,453,E_N005663_N006803,12080,N005663,N006803,manual_review_uncertain,blocked_manual_review,uncertain_mixed_evidence,phase2c_still_review_required,still_review_required,review_required,blocked_or_mixed_evidence_remains_unresolved,5,775,2.720833333333333,0.0,1.0,0.0,-0.5966542750929368,0.8708333333333333,False,0.0,0.0,ori101,boundary,r221
remaining_review_required_677_second_priority,454,E_N006755_N006775,12022,N006755,N006775,manual_review_uncertain,blocked_manual_review,uncertain_mixed_evidence,phase2c_still_review_required,still_review_required,review_required,blocked_or_mixed_evidence_remains_unresolved,5,776,2.720833333333333,0.0,1.0,0.0,-2.0446096654275094,0.8708333333333333,False,0.0,0.0,ori101,boundary,r221
remaining_review_required_677_second_priority,455,E_N006755_N007909,14037,N006755,N007909,manual_review_uncertain,blocked_manual_review,uncertain_mixed_evidence,phase2c_still_review_required,still_review_required,review_required,blocked_or_mixed_evidence_remains_unresolved,5,777,2.720833333333333,0.0,1.0,0.0,-0.3657142857142857,0.8708333333333333,False,0.0,0.0,ori101,boundary,r222
remaining_review_required_677_second_priority,456,E_N006769_N006775,12023,N006769,N006775,manual_review_uncertain,blocked_manual_review,uncertain_mixed_evidence,phase2c_still_review_required,still_review_required,review_required,blocked_or_mixed_evidence_remains_unresolved,5,778,2.720833333333333,0.0,1.0,0.0,-0.20923913043478262,0.8708333333333333,False,0.0,0.0,ori101,boundary,r221
remaining_review_required_677_second_priority,457,E_N006769_N006789,12050,N006769,N006789,manual_review_uncertain,blocked_manual_review,uncertain_mixed_evidence,phase2c_still_review_required,still_review_required,review_required,blocked_or_mixed_evidence_remains_unresolved,5,779,2.720833333333333,0.0,1.0,0.0,-1.24496644295302,0.8708333333333333,False,0.0,0.0,ori101,boundary,r221
remaining_review_required_677_second_priority,458,E_N006769_N007909,14036,N006769,N007909,manual_review_uncertain,blocked_manual_review,uncertain_mixed_evidence,phase2c_still_review_required,still_review_required,review_required,blocked_or_mixed_evidence_remains_unresolved,5,780,2.720833333333333,0.0,1.0,0.0,-1.1243243243243244,0.8708333333333333,False,0.0,0.0,ori101,boundary,r222
remaining_review_required_677_second_priority,459,E_N006769_N007923,14065,N006769,N007923,manual_review_uncertain,blocked_manual_review,uncertain_mixed_evidence,phase2c_still_review_required,still_review_required,review_required,blocked_or_mixed_evidence_remains_unresolved,5,781,2.720833333333333,0.0,1.0,0.0,-0.3058252427184466,0.8708333333333333,False,0.0,0.0,ori101,boundary,r222
remaining_review_required_677_second_priority,460,E_N006783_N006789,12051,N006783,N006789,manual_review_uncertain,blocked_manual_review,uncertain_mixed_evidence,phase2c_still_review_required,still_review_required,review_required,blocked_or_mixed_evidence_remains_unresolved,5,782,2.720833333333333,0.0,1.0,0.0,-0.004807692307692308,0.8708333333333333,False,0.0,0.0,ori101,boundary,r221
remaining_review_required_677_second_priority,461,E_N006783_N006803,12082,N006783,N006803,manual_review_uncertain,blocked_manual_review,uncertain_mixed_evidence,phase2c_still_review_required,still_review_required,review_required,blocked_or_mixed_evidence_remains_unresolved,5,783,2.720833333333333,0.0,1.0,0.0,-0.8302583025830258,0.8708333333333333,False,0.0,0.0,ori101,boundary,r221
remaining_review_required_677_second_priority,462,E_N006783_N007923,14064,N006783,N007923,manual_review_uncertain,blocked_manual_review,uncertain_mixed_evidence,phase2c_still_review_required,still_review_required,review_required,blocked_or_mixed_evidence_remains_unresolved,5,784,2.720833333333333,0.0,1.0,0.0,-0.8154761904761905,0.8708333333333333,False,0.0,0.0,ori101,boundary,r222
remaining_review_required_677_second_priority,463,E_N006783_N007937,14097,N006783,N007937,manual_review_uncertain,blocked_manual_review,uncertain_mixed_evidence,phase2c_still_review_required,still_review_required,review_required,blocked_or_mixed_evidence_remains_unresolved,5,785,2.720833333333333,0.0,1.0,0.0,-0.11578947368421053,0.8708333333333333,False,0.0,0.0,ori101,boundary,r222
remaining_review_required_677_second_priority,464,E_N006797_N006803,12083,N006797,N006803,manual_review_uncertain,blocked_manual_review,uncertain_mixed_evidence,phase2c_still_review_required,still_review_required,review_required,blocked_or_mixed_evidence_remains_unresolved,4,786,2.720833333333333,0.0,1.0,0.0,0.14215686274509803,0.8708333333333333,False,0.0,0.0,ori101,boundary,r221
remaining_review_required_677_second_priority,465,E_N006797_N007937,14096,N006797,N007937,manual_review_uncertain,blocked_manual_review,uncertain_mixed_evidence,phase2c_still_review_required,still_review_required,review_required,blocked_or_mixed_evidence_remains_unresolved,5,787,2.720833333333333,0.0,1.0,0.0,-0.8959349593495934,0.8708333333333333,False,0.0,0.0,ori101,boundary,r222
remaining_review_required_677_second_priority,466,E_N007889_N007909,14038,N007889,N007909,manual_review_uncertain,blocked_manual_review,uncertain_mixed_evidence,phase2c_still_review_required,still_review_required,review_required,blocked_or_mixed_evidence_remains_unresolved,5,788,2.720833333333333,0.0,1.0,0.0,-1.4489164086687307,0.8708333333333333,False,0.0,0.0,ori101,boundary,r222
remaining_review_required_677_second_priority,467,E_N007889_N009043,16053,N007889,N009043,manual_review_uncertain,blocked_manual_review,uncertain_mixed_evidence,phase2c_still_review_required,still_review_required,review_required,blocked_or_mixed_evidence_remains_unresolved,5,789,2.720833333333333,0.0,1.0,0.0,-0.44664031620553357,0.8708333333333333,False,0.0,0.0,ori101,boundary,r222
remaining_review_required_677_second_priority,468,E_N007903_N007909,14039,N007903,N007909,manual_review_uncertain,blocked_manual_review,uncertain_mixed_evidence,phase2c_still_review_required,still_review_required,review_required,blocked_or_mixed_evidence_remains_unresolved,5,790,2.720833333333333,0.0,1.0,0.0,-0.14186046511627906,0.8708333333333333,False,0.0,0.0,ori101,boundary,r222
remaining_review_required_677_second_priority,469,E_N007903_N007923,14066,N007903,N007923,manual_review_uncertain,blocked_manual_review,uncertain_mixed_evidence,phase2c_still_review_required,still_review_required,review_required,blocked_or_mixed_evidence_remains_unresolved,5,791,2.720833333333333,0.0,1.0,0.0,-0.9864253393665159,0.8708333333333333,False,0.0,0.0,ori101,boundary,r222
remaining_review_required_677_second_priority,470,E_N007903_N009043,16052,N007903,N009043,manual_review_uncertain,blocked_manual_review,uncertain_mixed_evidence,phase2c_still_review_required,still_review_required,review_required,blocked_or_mixed_evidence_remains_unresolved,5,792,2.720833333333333,0.0,1.0,0.0,-0.8854415274463007,0.8708333333333333,False,0.0,0.0,ori101,boundary,r222
remaining_review_required_677_second_priority,471,E_N007903_N009057,16081,N007903,N009057,manual_review_uncertain,blocked_manual_review,uncertain_mixed_evidence,phase2c_still_review_required,still_review_required,review_required,blocked_or_mixed_evidence_remains_unresolved,5,793,2.720833333333333,0.0,1.0,0.0,-0.3128964059196617,0.8708333333333333,False,0.0,0.0,ori101,boundary,r222
remaining_review_required_677_second_priority,472,E_N007917_N007923,14067,N007917,N007923,manual_review_uncertain,blocked_manual_review,uncertain_mixed_evidence,phase2c_still_review_required,still_review_required,review_required,blocked_or_mixed_evidence_remains_unresolved,5,794,2.720833333333333,0.0,1.0,0.0,-0.32367149758454106,0.8708333333333333,False,0.0,0.0,ori101,boundary,r222
remaining_review_required_677_second_priority,473,E_N007917_N007937,14098,N007917,N007937,manual_review_uncertain,blocked_manual_review,uncertain_mixed_evidence,phase2c_still_review_required,still_review_required,review_required,blocked_or_mixed_evidence_remains_unresolved,5,795,2.720833333333333,0.0,1.0,0.0,-0.6268174474959612,0.8708333333333333,False,0.0,0.0,ori101,boundary,r222
remaining_review_required_677_second_priority,474,E_N007917_N009057,16080,N007917,N009057,manual_review_uncertain,blocked_manual_review,uncertain_mixed_evidence,phase2c_still_review_required,still_review_required,review_required,blocked_or_mixed_evidence_remains_unresolved,5,796,2.720833333333333,0.0,1.0,0.0,-0.7145522388059702,0.8708333333333333,False,0.0,0.0,ori101,boundary,r222
remaining_review_required_677_second_priority,475,E_N007917_N009071,16113,N007917,N009071,manual_review_uncertain,blocked_manual_review,uncertain_mixed_evidence,phase2c_still_review_required,still_review_required,review_required,blocked_or_mixed_evidence_remains_unresolved,5,797,2.720833333333333,0.0,1.0,0.0,-0.18816067653276955,0.8708333333333333,False,0.0,0.0,ori101,boundary,r222
remaining_review_required_677_second_priority,476,E_N007931_N007937,14099,N007931,N007937,manual_review_uncertain,blocked_manual_review,uncertain_mixed_evidence,phase2c_still_review_required,still_review_required,review_required,blocked_or_mixed_evidence_remains_unresolved,4,798,2.720833333333333,0.0,1.0,0.0,0.05737704918032787,0.8708333333333333,False,0.0,0.0,ori101,boundary,r222
remaining_review_required_677_second_priority,477,E_N007931_N009071,16112,N007931,N009071,manual_review_uncertain,blocked_manual_review,uncertain_mixed_evidence,phase2c_still_review_required,still_review_required,review_required,blocked_or_mixed_evidence_remains_unresolved,5,799,2.720833333333333,0.0,1.0,0.0,-0.7707231040564374,0.8708333333333333,False,0.0,0.0,ori101,boundary,r222
remaining_review_required_677_second_priority,478,E_N009023_N009043,16054,N009023,N009043,manual_review_uncertain,blocked_manual_review,uncertain_mixed_evidence,phase2c_still_review_required,still_review_required,review_required,blocked_or_mixed_evidence_remains_unresolved,5,800,2.720833333333333,0.0,1.0,0.0,-0.7777777777777778,0.8708333333333333,False,0.0,0.0,ori101,boundary,r222
remaining_review_required_677_second_priority,479,E_N009023_N010177,18385,N009023,N010177,manual_review_uncertain,blocked_manual_review,uncertain_mixed_evidence,phase2c_still_review_required,still_review_required,review_required,blocked_or_mixed_evidence_remains_unresolved,5,801,2.720833333333333,0.0,1.0,0.0,-0.6519480519480519,0.8708333333333333,False,0.0,0.0,ori101,boundary,r222
remaining_review_required_677_second_priority,480,E_N009037_N009043,16055,N009037,N009043,manual_review_uncertain,blocked_manual_review,uncertain_mixed_evidence,phase2c_still_review_required,still_review_required,review_required,blocked_or_mixed_evidence_remains_unresolved,5,802,2.720833333333333,0.0,1.0,0.0,-0.48130841121495327,0.8708333333333333,False,0.0,0.0,ori101,boundary,r222
remaining_review_required_677_second_priority,481,E_N009037_N009057,16082,N009037,N009057,manual_review_uncertain,blocked_manual_review,uncertain_mixed_evidence,phase2c_still_review_required,still_review_required,review_required,blocked_or_mixed_evidence_remains_unresolved,5,803,2.720833333333333,0.0,1.0,0.0,-0.610126582278481,0.8708333333333333,False,0.0,0.0,ori101,boundary,r222
remaining_review_required_677_second_priority,482,E_N009037_N010177,18384,N009037,N010177,manual_review_uncertain,blocked_manual_review,uncertain_mixed_evidence,phase2c_still_review_required,still_review_required,review_required,blocked_or_mixed_evidence_remains_unresolved,5,804,2.720833333333333,0.0,1.0,0.0,-0.8508771929824561,0.8708333333333333,False,0.0,0.0,ori101,boundary,r222
remaining_review_required_677_second_priority,483,E_N009037_N010191,18417,N009037,N010191,manual_review_uncertain,blocked_manual_review,uncertain_mixed_evidence,phase2c_still_review_required,still_review_required,review_required,blocked_or_mixed_evidence_remains_unresolved,5,805,2.720833333333333,0.0,1.0,0.0,-0.28448275862068967,0.8708333333333333,False,0.0,0.0,ori101,boundary,r222
remaining_review_required_677_second_priority,484,E_N009051_N009057,16083,N009051,N009057,manual_review_uncertain,blocked_manual_review,uncertain_mixed_evidence,phase2c_still_review_required,still_review_required,review_required,blocked_or_mixed_evidence_remains_unresolved,5,806,2.720833333333333,0.0,1.0,0.0,-0.25239005736137665,0.8708333333333333,False,0.0,0.0,ori101,boundary,r222
remaining_review_required_677_second_priority,485,E_N009051_N009071,16114,N009051,N009071,manual_review_uncertain,blocked_manual_review,uncertain_mixed_evidence,phase2c_still_review_required,still_review_required,review_required,blocked_or_mixed_evidence_remains_unresolved,5,807,2.720833333333333,0.0,1.0,0.0,-0.3776908023483366,0.8708333333333333,False,0.0,0.0,ori101,boundary,r222
remaining_review_required_677_second_priority,486,E_N009051_N010191,18416,N009051,N010191,manual_review_uncertain,blocked_manual_review,uncertain_mixed_evidence,phase2c_still_review_required,still_review_required,review_required,blocked_or_mixed_evidence_remains_unresolved,5,808,2.720833333333333,0.0,1.0,0.0,-0.5168831168831168,0.8708333333333333,False,0.0,0.0,ori101,boundary,r222
remaining_review_required_677_second_priority,487,E_N009051_N010205,18453,N009051,N010205,manual_review_uncertain,blocked_manual_review,uncertain_mixed_evidence,phase2c_still_review_required,still_review_required,review_required,blocked_or_mixed_evidence_remains_unresolved,5,809,2.720833333333333,0.0,1.0,0.0,-0.19672131147540983,0.8708333333333333,False,0.0,0.0,ori101,boundary,r222
remaining_review_required_677_second_priority,488,E_N009065_N009071,16115,N009065,N009071,manual_review_uncertain,blocked_manual_review,uncertain_mixed_evidence,phase2c_still_review_required,still_review_required,review_required,blocked_or_mixed_evidence_remains_unresolved,5,810,2.720833333333333,0.0,1.0,0.0,0.011881188118811881,0.8708333333333333,False,0.0,0.0,ori101,boundary,r222
remaining_review_required_677_second_priority,489,E_N009065_N010205,18452,N009065,N010205,manual_review_uncertain,blocked_manual_review,uncertain_mixed_evidence,phase2c_still_review_required,still_review_required,review_required,blocked_or_mixed_evidence_remains_unresolved,5,811,2.720833333333333,0.0,1.0,0.0,-0.4427966101694915,0.8708333333333333,False,0.0,0.0,ori101,boundary,r222
remaining_review_required_677_second_priority,490,E_N010157_N010177,18386,N010157,N010177,manual_review_uncertain,blocked_manual_review,uncertain_mixed_evidence,phase2c_still_review_required,still_review_required,review_required,blocked_or_mixed_evidence_remains_unresolved,4,812,2.720833333333333,0.0,1.0,0.0,0.06702412868632708,0.8708333333333333,False,0.0,0.0,ori101,boundary,r222
remaining_review_required_677_second_priority,491,E_N010171_N010177,18387,N010171,N010177,manual_review_uncertain,blocked_manual_review,uncertain_mixed_evidence,phase2c_still_review_required,still_review_required,review_required,blocked_or_mixed_evidence_remains_unresolved,5,813,2.720833333333333,0.0,1.0,0.0,-0.21660649819494585,0.8708333333333333,False,0.0,0.0,ori101,boundary,r222
remaining_review_required_677_second_priority,492,E_N010171_N010191,18418,N010171,N010191,manual_review_uncertain,blocked_manual_review,uncertain_mixed_evidence,phase2c_still_review_required,still_review_required,review_required,blocked_or_mixed_evidence_remains_unresolved,5,814,2.720833333333333,0.0,1.0,0.0,-0.07431693989071038,0.8708333333333333,False,0.0,0.0,ori101,boundary,r222
remaining_review_required_677_second_priority,493,E_N010185_N010191,18419,N010185,N010191,manual_review_uncertain,blocked_manual_review,uncertain_mixed_evidence,phase2c_still_review_required,still_review_required,review_required,blocked_or_mixed_evidence_remains_unresolved,5,815,2.720833333333333,0.0,1.0,0.0,-0.18625,0.8708333333333333,False,0.0,0.0,ori101,boundary,r222
remaining_review_required_677_second_priority,494,E_N010185_N010205,18454,N010185,N010205,manual_review_uncertain,blocked_manual_review,uncertain_mixed_evidence,phase2c_still_review_required,still_review_required,review_required,blocked_or_mixed_evidence_remains_unresolved,5,816,2.720833333333333,0.0,1.0,0.0,-0.2064516129032258,0.8708333333333333,False,0.0,0.0,ori101,boundary,r222
remaining_review_required_677_second_priority,495,E_N010199_N010205,18455,N010199,N010205,manual_review_uncertain,blocked_manual_review,uncertain_mixed_evidence,phase2c_still_review_required,still_review_required,review_required,blocked_or_mixed_evidence_remains_unresolved,5,817,2.720833333333333,0.0,1.0,0.0,-0.07120933087783916,0.8708333333333333,False,0.0,0.0,ori101,boundary,r222
remaining_review_required_677_second_priority,496,E_N001618_N002755,4876,N001618,N002755,manual_review_uncertain,blocked_manual_review,uncertain_threshold_sensitive,phase2c_still_review_required,still_review_required,review_required,blocked_or_mixed_evidence_remains_unresolved,3,818,2.71703431372549,0.4166666666666667,0.5833333333333334,1.9166666666666667,0.9667487684729064,1.6066176470588234,False,0.37500000000000006,1.357207004440195,ori101,near_boundary,r210
remaining_review_required_677_second_priority,497,E_N000881_N001002,1757,N000881,N001002,manual_review_uncertain,blocked_manual_review,uncertain_threshold_sensitive,phase2c_still_review_required,still_review_required,review_required,blocked_or_mixed_evidence_remains_unresolved,3,819,2.716666666666667,0.25,0.6666666666666666,0.9166666666666666,0.8029612756264237,1.2,False,1.0,1.8004417730976063,ori011,boundary,r220
remaining_review_required_677_second_priority,498,E_N001491_N001495,2654,N001491,N001495,manual_review_uncertain,blocked_manual_review,uncertain_threshold_sensitive,phase2c_still_review_required,still_review_required,review_required,blocked_or_mixed_evidence_remains_unresolved,2,820,2.714583333333334,0.5416666666666666,0.3333333333333333,1.25,1.2571428571428571,1.8333333333333335,False,0.9583333333333334,1.2597752604859898,ori011,near_boundary,r200
remaining_review_required_677_second_priority,499,E_N001259_N001369,2447,N001259,N001369,manual_review_uncertain,blocked_manual_review,uncertain_threshold_sensitive,phase2c_still_review_required,still_review_required,review_required,blocked_or_mixed_evidence_remains_unresolved,2,821,2.7145833333333336,0.25,0.375,1.0416666666666667,0.25043905865823674,1.5,False,0.9583333333333334,1.432496264582504,ori110,boundary,r200
remaining_review_required_677_second_priority,500,E_N003143_N003149,5779,N003143,N003149,manual_review_uncertain,blocked_manual_review,uncertain_registration_unstable,phase2c_still_review_required,still_review_required,review_required,blocked_or_mixed_evidence_remains_unresolved,4,822,2.711904761904762,0.0,1.0,0.041666666666666664,0.45269016697588127,0.861904761904762,False,0.0,2.5,ori101,boundary,r220
remaining_review_required_677_second_priority,501,E_N001115_N001119,1983,N001115,N001119,manual_review_uncertain,blocked_manual_review,uncertain_threshold_sensitive,phase2c_still_review_required,still_review_required,review_required,blocked_or_mixed_evidence_remains_unresolved,2,823,2.7062500000000003,0.16666666666666666,0.5833333333333334,1.5,0.049554781262098335,1.2,True,0.9583333333333334,0.23764983421523764,ori011,boundary,r220
remaining_review_required_677_second_priority,502,E_N008183_N009321,16621,N008183,N009321,manual_review_uncertain,blocked_manual_review,uncertain_threshold_sensitive,phase2c_still_review_required,still_review_required,review_required,blocked_or_mixed_evidence_remains_unresolved,3,826,2.69375,0.4166666666666667,0.5833333333333334,1.0833333333333333,1.0265193370165746,1.5,False,0.7083333333333333,2.5,ori011,boundary,r202
remaining_review_required_677_second_priority,503,E_N001002_N002141,3775,N001002,N002141,manual_review_uncertain,blocked_manual_review,uncertain_threshold_sensitive,phase2c_still_review_required,still_review_required,review_required,blocked_or_mixed_evidence_remains_unresolved,3,827,2.685416666666667,0.08333333333333333,0.5,0.5416666666666666,0.8713355048859935,1.2,False,0.875,1.7860260222047375,ori011,boundary,r220
remaining_review_required_677_second_priority,504,E_N000091_N001245,2412,N000091,N001245,manual_review_uncertain,blocked_manual_review,uncertain_threshold_sensitive,phase2c_still_review_required,still_review_required,review_required,blocked_or_mixed_evidence_remains_unresolved,2,828,2.6833333333333336,0.5,0.5,1.5,0.32475598935226263,1.75,False,0.3333333333333333,1.0484228301890306,ori101,near_boundary,r200
remaining_review_required_677_second_priority,505,E_N008309_N008436,17121,N008309,N008436,manual_review_uncertain,blocked_manual_review,uncertain_threshold_sensitive,phase2c_still_review_required,still_review_required,review_required,blocked_or_mixed_evidence_remains_unresolved,3,829,2.683333333333333,0.16666666666666666,0.8333333333333334,0.9583333333333334,-0.6197705802968961,1.0,False,0.6666666666666666,2.074527925279984,ori110,boundary,r212
remaining_review_required_677_second_priority,506,E_N009065_N010203,18445,N009065,N010203,manual_review_uncertain,blocked_manual_review,uncertain_threshold_sensitive,phase2c_still_review_required,still_review_required,review_required,blocked_or_mixed_evidence_remains_unresolved,4,830,2.677083333333333,0.3333333333333333,0.6666666666666666,0.8333333333333334,-0.30640394088669953,1.4,False,0.375,2.5,ori011,boundary,r222
remaining_review_required_677_second_priority,507,E_N000750_N001887,3328,N000750,N001887,manual_review_uncertain,blocked_manual_review,uncertain_threshold_sensitive,phase2c_still_review_required,still_review_required,review_required,blocked_or_mixed_evidence_remains_unresolved,5,831,2.6756944444444444,0.08333333333333333,0.625,0.2916666666666667,0.1564625850340136,1.2111111111111112,False,0.2916666666666667,2.5,ori101,boundary,r210
remaining_review_required_677_second_priority,508,E_N005289_N005291,9377,N005289,N005291,manual_review_uncertain,blocked_manual_review,uncertain_threshold_sensitive,phase2c_still_review_required,still_review_required,review_required,blocked_or_mixed_evidence_remains_unresolved,4,832,2.675,0.08333333333333333,0.75,0.2916666666666667,0.340437464946719,1.0333333333333332,False,0.5,2.5,ori110,boundary,r211
remaining_review_required_677_second_priority,509,E_N004267_N004269,7553,N004267,N004269,manual_review_uncertain,blocked_manual_review,uncertain_threshold_sensitive,phase2c_still_review_required,still_review_required,review_required,blocked_or_mixed_evidence_remains_unresolved,2,833,2.6729166666666666,0.4166666666666667,0.5,1.5833333333333333,0.28409439166411277,1.5,False,0.9583333333333334,1.4344628291519446,ori110,near_boundary,r221
remaining_review_required_677_second_priority,510,E_N008309_N008439,14974,N008309,N008439,manual_review_uncertain,blocked_manual_review,uncertain_threshold_sensitive,phase2c_still_review_required,still_review_required,review_required,blocked_or_mixed_evidence_remains_unresolved,3,842,2.6645833333333333,0.25,0.7083333333333334,0.6666666666666666,0.32269503546099293,1.2,False,0.625,2.5,ori011,boundary,r212
remaining_review_required_677_second_priority,511,E_N004137_N004141,7346,N004137,N004141,manual_review_uncertain,blocked_manual_review,uncertain_threshold_sensitive,phase2c_still_review_required,still_review_required,review_required,blocked_or_mixed_evidence_remains_unresolved,2,843,2.6625,0.5416666666666666,0.2916666666666667,1.5833333333333333,0.4166666666666667,1.8333333333333335,False,0.9166666666666666,1.696813113700416,ori011,near_boundary,r211
remaining_review_required_677_second_priority,512,E_N000498_N001637,2895,N000498,N001637,manual_review_uncertain,blocked_manual_review,uncertain_threshold_sensitive,phase2c_still_review_required,still_review_required,review_required,blocked_or_mixed_evidence_remains_unresolved,2,844,2.6624999999999996,0.125,0.4583333333333333,0.4583333333333333,1.433186490455213,1.25,False,0.9166666666666666,1.6488389436504705,ori011,boundary,r210
remaining_review_required_677_second_priority,513,E_N000595_N000610,3067,N000595,N000610,manual_review_uncertain,blocked_manual_review,uncertain_threshold_sensitive,phase2c_still_review_required,still_review_required,review_required,blocked_or_mixed_evidence_remains_unresolved,3,846,2.6520833333333336,0.2916666666666667,0.625,1.375,0.22823061630218688,1.25,False,0.875,1.3787686707442106,ori110,near_boundary,r210
remaining_review_required_677_second_priority,514,E_N003651_N003653,6481,N003651,N003653,manual_review_uncertain,blocked_manual_review,uncertain_threshold_sensitive,phase2c_still_review_required,still_review_required,review_required,blocked_or_mixed_evidence_remains_unresolved,2,847,2.6520833333333336,0.375,0.5,0.9583333333333334,0.3242087254063302,1.5,False,0.7083333333333333,2.5,ori110,boundary,r201
remaining_review_required_677_second_priority,515,E_N000111_N000235,408,N000111,N000235,manual_review_uncertain,blocked_manual_review,uncertain_threshold_sensitive,phase2c_still_review_required,still_review_required,review_required,blocked_or_mixed_evidence_remains_unresolved,3,848,2.652083333333333,0.4583333333333333,0.5416666666666666,1.4166666666666667,0.10758106923751096,1.5,False,0.875,1.5557569192209466,ori110,boundary,r200
remaining_review_required_677_second_priority,516,E_N002121_N002136,5767,N002121,N002136,manual_review_uncertain,blocked_manual_review,uncertain_threshold_sensitive,phase2c_still_review_required,still_review_required,review_required,blocked_or_mixed_evidence_remains_unresolved,3,849,2.6437500000000003,0.125,0.5416666666666666,0.4166666666666667,0.300164744645799,1.2,False,0.7083333333333334,1.8169529180732988,ori110,boundary,r220
remaining_review_required_677_second_priority,517,E_N004277_N004404,9797,N004277,N004404,manual_review_uncertain,blocked_manual_review,uncertain_threshold_sensitive,phase2c_still_review_required,still_review_required,review_required,blocked_or_mixed_evidence_remains_unresolved,3,850,2.6437500000000003,0.20833333333333334,0.625,0.5,0.2831800262812089,1.2,False,0.7083333333333334,2.5,ori110,boundary,r221
remaining_review_required_677_second_priority,518,E_N001129_N001131,2008,N001129,N001131,manual_review_uncertain,blocked_manual_review,uncertain_registration_unstable,phase2c_still_review_required,still_review_required,review_required,blocked_or_mixed_evidence_remains_unresolved,4,851,2.6389880952380955,0.041666666666666664,0.9583333333333334,0.375,-0.20403458213256484,0.861904761904762,False,0.041666666666666664,2.5,ori101,boundary,r220
remaining_review_required_677_second_priority,519,E_N004026_N005163,9156,N004026,N005163,manual_review_uncertain,blocked_manual_review,uncertain_threshold_sensitive,phase2c_still_review_required,still_review_required,review_required,blocked_or_mixed_evidence_remains_unresolved,3,852,2.6347222222222224,0.125,0.5833333333333334,0.625,0.5585738539898133,1.2222222222222223,False,0.41666666666666663,2.5,ori101,boundary,r211
remaining_review_required_677_second_priority,520,E_N001253_N001259,2443,N001253,N001259,manual_review_uncertain,blocked_manual_review,uncertain_threshold_sensitive,phase2c_still_review_required,still_review_required,review_required,blocked_or_mixed_evidence_remains_unresolved,2,853,2.633991228070175,0.375,0.4583333333333333,1.125,0.27479469361970943,1.513157894736842,False,0.75,2.5,ori101,boundary,r200
remaining_review_required_677_second_priority,521,E_N001995_N002010,5547,N001995,N002010,manual_review_uncertain,blocked_manual_review,uncertain_threshold_sensitive,phase2c_still_review_required,still_review_required,review_required,blocked_or_mixed_evidence_remains_unresolved,3,854,2.6333333333333333,0.125,0.5416666666666666,0.3333333333333333,0.1994627266621894,1.2,False,0.6666666666666666,1.8400881668667388,ori110,boundary,r220
remaining_review_required_677_second_priority,522,E_N005411_N005538,11813,N005411,N005538,manual_review_uncertain,blocked_manual_review,uncertain_threshold_sensitive,phase2c_still_review_required,still_review_required,review_required,blocked_or_mixed_evidence_remains_unresolved,3,855,2.6333333333333333,0.16666666666666666,0.5416666666666666,0.5,0.5372526193247963,1.2,False,0.8333333333333334,2.5,ori110,boundary,r221
remaining_review_required_677_second_priority,523,E_N009947_N010077,18158,N009947,N010077,manual_review_uncertain,blocked_manual_review,uncertain_threshold_sensitive,phase2c_still_review_required,still_review_required,review_required,blocked_or_mixed_evidence_remains_unresolved,4,856,2.6333333333333333,0.16666666666666666,0.625,0.7916666666666666,-0.05555555555555555,1.2,False,0.5,2.5,ori011,boundary,r222
remaining_review_required_677_second_priority,524,E_N001467_N001469,2593,N001467,N001469,manual_review_uncertain,blocked_manual_review,uncertain_threshold_sensitive,phase2c_still_review_required,still_review_required,review_required,blocked_or_mixed_evidence_remains_unresolved,2,857,2.63125,0.8333333333333334,0.16666666666666666,3.625,2.1856925418569255,2.3333333333333335,False,0.45833333333333337,1.1994510154662952,ori110,near_boundary,r100
remaining_review_required_677_second_priority,525,E_N002653_N003793,6937,N002653,N003793,manual_review_uncertain,blocked_manual_review,uncertain_mixed_evidence,phase2c_still_review_required,still_review_required,review_required,blocked_or_mixed_evidence_remains_unresolved,2,858,2.63125,0.625,0.375,6.875,1.522093813732155,2.0,False,0.125,0.7625715675084215,ori101,boundary,r011
remaining_review_required_677_second_priority,526,E_N000751_N000755,1319,N000751,N000755,manual_review_uncertain,blocked_manual_review,uncertain_mixed_evidence,phase2c_still_review_required,still_review_required,review_required,blocked_or_mixed_evidence_remains_unresolved,4,859,2.6277777777777778,0.25,0.75,7.5,-0.4517543859649123,1.2361111111111112,False,0.16666666666666666,1.4984818464103549,ori011,boundary,r210
remaining_review_required_677_second_priority,527,E_N007049_N007179,12738,N007049,N007179,manual_review_uncertain,blocked_manual_review,uncertain_threshold_sensitive,phase2c_still_review_required,still_review_required,review_required,blocked_or_mixed_evidence_remains_unresolved,3,862,2.620833333333333,0.4166666666666667,0.5833333333333334,1.2083333333333333,0.07973590655154901,1.5,False,0.4166666666666667,2.5,ori011,boundary,r202
remaining_review_required_677_second_priority,528,E_N009569_N009575,17395,N009569,N009575,manual_review_uncertain,blocked_manual_review,uncertain_threshold_sensitive,phase2c_still_review_required,still_review_required,review_required,blocked_or_mixed_evidence_remains_unresolved,3,863,2.6206290849673204,0.25,0.75,1.7083333333333333,0.01756511205330103,1.1143790849673203,False,0.625,1.8062543856076296,ori101,boundary,r212
remaining_review_required_677_second_priority,529,E_N003269_N003396,8033,N003269,N003396,manual_review_uncertain,blocked_manual_review,uncertain_threshold_sensitive,phase2c_still_review_required,still_review_required,review_required,blocked_or_mixed_evidence_remains_unresolved,3,865,2.6138257575757575,0.2916666666666667,0.6666666666666666,0.75,0.6354441512752859,1.190909090909091,False,0.7916666666666666,2.5,ori110,boundary,r221
remaining_review_required_677_second_priority,530,E_N001383_N001385,2449,N001383,N001385,manual_review_uncertain,blocked_manual_review,uncertain_threshold_sensitive,phase2c_still_review_required,still_review_required,review_required,blocked_or_mixed_evidence_remains_unresolved,2,867,2.6104166666666666,0.375,0.4166666666666667,0.8333333333333334,0.3386430678466077,1.5,False,0.875,2.5,ori110,boundary,r200
remaining_review_required_677_second_priority,531,E_N002881_N002883,5097,N002881,N002883,manual_review_uncertain,blocked_manual_review,uncertain_threshold_sensitive,phase2c_still_review_required,still_review_required,review_required,blocked_or_mixed_evidence_remains_unresolved,3,868,2.6104166666666666,0.3333333333333333,0.625,1.2083333333333333,0.16661654135338347,1.25,False,0.875,1.3569521398354891,ori110,near_boundary,r210
remaining_review_required_677_second_priority,532,E_N004403_N004530,10049,N004403,N004530,manual_review_uncertain,blocked_manual_review,uncertain_threshold_sensitive,phase2c_still_review_required,still_review_required,review_required,blocked_or_mixed_evidence_remains_unresolved,3,869,2.6104166666666666,0.08333333333333333,0.625,0.7083333333333334,0.39354634609300854,1.0,False,0.875,2.5,ori110,boundary,r221
remaining_review_required_677_second_priority,533,E_N007175_N008313,14753,N007175,N008313,manual_review_uncertain,blocked_manual_review,uncertain_threshold_sensitive,phase2c_still_review_required,still_review_required,review_required,blocked_or_mixed_evidence_remains_unresolved,3,870,2.6104166666666666,0.4166666666666667,0.5833333333333334,1.2083333333333333,0.3840224246671338,1.5,False,0.375,2.5,ori011,boundary,r202
remaining_review_required_677_second_priority,534,E_N000749_N000755,1527,N000749,N000755,manual_review_uncertain,blocked_manual_review,uncertain_registration_unstable,phase2c_still_review_required,still_review_required,review_required,blocked_or_mixed_evidence_remains_unresolved,4,872,2.6032679738562092,0.16666666666666666,0.7083333333333334,1.3333333333333333,-0.16176470588235295,1.1699346405228759,False,0.16666666666666669,2.5,ori101,boundary,r210
remaining_review_required_677_second_priority,535,E_N000856_N000991,1736,N000856,N000991,manual_review_uncertain,blocked_manual_review,uncertain_threshold_sensitive,phase2c_still_review_required,still_review_required,review_required,blocked_or_mixed_evidence_remains_unresolved,4,873,2.6020833333333333,0.3333333333333333,0.6666666666666666,6.166666666666667,-0.3082739252538345,1.2,False,0.875,1.3026292028164546,ori011,boundary,r220
remaining_review_required_677_second_priority,536,E_N001869_N001996,5521,N001869,N001996,manual_review_uncertain,blocked_manual_review,uncertain_threshold_sensitive,phase2c_still_review_required,still_review_required,review_required,blocked_or_mixed_evidence_remains_unresolved,2,874,2.6,0.4583333333333333,0.2916666666666667,1.0833333333333333,0.2478932584269663,1.6666666666666667,False,1.0,1.8570190335891825,ori110,near_boundary,r220
remaining_review_required_677_second_priority,537,E_N003899_N004026,9137,N003899,N004026,manual_review_uncertain,blocked_manual_review,uncertain_threshold_sensitive,phase2c_still_review_required,still_review_required,review_required,blocked_or_mixed_evidence_remains_unresolved,2,875,2.5895833333333336,0.125,0.7083333333333334,0.4166666666666667,0.3165252121817274,1.0,False,0.625,2.5,ori110,boundary,r211
remaining_review_required_677_second_priority,538,E_N003903_N003905,6921,N003903,N003905,manual_review_uncertain,blocked_manual_review,uncertain_threshold_sensitive,phase2c_still_review_required,still_review_required,review_required,blocked_or_mixed_evidence_remains_unresolved,3,876,2.5895833333333336,0.041666666666666664,0.625,0.375,0.39225746268656714,1.0,False,0.625,2.5,ori110,boundary,r211
remaining_review_required_677_second_priority,539,E_N001506_N002645,4691,N001506,N002645,manual_review_uncertain,blocked_manual_review,uncertain_threshold_sensitive,phase2c_still_review_required,still_review_required,review_required,blocked_or_mixed_evidence_remains_unresolved,2,877,2.589583333333333,0.375,0.4583333333333333,0.875,1.4651457541191382,1.4166666666666665,False,0.9583333333333334,1.7927205139480746,ori011,boundary,r200
remaining_review_required_677_second_priority,540,E_N006420_N007557,13408,N006420,N007557,manual_review_uncertain,blocked_manual_review,uncertain_threshold_sensitive,phase2c_still_review_required,still_review_required,review_required,blocked_or_mixed_evidence_remains_unresolved,3,878,2.5861111111111117,0.2916666666666667,0.7083333333333334,1.7083333333333333,-0.17684021543985637,1.1111111111111112,False,0.8333333333333334,2.5,ori101,boundary,r212
remaining_review_required_677_second_priority,541,E_N000203_N000209,571,N000203,N000209,manual_review_uncertain,blocked_manual_review,uncertain_mixed_evidence,phase2c_still_review_required,still_review_required,review_required,blocked_or_mixed_evidence_remains_unresolved,2,879,2.583333333333333,1.0,0.0,8.666666666666666,-0.08437775816416593,2.583333333333333,True,0.0,0.7510753412907684,ori101,boundary,r100
remaining_review_required_677_second_priority,542,E_N009821_N009827,17907,N009821,N009827,manual_review_uncertain,blocked_manual_review,uncertain_threshold_sensitive,phase2c_still_review_required,still_review_required,review_required,blocked_or_mixed_evidence_remains_unresolved,4,880,2.582638888888889,0.20833333333333334,0.625,0.6666666666666666,-0.307808564231738,1.2222222222222223,False,0.375,1.958013711465929,ori101,boundary,r212
remaining_review_required_677_second_priority,543,E_N005355_N005361,9711,N005355,N005361,manual_review_uncertain,blocked_manual_review,uncertain_mixed_evidence,phase2c_still_review_required,still_review_required,review_required,blocked_or_mixed_evidence_remains_unresolved,2,881,2.5812500000000003,0.75,0.25,8.916666666666666,2.7883211678832116,2.2,False,0.125,0.5824893905085334,ori101,interior,r121
remaining_review_required_677_second_priority,544,E_N008561_N009699,17389,N008561,N009699,manual_review_uncertain,blocked_manual_review,uncertain_threshold_sensitive,phase2c_still_review_required,still_review_required,review_required,blocked_or_mixed_evidence_remains_unresolved,3,882,2.58125,0.25,0.625,1.1666666666666667,0.4748717948717949,1.2,False,0.625,2.5,ori011,boundary,r212
remaining_review_required_677_second_priority,545,E_N001365_N001492,4641,N001365,N001492,manual_review_uncertain,blocked_manual_review,uncertain_threshold_sensitive,phase2c_still_review_required,still_review_required,review_required,blocked_or_mixed_evidence_remains_unresolved,3,883,2.574305555555555,0.4166666666666667,0.5833333333333334,1.9583333333333333,0.1241486068111455,1.422222222222222,False,0.5416666666666667,1.4880332933289786,ori110,near_boundary,r200
remaining_review_required_677_second_priority,546,E_N002961_N002967,5459,N002961,N002967,manual_review_uncertain,blocked_manual_review,uncertain_mixed_evidence,phase2c_still_review_required,still_review_required,review_required,blocked_or_mixed_evidence_remains_unresolved,2,886,2.56875,0.8333333333333334,0.16666666666666666,7.083333333333333,2.440221694378464,2.3333333333333335,False,0.20833333333333326,0.7955377744553853,ori101,interior,r110
remaining_review_required_677_second_priority,547,E_N000862_N001999,3520,N000862,N001999,manual_review_uncertain,blocked_manual_review,uncertain_threshold_sensitive,phase2c_still_review_required,still_review_required,review_required,blocked_or_mixed_evidence_remains_unresolved,3,887,2.5687499999999996,0.4583333333333333,0.5416666666666666,2.2916666666666665,0.7864806866952789,1.5,False,0.5416666666666666,1.6541711226812181,ori101,near_boundary,r220
remaining_review_required_677_second_priority,548,E_N000625_N000627,1092,N000625,N000627,manual_review_uncertain,blocked_manual_review,uncertain_threshold_sensitive,phase2c_still_review_required,still_review_required,review_required,blocked_or_mixed_evidence_remains_unresolved,3,888,2.5652777777777778,0.25,0.75,8.083333333333334,-0.5311047550947444,1.1111111111111112,False,0.41666666666666663,2.5,ori101,boundary,r210
remaining_review_required_677_second_priority,549,E_N002513_N002640,6681,N002513,N002640,manual_review_uncertain,blocked_manual_review,uncertain_threshold_sensitive,phase2c_still_review_required,still_review_required,review_required,blocked_or_mixed_evidence_remains_unresolved,2,889,2.5642857142857145,0.4166666666666667,0.4166666666666667,1.4583333333333333,0.4304573314474305,1.4642857142857144,False,1.0,2.5,ori110,boundary,r201
remaining_review_required_677_second_priority,550,E_N006545_N007809,13836,N006545,N007809,manual_review_uncertain,blocked_manual_review,uncertain_threshold_sensitive,phase2c_still_review_required,still_review_required,review_required,blocked_or_mixed_evidence_remains_unresolved,3,891,2.560416666666667,0.20833333333333334,0.5,1.0,-0.3111111111111111,1.2,False,0.875,2.5,ori011,boundary,r222
remaining_review_required_677_second_priority,551,E_N000487_N000489,845,N000487,N000489,manual_review_uncertain,blocked_manual_review,uncertain_threshold_sensitive,phase2c_still_review_required,still_review_required,review_required,blocked_or_mixed_evidence_remains_unresolved,3,892,2.5583333333333336,0.25,0.75,1.0416666666666667,-0.07371483996120272,1.0,False,0.8333333333333334,1.1553202993399196,ori110,boundary,r210
remaining_review_required_677_second_priority,552,E_N003149_N003259,5783,N003149,N003259,manual_review_uncertain,blocked_manual_review,uncertain_threshold_sensitive,phase2c_still_review_required,still_review_required,review_required,blocked_or_mixed_evidence_remains_unresolved,2,893,2.5583333333333336,0.16666666666666666,0.625,1.0416666666666667,0.18264379414732593,1.0,False,1.0,1.9649959408976352,ori110,boundary,r220
remaining_review_required_677_second_priority,553,E_N001999_N002010,3544,N001999,N002010,manual_review_uncertain,blocked_manual_review,uncertain_mixed_evidence,phase2c_still_review_required,still_review_required,review_required,blocked_or_mixed_evidence_remains_unresolved,5,894,2.5508928571428573,0.08333333333333333,0.875,0.2916666666666667,0.011166253101736972,0.8571428571428571,False,0.20833333333333334,1.8400881668667388,ori101,boundary,r220
remaining_review_required_677_second_priority,554,E_N002513_N003777,6688,N002513,N003777,manual_review_uncertain,blocked_manual_review,uncertain_threshold_sensitive,phase2c_still_review_required,still_review_required,review_required,blocked_or_mixed_evidence_remains_unresolved,3,895,2.5479166666666666,0.3333333333333333,0.6666666666666666,1.0416666666666667,2.853846153846154,1.25,False,0.45833333333333326,2.5,ori011,boundary,r201
remaining_review_required_677_second_priority,555,E_N000982_N001007,1996,N000982,N001007,manual_review_uncertain,blocked_manual_review,uncertain_threshold_sensitive,phase2c_still_review_required,still_review_required,review_required,blocked_or_mixed_evidence_remains_unresolved,3,896,2.5404761904761903,0.16666666666666666,0.8333333333333334,2.3333333333333335,-0.37995824634655534,0.8571428571428571,False,0.6666666666666666,1.582833663811897,ori101,boundary,r220
remaining_review_required_677_second_priority,556,E_N005541_N005543,9817,N005541,N005543,manual_review_uncertain,blocked_manual_review,uncertain_threshold_sensitive,phase2c_still_review_required,still_review_required,review_required,blocked_or_mixed_evidence_remains_unresolved,2,897,2.5395833333333333,0.16666666666666666,0.5,0.5,0.2844551282051282,1.2,False,0.625,2.5,ori110,boundary,r221
remaining_review_required_677_second_priority,557,E_N010073_N010074,18151,N010073,N010074,manual_review_uncertain,blocked_manual_review,uncertain_threshold_sensitive,phase2c_still_review_required,still_review_required,review_required,blocked_or_mixed_evidence_remains_unresolved,4,898,2.5395833333333333,0.3333333333333333,0.6666666666666666,1.125,-0.900227655151935,1.2,False,0.625,1.9318439364271625,ori110,boundary,r222
remaining_review_required_677_second_priority,558,E_N004911_N004913,8717,N004911,N004913,manual_review_uncertain,blocked_manual_review,uncertain_threshold_sensitive,phase2c_still_review_required,still_review_required,review_required,blocked_or_mixed_evidence_remains_unresolved,2,899,2.5375,0.4583333333333333,0.5,1.0,0.3148479427549195,1.5,False,0.5833333333333334,2.5,ori110,boundary,r201
remaining_review_required_677_second_priority,559,E_N005037_N005039,8937,N005037,N005039,manual_review_uncertain,blocked_manual_review,uncertain_threshold_sensitive,phase2c_still_review_required,still_review_required,review_required,blocked_or_mixed_evidence_remains_unresolved,2,900,2.5375,0.25,0.75,0.6666666666666666,0.5265273311897106,1.0,False,0.75,2.5,ori110,boundary,r211
remaining_review_required_677_second_priority,560,E_N000226_N000235,417,N000226,N000235,manual_review_design_removed_uncertain,blocked_manual_review,design_removed_uncertain,phase2c_still_review_required_design_intent_conflict,still_review_required,review_required,design_removed_conflict_or_uncertain_requires_human_review,4,902,2.527083333333333,0.4583333333333333,0.5416666666666666,12.458333333333334,0.028160693186293818,1.5,False,0.375,1.5557569192209466,ori011,boundary,r200
remaining_review_required_677_second_priority,561,E_N006321_N007461,13449,N006321,N007461,manual_review_uncertain,blocked_manual_review,uncertain_mixed_evidence,phase2c_still_review_required,still_review_required,review_required,blocked_or_mixed_evidence_remains_unresolved,2,903,2.5249999999999995,0.8333333333333334,0.16666666666666666,10.875,2.232656190111154,2.3,False,0.16666666666666663,0.22812944719067724,ori101,interior,r022
remaining_review_required_677_second_priority,562,E_N006322_N007459,13236,N006322,N007459,manual_review_uncertain,blocked_manual_review,uncertain_mixed_evidence,phase2c_still_review_required,still_review_required,review_required,blocked_or_mixed_evidence_remains_unresolved,2,904,2.5249999999999995,0.8333333333333334,0.16666666666666666,12.458333333333334,2.1434046630469497,2.3,False,0.16666666666666674,0.18877751503092127,ori101,interior,r012
remaining_review_required_677_second_priority,563,E_N002919_N004059,7401,N002919,N004059,manual_review_uncertain,blocked_manual_review,uncertain_mixed_evidence,phase2c_still_review_required,still_review_required,review_required,blocked_or_mixed_evidence_remains_unresolved,2,905,2.5229166666666667,0.875,0.125,10.541666666666666,2.849256900212314,2.3666666666666667,False,0.125,0.4400975778071287,ori101,interior,r021
remaining_review_required_677_second_priority,564,E_N005159_N005165,9371,N005159,N005165,manual_review_uncertain,blocked_manual_review,uncertain_threshold_sensitive,phase2c_still_review_required,still_review_required,review_required,blocked_or_mixed_evidence_remains_unresolved,4,907,2.519934640522876,0.2916666666666667,0.7083333333333334,0.5833333333333334,-0.020869565217391306,1.1699346405228759,False,0.3333333333333333,2.5,ori101,boundary,r211
remaining_review_required_677_second_priority,565,E_N003718_N004855,8616,N003718,N004855,manual_review_uncertain,blocked_manual_review,uncertain_mixed_evidence,phase2c_still_review_required,still_review_required,review_required,blocked_or_mixed_evidence_remains_unresolved,2,908,2.517759324009324,0.75,0.25,10.041666666666666,3.0064599483204133,2.1573426573426575,False,0.04166666666666663,0.5411396328038034,ori101,interior,r101
remaining_review_required_677_second_priority,566,E_N003521_N004785,8484,N003521,N004785,manual_review_uncertain,blocked_manual_review,uncertain_threshold_sensitive,phase2c_still_review_required,still_review_required,review_required,blocked_or_mixed_evidence_remains_unresolved,3,909,2.5166666666666666,0.4583333333333333,0.5416666666666666,1.6666666666666667,1.037037037037037,1.5,False,0.3333333333333333,2.5,ori011,boundary,r201
remaining_review_required_677_second_priority,567,E_N000357_N001511,2880,N000357,N001511,manual_review_uncertain,blocked_manual_review,uncertain_threshold_sensitive,phase2c_still_review_required,still_review_required,review_required,blocked_or_mixed_evidence_remains_unresolved,3,911,2.5124373433583957,0.3333333333333333,0.2916666666666667,1.1666666666666667,0.0039347948285553686,1.474937343358396,False,0.9166666666666666,1.520932066068016,ori101,boundary,r200
remaining_review_required_677_second_priority,568,E_N007564_N008707,15660,N007564,N008707,manual_review_uncertain,blocked_manual_review,uncertain_registration_unstable,phase2c_still_review_required,still_review_required,review_required,blocked_or_mixed_evidence_remains_unresolved,2,912,2.5107142857142857,0.5,0.5,4.458333333333333,0.691358024691358,1.619047619047619,False,0.16666666666666669,2.5,ori101,boundary,r022
remaining_review_required_677_second_priority,569,E_N000357_N000484,2845,N000357,N000484,manual_review_uncertain,blocked_manual_review,uncertain_threshold_sensitive,phase2c_still_review_required,still_review_required,review_required,blocked_or_mixed_evidence_remains_unresolved,2,914,2.5083333333333333,0.2916666666666667,0.375,0.875,0.08427510494026477,1.325,False,1.0,1.520932066068016,ori110,near_boundary,r210
remaining_review_required_677_second_priority,570,E_N001637_N001758,3113,N001637,N001758,manual_review_uncertain,blocked_manual_review,uncertain_threshold_sensitive,phase2c_still_review_required,still_review_required,review_required,blocked_or_mixed_evidence_remains_unresolved,2,915,2.5083333333333333,0.20833333333333334,0.4166666666666667,0.875,1.2606896551724138,1.2,False,1.0,1.9391740836136475,ori011,boundary,r210
remaining_review_required_677_second_priority,571,E_N002136_N003275,5791,N002136,N003275,manual_review_uncertain,blocked_manual_review,uncertain_threshold_sensitive,phase2c_still_review_required,still_review_required,review_required,blocked_or_mixed_evidence_remains_unresolved,2,916,2.5083333333333333,0.20833333333333334,0.4166666666666667,0.7916666666666666,0.5352697095435685,1.2,False,1.0,1.8169529180732988,ori011,boundary,r220
remaining_review_required_677_second_priority,572,E_N003149_N003270,5789,N003149,N003270,manual_review_uncertain,blocked_manual_review,uncertain_threshold_sensitive,phase2c_still_review_required,still_review_required,review_required,blocked_or_mixed_evidence_remains_unresolved,2,917,2.5083333333333333,0.20833333333333334,0.4166666666666667,1.1666666666666667,0.30994152046783624,1.2,False,1.0,1.9649959408976352,ori011,boundary,r220
remaining_review_required_677_second_priority,573,E_N001743_N001749,3295,N001743,N001749,manual_review_uncertain,blocked_manual_review,uncertain_threshold_sensitive,phase2c_still_review_required,still_review_required,review_required,blocked_or_mixed_evidence_remains_unresolved,2,918,2.5070669934640524,0.5,0.5,1.7916666666666667,0.6211989574283232,1.5424836601307188,False,0.45833333333333337,1.655780726798084,ori101,near_boundary,r210
remaining_review_required_677_second_priority,574,E_N001747_N001749,3081,N001747,N001749,manual_review_uncertain,blocked_manual_review,uncertain_threshold_sensitive,phase2c_still_review_required,still_review_required,review_required,blocked_or_mixed_evidence_remains_unresolved,2,920,2.50625,0.2916666666666667,0.4583333333333333,1.0416666666666667,0.06922228350799779,1.25,False,0.9583333333333334,1.4618231860746864,ori110,near_boundary,r210
remaining_review_required_677_second_priority,575,E_N005285_N005412,11593,N005285,N005412,manual_review_uncertain,blocked_manual_review,uncertain_threshold_sensitive,phase2c_still_review_required,still_review_required,review_required,blocked_or_mixed_evidence_remains_unresolved,2,921,2.50625,0.125,0.5833333333333334,0.7083333333333334,0.2758430071862908,1.0,False,0.7916666666666666,2.5,ori110,boundary,r221
remaining_review_required_677_second_priority,576,E_N000567_N000573,1207,N000567,N000573,manual_review_uncertain,blocked_manual_review,uncertain_mixed_evidence,phase2c_still_review_required,still_review_required,review_required,blocked_or_mixed_evidence_remains_unresolved,2,922,2.5024801587301586,0.875,0.125,9.208333333333334,1.1052401746724891,2.325396825396825,False,0.20833333333333326,0.9879503732147712,ori101,boundary,r110
remaining_review_required_677_second_priority,577,E_N002639_N002645,4899,N002639,N002645,manual_review_uncertain,blocked_manual_review,uncertain_threshold_sensitive,phase2c_still_review_required,still_review_required,review_required,blocked_or_mixed_evidence_remains_unresolved,2,923,2.501614832535885,0.5,0.5,1.125,0.05807743658210948,1.464114832535885,False,0.75,2.5,ori101,boundary,r200
remaining_review_required_677_second_priority,578,E_N002771_N002881,5123,N002771,N002881,manual_review_uncertain,blocked_manual_review,uncertain_threshold_sensitive,phase2c_still_review_required,still_review_required,review_required,blocked_or_mixed_evidence_remains_unresolved,2,931,2.4999999999999996,0.2916666666666667,0.7083333333333334,0.75,0.07455174583202265,1.0666666666666667,False,0.6666666666666667,1.705470370989832,ori110,boundary,r210
remaining_review_required_677_second_priority,579,E_N004278_N005415,9596,N004278,N005415,manual_review_uncertain,blocked_manual_review,uncertain_threshold_sensitive,phase2c_still_review_required,still_review_required,review_required,blocked_or_mixed_evidence_remains_unresolved,2,932,2.4973214285714285,0.125,0.875,0.7083333333333334,0.16601307189542483,0.8035714285714286,False,0.375,2.5,ori101,boundary,r221
remaining_review_required_677_second_priority,580,E_N003270_N004407,7800,N003270,N004407,manual_review_uncertain,blocked_manual_review,uncertain_threshold_sensitive,phase2c_still_review_required,still_review_required,review_required,blocked_or_mixed_evidence_remains_unresolved,2,933,2.4958333333333336,0.125,0.875,0.9583333333333334,0.40090600226500567,0.75,False,0.5833333333333333,2.5,ori101,boundary,r221
remaining_review_required_677_second_priority,581,E_N000469_N000484,2847,N000469,N000484,manual_review_uncertain,blocked_manual_review,uncertain_threshold_sensitive,phase2c_still_review_required,still_review_required,review_required,blocked_or_mixed_evidence_remains_unresolved,3,934,2.495833333333333,0.3333333333333333,0.5416666666666666,1.0833333333333333,0.18854307622913846,1.25,False,0.75,1.0806766196819166,ori110,near_boundary,r210
remaining_review_required_677_second_priority,582,E_N000751_N000753,1312,N000751,N000753,manual_review_uncertain,blocked_manual_review,uncertain_registration_unstable,phase2c_still_review_required,still_review_required,review_required,blocked_or_mixed_evidence_remains_unresolved,3,935,2.4956290849673204,0.25,0.75,7.166666666666667,-0.8391951006124234,1.1143790849673203,False,0.12499999999999997,2.5,ori101,boundary,r210
remaining_review_required_677_second_priority,583,E_N004893_N006047,10944,N004893,N006047,manual_review_uncertain,blocked_manual_review,uncertain_threshold_sensitive,phase2c_still_review_required,still_review_required,review_required,blocked_or_mixed_evidence_remains_unresolved,2,936,2.491544117647059,0.4166666666666667,0.4166666666666667,1.125,0.4156028368794326,1.4852941176470589,False,0.625,1.9313345870453311,ori101,boundary,r201
remaining_review_required_677_second_priority,584,E_N000625_N000629,1099,N000625,N000629,manual_review_uncertain,blocked_manual_review,uncertain_mixed_evidence,phase2c_still_review_required,still_review_required,review_required,blocked_or_mixed_evidence_remains_unresolved,4,939,2.4819444444444443,0.3333333333333333,0.6666666666666666,9.375,-0.4821501846532622,1.2361111111111112,False,0.24999999999999997,1.2930708194720328,ori011,boundary,r210
remaining_review_required_677_second_priority,585,E_N000721_N000727,1475,N000721,N000727,manual_review_uncertain,blocked_manual_review,uncertain_mixed_evidence,phase2c_still_review_required,still_review_required,review_required,blocked_or_mixed_evidence_remains_unresolved,4,941,2.4782679738562092,0.2916666666666667,0.7083333333333334,1.5833333333333333,-0.18334985133795836,1.1699346405228759,False,0.16666666666666666,1.3270730865377083,ori101,boundary,r210
remaining_review_required_677_second_priority,586,E_N001003_N001005,1752,N001003,N001005,manual_review_uncertain,blocked_manual_review,uncertain_registration_unstable,phase2c_still_review_required,still_review_required,review_required,blocked_or_mixed_evidence_remains_unresolved,3,942,2.4779761904761908,0.125,0.875,2.2916666666666665,-0.4261962692619627,0.8571428571428571,False,0.08333333333333333,2.5,ori101,boundary,r220
remaining_review_required_677_second_priority,587,E_N000119_N000123,203,N000119,N000123,manual_review_uncertain,blocked_manual_review,uncertain_threshold_sensitive,phase2c_still_review_required,still_review_required,review_required,blocked_or_mixed_evidence_remains_unresolved,2,943,2.475,0.2916666666666667,0.4166666666666667,1.125,3.1435897435897435,1.25,False,1.0,2.5,ori011,boundary,r200
remaining_review_required_677_second_priority,588,E_N002713_N002724,4824,N002713,N002724,manual_review_uncertain,blocked_manual_review,uncertain_mixed_evidence,phase2c_still_review_required,still_review_required,review_required,blocked_or_mixed_evidence_remains_unresolved,2,944,2.4749999999999996,0.7083333333333334,0.2916666666666667,9.166666666666666,3.0168453292496173,2.0,False,0.16666666666666674,0.8300184113443898,ori101,interior,r110
remaining_review_required_677_second_priority,589,E_N000352_N000377,864,N000352,N000377,manual_review_uncertain,blocked_manual_review,uncertain_threshold_sensitive,phase2c_still_review_required,still_review_required,review_required,blocked_or_mixed_evidence_remains_unresolved,4,946,2.4715277777777778,0.4583333333333333,0.5416666666666666,15.583333333333334,-0.4692556634304207,1.4444444444444444,False,0.375,1.5766754012113513,ori101,boundary,r200
remaining_review_required_677_second_priority,590,E_N008351_N008371,15074,N008351,N008371,manual_review_uncertain,blocked_manual_review,uncertain_mixed_evidence,phase2c_still_review_required,still_review_required,review_required,blocked_or_mixed_evidence_remains_unresolved,2,947,2.4708333333333337,0.75,0.25,11.833333333333334,2.407676767676768,2.1,False,0.08333333333333326,0.12099571313944472,ori101,near_boundary,r112
remaining_review_required_677_second_priority,591,E_N005537_N005541,9807,N005537,N005541,manual_review_uncertain,blocked_manual_review,uncertain_threshold_sensitive,phase2c_still_review_required,still_review_required,review_required,blocked_or_mixed_evidence_remains_unresolved,3,950,2.4666666666666663,0.4166666666666667,0.5833333333333334,1.0,0.15845070422535212,1.2,False,1.0,2.5,ori011,boundary,r221
remaining_review_required_677_second_priority,592,E_N001729_N001744,5083,N001729,N001744,manual_review_uncertain,blocked_manual_review,uncertain_threshold_sensitive,phase2c_still_review_required,still_review_required,review_required,blocked_or_mixed_evidence_remains_unresolved,2,951,2.464583333333333,0.75,0.16666666666666666,1.9166666666666667,0.4111943587483473,2.0,False,0.7916666666666666,1.281269809077273,ori110,interior,r210
remaining_review_required_677_second_priority,593,E_N004407_N004409,7801,N004407,N004409,manual_review_uncertain,blocked_manual_review,uncertain_threshold_sensitive,phase2c_still_review_required,still_review_required,review_required,blocked_or_mixed_evidence_remains_unresolved,2,952,2.464583333333333,0.16666666666666666,0.5833333333333334,0.7916666666666666,0.40697233800682076,1.0,False,0.7916666666666666,2.5,ori110,boundary,r221
remaining_review_required_677_second_priority,594,E_N003521_N003527,6475,N003521,N003527,manual_review_uncertain,blocked_manual_review,uncertain_threshold_sensitive,phase2c_still_review_required,still_review_required,review_required,blocked_or_mixed_evidence_remains_unresolved,2,953,2.464035087719298,0.4166666666666667,0.4583333333333333,1.375,1.477115117891817,1.4473684210526314,False,0.5,1.8187150941466372,ori101,boundary,r201
remaining_review_required_677_second_priority,595,E_N001140_N002280,4041,N001140,N002280,manual_review_uncertain,blocked_manual_review,uncertain_mixed_evidence,phase2c_still_review_required,still_review_required,review_required,blocked_or_mixed_evidence_remains_unresolved,2,958,2.447916666666667,0.9166666666666666,0.08333333333333333,13.833333333333334,7.711323763955343,2.3333333333333335,False,0.125,1.5376798853214262,ori101,boundary,r000
remaining_review_required_677_second_priority,596,E_N001715_N002869,5284,N001715,N002869,manual_review_uncertain,blocked_manual_review,uncertain_threshold_sensitive,phase2c_still_review_required,still_review_required,review_required,blocked_or_mixed_evidence_remains_unresolved,2,959,2.4467261904761903,0.5833333333333334,0.4166666666666667,4.5,1.2258382642998027,1.6904761904761905,False,0.2916666666666667,0.8768846021641716,ori101,interior,r210
remaining_review_required_677_second_priority,597,E_N001505_N001632,4885,N001505,N001632,manual_review_uncertain,blocked_manual_review,uncertain_threshold_sensitive,phase2c_still_review_required,still_review_required,review_required,blocked_or_mixed_evidence_remains_unresolved,2,961,2.44375,0.25,0.625,1.0,0.5144284128745837,1.0,False,0.875,2.5,ori110,boundary,r210
remaining_review_required_677_second_priority,598,E_N003130_N004267,7552,N003130,N004267,manual_review_uncertain,blocked_manual_review,uncertain_threshold_sensitive,phase2c_still_review_required,still_review_required,review_required,blocked_or_mixed_evidence_remains_unresolved,2,963,2.44375,0.5,0.25,1.6666666666666667,0.3981385729058945,1.625,False,0.875,1.404071249461968,ori101,near_boundary,r221
remaining_review_required_677_second_priority,599,E_N006171_N006173,10953,N006171,N006173,manual_review_uncertain,blocked_manual_review,uncertain_threshold_sensitive,phase2c_still_review_required,still_review_required,review_required,blocked_or_mixed_evidence_remains_unresolved,2,964,2.44375,0.25,0.6666666666666666,0.7083333333333334,0.22442244224422442,1.0,False,0.7083333333333334,2.5,ori110,boundary,r211
remaining_review_required_677_second_priority,600,E_N007078_N007081,12578,N007078,N007081,manual_review_uncertain,blocked_manual_review,uncertain_mixed_evidence,phase2c_still_review_required,still_review_required,review_required,blocked_or_mixed_evidence_remains_unresolved,2,965,2.4375000000000004,0.6666666666666666,0.3333333333333333,14.416666666666666,2.921144182450715,1.9,False,0.08333333333333337,0.363413586182219,ori101,interior,r002
remaining_review_required_677_second_priority,601,E_N001884_N003023,5351,N001884,N003023,manual_review_uncertain,blocked_manual_review,uncertain_threshold_sensitive,phase2c_still_review_required,still_review_required,review_required,blocked_or_mixed_evidence_remains_unresolved,2,968,2.433333333333333,0.20833333333333334,0.5416666666666666,1.0,1.0398593200468933,1.0,False,1.0,2.172959683691446,ori011,boundary,r210
remaining_review_required_677_second_priority,602,E_N004515_N004530,10051,N004515,N004530,manual_review_uncertain,blocked_manual_review,uncertain_threshold_sensitive,phase2c_still_review_required,still_review_required,review_required,blocked_or_mixed_evidence_remains_unresolved,2,969,2.433333333333333,0.20833333333333334,0.5416666666666666,1.0,0.6068249258160238,1.0,False,1.0,1.2682613315501086,ori110,boundary,r221
remaining_review_required_677_second_priority,603,E_N008561_N008691,15414,N008561,N008691,manual_review_uncertain,blocked_manual_review,uncertain_threshold_sensitive,phase2c_still_review_required,still_review_required,review_required,blocked_or_mixed_evidence_remains_unresolved,3,970,2.432638888888889,0.2916666666666667,0.5416666666666666,0.8333333333333334,0.39760956175298806,1.1555555555555554,False,0.7083333333333334,2.5,ori011,boundary,r212
remaining_review_required_677_second_priority,604,E_N006391_N006397,11555,N006391,N006397,manual_review_uncertain,blocked_manual_review,uncertain_mixed_evidence,phase2c_still_review_required,still_review_required,review_required,blocked_or_mixed_evidence_remains_unresolved,2,971,2.4303571428571433,0.5416666666666666,0.4583333333333333,4.541666666666667,0.1453781512605042,1.6428571428571428,False,0.08333333333333337,1.1730545229068268,ori101,interior,r211
remaining_review_required_677_second_priority,605,E_N004157_N004278,7585,N004157,N004278,manual_review_uncertain,blocked_manual_review,uncertain_threshold_sensitive,phase2c_still_review_required,still_review_required,review_required,blocked_or_mixed_evidence_remains_unresolved,2,972,2.425,0.20833333333333334,0.3333333333333333,1.0833333333333333,0.2289156626506024,1.2,False,1.0,2.023535570402136,ori011,boundary,r221
remaining_review_required_677_second_priority,606,E_N000847_N000862,3507,N000847,N000862,manual_review_uncertain,blocked_manual_review,uncertain_threshold_sensitive,phase2c_still_review_required,still_review_required,review_required,blocked_or_mixed_evidence_remains_unresolved,2,973,2.4229166666666666,0.4166666666666667,0.25,1.5,0.21133285816108338,1.5,False,0.9583333333333334,1.4545822094779461,ori110,near_boundary,r220
remaining_review_required_677_second_priority,607,E_N001011_N001018,1765,N001011,N001018,manual_review_uncertain,blocked_manual_review,uncertain_registration_unstable,phase2c_still_review_required,still_review_required,review_required,blocked_or_mixed_evidence_remains_unresolved,2,976,2.40625,0.875,0.125,6.875,1.669814620496677,2.25,False,0.125,2.5,ori011,boundary,r020
remaining_review_required_677_second_priority,608,E_N001296_N001299,2302,N001296,N001299,manual_review_uncertain,blocked_manual_review,uncertain_mixed_evidence,phase2c_still_review_required,still_review_required,review_required,blocked_or_mixed_evidence_remains_unresolved,2,977,2.40625,0.875,0.125,13.75,4.5322128851540615,2.25,False,0.125,0.3762517509453436,ori101,near_boundary,r000
remaining_review_required_677_second_priority,609,E_N001642_N002785,5140,N001642,N002785,manual_review_uncertain,blocked_manual_review,uncertain_registration_unstable,phase2c_still_review_required,still_review_required,review_required,blocked_or_mixed_evidence_remains_unresolved,2,979,2.402083333333333,0.7083333333333334,0.2916666666666667,7.791666666666667,1.9815585960737656,1.9375,False,0.125,2.5,ori101,boundary,r010
remaining_review_required_677_second_priority,610,E_N003787_N004941,8976,N003787,N004941,manual_review_uncertain,blocked_manual_review,uncertain_mixed_evidence,phase2c_still_review_required,still_review_required,review_required,blocked_or_mixed_evidence_remains_unresolved,2,984,2.3982954545454542,0.7083333333333334,0.2916666666666667,12.75,2.0898391526088664,1.9545454545454546,False,0.04166666666666674,0.5558952878598785,ori101,near_boundary,r011
remaining_review_required_677_second_priority,611,E_N006052_N007195,12984,N006052,N007195,manual_review_uncertain,blocked_manual_review,uncertain_registration_unstable,phase2c_still_review_required,still_review_required,review_required,blocked_or_mixed_evidence_remains_unresolved,2,986,2.393154761904762,0.7083333333333334,0.2916666666666667,8.375,2.3072739632902786,1.9285714285714286,False,0.125,2.5,ori101,boundary,r012
remaining_review_required_677_second_priority,612,E_N001617_N001632,4887,N001617,N001632,manual_review_uncertain,blocked_manual_review,uncertain_threshold_sensitive,phase2c_still_review_required,still_review_required,review_required,blocked_or_mixed_evidence_remains_unresolved,2,988,2.3895833333333334,0.3333333333333333,0.6666666666666666,1.25,0.14991076740035694,0.9666666666666667,False,0.9583333333333334,2.5,ori110,boundary,r210
remaining_review_required_677_second_priority,613,E_N000730_N000755,1524,N000730,N000755,manual_review_uncertain,blocked_manual_review,uncertain_threshold_sensitive,phase2c_still_review_required,still_review_required,review_required,blocked_or_mixed_evidence_remains_unresolved,3,989,2.3881944444444443,0.3333333333333333,0.6666666666666666,9.583333333333334,-0.5973920130399348,1.1111111111111112,False,0.375,1.4984818464103549,ori101,boundary,r210
remaining_review_required_677_second_priority,614,E_N005663_N006801,12073,N005663,N006801,manual_review_uncertain,blocked_manual_review,uncertain_threshold_sensitive,phase2c_still_review_required,still_review_required,review_required,blocked_or_mixed_evidence_remains_unresolved,3,990,2.3833333333333333,0.375,0.625,1.2083333333333333,0.2940086473131563,1.2,False,0.33333333333333337,2.5,ori011,boundary,r221
remaining_review_required_677_second_priority,615,E_N000232_N001369,2420,N000232,N001369,manual_review_uncertain,blocked_manual_review,uncertain_threshold_sensitive,phase2c_still_review_required,still_review_required,review_required,blocked_or_mixed_evidence_remains_unresolved,3,991,2.38125,0.625,0.25,1.625,-0.012724117987275883,1.6666666666666667,False,0.9583333333333334,1.251042295911195,ori101,near_boundary,r200
remaining_review_required_677_second_priority,616,E_N005247_N005258,9320,N005247,N005258,manual_review_uncertain,blocked_manual_review,uncertain_threshold_sensitive,phase2c_still_review_required,still_review_required,review_required,blocked_or_mixed_evidence_remains_unresolved,2,992,2.38125,0.625,0.375,5.0,1.4266936299292214,1.6875,False,0.37499999999999994,0.8696718917608244,ori101,interior,r211
remaining_review_required_677_second_priority,617,E_N005033_N005160,11153,N005033,N005160,manual_review_uncertain,blocked_manual_review,uncertain_threshold_sensitive,phase2c_still_review_required,still_review_required,review_required,blocked_or_mixed_evidence_remains_unresolved,2,993,2.3812499999999996,0.3333333333333333,0.6666666666666666,0.9583333333333334,0.34011090573012936,1.0,False,0.7916666666666666,2.5,ori110,boundary,r211
remaining_review_required_677_second_priority,618,E_N002153_N002155,3797,N002153,N002155,manual_review_uncertain,blocked_manual_review,uncertain_mixed_evidence,phase2c_still_review_required,still_review_required,review_required,blocked_or_mixed_evidence_remains_unresolved,2,995,2.375,0.9166666666666666,0.08333333333333333,4.833333333333333,3.0103092783505154,2.25,False,0.16666666666666674,0.7758410014059777,ori110,boundary,r020
remaining_review_required_677_second_priority,619,E_N002247_N002251,4006,N002247,N002251,manual_review_uncertain,blocked_manual_review,uncertain_threshold_sensitive,phase2c_still_review_required,still_review_required,review_required,blocked_or_mixed_evidence_remains_unresolved,2,997,2.372916666666667,0.4166666666666667,0.5,1.4583333333333333,0.7119496855345911,1.2,False,0.9583333333333334,1.2635061186887893,ori011,boundary,r220
remaining_review_required_677_second_priority,620,E_N000123_N000125,213,N000123,N000125,manual_review_uncertain,blocked_manual_review,uncertain_threshold_sensitive,phase2c_still_review_required,still_review_required,review_required,blocked_or_mixed_evidence_remains_unresolved,2,998,2.370833333333333,0.5416666666666666,0.4583333333333333,1.0833333333333333,0.9991341991341991,1.4166666666666665,False,0.75,2.5,ori110,boundary,r200
remaining_review_required_677_second_priority,621,E_N006430_N007573,13644,N006430,N007573,manual_review_uncertain,blocked_manual_review,uncertain_registration_unstable,phase2c_still_review_required,still_review_required,review_required,blocked_or_mixed_evidence_remains_unresolved,2,1000,2.367857142857143,0.5,0.5,5.0,1.4654300168634065,1.4761904761904763,False,0.16666666666666669,2.5,ori101,boundary,r022
remaining_review_required_677_second_priority,622,E_N003847_N003858,6840,N003847,N003858,manual_review_uncertain,blocked_manual_review,uncertain_mixed_evidence,phase2c_still_review_required,still_review_required,review_required,blocked_or_mixed_evidence_remains_unresolved,2,1002,2.3666666666666667,0.875,0.125,8.791666666666666,3.096774193548387,2.2,False,0.16666666666666674,0.5634401948558251,ori101,interior,r111
remaining_review_required_677_second_priority,623,E_N007176_N008313,14764,N007176,N008313,manual_review_uncertain,blocked_manual_review,uncertain_threshold_sensitive,phase2c_still_review_required,still_review_required,review_required,blocked_or_mixed_evidence_remains_unresolved,3,1003,2.366081871345029,0.5,0.4166666666666667,1.7083333333333333,-0.15361262902246509,1.4327485380116958,False,0.6666666666666666,2.074802038697655,ori101,boundary,r202
remaining_review_required_677_second_priority,624,E_N002037_N002043,3815,N002037,N002043,manual_review_uncertain,blocked_manual_review,uncertain_mixed_evidence,phase2c_still_review_required,still_review_required,review_required,blocked_or_mixed_evidence_remains_unresolved,2,1004,2.3645833333333335,0.75,0.25,10.333333333333334,3.2749540722596446,1.9833333333333334,False,0.125,0.8924547859313333,ori101,near_boundary,r020
remaining_review_required_677_second_priority,625,E_N001369_N001371,2421,N001369,N001371,manual_review_uncertain,blocked_manual_review,uncertain_threshold_sensitive,phase2c_still_review_required,still_review_required,review_required,blocked_or_mixed_evidence_remains_unresolved,2,1005,2.3625,0.5,0.3333333333333333,1.4166666666666667,0.32759831460674155,1.45,False,0.9166666666666667,1.311739248997078,ori110,near_boundary,r200
remaining_review_required_677_second_priority,626,E_N002262_N003399,6040,N002262,N003399,manual_review_uncertain,blocked_manual_review,uncertain_threshold_sensitive,phase2c_still_review_required,still_review_required,review_required,blocked_or_mixed_evidence_remains_unresolved,3,1006,2.3604166666666666,0.08333333333333333,0.7083333333333334,0.7916666666666666,0.2570048309178744,0.75,False,0.5416666666666666,2.5,ori101,boundary,r220
remaining_review_required_677_second_priority,627,E_N000499_N000503,879,N000499,N000503,manual_review_uncertain,blocked_manual_review,uncertain_threshold_sensitive,phase2c_still_review_required,still_review_required,review_required,blocked_or_mixed_evidence_remains_unresolved,4,1007,2.359722222222222,0.4166666666666667,0.5833333333333334,11.291666666666666,-0.2544318326744038,1.1555555555555554,False,0.75,1.7511942272409344,ori011,boundary,r210
remaining_review_required_677_second_priority,628,E_N002125_N002127,3741,N002125,N002127,manual_review_uncertain,blocked_manual_review,uncertain_threshold_sensitive,phase2c_still_review_required,still_review_required,review_required,blocked_or_mixed_evidence_remains_unresolved,2,1008,2.35,0.5416666666666666,0.20833333333333334,1.2083333333333333,0.3446650959272972,1.5833333333333335,False,1.0,1.4426178742070643,ori110,near_boundary,r220
remaining_review_required_677_second_priority,629,E_N002877_N003004,7317,N002877,N003004,manual_review_uncertain,blocked_manual_review,uncertain_threshold_sensitive,phase2c_still_review_required,still_review_required,review_required,blocked_or_mixed_evidence_remains_unresolved,2,1009,2.35,0.2916666666666667,0.2916666666666667,1.1666666666666667,0.20455317703024126,1.25,False,1.0,1.711168142932207,ori110,near_boundary,r211
remaining_review_required_677_second_priority,630,E_N000609_N000736,3285,N000609,N000736,manual_review_uncertain,blocked_manual_review,uncertain_threshold_sensitive,phase2c_still_review_required,still_review_required,review_required,blocked_or_mixed_evidence_remains_unresolved,2,1010,2.3499999999999996,0.3333333333333333,0.3333333333333333,1.0,0.20168918918918918,1.25,False,1.0,1.7076259781637577,ori110,near_boundary,r210
remaining_review_required_677_second_priority,631,E_N000604_N000739,1296,N000604,N000739,manual_review_uncertain,blocked_manual_review,uncertain_threshold_sensitive,phase2c_still_review_required,still_review_required,review_required,blocked_or_mixed_evidence_remains_unresolved,4,1012,2.3493055555555555,0.4166666666666667,0.5833333333333334,12.416666666666666,-0.5737670732978835,1.1555555555555554,False,0.7083333333333333,1.2985242174741585,ori011,boundary,r210
remaining_review_required_677_second_priority,632,E_N003637_N003648,6476,N003637,N003648,manual_review_uncertain,blocked_manual_review,uncertain_threshold_sensitive,phase2c_still_review_required,still_review_required,review_required,blocked_or_mixed_evidence_remains_unresolved,2,1014,2.3465277777777778,0.5416666666666666,0.4166666666666667,1.7916666666666667,0.5264150943396226,1.4444444444444444,False,0.7083333333333334,1.9309651165307584,ori101,boundary,r201
remaining_review_required_677_second_priority,633,E_N003801_N003821,6986,N003801,N003821,manual_review_uncertain,blocked_manual_review,uncertain_mixed_evidence,phase2c_still_review_required,still_review_required,review_required,blocked_or_mixed_evidence_remains_unresolved,2,1015,2.3458333333333337,0.875,0.125,12.291666666666666,3.7275012569130217,2.2,False,0.08333333333333326,0.29459585736496924,ori101,interior,r011
remaining_review_required_677_second_priority,634,E_N000875_N000881,1747,N000875,N000881,manual_review_uncertain,blocked_manual_review,uncertain_threshold_sensitive,phase2c_still_review_required,still_review_required,review_required,blocked_or_mixed_evidence_remains_unresolved,2,1018,2.342559523809524,0.125,0.6666666666666666,1.125,0.476734693877551,0.8571428571428571,False,0.375,2.5,ori101,boundary,r220
remaining_review_required_677_second_priority,635,E_N007557_N007559,13409,N007557,N007559,manual_review_uncertain,blocked_manual_review,uncertain_threshold_sensitive,phase2c_still_review_required,still_review_required,review_required,blocked_or_mixed_evidence_remains_unresolved,3,1019,2.3395833333333336,0.2916666666666667,0.625,0.7916666666666666,-0.006493506493506494,1.0,False,0.625,2.5,ori110,boundary,r212
remaining_review_required_677_second_priority,636,E_N003522_N003526,6265,N003522,N003526,manual_review_uncertain,blocked_manual_review,uncertain_mixed_evidence,phase2c_still_review_required,still_review_required,review_required,blocked_or_mixed_evidence_remains_unresolved,3,1020,2.339583333333333,0.4583333333333333,0.5416666666666666,4.75,1.7032967032967032,1.375,False,0.12499999999999994,2.091990222002105,ori011,boundary,r201
remaining_review_required_677_second_priority,637,E_N005789_N005795,10507,N005789,N005795,manual_review_uncertain,blocked_manual_review,uncertain_threshold_sensitive,phase2c_still_review_required,still_review_required,review_required,blocked_or_mixed_evidence_remains_unresolved,2,1021,2.339583333333333,0.5,0.5,4.041666666666667,2.10093896713615,1.4166666666666665,False,0.2916666666666667,2.5,ori101,boundary,r201
remaining_review_required_677_second_priority,638,E_N000604_N000629,1304,N000604,N000629,manual_review_uncertain,blocked_manual_review,uncertain_threshold_sensitive,phase2c_still_review_required,still_review_required,review_required,blocked_or_mixed_evidence_remains_unresolved,3,1022,2.3361111111111112,0.375,0.625,12.333333333333334,-0.6142028985507246,1.1111111111111112,False,0.5,1.2930708194720328,ori101,boundary,r210
remaining_review_required_677_second_priority,639,E_N000735_N001889,3540,N000735,N001889,manual_review_uncertain,blocked_manual_review,uncertain_threshold_sensitive,phase2c_still_review_required,still_review_required,review_required,blocked_or_mixed_evidence_remains_unresolved,2,1027,2.3256944444444443,0.375,0.5416666666666666,1.2083333333333333,0.0743801652892562,1.1111111111111112,False,0.7916666666666666,1.8908898605435271,ori101,boundary,r210
remaining_review_required_677_second_priority,640,E_N000877_N000879,1532,N000877,N000879,manual_review_uncertain,blocked_manual_review,uncertain_registration_unstable,phase2c_still_review_required,still_review_required,review_required,blocked_or_mixed_evidence_remains_unresolved,3,1029,2.3217261904761903,0.20833333333333334,0.7916666666666666,4.708333333333333,-0.5819896562214786,0.8571428571428571,False,0.125,2.5,ori101,boundary,r220
remaining_review_required_677_second_priority,641,E_N000217_N000232,2407,N000217,N000232,manual_review_uncertain,blocked_manual_review,uncertain_threshold_sensitive,phase2c_still_review_required,still_review_required,review_required,blocked_or_mixed_evidence_remains_unresolved,2,1030,2.31875,0.5416666666666666,0.2916666666666667,1.4166666666666667,0.15590292060880295,1.5,False,0.875,1.2233541195243525,ori110,near_boundary,r200
remaining_review_required_677_second_priority,642,E_N003129_N003133,5550,N003129,N003133,manual_review_uncertain,blocked_manual_review,uncertain_threshold_sensitive,phase2c_still_review_required,still_review_required,review_required,blocked_or_mixed_evidence_remains_unresolved,2,1031,2.31875,0.75,0.25,1.875,0.6839729119638827,1.75,False,0.875,1.6986342989916456,ori011,near_boundary,r220
remaining_review_required_677_second_priority,643,E_N001744_N002881,5096,N001744,N002881,manual_review_uncertain,blocked_manual_review,uncertain_threshold_sensitive,phase2c_still_review_required,still_review_required,review_required,blocked_or_mixed_evidence_remains_unresolved,2,1032,2.317728758169934,0.5416666666666666,0.3333333333333333,2.4166666666666665,0.6637856525496975,1.5718954248366013,False,0.4166666666666667,1.3569521398354891,ori101,near_boundary,r210
remaining_review_required_677_second_priority,644,E_N001617_N002771,5116,N001617,N002771,manual_review_uncertain,blocked_manual_review,uncertain_mixed_evidence,phase2c_still_review_required,still_review_required,review_required,blocked_or_mixed_evidence_remains_unresolved,2,1033,2.3152777777777778,0.3333333333333333,0.6666666666666666,1.5,0.06107784431137724,1.1111111111111112,False,0.08333333333333331,1.705470370989832,ori101,boundary,r210
remaining_review_required_677_second_priority,645,E_N008436_N009573,17144,N008436,N009573,manual_review_uncertain,blocked_manual_review,uncertain_threshold_sensitive,phase2c_still_review_required,still_review_required,review_required,blocked_or_mixed_evidence_remains_unresolved,2,1034,2.3152777777777778,0.375,0.625,1.75,0.10407725321888411,1.1111111111111112,False,0.4166666666666667,2.074527925279984,ori101,boundary,r212
remaining_review_required_677_second_priority,646,E_N002009_N002015,3763,N002009,N002015,manual_review_uncertain,blocked_manual_review,uncertain_registration_unstable,phase2c_still_review_required,still_review_required,review_required,blocked_or_mixed_evidence_remains_unresolved,3,1040,2.305654761904762,0.125,0.6666666666666666,0.25,0.49477351916376305,0.861904761904762,False,0.20833333333333334,2.5,ori101,boundary,r220
remaining_review_required_677_second_priority,647,E_N006545_N006551,11827,N006545,N006551,manual_review_uncertain,blocked_manual_review,uncertain_threshold_sensitive,phase2c_still_review_required,still_review_required,review_required,blocked_or_mixed_evidence_remains_unresolved,3,1047,2.2945075757575757,0.25,0.75,1.2083333333333333,-0.17293233082706766,0.8090909090909091,False,0.5416666666666667,2.5,ori101,boundary,r221
remaining_review_required_677_second_priority,648,E_N001001_N001007,1999,N001001,N001007,manual_review_uncertain,blocked_manual_review,uncertain_threshold_sensitive,phase2c_still_review_required,still_review_required,review_required,blocked_or_mixed_evidence_remains_unresolved,3,1049,2.2904761904761903,0.08333333333333333,0.5416666666666666,0.5,0.23084025854108955,0.8571428571428571,False,0.5,2.5,ori101,boundary,r220
remaining_review_required_677_second_priority,649,E_N003889_N003900,6916,N003889,N003900,manual_review_uncertain,blocked_manual_review,uncertain_mixed_evidence,phase2c_still_review_required,still_review_required,review_required,blocked_or_mixed_evidence_remains_unresolved,3,1062,2.2631944444444447,0.375,0.625,1.125,0.024464831804281346,1.1111111111111112,False,0.20833333333333334,2.061798039679431,ori101,boundary,r211
remaining_review_required_677_second_priority,650,E_N000856_N000881,1744,N000856,N000881,manual_review_uncertain,blocked_manual_review,uncertain_threshold_sensitive,phase2c_still_review_required,still_review_required,review_required,blocked_or_mixed_evidence_remains_unresolved,3,1084,2.2354166666666666,0.25,0.75,6.75,-0.44830473001255755,0.75,False,0.5416666666666667,1.8004417730976063,ori101,boundary,r220
remaining_review_required_677_second_priority,651,E_N006405_N007559,13620,N006405,N007559,manual_review_uncertain,blocked_manual_review,uncertain_threshold_sensitive,phase2c_still_review_required,still_review_required,review_required,blocked_or_mixed_evidence_remains_unresolved,3,1085,2.2352124183006534,0.375,0.5416666666666666,0.9583333333333334,-0.0967741935483871,1.1143790849673203,False,0.41666666666666663,1.9585026126458431,ori101,boundary,r212
remaining_review_required_677_second_priority,652,E_N010073_N010203,18446,N010073,N010203,manual_review_uncertain,blocked_manual_review,uncertain_threshold_sensitive,phase2c_still_review_required,still_review_required,review_required,blocked_or_mixed_evidence_remains_unresolved,3,1090,2.220833333333333,0.4583333333333333,0.5416666666666666,1.4166666666666667,0.08540372670807453,1.1833333333333333,False,0.41666666666666663,2.5,ori011,boundary,r222
remaining_review_required_677_second_priority,653,E_N007554_N008691,15424,N007554,N008691,manual_review_uncertain,blocked_manual_review,uncertain_threshold_sensitive,phase2c_still_review_required,still_review_required,review_required,blocked_or_mixed_evidence_remains_unresolved,3,1093,2.2111111111111112,0.4166666666666667,0.5833333333333334,1.375,-0.4620107444359171,1.1111111111111112,False,0.3333333333333333,1.8700726075800245,ori101,boundary,r212
remaining_review_required_677_second_priority,654,E_N008688_N009825,17656,N008688,N009825,manual_review_uncertain,blocked_manual_review,uncertain_mixed_evidence,phase2c_still_review_required,still_review_required,review_required,blocked_or_mixed_evidence_remains_unresolved,3,1115,2.1930555555555555,0.2916666666666667,0.4166666666666667,1.2083333333333333,-0.5161030595813204,1.1555555555555554,False,0.25,1.9087642646935707,ori101,boundary,r212
remaining_review_required_677_second_priority,655,E_N000611_N000613,1064,N000611,N000613,manual_review_uncertain,blocked_manual_review,uncertain_threshold_sensitive,phase2c_still_review_required,still_review_required,review_required,blocked_or_mixed_evidence_remains_unresolved,3,1117,2.1902777777777778,0.4583333333333333,0.5416666666666666,15.166666666666666,-0.5970108695652174,1.1111111111111112,False,0.5833333333333334,1.1645157011809697,ori101,boundary,r210
remaining_review_required_677_second_priority,656,E_N002125_N002136,3764,N002125,N002136,manual_review_uncertain,blocked_manual_review,uncertain_threshold_sensitive,phase2c_still_review_required,still_review_required,review_required,blocked_or_mixed_evidence_remains_unresolved,3,1121,2.183333333333333,0.125,0.5416666666666666,0.75,-0.016129032258064516,0.75,False,0.6666666666666667,1.8169529180732988,ori101,boundary,r220
remaining_review_required_677_second_priority,657,E_N009321_N009323,16633,N009321,N009323,manual_review_uncertain,blocked_manual_review,uncertain_threshold_sensitive,phase2c_still_review_required,still_review_required,review_required,blocked_or_mixed_evidence_remains_unresolved,3,1122,2.183333333333333,0.5833333333333334,0.4166666666666667,2.0416666666666665,-0.4006529850746269,1.3333333333333333,False,0.6666666666666666,1.9444457696326616,ori110,boundary,r202
remaining_review_required_677_second_priority,658,E_N009573_N009575,17145,N009573,N009575,manual_review_uncertain,blocked_manual_review,uncertain_threshold_sensitive,phase2c_still_review_required,still_review_required,review_required,blocked_or_mixed_evidence_remains_unresolved,3,1148,2.129166666666667,0.4166666666666667,0.5833333333333334,1.75,-0.37209302325581395,0.9666666666666667,False,0.5833333333333334,1.8062543856076296,ori110,boundary,r212
remaining_review_required_677_second_priority,659,E_N009822_N009825,17658,N009822,N009825,manual_review_uncertain,blocked_manual_review,uncertain_threshold_sensitive,phase2c_still_review_required,still_review_required,review_required,blocked_or_mixed_evidence_remains_unresolved,3,1181,2.085906862745098,0.4583333333333333,0.5416666666666666,2.7083333333333335,-0.07167985927880387,1.0588235294117647,False,0.37500000000000006,1.5963563068639854,ori101,boundary,r212
remaining_review_required_677_second_priority,660,E_N000989_N000991,1724,N000989,N000991,manual_review_uncertain,blocked_manual_review,uncertain_threshold_sensitive,phase2c_still_review_required,still_review_required,review_required,blocked_or_mixed_evidence_remains_unresolved,3,1197,2.0538690476190475,0.3333333333333333,0.6666666666666666,5.5,-0.5053140096618357,0.7142857142857143,False,0.625,1.3026292028164546,ori101,boundary,r220
remaining_review_required_677_second_priority,661,E_N006798_N007935,14104,N006798,N007935,manual_review_uncertain,blocked_manual_review,uncertain_registration_unstable,phase2c_still_review_required,still_review_required,review_required,blocked_or_mixed_evidence_remains_unresolved,3,1228,2.0196428571428573,0.375,0.625,1.4166666666666667,-0.6309055118110236,0.8571428571428571,False,0.24999999999999997,2.5,ori101,boundary,r222
remaining_review_required_677_second_priority,662,E_N008814_N009951,17912,N008814,N009951,manual_review_uncertain,blocked_manual_review,uncertain_threshold_sensitive,phase2c_still_review_required,still_review_required,review_required,blocked_or_mixed_evidence_remains_unresolved,3,1299,1.9973214285714285,0.3333333333333333,0.5833333333333334,1.3333333333333333,-0.42151394422310756,0.8035714285714286,False,0.375,2.5,ori101,boundary,r222
remaining_review_required_677_second_priority,663,E_N000105_N000111,399,N000105,N000111,manual_review_uncertain,blocked_manual_review,uncertain_threshold_sensitive,phase2c_still_review_required,still_review_required,review_required,blocked_or_mixed_evidence_remains_unresolved,3,1309,1.9766447368421052,0.625,0.25,1.875,-0.12141992739007665,1.3245614035087718,False,0.7083333333333333,1.1793586312928632,ori101,boundary,r200
remaining_review_required_677_second_priority,664,E_N002373_N003511,6245,N002373,N003511,manual_review_uncertain,blocked_manual_review,uncertain_mixed_evidence,phase2c_still_review_required,still_review_required,review_required,blocked_or_mixed_evidence_remains_unresolved,3,1311,1.975,0.5,0.5,3.4166666666666665,-0.03564727954971857,1.125,False,0.0,2.435251277280566,ori011,boundary,r201
remaining_review_required_677_second_priority,665,E_N000469_N001623,3072,N000469,N001623,manual_review_uncertain,blocked_manual_review,uncertain_threshold_sensitive,phase2c_still_review_required,still_review_required,review_required,blocked_or_mixed_evidence_remains_unresolved,3,1342,1.9368055555555557,0.7916666666666666,0.16666666666666666,2.4166666666666665,0.00966702470461869,1.5555555555555556,False,0.625,0.9134803540617725,ori101,near_boundary,r210
remaining_review_required_677_second_priority,666,E_N009947_N009953,18163,N009947,N009953,manual_review_uncertain,blocked_manual_review,uncertain_mixed_evidence,phase2c_still_review_required,still_review_required,review_required,blocked_or_mixed_evidence_remains_unresolved,3,1354,1.9154761904761906,0.4166666666666667,0.5833333333333334,2.5416666666666665,-0.2671680837148463,0.8571428571428571,False,0.16666666666666663,1.878620907676281,ori101,boundary,r222
remaining_review_required_677_second_priority,667,E_N000231_N000237,619,N000231,N000237,manual_review_uncertain,blocked_manual_review,uncertain_threshold_sensitive,phase2c_still_review_required,still_review_required,review_required,blocked_or_mixed_evidence_remains_unresolved,3,1381,1.8803030303030301,0.75,0.20833333333333334,2.4166666666666665,-0.21544715447154472,1.3636363636363635,False,0.8333333333333334,1.28497254914217,ori101,boundary,r200
remaining_review_required_677_second_priority,668,E_N000100_N000125,424,N000100,N000125,manual_review_uncertain,blocked_manual_review,uncertain_threshold_sensitive,phase2c_still_review_required,still_review_required,review_required,blocked_or_mixed_evidence_remains_unresolved,3,1446,1.8222222222222224,0.6666666666666666,0.25,13.458333333333334,-0.5566845985256027,1.2222222222222223,False,0.6666666666666667,1.2924260070669145,ori101,boundary,r200
remaining_review_required_677_second_priority,669,E_N000105_N001259,2440,N000105,N001259,manual_review_uncertain,blocked_manual_review,uncertain_threshold_sensitive,phase2c_still_review_required,still_review_required,review_required,blocked_or_mixed_evidence_remains_unresolved,3,1468,1.802651515151515,0.75,0.125,2.25,-0.28700419219606577,1.3484848484848484,False,0.9166666666666666,1.432496264582504,ori101,boundary,r200
remaining_review_required_677_second_priority,670,E_N000246_N001383,2448,N000246,N001383,manual_review_uncertain,blocked_manual_review,uncertain_threshold_sensitive,phase2c_still_review_required,still_review_required,review_required,blocked_or_mixed_evidence_remains_unresolved,3,1856,1.5937499999999998,0.9166666666666666,0.08333333333333333,2.3333333333333335,-0.3688498903165152,1.3333333333333333,False,0.7083333333333333,2.5,ori101,boundary,r200
remaining_review_required_677_second_priority,671,E_N001239_N001245,2415,N001239,N001245,manual_review_uncertain,blocked_manual_review,uncertain_mixed_evidence,phase2c_still_review_required,still_review_required,review_required,blocked_or_mixed_evidence_remains_unresolved,3,1888,1.5659722222222223,0.9583333333333334,0.041666666666666664,3.0416666666666665,-0.1448087431693989,1.4722222222222223,False,0.20833333333333337,1.49637724987693,ori101,near_boundary,r200
remaining_review_required_677_second_priority,672,E_N000099_N000124,204,N000099,N000124,manual_review_uncertain,blocked_manual_review,uncertain_threshold_sensitive,phase2c_still_review_required,still_review_required,review_required,blocked_or_mixed_evidence_remains_unresolved,3,1926,1.5412581699346406,0.9166666666666666,0.08333333333333333,5.166666666666667,-0.389556135770235,1.2287581699346406,False,0.9166666666666666,1.3547880990105992,ori101,boundary,r200
remaining_review_required_677_second_priority,673,E_N001239_N002393,4456,N001239,N002393,manual_review_uncertain,blocked_manual_review,uncertain_mixed_evidence,phase2c_still_review_required,still_review_required,review_required,blocked_or_mixed_evidence_remains_unresolved,3,2177,1.4058415032679739,0.875,0.125,3.4166666666666665,-0.09978104472943385,1.2287581699346406,False,0.20833333333333337,1.9640512282662297,ori101,boundary,r200
remaining_review_required_677_second_priority,674,E_N009177_N009318,16613,N009177,N009318,manual_review_design_removed_present_like_conflict,blocked_manual_review,design_removed_present_like_conflict,phase2c_still_review_required_design_intent_conflict,still_review_required,review_required,design_removed_conflict_or_uncertain_requires_human_review,1,8052,0.16666666666666666,1.0,0.0,9.75,-2.023344522429051,0.16666666666666666,True,0.0,1.4202347144855616,ori110,boundary,r202
remaining_review_required_677_second_priority,675,E_N005650_N006773,12053,N005650,N006773,manual_review_design_removed_present_like_conflict,blocked_manual_review,design_removed_present_like_conflict,phase2c_still_review_required_design_intent_conflict,still_review_required,review_required,design_removed_conflict_or_uncertain_requires_human_review,0,14025,0.0,1.0,0.0,16.625,4.906790945406125,0.0,True,0.0,1.0902002641616224,ori101,boundary,r221
remaining_review_required_677_second_priority,676,E_N009233_N009360,16702,N009233,N009360,manual_review_design_removed_present_like_conflict,blocked_manual_review,design_removed_present_like_conflict,phase2c_still_review_required_design_intent_conflict,still_review_required,review_required,design_removed_conflict_or_uncertain_requires_human_review,0,17753,0.0,1.0,0.0,36.75,0.48936170212765956,0.0,True,0.0,0.6622673571968628,ori110,boundary,r002
remaining_review_required_677_second_priority,677,E_N009485_N009500,16984,N009485,N009500,manual_review_design_removed_present_like_conflict,blocked_manual_review,design_removed_present_like_conflict,phase2c_still_review_required_design_intent_conflict,still_review_required,review_required,design_removed_conflict_or_uncertain_requires_human_review,0,17957,0.0,1.0,0.0,37.0,0.41465706232383337,0.0,True,0.0,0.7512638743743741,ori110,boundary,r112
