edge_id,source_strut_id,source_class,k,neighbor_edge_ids,neighbor_categories,neighbor_distances_mm,present_neighbor_count,unintentional_missing_neighbor_count,unintentional_broken_neighbor_count,intentional_missing_neighbor_count,resolved_neighbor_count,unresolved_neighbor_count
E_N000251_N000361,651,unintentional_broken,1,"[""E_N000226_N000251""]","[""""]",[1.6122034611053275],0,0,0,0,0,1
E_N000251_N000361,651,unintentional_broken,3,"[""E_N000226_N000251"",""E_N000231_N000251"",""E_N000226_N000361""]","["""",""present"",""""]","[1.6122034611053275,1.6122034611053275,1.6122034611053286]",1,0,0,0,1,2
E_N000251_N000361,651,unintentional_broken,5,"[""E_N000226_N000251"",""E_N000231_N000251"",""E_N000226_N000361"",""E_N000251_N000373"",""E_N000361_N000373""]","["""",""present"","""","""",""present""]","[1.6122034611053275,1.6122034611053275,1.6122034611053286,1.6122034611053286,1.6122034611053286]",2,0,0,0,2,3
E_N000251_N000361,651,unintentional_broken,10,"[""E_N000226_N000251"",""E_N000231_N000251"",""E_N000226_N000361"",""E_N000251_N000373"",""E_N000361_N000373"",""E_N000231_N000361"",""E_N000251_N000372"",""E_N000361_N000372"",""E_N000235_N000251"",""E_N000226_N000373""]","["""",""present"","""","""",""present"","""","""","""","""",""present""]","[1.6122034611053275,1.6122034611053275,1.6122034611053286,1.6122034611053286,1.6122034611053286,1.6122034611053289,1.6122034611053289,1.6122034611053289,2.2799999999999985,2.28]",3,0,0,0,3,7
E_N000358_N001495,2640,unintentional_broken,1,"[""E_N000231_N000358""]","[""""]",[1.6122034611053286],0,0,0,0,0,1
E_N000358_N001495,2640,unintentional_broken,3,"[""E_N000231_N000358"",""E_N000357_N000358"",""E_N000231_N001495""]","["""",""present"",""""]","[1.6122034611053286,1.6122034611053286,1.612203461105329]",1,0,0,0,1,2
E_N000358_N001495,2640,unintentional_broken,5,"[""E_N000231_N000358"",""E_N000357_N000358"",""E_N000231_N001495"",""E_N000357_N001495"",""E_N000358_N001371""]","["""",""present"","""",""present"",""present""]","[1.6122034611053286,1.6122034611053286,1.612203461105329,1.612203461105329,1.612203461105329]",3,0,0,0,3,2
E_N000358_N001495,2640,unintentional_broken,10,"[""E_N000231_N000358"",""E_N000357_N000358"",""E_N000231_N001495"",""E_N000357_N001495"",""E_N000358_N001371"",""E_N000358_N001497"",""E_N001371_N001495"",""E_N001495_N001497"",""E_N000231_N001371"",""E_N000358_N000361""]","["""",""present"","""",""present"",""present"","""",""present"","""","""",""present""]","[1.6122034611053286,1.6122034611053286,1.612203461105329,1.612203461105329,1.612203461105329,1.612203461105329,1.612203461105329,1.612203461105329,2.2799999999999994,2.2799999999999994]",5,0,0,0,5,5
E_N000361_N000363,625,unintentional_broken,1,"[""E_N000352_N000361""]","[""present""]",[1.6122034611053286],1,0,0,0,1,0
E_N000361_N000363,625,unintentional_broken,3,"[""E_N000352_N000361"",""E_N000352_N000363"",""E_N000359_N000361""]","[""present"",""present"",""""]","[1.6122034611053286,1.6122034611053286,1.6122034611053286]",2,0,0,0,2,1
E_N000361_N000363,625,unintentional_broken,5,"[""E_N000352_N000361"",""E_N000352_N000363"",""E_N000359_N000361"",""E_N000359_N000363"",""E_N000357_N000361""]","[""present"",""present"","""","""",""""]","[1.6122034611053286,1.6122034611053286,1.6122034611053286,1.6122034611053286,1.6122034611053289]",2,0,0,0,2,3
E_N000361_N000363,625,unintentional_broken,10,"[""E_N000352_N000361"",""E_N000352_N000363"",""E_N000359_N000361"",""E_N000359_N000363"",""E_N000357_N000361"",""E_N000357_N000363"",""E_N000358_N000361"",""E_N000358_N000363"",""E_N000352_N000359"",""E_N000357_N000358""]","[""present"",""present"","""","""","""","""",""present"",""present"",""present"",""present""]","[1.6122034611053286,1.6122034611053286,1.6122034611053286,1.6122034611053286,1.6122034611053289,1.6122034611053289,1.6122034611053289,1.6122034611053289,2.28,2.28]",6,0,0,0,6,4
E_N001010_N001021,1772,unintentional_missing,1,"[""E_N001010_N001017""]","[""present""]",[1.6122034611053286],1,0,0,0,1,0
E_N001010_N001021,1772,unintentional_missing,3,"[""E_N001010_N001017"",""E_N001010_N001019"",""E_N001019_N001021""]","[""present"",""present"",""""]","[1.6122034611053286,1.6122034611053286,1.6122034611053286]",2,0,0,0,2,1
E_N001010_N001021,1772,unintentional_missing,5,"[""E_N001010_N001017"",""E_N001010_N001019"",""E_N001019_N001021"",""E_N001017_N001021"",""E_N001010_N001035""]","[""present"",""present"","""","""",""unintentional_missing""]","[1.6122034611053286,1.6122034611053286,1.6122034611053286,1.6122034611053289,2.2799999999999994]",2,1,0,0,3,2
E_N001010_N001021,1772,unintentional_missing,10,"[""E_N001010_N001017"",""E_N001010_N001019"",""E_N001019_N001021"",""E_N001017_N001021"",""E_N001010_N001035"",""E_N001011_N001021"",""E_N001015_N001021"",""E_N001017_N001019"",""E_N001010_N001031"",""E_N001019_N001035""]","[""present"",""present"","""","""",""unintentional_missing"",""unintentional_missing"",""unintentional_missing"",""present"",""present"",""present""]","[1.6122034611053286,1.6122034611053286,1.6122034611053286,1.6122034611053289,2.2799999999999994,2.2800000000000002,2.2800000000000002,2.280000000000001,2.7924183067728228,2.7924183067728228]",5,3,0,0,8,2
E_N001010_N001035,1801,unintentional_missing,1,"[""E_N001010_N001019""]","[""present""]",[1.6122034611053286],1,0,0,0,1,0
E_N001010_N001035,1801,unintentional_missing,3,"[""E_N001010_N001019"",""E_N001010_N001031"",""E_N001019_N001035""]","[""present"",""present"",""present""]","[1.6122034611053286,1.6122034611053286,1.6122034611053286]",3,0,0,0,3,0
E_N001010_N001035,1801,unintentional_missing,5,"[""E_N001010_N001019"",""E_N001010_N001031"",""E_N001019_N001035"",""E_N001031_N001035"",""E_N001010_N001021""]","[""present"",""present"",""present"",""present"",""unintentional_missing""]","[1.6122034611053286,1.6122034611053286,1.6122034611053286,1.612203461105329,2.2799999999999994]",4,1,0,0,5,0
E_N001010_N001035,1801,unintentional_missing,10,"[""E_N001010_N001019"",""E_N001010_N001031"",""E_N001019_N001035"",""E_N001031_N001035"",""E_N001010_N001021"",""E_N001015_N001035"",""E_N001024_N001035"",""E_N001019_N001031"",""E_N001010_N001017"",""E_N001019_N001021""]","[""present"",""present"",""present"",""present"",""unintentional_missing"",""unintentional_missing"",""unintentional_missing"",""present"",""present"",""""]","[1.6122034611053286,1.6122034611053286,1.6122034611053286,1.612203461105329,2.2799999999999994,2.2800000000000002,2.2800000000000002,2.280000000000001,2.7924183067728228,2.7924183067728228]",6,3,0,0,9,1
E_N001011_N001021,1773,unintentional_missing,1,"[""E_N001011_N001017""]","[""present""]",[1.6122034611053286],1,0,0,0,1,0
E_N001011_N001021,1773,unintentional_missing,3,"[""E_N001011_N001017"",""E_N001011_N001018"",""E_N001017_N001021""]","[""present"","""",""""]","[1.6122034611053286,1.6122034611053286,1.6122034611053286]",1,0,0,0,1,2
E_N001011_N001021,1773,unintentional_missing,5,"[""E_N001011_N001017"",""E_N001011_N001018"",""E_N001017_N001021"",""E_N001018_N001021"",""E_N001010_N001021""]","[""present"","""","""","""",""unintentional_missing""]","[1.6122034611053286,1.6122034611053286,1.6122034611053286,1.6122034611053286,2.2800000000000002]",1,1,0,0,2,3
E_N001011_N001021,1773,unintentional_missing,10,"[""E_N001011_N001017"",""E_N001011_N001018"",""E_N001017_N001021"",""E_N001018_N001021"",""E_N001010_N001021"",""E_N001012_N001021"",""E_N001017_N001018"",""E_N001010_N001017"",""E_N001012_N001018"",""E_N001016_N001021""]","[""present"","""","""","""",""unintentional_missing"",""unintentional_missing"","""",""present"","""",""""]","[1.6122034611053286,1.6122034611053286,1.6122034611053286,1.6122034611053286,2.2800000000000002,2.2800000000000002,2.280000000000001,2.7924183067728237,2.7924183067728237,2.7924183067728237]",2,2,0,0,4,6
E_N001012_N001016,3779,unintentional_missing,1,"[""E_N001012_N001018""]","[""""]",[1.612203461105328],0,0,0,0,0,1
E_N001012_N001016,3779,unintentional_missing,3,"[""E_N001012_N001018"",""E_N001012_N002152"",""E_N001016_N001021""]","["""",""unintentional_missing"",""""]","[1.612203461105328,1.612203461105328,1.612203461105328]",0,1,0,0,1,2
E_N001012_N001016,3779,unintentional_missing,5,"[""E_N001012_N001018"",""E_N001012_N002152"",""E_N001016_N001021"",""E_N001016_N002155"",""E_N001012_N001021""]","["""",""unintentional_missing"","""",""present"",""unintentional_missing""]","[1.612203461105328,1.612203461105328,1.612203461105328,1.612203461105328,1.6122034611053286]",1,2,0,0,3,2
E_N001012_N001016,3779,unintentional_missing,10,"[""E_N001012_N001018"",""E_N001012_N002152"",""E_N001016_N001021"",""E_N001016_N002155"",""E_N001012_N001021"",""E_N001012_N002155"",""E_N001016_N001018"",""E_N001016_N002152"",""E_N001018_N001021"",""E_N001015_N001016""]","["""",""unintentional_missing"","""",""present"",""unintentional_missing"",""unintentional_missing"","""","""","""",""present""]","[1.612203461105328,1.612203461105328,1.612203461105328,1.612203461105328,1.6122034611053286,1.6122034611053286,1.6122034611053286,1.6122034611053286,2.28,2.2800000000000002]",2,3,0,0,5,5
E_N001012_N001021,1774,unintentional_missing,1,"[""E_N001012_N001016""]","[""unintentional_missing""]",[1.6122034611053286],0,1,0,0,1,0
E_N001012_N001021,1774,unintentional_missing,3,"[""E_N001012_N001016"",""E_N001012_N001018"",""E_N001016_N001021""]","[""unintentional_missing"","""",""""]","[1.6122034611053286,1.6122034611053286,1.6122034611053286]",0,1,0,0,1,2
E_N001012_N001021,1774,unintentional_missing,5,"[""E_N001012_N001016"",""E_N001012_N001018"",""E_N001016_N001021"",""E_N001018_N001021"",""E_N001012_N002155""]","[""unintentional_missing"","""","""","""",""unintentional_missing""]","[1.6122034611053286,1.6122034611053286,1.6122034611053286,1.6122034611053289,2.2799999999999994]",0,2,0,0,2,3
E_N001012_N001021,1774,unintentional_missing,10,"[""E_N001012_N001016"",""E_N001012_N001018"",""E_N001016_N001021"",""E_N001018_N001021"",""E_N001012_N002155"",""E_N001011_N001021"",""E_N001015_N001021"",""E_N001016_N001018"",""E_N001012_N002152"",""E_N001016_N002155""]","[""unintentional_missing"","""","""","""",""unintentional_missing"",""unintentional_missing"",""unintentional_missing"","""",""unintentional_missing"",""present""]","[1.6122034611053286,1.6122034611053286,1.6122034611053286,1.6122034611053289,2.2799999999999994,2.2800000000000002,2.2800000000000002,2.280000000000001,2.7924183067728228,2.7924183067728228]",1,5,0,0,6,4
E_N001012_N002152,3781,unintentional_missing,1,"[""E_N001012_N001016""]","[""unintentional_missing""]",[1.612203461105328],0,1,0,0,1,0
E_N001012_N002152,3781,unintentional_missing,3,"[""E_N001012_N001016"",""E_N001012_N002155"",""E_N001016_N002152""]","[""unintentional_missing"",""unintentional_missing"",""""]","[1.612203461105328,1.6122034611053286,1.6122034611053286]",0,2,0,0,2,1
E_N001012_N002152,3781,unintentional_missing,5,"[""E_N001012_N001016"",""E_N001012_N002155"",""E_N001016_N002152"",""E_N002152_N002155"",""E_N001012_N001018""]","[""unintentional_missing"",""unintentional_missing"","""","""",""""]","[1.612203461105328,1.6122034611053286,1.6122034611053286,1.6122034611053286,2.2799999999999994]",0,2,0,0,2,3
E_N001012_N002152,3781,unintentional_missing,10,"[""E_N001012_N001016"",""E_N001012_N002155"",""E_N001016_N002152"",""E_N002152_N002155"",""E_N001012_N001018"",""E_N001016_N002155"",""E_N002146_N002152"",""E_N000886_N002152"",""E_N001012_N001021"",""E_N001016_N001018""]","[""unintentional_missing"",""unintentional_missing"","""","""","""",""present"","""","""",""unintentional_missing"",""""]","[1.612203461105328,1.6122034611053286,1.6122034611053286,1.6122034611053286,2.2799999999999994,2.28,2.2800000000000002,2.280000000000001,2.7924183067728228,2.7924183067728228]",1,3,0,0,4,6
E_N001012_N002155,3789,unintentional_missing,1,"[""E_N001012_N001016""]","[""unintentional_missing""]",[1.6122034611053286],0,1,0,0,1,0
E_N001012_N002155,3789,unintentional_missing,3,"[""E_N001012_N001016"",""E_N001012_N002152"",""E_N001016_N002155""]","[""unintentional_missing"",""unintentional_missing"",""present""]","[1.6122034611053286,1.6122034611053286,1.6122034611053286]",1,2,0,0,3,0
E_N001012_N002155,3789,unintentional_missing,5,"[""E_N001012_N001016"",""E_N001012_N002152"",""E_N001016_N002155"",""E_N002152_N002155"",""E_N001012_N001021""]","[""unintentional_missing"",""unintentional_missing"",""present"","""",""unintentional_missing""]","[1.6122034611053286,1.6122034611053286,1.6122034611053286,1.612203461105329,2.2799999999999994]",1,3,0,0,4,1
E_N001012_N002155,3789,unintentional_missing,10,"[""E_N001012_N001016"",""E_N001012_N002152"",""E_N001016_N002155"",""E_N002152_N002155"",""E_N001012_N001021"",""E_N001015_N002155"",""E_N002146_N002155"",""E_N001016_N002152"",""E_N001012_N001018"",""E_N001016_N001021""]","[""unintentional_missing"",""unintentional_missing"",""present"","""",""unintentional_missing"",""unintentional_missing"",""unintentional_missing"","""","""",""""]","[1.6122034611053286,1.6122034611053286,1.6122034611053286,1.612203461105329,2.2799999999999994,2.2800000000000002,2.2800000000000002,2.280000000000001,2.7924183067728228,2.7924183067728228]",1,5,0,0,6,4
E_N001015_N001021,1775,unintentional_missing,1,"[""E_N001015_N001016""]","[""present""]",[1.6122034611053286],1,0,0,0,1,0
E_N001015_N001021,1775,unintentional_missing,3,"[""E_N001015_N001016"",""E_N001015_N001019"",""E_N001016_N001021""]","[""present"",""present"",""""]","[1.6122034611053286,1.6122034611053286,1.6122034611053289]",2,0,0,0,2,1
E_N001015_N001021,1775,unintentional_missing,5,"[""E_N001015_N001016"",""E_N001015_N001019"",""E_N001016_N001021"",""E_N001019_N001021"",""E_N001015_N001035""]","[""present"",""present"","""","""",""unintentional_missing""]","[1.6122034611053286,1.6122034611053286,1.6122034611053289,1.6122034611053289,2.2799999999999994]",2,1,0,0,3,2
E_N001015_N001021,1775,unintentional_missing,10,"[""E_N001015_N001016"",""E_N001015_N001019"",""E_N001016_N001021"",""E_N001019_N001021"",""E_N001015_N001035"",""E_N001015_N002155"",""E_N001010_N001021"",""E_N001012_N001021"",""E_N001016_N001019"",""E_N001015_N001030""]","[""present"",""present"","""","""",""unintentional_missing"",""unintentional_missing"",""unintentional_missing"",""unintentional_missing"",""present"",""present""]","[1.6122034611053286,1.6122034611053286,1.6122034611053289,1.6122034611053289,2.2799999999999994,2.2799999999999994,2.2800000000000002,2.2800000000000002,2.280000000000001,2.7924183067728223]",4,4,0,0,8,2
E_N001015_N001035,1802,unintentional_missing,1,"[""E_N001015_N001019""]","[""present""]",[1.6122034611053286],1,0,0,0,1,0
E_N001015_N001035,1802,unintentional_missing,3,"[""E_N001015_N001019"",""E_N001015_N001030"",""E_N001019_N001035""]","[""present"",""present"",""present""]","[1.6122034611053286,1.6122034611053286,1.6122034611053289]",3,0,0,0,3,0
E_N001015_N001035,1802,unintentional_missing,5,"[""E_N001015_N001019"",""E_N001015_N001030"",""E_N001019_N001035"",""E_N001030_N001035"",""E_N001015_N001021""]","[""present"",""present"",""present"",""present"",""unintentional_missing""]","[1.6122034611053286,1.6122034611053286,1.6122034611053289,1.612203461105329,2.2799999999999994]",4,1,0,0,5,0
E_N001015_N001035,1802,unintentional_missing,10,"[""E_N001015_N001019"",""E_N001015_N001030"",""E_N001019_N001035"",""E_N001030_N001035"",""E_N001015_N001021"",""E_N001015_N002169"",""E_N001010_N001035"",""E_N001029_N001035"",""E_N001019_N001030"",""E_N001015_N001016""]","[""present"",""present"",""present"",""present"",""unintentional_missing"",""unintentional_missing"",""unintentional_missing"",""unintentional_missing"",""present"",""present""]","[1.6122034611053286,1.6122034611053286,1.6122034611053289,1.612203461105329,2.2799999999999994,2.2799999999999994,2.2800000000000002,2.2800000000000002,2.280000000000001,2.7924183067728223]",6,4,0,0,10,0
E_N001015_N002155,3788,unintentional_missing,1,"[""E_N001015_N001016""]","[""present""]",[1.6122034611053286],1,0,0,0,1,0
E_N001015_N002155,3788,unintentional_missing,3,"[""E_N001015_N001016"",""E_N001015_N002153"",""E_N001016_N002155""]","[""present"",""present"",""present""]","[1.6122034611053286,1.6122034611053286,1.6122034611053289]",3,0,0,0,3,0
E_N001015_N002155,3788,unintentional_missing,5,"[""E_N001015_N001016"",""E_N001015_N002153"",""E_N001016_N002155"",""E_N002153_N002155"",""E_N001015_N001021""]","[""present"",""present"",""present"","""",""unintentional_missing""]","[1.6122034611053286,1.6122034611053286,1.6122034611053289,1.612203461105329,2.2799999999999994]",3,1,0,0,4,1
E_N001015_N002155,3788,unintentional_missing,10,"[""E_N001015_N001016"",""E_N001015_N002153"",""E_N001016_N002155"",""E_N002153_N002155"",""E_N001015_N001021"",""E_N001015_N002169"",""E_N001012_N002155"",""E_N002149_N002155"",""E_N001016_N002153"",""E_N001015_N001030""]","[""present"",""present"",""present"","""",""unintentional_missing"",""unintentional_missing"",""unintentional_missing"",""unintentional_missing"",""present"",""present""]","[1.6122034611053286,1.6122034611053286,1.6122034611053289,1.612203461105329,2.2799999999999994,2.2799999999999994,2.2800000000000002,2.2800000000000002,2.280000000000001,2.7924183067728223]",5,4,0,0,9,1
E_N001015_N002169,3817,unintentional_missing,1,"[""E_N001015_N001030""]","[""present""]",[1.6122034611053286],1,0,0,0,1,0
E_N001015_N002169,3817,unintentional_missing,3,"[""E_N001015_N001030"",""E_N001015_N002153"",""E_N001030_N002169""]","[""present"",""present"",""present""]","[1.6122034611053286,1.6122034611053286,1.612203461105329]",3,0,0,0,3,0
E_N001015_N002169,3817,unintentional_missing,5,"[""E_N001015_N001030"",""E_N001015_N002153"",""E_N001030_N002169"",""E_N002153_N002169"",""E_N001015_N001035""]","[""present"",""present"",""present"",""present"",""unintentional_missing""]","[1.6122034611053286,1.6122034611053286,1.612203461105329,1.612203461105329,2.2799999999999994]",4,1,0,0,5,0
E_N001015_N002169,3817,unintentional_missing,10,"[""E_N001015_N001030"",""E_N001015_N002153"",""E_N001030_N002169"",""E_N002153_N002169"",""E_N001015_N001035"",""E_N001015_N002155"",""E_N001029_N002169"",""E_N002149_N002169"",""E_N001030_N002153"",""E_N001015_N001016""]","[""present"",""present"",""present"",""present"",""unintentional_missing"",""unintentional_missing"",""unintentional_missing"",""unintentional_missing"",""present"",""present""]","[1.6122034611053286,1.6122034611053286,1.612203461105329,1.612203461105329,2.2799999999999994,2.2799999999999994,2.2800000000000002,2.2800000000000002,2.280000000000001,2.7924183067728223]",6,4,0,0,10,0
E_N001024_N001035,1800,unintentional_missing,1,"[""E_N001024_N001031""]","[""present""]",[1.6122034611053286],1,0,0,0,1,0
E_N001024_N001035,1800,unintentional_missing,3,"[""E_N001024_N001031"",""E_N001024_N001033"",""E_N001031_N001035""]","[""present"","""",""present""]","[1.6122034611053286,1.6122034611053286,1.6122034611053286]",2,0,0,0,2,1
E_N001024_N001035,1800,unintentional_missing,5,"[""E_N001024_N001031"",""E_N001024_N001033"",""E_N001031_N001035"",""E_N001033_N001035"",""E_N001024_N001049""]","[""present"","""",""present"",""present"",""unintentional_missing""]","[1.6122034611053286,1.6122034611053286,1.6122034611053286,1.6122034611053286,2.2799999999999985]",3,1,0,0,4,1
E_N001024_N001035,1800,unintentional_missing,10,"[""E_N001024_N001031"",""E_N001024_N001033"",""E_N001031_N001035"",""E_N001033_N001035"",""E_N001024_N001049"",""E_N001010_N001035"",""E_N001029_N001035"",""E_N001031_N001033"",""E_N001024_N001045"",""E_N001033_N001049""]","[""present"","""",""present"",""present"",""unintentional_missing"",""unintentional_missing"",""unintentional_missing"",""present"",""present"",""present""]","[1.6122034611053286,1.6122034611053286,1.6122034611053286,1.6122034611053286,2.2799999999999985,2.2800000000000002,2.2800000000000002,2.280000000000001,2.792418306772822,2.792418306772822]",6,3,0,0,9,1
E_N001024_N001049,1829,unintentional_missing,1,"[""E_N001024_N001033""]","[""""]",[1.6122034611053278],0,0,0,0,0,1
E_N001024_N001049,1829,unintentional_missing,3,"[""E_N001024_N001033"",""E_N001024_N001045"",""E_N001033_N001049""]","["""",""present"",""present""]","[1.6122034611053278,1.6122034611053286,1.6122034611053286]",2,0,0,0,2,1
E_N001024_N001049,1829,unintentional_missing,5,"[""E_N001024_N001033"",""E_N001024_N001045"",""E_N001033_N001049"",""E_N001045_N001049"",""E_N001024_N001035""]","["""",""present"",""present"",""present"",""unintentional_missing""]","[1.6122034611053278,1.6122034611053286,1.6122034611053286,1.612203461105329,2.2799999999999985]",3,1,0,0,4,1
E_N001024_N001049,1829,unintentional_missing,10,"[""E_N001024_N001033"",""E_N001024_N001045"",""E_N001033_N001049"",""E_N001045_N001049"",""E_N001024_N001035"",""E_N001029_N001049"",""E_N001033_N001045"",""E_N001038_N001049"",""E_N001024_N001031"",""E_N001033_N001035""]","["""",""present"",""present"",""present"",""unintentional_missing"",""unintentional_missing"",""present"",""unintentional_missing"",""present"",""present""]","[1.6122034611053278,1.6122034611053286,1.6122034611053286,1.612203461105329,2.2799999999999985,2.2800000000000002,2.280000000000001,2.280000000000001,2.792418306772822,2.792418306772822]",6,3,0,0,9,1
E_N001029_N001035,1803,unintentional_missing,1,"[""E_N001029_N001030""]","[""present""]",[1.6122034611053286],1,0,0,0,1,0
E_N001029_N001035,1803,unintentional_missing,3,"[""E_N001029_N001030"",""E_N001029_N001033"",""E_N001030_N001035""]","[""present"",""present"",""present""]","[1.6122034611053286,1.6122034611053286,1.6122034611053286]",3,0,0,0,3,0
E_N001029_N001035,1803,unintentional_missing,5,"[""E_N001029_N001030"",""E_N001029_N001033"",""E_N001030_N001035"",""E_N001033_N001035"",""E_N001029_N001049""]","[""present"",""present"",""present"",""present"",""unintentional_missing""]","[1.6122034611053286,1.6122034611053286,1.6122034611053286,1.6122034611053289,2.2799999999999985]",4,1,0,0,5,0
E_N001029_N001035,1803,unintentional_missing,10,"[""E_N001029_N001030"",""E_N001029_N001033"",""E_N001030_N001035"",""E_N001033_N001035"",""E_N001029_N001049"",""E_N001029_N002169"",""E_N001015_N001035"",""E_N001024_N001035"",""E_N001030_N001033"",""E_N001029_N001044""]","[""present"",""present"",""present"",""present"",""unintentional_missing"",""unintentional_missing"",""unintentional_missing"",""unintentional_missing"",""present"",""present""]","[1.6122034611053286,1.6122034611053286,1.6122034611053286,1.6122034611053289,2.2799999999999985,2.2799999999999994,2.2800000000000002,2.2800000000000002,2.280000000000001,2.792418306772822]",6,4,0,0,10,0
E_N001029_N001049,1830,unintentional_missing,1,"[""E_N001029_N001033""]","[""present""]",[1.6122034611053278],1,0,0,0,1,0
E_N001029_N001049,1830,unintentional_missing,3,"[""E_N001029_N001033"",""E_N001029_N001044"",""E_N001033_N001049""]","[""present"",""present"",""present""]","[1.6122034611053278,1.6122034611053286,1.6122034611053289]",3,0,0,0,3,0
E_N001029_N001049,1830,unintentional_missing,5,"[""E_N001029_N001033"",""E_N001029_N001044"",""E_N001033_N001049"",""E_N001044_N001049"",""E_N001029_N001035""]","[""present"",""present"",""present"",""present"",""unintentional_missing""]","[1.6122034611053278,1.6122034611053286,1.6122034611053289,1.612203461105329,2.2799999999999985]",4,1,0,0,5,0
E_N001029_N001049,1830,unintentional_missing,10,"[""E_N001029_N001033"",""E_N001029_N001044"",""E_N001033_N001049"",""E_N001044_N001049"",""E_N001029_N001035"",""E_N001029_N002183"",""E_N001024_N001049"",""E_N001033_N001044"",""E_N001043_N001049"",""E_N001029_N001030""]","[""present"",""present"",""present"",""present"",""unintentional_missing"",""unintentional_missing"",""unintentional_missing"",""present"",""unintentional_missing"",""present""]","[1.6122034611053278,1.6122034611053286,1.6122034611053289,1.612203461105329,2.2799999999999985,2.2799999999999994,2.2800000000000002,2.280000000000001,2.280000000000001,2.792418306772822]",6,4,0,0,10,0
E_N001029_N002169,3816,unintentional_missing,1,"[""E_N001029_N001030""]","[""present""]",[1.6122034611053286],1,0,0,0,1,0
E_N001029_N002169,3816,unintentional_missing,3,"[""E_N001029_N001030"",""E_N001029_N002167"",""E_N001030_N002169""]","[""present"",""present"",""present""]","[1.6122034611053286,1.6122034611053286,1.6122034611053286]",3,0,0,0,3,0
E_N001029_N002169,3816,unintentional_missing,5,"[""E_N001029_N001030"",""E_N001029_N002167"",""E_N001030_N002169"",""E_N002167_N002169"",""E_N001029_N002183""]","[""present"",""present"",""present"",""present"",""unintentional_missing""]","[1.6122034611053286,1.6122034611053286,1.6122034611053286,1.612203461105329,2.2799999999999985]",4,1,0,0,5,0
E_N001029_N002169,3816,unintentional_missing,10,"[""E_N001029_N001030"",""E_N001029_N002167"",""E_N001030_N002169"",""E_N002167_N002169"",""E_N001029_N002183"",""E_N001029_N001035"",""E_N001015_N002169"",""E_N002163_N002169"",""E_N001030_N002167"",""E_N001029_N001044""]","[""present"",""present"",""present"",""present"",""unintentional_missing"",""unintentional_missing"",""unintentional_missing"",""unintentional_missing"",""present"",""present""]","[1.6122034611053286,1.6122034611053286,1.6122034611053286,1.612203461105329,2.2799999999999985,2.2799999999999994,2.2800000000000002,2.2800000000000002,2.280000000000001,2.792418306772822]",6,4,0,0,10,0
E_N001029_N002183,3845,unintentional_missing,1,"[""E_N001029_N002167""]","[""present""]",[1.6122034611053278],1,0,0,0,1,0
E_N001029_N002183,3845,unintentional_missing,3,"[""E_N001029_N002167"",""E_N001029_N001044"",""E_N001044_N002183""]","[""present"",""present"",""present""]","[1.6122034611053278,1.6122034611053286,1.612203461105329]",3,0,0,0,3,0
E_N001029_N002183,3845,unintentional_missing,5,"[""E_N001029_N002167"",""E_N001029_N001044"",""E_N001044_N002183"",""E_N002167_N002183"",""E_N001029_N002169""]","[""present"",""present"",""present"",""present"",""unintentional_missing""]","[1.6122034611053278,1.6122034611053286,1.612203461105329,1.612203461105329,2.2799999999999985]",4,1,0,0,5,0
E_N001029_N002183,3845,unintentional_missing,10,"[""E_N001029_N002167"",""E_N001029_N001044"",""E_N001044_N002183"",""E_N002167_N002183"",""E_N001029_N002169"",""E_N001029_N001049"",""E_N002163_N002183"",""E_N001043_N002183"",""E_N001044_N002167"",""E_N001029_N001030""]","[""present"",""present"",""present"",""present"",""unintentional_missing"",""unintentional_missing"",""unintentional_missing"",""unintentional_missing"",""present"",""present""]","[1.6122034611053278,1.6122034611053286,1.612203461105329,1.612203461105329,2.2799999999999985,2.2799999999999994,2.2800000000000002,2.280000000000001,2.280000000000001,2.792418306772822]",6,4,0,0,10,0
E_N001038_N001049,1828,unintentional_missing,1,"[""E_N001038_N001045""]","[""present""]",[1.6122034611053286],1,0,0,0,1,0
E_N001038_N001049,1828,unintentional_missing,3,"[""E_N001038_N001045"",""E_N001047_N001049"",""E_N001038_N001047""]","[""present"","""",""present""]","[1.6122034611053286,1.6122034611053286,1.612203461105329]",2,0,0,0,2,1
E_N001038_N001049,1828,unintentional_missing,5,"[""E_N001038_N001045"",""E_N001047_N001049"",""E_N001038_N001047"",""E_N001045_N001049"",""E_N001043_N001049""]","[""present"","""",""present"",""present"",""unintentional_missing""]","[1.6122034611053286,1.6122034611053286,1.612203461105329,1.612203461105329,2.2800000000000002]",3,1,0,0,4,1
E_N001038_N001049,1828,unintentional_missing,10,"[""E_N001038_N001045"",""E_N001047_N001049"",""E_N001038_N001047"",""E_N001045_N001049"",""E_N001043_N001049"",""E_N001024_N001049"",""E_N001038_N001063"",""E_N001045_N001047"",""E_N001043_N001047"",""E_N001044_N001049""]","[""present"","""",""present"",""present"",""unintentional_missing"",""unintentional_missing"",""unintentional_missing"",""present"",""present"",""present""]","[1.6122034611053286,1.6122034611053286,1.612203461105329,1.612203461105329,2.2800000000000002,2.280000000000001,2.280000000000001,2.280000000000001,2.7924183067728237,2.7924183067728237]",6,3,0,0,9,1
E_N001038_N001063,1857,unintentional_missing,1,"[""E_N001059_N001063""]","[""present""]",[1.6122034611053278],1,0,0,0,1,0
E_N001038_N001063,1857,unintentional_missing,3,"[""E_N001059_N001063"",""E_N001038_N001059"",""E_N001047_N001063""]","[""present"",""present"",""present""]","[1.6122034611053278,1.6122034611053286,1.6122034611053286]",3,0,0,0,3,0
E_N001038_N001063,1857,unintentional_missing,5,"[""E_N001059_N001063"",""E_N001038_N001059"",""E_N001047_N001063"",""E_N001038_N001047"",""E_N001052_N001063""]","[""present"",""present"",""present"",""present"",""""]","[1.6122034611053278,1.6122034611053286,1.6122034611053286,1.612203461105329,2.2799999999999976]",4,0,0,0,4,1
E_N001038_N001063,1857,unintentional_missing,10,"[""E_N001059_N001063"",""E_N001038_N001059"",""E_N001047_N001063"",""E_N001038_N001047"",""E_N001052_N001063"",""E_N001043_N001063"",""E_N001038_N001049"",""E_N001047_N001059"",""E_N001052_N001059"",""E_N001061_N001063""]","[""present"",""present"",""present"",""present"","""",""unintentional_missing"",""unintentional_missing"",""present"",""present"",""present""]","[1.6122034611053278,1.6122034611053286,1.6122034611053286,1.612203461105329,2.2799999999999976,2.2800000000000002,2.280000000000001,2.280000000000001,2.7924183067728214,2.7924183067728214]",7,2,0,0,9,1
E_N001043_N001049,1831,unintentional_missing,1,"[""E_N001043_N001044""]","[""present""]",[1.6122034611053286],1,0,0,0,1,0
E_N001043_N001049,1831,unintentional_missing,3,"[""E_N001043_N001044"",""E_N001047_N001049"",""E_N001043_N001047""]","[""present"","""",""present""]","[1.6122034611053286,1.6122034611053289,1.612203461105329]",2,0,0,0,2,1
E_N001043_N001049,1831,unintentional_missing,5,"[""E_N001043_N001044"",""E_N001047_N001049"",""E_N001043_N001047"",""E_N001044_N001049"",""E_N001043_N002183""]","[""present"","""",""present"",""present"",""unintentional_missing""]","[1.6122034611053286,1.6122034611053289,1.612203461105329,1.612203461105329,2.2799999999999994]",3,1,0,0,4,1
E_N001043_N001049,1831,unintentional_missing,10,"[""E_N001043_N001044"",""E_N001047_N001049"",""E_N001043_N001047"",""E_N001044_N001049"",""E_N001043_N002183"",""E_N001038_N001049"",""E_N001029_N001049"",""E_N001043_N001063"",""E_N001044_N001047"",""E_N001043_N002181""]","[""present"","""",""present"",""present"",""unintentional_missing"",""unintentional_missing"",""unintentional_missing"",""unintentional_missing"",""present"",""present""]","[1.6122034611053286,1.6122034611053289,1.612203461105329,1.612203461105329,2.2799999999999994,2.2800000000000002,2.280000000000001,2.280000000000001,2.280000000000001,2.7924183067728228]",5,4,0,0,9,1
E_N001043_N001063,1858,unintentional_missing,1,"[""E_N001058_N001063""]","[""present""]",[1.6122034611053278],1,0,0,0,1,0
E_N001043_N001063,1858,unintentional_missing,3,"[""E_N001058_N001063"",""E_N001043_N001058"",""E_N001047_N001063""]","[""present"",""present"",""present""]","[1.6122034611053278,1.6122034611053286,1.6122034611053289]",3,0,0,0,3,0
E_N001043_N001063,1858,unintentional_missing,5,"[""E_N001058_N001063"",""E_N001043_N001058"",""E_N001047_N001063"",""E_N001043_N001047"",""E_N001057_N001063""]","[""present"",""present"",""present"",""present"",""unintentional_missing""]","[1.6122034611053278,1.6122034611053286,1.6122034611053289,1.612203461105329,2.2799999999999976]",4,1,0,0,5,0
E_N001043_N001063,1858,unintentional_missing,10,"[""E_N001058_N001063"",""E_N001043_N001058"",""E_N001047_N001063"",""E_N001043_N001047"",""E_N001057_N001063"",""E_N001043_N002197"",""E_N001038_N001063"",""E_N001043_N001049"",""E_N001047_N001058"",""E_N001057_N001058""]","[""present"",""present"",""present"",""present"",""unintentional_missing"",""unintentional_missing"",""unintentional_missing"",""unintentional_missing"",""present"",""present""]","[1.6122034611053278,1.6122034611053286,1.6122034611053289,1.612203461105329,2.2799999999999976,2.2799999999999994,2.2800000000000002,2.280000000000001,2.280000000000001,2.792418306772821]",6,4,0,0,10,0
E_N001043_N002183,3844,unintentional_missing,1,"[""E_N001043_N001044""]","[""present""]",[1.6122034611053286],1,0,0,0,1,0
E_N001043_N002183,3844,unintentional_missing,3,"[""E_N001043_N001044"",""E_N001043_N002181"",""E_N001044_N002183""]","[""present"",""present"",""present""]","[1.6122034611053286,1.612203461105329,1.612203461105329]",3,0,0,0,3,0
E_N001043_N002183,3844,unintentional_missing,5,"[""E_N001043_N001044"",""E_N001043_N002181"",""E_N001044_N002183"",""E_N002181_N002183"",""E_N001043_N001049""]","[""present"",""present"",""present"",""present"",""unintentional_missing""]","[1.6122034611053286,1.612203461105329,1.612203461105329,1.612203461105329,2.2799999999999994]",4,1,0,0,5,0
E_N001043_N002183,3844,unintentional_missing,10,"[""E_N001043_N001044"",""E_N001043_N002181"",""E_N001044_N002183"",""E_N002181_N002183"",""E_N001043_N001049"",""E_N002177_N002183"",""E_N001029_N002183"",""E_N001043_N002197"",""E_N001044_N002181"",""E_N001043_N001047""]","[""present"",""present"",""present"",""present"",""unintentional_missing"",""unintentional_missing"",""unintentional_missing"",""unintentional_missing"",""present"",""present""]","[1.6122034611053286,1.612203461105329,1.612203461105329,1.612203461105329,2.2799999999999994,2.2800000000000002,2.280000000000001,2.280000000000001,2.280000000000001,2.7924183067728228]",6,4,0,0,10,0
E_N001043_N002197,3873,unintentional_missing,1,"[""E_N001058_N002197""]","[""present""]",[1.6122034611053278],1,0,0,0,1,0
E_N001043_N002197,3873,unintentional_missing,3,"[""E_N001058_N002197"",""E_N001043_N001058"",""E_N001043_N002181""]","[""present"",""present"",""present""]","[1.6122034611053278,1.6122034611053286,1.612203461105329]",3,0,0,0,3,0
E_N001043_N002197,3873,unintentional_missing,5,"[""E_N001058_N002197"",""E_N001043_N001058"",""E_N001043_N002181"",""E_N002181_N002197"",""E_N001057_N002197""]","[""present"",""present"",""present"",""present"",""unintentional_missing""]","[1.6122034611053278,1.6122034611053286,1.612203461105329,1.612203461105329,2.2799999999999976]",4,1,0,0,5,0
E_N001043_N002197,3873,unintentional_missing,10,"[""E_N001058_N002197"",""E_N001043_N001058"",""E_N001043_N002181"",""E_N002181_N002197"",""E_N001057_N002197"",""E_N001043_N001063"",""E_N002177_N002197"",""E_N001043_N002183"",""E_N001058_N002181"",""E_N001057_N001058""]","[""present"",""present"",""present"",""present"",""unintentional_missing"",""unintentional_missing"",""unintentional_missing"",""unintentional_missing"",""present"",""present""]","[1.6122034611053278,1.6122034611053286,1.612203461105329,1.612203461105329,2.2799999999999976,2.2799999999999994,2.2800000000000002,2.280000000000001,2.280000000000001,2.792418306772821]",6,4,0,0,10,0
E_N001057_N001063,1859,unintentional_missing,1,"[""E_N001058_N001063""]","[""present""]",[1.6122034611053278],1,0,0,0,1,0
E_N001057_N001063,1859,unintentional_missing,3,"[""E_N001058_N001063"",""E_N001057_N001058"",""E_N001061_N001063""]","[""present"",""present"",""present""]","[1.6122034611053278,1.6122034611053286,1.6122034611053289]",3,0,0,0,3,0
E_N001057_N001063,1859,unintentional_missing,5,"[""E_N001058_N001063"",""E_N001057_N001058"",""E_N001061_N001063"",""E_N001057_N001061"",""E_N001043_N001063""]","[""present"",""present"",""present"",""present"",""unintentional_missing""]","[1.6122034611053278,1.6122034611053286,1.6122034611053289,1.612203461105329,2.2799999999999976]",4,1,0,0,5,0
E_N001057_N001063,1859,unintentional_missing,10,"[""E_N001058_N001063"",""E_N001057_N001058"",""E_N001061_N001063"",""E_N001057_N001061"",""E_N001043_N001063"",""E_N001057_N002197"",""E_N001052_N001063"",""E_N001057_N001077"",""E_N001058_N001061"",""E_N001043_N001058""]","[""present"",""present"",""present"",""present"",""unintentional_missing"",""unintentional_missing"","""",""unintentional_missing"",""present"",""present""]","[1.6122034611053278,1.6122034611053286,1.6122034611053289,1.612203461105329,2.2799999999999976,2.2799999999999994,2.2800000000000002,2.280000000000001,2.280000000000001,2.792418306772821]",6,3,0,0,9,1
E_N001057_N001077,1886,unintentional_missing,1,"[""E_N001057_N001072""]","[""present""]",[1.6122034611053286],1,0,0,0,1,0
E_N001057_N001077,1886,unintentional_missing,3,"[""E_N001057_N001072"",""E_N001061_N001077"",""E_N001057_N001061""]","[""present"",""present"",""present""]","[1.6122034611053286,1.6122034611053289,1.612203461105329]",3,0,0,0,3,0
E_N001057_N001077,1886,unintentional_missing,5,"[""E_N001057_N001072"",""E_N001061_N001077"",""E_N001057_N001061"",""E_N001072_N001077"",""E_N001071_N001077""]","[""present"",""present"",""present"","""",""unintentional_missing""]","[1.6122034611053286,1.6122034611053289,1.612203461105329,1.612203461105329,2.2799999999999976]",3,1,0,0,4,1
E_N001057_N001077,1886,unintentional_missing,10,"[""E_N001057_N001072"",""E_N001061_N001077"",""E_N001057_N001061"",""E_N001072_N001077"",""E_N001071_N001077"",""E_N001057_N002211"",""E_N001052_N001077"",""E_N001057_N001063"",""E_N001061_N001072"",""E_N001071_N001072""]","[""present"",""present"",""present"","""",""unintentional_missing"",""unintentional_missing"","""",""unintentional_missing"",""present"",""present""]","[1.6122034611053286,1.6122034611053289,1.612203461105329,1.612203461105329,2.2799999999999976,2.2799999999999994,2.2800000000000002,2.280000000000001,2.280000000000001,2.792418306772821]",5,3,0,0,8,2
E_N001057_N002197,3872,unintentional_missing,1,"[""E_N001058_N002197""]","[""present""]",[1.6122034611053278],1,0,0,0,1,0
E_N001057_N002197,3872,unintentional_missing,3,"[""E_N001058_N002197"",""E_N001057_N001058"",""E_N001057_N002195""]","[""present"",""present"",""""]","[1.6122034611053278,1.6122034611053286,1.612203461105329]",2,0,0,0,2,1
E_N001057_N002197,3872,unintentional_missing,5,"[""E_N001058_N002197"",""E_N001057_N001058"",""E_N001057_N002195"",""E_N002195_N002197"",""E_N001043_N002197""]","[""present"",""present"","""",""present"",""unintentional_missing""]","[1.6122034611053278,1.6122034611053286,1.612203461105329,1.612203461105329,2.2799999999999976]",3,1,0,0,4,1
E_N001057_N002197,3872,unintentional_missing,10,"[""E_N001058_N002197"",""E_N001057_N001058"",""E_N001057_N002195"",""E_N002195_N002197"",""E_N001043_N002197"",""E_N001057_N001063"",""E_N002191_N002197"",""E_N001057_N002211"",""E_N001058_N002195"",""E_N001043_N001058""]","[""present"",""present"","""",""present"",""unintentional_missing"",""unintentional_missing"",""unintentional_missing"",""unintentional_missing"",""present"",""present""]","[1.6122034611053278,1.6122034611053286,1.612203461105329,1.612203461105329,2.2799999999999976,2.2799999999999994,2.2800000000000002,2.280000000000001,2.280000000000001,2.792418306772821]",5,4,0,0,9,1
E_N001057_N002211,3901,unintentional_missing,1,"[""E_N001057_N001072""]","[""present""]",[1.6122034611053286],1,0,0,0,1,0
E_N001057_N002211,3901,unintentional_missing,3,"[""E_N001057_N001072"",""E_N001057_N002195"",""E_N001072_N002211""]","[""present"","""",""present""]","[1.6122034611053286,1.612203461105329,1.612203461105329]",2,0,0,0,2,1
E_N001057_N002211,3901,unintentional_missing,5,"[""E_N001057_N001072"",""E_N001057_N002195"",""E_N001072_N002211"",""E_N002195_N002211"",""E_N001071_N002211""]","[""present"","""",""present"",""present"",""unintentional_missing""]","[1.6122034611053286,1.612203461105329,1.612203461105329,1.612203461105329,2.2799999999999976]",3,1,0,0,4,1
E_N001057_N002211,3901,unintentional_missing,10,"[""E_N001057_N001072"",""E_N001057_N002195"",""E_N001072_N002211"",""E_N002195_N002211"",""E_N001071_N002211"",""E_N001057_N001077"",""E_N002191_N002211"",""E_N001057_N002197"",""E_N001072_N002195"",""E_N001071_N001072""]","[""present"","""",""present"",""present"",""unintentional_missing"",""unintentional_missing"",""unintentional_missing"",""unintentional_missing"",""present"",""present""]","[1.6122034611053286,1.612203461105329,1.612203461105329,1.612203461105329,2.2799999999999976,2.2799999999999994,2.2800000000000002,2.280000000000001,2.280000000000001,2.792418306772821]",5,4,0,0,9,1
E_N001071_N001077,1887,unintentional_missing,1,"[""E_N001072_N001077""]","[""""]",[1.6122034611053266],0,0,0,0,0,1
E_N001071_N001077,1887,unintentional_missing,3,"[""E_N001072_N001077"",""E_N001071_N001072"",""E_N001075_N001077""]","["""",""present"",""present""]","[1.6122034611053266,1.6122034611053286,1.6122034611053289]",2,0,0,0,2,1
E_N001071_N001077,1887,unintentional_missing,5,"[""E_N001072_N001077"",""E_N001071_N001072"",""E_N001075_N001077"",""E_N001071_N001075"",""E_N001057_N001077""]","["""",""present"",""present"",""present"",""unintentional_missing""]","[1.6122034611053266,1.6122034611053286,1.6122034611053289,1.612203461105329,2.2799999999999976]",3,1,0,0,4,1
E_N001071_N001077,1887,unintentional_missing,10,"[""E_N001072_N001077"",""E_N001071_N001072"",""E_N001075_N001077"",""E_N001071_N001075"",""E_N001057_N001077"",""E_N001071_N002211"",""E_N001066_N001077"",""E_N001071_N001091"",""E_N001072_N001075"",""E_N001057_N001072""]","["""",""present"",""present"",""present"",""unintentional_missing"",""unintentional_missing"","""",""unintentional_missing"",""present"",""present""]","[1.6122034611053266,1.6122034611053286,1.6122034611053289,1.612203461105329,2.2799999999999976,2.2799999999999994,2.2800000000000002,2.280000000000001,2.280000000000001,2.792418306772821]",5,3,0,0,8,2
E_N001071_N001091,1914,unintentional_missing,1,"[""E_N001071_N001086""]","[""present""]",[1.6122034611053286],1,0,0,0,1,0
E_N001071_N001091,1914,unintentional_missing,3,"[""E_N001071_N001086"",""E_N001075_N001091"",""E_N001071_N001075""]","[""present"","""",""present""]","[1.6122034611053286,1.6122034611053289,1.612203461105329]",2,0,0,0,2,1
E_N001071_N001091,1914,unintentional_missing,5,"[""E_N001071_N001086"",""E_N001075_N001091"",""E_N001071_N001075"",""E_N001086_N001091"",""E_N001071_N002225""]","[""present"","""",""present"","""",""""]","[1.6122034611053286,1.6122034611053289,1.612203461105329,1.612203461105329,2.2799999999999994]",2,0,0,0,2,3
E_N001071_N001091,1914,unintentional_missing,10,"[""E_N001071_N001086"",""E_N001075_N001091"",""E_N001071_N001075"",""E_N001086_N001091"",""E_N001071_N002225"",""E_N001066_N001091"",""E_N001071_N001077"",""E_N001075_N001086"",""E_N001085_N001091"",""E_N001071_N002209""]","[""present"","""",""present"","""","""","""",""unintentional_missing"",""present"","""",""""]","[1.6122034611053286,1.6122034611053289,1.612203461105329,1.612203461105329,2.2799999999999994,2.2800000000000002,2.280000000000001,2.280000000000001,2.280000000000001,2.7924183067728228]",3,1,0,0,4,6
E_N001071_N002211,3900,unintentional_missing,1,"[""E_N001072_N002211""]","[""present""]",[1.6122034611053266],1,0,0,0,1,0
E_N001071_N002211,3900,unintentional_missing,3,"[""E_N001072_N002211"",""E_N001071_N001072"",""E_N001071_N002209""]","[""present"",""present"",""""]","[1.6122034611053266,1.6122034611053286,1.612203461105329]",2,0,0,0,2,1
E_N001071_N002211,3900,unintentional_missing,5,"[""E_N001072_N002211"",""E_N001071_N001072"",""E_N001071_N002209"",""E_N002209_N002211"",""E_N001057_N002211""]","[""present"",""present"","""",""present"",""unintentional_missing""]","[1.6122034611053266,1.6122034611053286,1.612203461105329,1.612203461105329,2.2799999999999976]",3,1,0,0,4,1
E_N001071_N002211,3900,unintentional_missing,10,"[""E_N001072_N002211"",""E_N001071_N001072"",""E_N001071_N002209"",""E_N002209_N002211"",""E_N001057_N002211"",""E_N001071_N001077"",""E_N002205_N002211"",""E_N001071_N002225"",""E_N001072_N002209"",""E_N001057_N001072""]","[""present"",""present"","""",""present"",""unintentional_missing"",""unintentional_missing"","""","""",""present"",""present""]","[1.6122034611053266,1.6122034611053286,1.612203461105329,1.612203461105329,2.2799999999999976,2.2799999999999994,2.2800000000000002,2.280000000000001,2.280000000000001,2.792418306772821]",5,2,0,0,7,3
E_N001085_N002225,3928,unintentional_missing,1,"[""E_N001085_N001086""]","[""""]",[1.6122034611053286],0,0,0,0,0,1
E_N001085_N002225,3928,unintentional_missing,3,"[""E_N001085_N001086"",""E_N001085_N002223"",""E_N001086_N002225""]","["""","""",""present""]","[1.6122034611053286,1.612203461105329,1.612203461105329]",1,0,0,0,1,2
E_N001085_N002225,3928,unintentional_missing,5,"[""E_N001085_N001086"",""E_N001085_N002223"",""E_N001086_N002225"",""E_N002223_N002225"",""E_N001085_N001091""]","["""","""",""present"","""",""""]","[1.6122034611053286,1.612203461105329,1.612203461105329,1.612203461105329,2.2799999999999994]",1,0,0,0,1,4
E_N001085_N002225,3928,unintentional_missing,10,"[""E_N001085_N001086"",""E_N001085_N002223"",""E_N001086_N002225"",""E_N002223_N002225"",""E_N001085_N001091"",""E_N002219_N002225"",""E_N001071_N002225"",""E_N001085_N002239"",""E_N001086_N002223"",""E_N001085_N001089""]","["""","""",""present"","""","""","""","""","""",""present"",""present""]","[1.6122034611053286,1.612203461105329,1.612203461105329,1.612203461105329,2.2799999999999994,2.2800000000000002,2.280000000000001,2.280000000000001,2.280000000000001,2.7924183067728228]",3,0,0,0,3,7
E_N001365_N001380,4447,unintentional_missing,1,"[""E_N001365_N002519""]","[""""]",[1.612203461105327],0,0,0,0,0,1
E_N001365_N001380,4447,unintentional_missing,3,"[""E_N001365_N002519"",""E_N001380_N002503"",""E_N001365_N001385""]","["""",""present"",""present""]","[1.612203461105327,1.612203461105327,1.6122034611053278]",2,0,0,0,2,1
E_N001365_N001380,4447,unintentional_missing,5,"[""E_N001365_N002519"",""E_N001380_N002503"",""E_N001365_N001385"",""E_N001365_N002503"",""E_N001369_N001380""]","["""",""present"",""present"",""present"",""""]","[1.612203461105327,1.612203461105327,1.6122034611053278,1.6122034611053278,1.6122034611053278]",3,0,0,0,3,2
E_N001365_N001380,4447,unintentional_missing,10,"[""E_N001365_N002519"",""E_N001380_N002503"",""E_N001365_N001385"",""E_N001365_N002503"",""E_N001369_N001380"",""E_N001380_N002519"",""E_N001365_N001369"",""E_N001380_N001385"",""E_N001365_N001506"",""E_N001369_N001385""]","["""",""present"",""present"",""present"","""","""","""",""present"",""present"",""present""]","[1.612203461105327,1.612203461105327,1.6122034611053278,1.6122034611053278,1.6122034611053278,1.6122034611053278,1.6122034611053286,1.6122034611053286,2.2799999999999985,2.2799999999999994]",6,0,0,0,6,4
E_N001379_N001506,4665,unintentional_missing,1,"[""E_N001379_N002519""]","[""""]",[1.6122034611053266],0,0,0,0,0,1
E_N001379_N001506,4665,unintentional_missing,3,"[""E_N001379_N002519"",""E_N001379_N001385"",""E_N001379_N002643""]","["""","""",""""]","[1.6122034611053266,1.612203461105327,1.6122034611053278]",0,0,0,0,0,3
E_N001379_N001506,4665,unintentional_missing,5,"[""E_N001379_N002519"",""E_N001379_N001385"",""E_N001379_N002643"",""E_N001506_N002519"",""E_N001506_N002643""]","["""","""","""",""present"",""""]","[1.6122034611053266,1.612203461105327,1.6122034611053278,1.6122034611053278,1.6122034611053278]",1,0,0,0,1,4
E_N001379_N001506,4665,unintentional_missing,10,"[""E_N001379_N002519"",""E_N001379_N001385"",""E_N001379_N002643"",""E_N001506_N002519"",""E_N001506_N002643"",""E_N001379_N001509"",""E_N001385_N001506"",""E_N001506_N001509"",""E_N001379_N001380"",""E_N001385_N001509""]","["""","""","""",""present"","""","""","""","""","""",""""]","[1.6122034611053266,1.612203461105327,1.6122034611053278,1.6122034611053278,1.6122034611053278,1.6122034611053286,1.6122034611053286,1.6122034611053286,2.2799999999999985,2.2799999999999994]",1,0,0,0,1,9
E_N001491_N001506,4667,unintentional_missing,1,"[""E_N001491_N002629""]","[""present""]",[1.6122034611053278],1,0,0,0,1,0
E_N001491_N001506,4667,unintentional_missing,3,"[""E_N001491_N002629"",""E_N001491_N002645"",""E_N001506_N002629""]","[""present"","""",""present""]","[1.6122034611053278,1.6122034611053278,1.6122034611053278]",2,0,0,0,2,1
E_N001491_N001506,4667,unintentional_missing,5,"[""E_N001491_N002629"",""E_N001491_N002645"",""E_N001506_N002629"",""E_N001506_N002645"",""E_N001491_N001495""]","[""present"","""",""present"","""",""""]","[1.6122034611053278,1.6122034611053278,1.6122034611053278,1.6122034611053278,1.6122034611053286]",2,0,0,0,2,3
E_N001491_N001506,4667,unintentional_missing,10,"[""E_N001491_N002629"",""E_N001491_N002645"",""E_N001506_N002629"",""E_N001506_N002645"",""E_N001491_N001495"",""E_N001491_N001511"",""E_N001495_N001506"",""E_N001506_N001511"",""E_N001495_N001511"",""E_N002629_N002645""]","[""present"","""",""present"","""","""",""present"","""",""present"",""present"",""present""]","[1.6122034611053278,1.6122034611053278,1.6122034611053278,1.6122034611053278,1.6122034611053286,1.6122034611053286,1.6122034611053286,1.6122034611053286,2.2799999999999994,2.2799999999999994]",6,0,0,0,6,4
E_N002146_N002155,3790,unintentional_missing,1,"[""E_N002146_N002150""]","[""""]",[1.6122034611053286],0,0,0,0,0,1
E_N002146_N002155,3790,unintentional_missing,3,"[""E_N002146_N002150"",""E_N002146_N002152"",""E_N002150_N002155""]","["""","""",""present""]","[1.6122034611053286,1.6122034611053286,1.6122034611053286]",1,0,0,0,1,2
E_N002146_N002155,3790,unintentional_missing,5,"[""E_N002146_N002150"",""E_N002146_N002152"",""E_N002150_N002155"",""E_N002152_N002155"",""E_N002146_N003289""]","["""","""",""present"","""",""unintentional_missing""]","[1.6122034611053286,1.6122034611053286,1.6122034611053286,1.6122034611053286,2.2799999999999985]",1,1,0,0,2,3
E_N002146_N002155,3790,unintentional_missing,10,"[""E_N002146_N002150"",""E_N002146_N002152"",""E_N002150_N002155"",""E_N002152_N002155"",""E_N002146_N003289"",""E_N001012_N002155"",""E_N002149_N002155"",""E_N002150_N002152"",""E_N002146_N003286"",""E_N002150_N003289""]","["""","""",""present"","""",""unintentional_missing"",""unintentional_missing"",""unintentional_missing"","""","""",""present""]","[1.6122034611053286,1.6122034611053286,1.6122034611053286,1.6122034611053286,2.2799999999999985,2.2800000000000002,2.2800000000000002,2.280000000000001,2.792418306772822,2.792418306772822]",2,3,0,0,5,5
E_N002146_N003289,5805,unintentional_missing,1,"[""E_N002146_N002150""]","[""""]",[1.6122034611053278],0,0,0,0,0,1
E_N002146_N003289,5805,unintentional_missing,3,"[""E_N002146_N002150"",""E_N002146_N003286"",""E_N002150_N003289""]","["""","""",""present""]","[1.6122034611053278,1.6122034611053286,1.6122034611053286]",1,0,0,0,1,2
E_N002146_N003289,5805,unintentional_missing,5,"[""E_N002146_N002150"",""E_N002146_N003286"",""E_N002150_N003289"",""E_N003286_N003289"",""E_N002146_N002155""]","["""","""",""present"","""",""unintentional_missing""]","[1.6122034611053278,1.6122034611053286,1.6122034611053286,1.612203461105329,2.2799999999999985]",1,1,0,0,2,3
E_N002146_N003289,5805,unintentional_missing,10,"[""E_N002146_N002150"",""E_N002146_N003286"",""E_N002150_N003289"",""E_N003286_N003289"",""E_N002146_N002155"",""E_N002149_N003289"",""E_N002150_N003286"",""E_N003280_N003289"",""E_N002146_N002152"",""E_N002150_N002155""]","["""","""",""present"","""",""unintentional_missing"",""unintentional_missing"","""",""unintentional_missing"","""",""present""]","[1.6122034611053278,1.6122034611053286,1.6122034611053286,1.612203461105329,2.2799999999999985,2.2800000000000002,2.280000000000001,2.280000000000001,2.792418306772822,2.792418306772822]",2,3,0,0,5,5
E_N002149_N002155,3791,unintentional_missing,1,"[""E_N002149_N002150""]","[""present""]",[1.6122034611053286],1,0,0,0,1,0
E_N002149_N002155,3791,unintentional_missing,3,"[""E_N002149_N002150"",""E_N002149_N002153"",""E_N002153_N002155""]","[""present"",""present"",""""]","[1.6122034611053286,1.6122034611053286,1.6122034611053286]",2,0,0,0,2,1
E_N002149_N002155,3791,unintentional_missing,5,"[""E_N002149_N002150"",""E_N002149_N002153"",""E_N002153_N002155"",""E_N002150_N002155"",""E_N002149_N003289""]","[""present"",""present"","""",""present"",""unintentional_missing""]","[1.6122034611053286,1.6122034611053286,1.6122034611053286,1.6122034611053289,2.2799999999999985]",3,1,0,0,4,1
E_N002149_N002155,3791,unintentional_missing,10,"[""E_N002149_N002150"",""E_N002149_N002153"",""E_N002153_N002155"",""E_N002150_N002155"",""E_N002149_N003289"",""E_N002149_N002169"",""E_N001015_N002155"",""E_N002146_N002155"",""E_N002150_N002153"",""E_N002149_N003287""]","[""present"",""present"","""",""present"",""unintentional_missing"",""unintentional_missing"",""unintentional_missing"",""unintentional_missing"",""present"",""present""]","[1.6122034611053286,1.6122034611053286,1.6122034611053286,1.6122034611053289,2.2799999999999985,2.2799999999999994,2.2800000000000002,2.2800000000000002,2.280000000000001,2.792418306772822]",5,4,0,0,9,1
E_N002149_N002169,3818,unintentional_missing,1,"[""E_N002149_N002153""]","[""present""]",[1.6122034611053286],1,0,0,0,1,0
E_N002149_N002169,3818,unintentional_missing,3,"[""E_N002149_N002153"",""E_N002149_N002164"",""E_N002153_N002169""]","[""present"",""intentional_missing"",""present""]","[1.6122034611053286,1.6122034611053286,1.6122034611053286]",2,0,0,1,3,0
E_N002149_N002169,3818,unintentional_missing,5,"[""E_N002149_N002153"",""E_N002149_N002164"",""E_N002153_N002169"",""E_N002164_N002169"",""E_N002149_N003303""]","[""present"",""intentional_missing"",""present"",""present"",""unintentional_missing""]","[1.6122034611053286,1.6122034611053286,1.6122034611053286,1.612203461105329,2.2799999999999985]",3,1,0,1,5,0
E_N002149_N002169,3818,unintentional_missing,10,"[""E_N002149_N002153"",""E_N002149_N002164"",""E_N002153_N002169"",""E_N002164_N002169"",""E_N002149_N003303"",""E_N002149_N002155"",""E_N001015_N002169"",""E_N002163_N002169"",""E_N002153_N002164"",""E_N002149_N003287""]","[""present"",""intentional_missing"",""present"",""present"",""unintentional_missing"",""unintentional_missing"",""unintentional_missing"",""unintentional_missing"",""present"",""present""]","[1.6122034611053286,1.6122034611053286,1.6122034611053286,1.612203461105329,2.2799999999999985,2.2799999999999994,2.2800000000000002,2.2800000000000002,2.280000000000001,2.792418306772822]",5,4,0,1,10,0
E_N002149_N003289,5804,unintentional_missing,1,"[""E_N002149_N002150""]","[""present""]",[1.6122034611053278],1,0,0,0,1,0
E_N002149_N003289,5804,unintentional_missing,3,"[""E_N002149_N002150"",""E_N002149_N003287"",""E_N002150_N003289""]","[""present"",""present"",""present""]","[1.6122034611053278,1.6122034611053286,1.6122034611053289]",3,0,0,0,3,0
E_N002149_N003289,5804,unintentional_missing,5,"[""E_N002149_N002150"",""E_N002149_N003287"",""E_N002150_N003289"",""E_N003287_N003289"",""E_N002149_N002155""]","[""present"",""present"",""present"",""present"",""unintentional_missing""]","[1.6122034611053278,1.6122034611053286,1.6122034611053289,1.612203461105329,2.2799999999999985]",4,1,0,0,5,0
E_N002149_N003289,5804,unintentional_missing,10,"[""E_N002149_N002150"",""E_N002149_N003287"",""E_N002150_N003289"",""E_N003287_N003289"",""E_N002149_N002155"",""E_N002149_N003303"",""E_N002146_N003289"",""E_N002150_N003287"",""E_N003283_N003289"",""E_N002149_N002153""]","[""present"",""present"",""present"",""present"",""unintentional_missing"",""unintentional_missing"",""unintentional_missing"",""present"",""unintentional_missing"",""present""]","[1.6122034611053278,1.6122034611053286,1.6122034611053289,1.612203461105329,2.2799999999999985,2.2799999999999994,2.2800000000000002,2.280000000000001,2.280000000000001,2.792418306772822]",6,4,0,0,10,0
E_N002149_N003303,5833,unintentional_missing,1,"[""E_N002149_N002164""]","[""intentional_missing""]",[1.6122034611053278],0,0,0,1,1,0
E_N002149_N003303,5833,unintentional_missing,3,"[""E_N002149_N002164"",""E_N002149_N003287"",""E_N002164_N003303""]","[""intentional_missing"",""present"",""present""]","[1.6122034611053278,1.6122034611053286,1.612203461105329]",2,0,0,1,3,0
E_N002149_N003303,5833,unintentional_missing,5,"[""E_N002149_N002164"",""E_N002149_N003287"",""E_N002164_N003303"",""E_N003287_N003303"",""E_N002149_N002169""]","[""intentional_missing"",""present"",""present"",""present"",""unintentional_missing""]","[1.6122034611053278,1.6122034611053286,1.612203461105329,1.612203461105329,2.2799999999999985]",3,1,0,1,5,0
E_N002149_N003303,5833,unintentional_missing,10,"[""E_N002149_N002164"",""E_N002149_N003287"",""E_N002164_N003303"",""E_N003287_N003303"",""E_N002149_N002169"",""E_N002149_N003289"",""E_N002163_N003303"",""E_N002164_N003287"",""E_N003283_N003303"",""E_N002149_N002150""]","[""intentional_missing"",""present"",""present"",""present"",""unintentional_missing"",""unintentional_missing"",""unintentional_missing"",""present"",""unintentional_missing"",""present""]","[1.6122034611053278,1.6122034611053286,1.612203461105329,1.612203461105329,2.2799999999999985,2.2799999999999994,2.2800000000000002,2.280000000000001,2.280000000000001,2.792418306772822]",5,4,0,1,10,0
E_N002163_N002169,3819,unintentional_missing,1,"[""E_N002163_N002164""]","[""present""]",[1.6122034611053286],1,0,0,0,1,0
E_N002163_N002169,3819,unintentional_missing,3,"[""E_N002163_N002164"",""E_N002163_N002167"",""E_N002164_N002169""]","[""present"",""present"",""present""]","[1.6122034611053286,1.6122034611053286,1.6122034611053286]",3,0,0,0,3,0
E_N002163_N002169,3819,unintentional_missing,5,"[""E_N002163_N002164"",""E_N002163_N002167"",""E_N002164_N002169"",""E_N002167_N002169"",""E_N002163_N002183""]","[""present"",""present"",""present"",""present"",""unintentional_missing""]","[1.6122034611053286,1.6122034611053286,1.6122034611053286,1.6122034611053286,2.2799999999999985]",4,1,0,0,5,0
E_N002163_N002169,3819,unintentional_missing,10,"[""E_N002163_N002164"",""E_N002163_N002167"",""E_N002164_N002169"",""E_N002167_N002169"",""E_N002163_N002183"",""E_N002163_N003303"",""E_N001029_N002169"",""E_N002149_N002169"",""E_N002164_N002167"",""E_N002163_N002178""]","[""present"",""present"",""present"",""present"",""unintentional_missing"",""unintentional_missing"",""unintentional_missing"",""unintentional_missing"",""present"",""present""]","[1.6122034611053286,1.6122034611053286,1.6122034611053286,1.6122034611053286,2.2799999999999985,2.2799999999999985,2.2800000000000002,2.2800000000000002,2.280000000000001,2.792418306772822]",6,4,0,0,10,0
E_N002163_N002183,3846,unintentional_missing,1,"[""E_N002163_N002167""]","[""present""]",[1.6122034611053278],1,0,0,0,1,0
E_N002163_N002183,3846,unintentional_missing,3,"[""E_N002163_N002167"",""E_N002163_N002178"",""E_N002167_N002183""]","[""present"",""present"",""present""]","[1.6122034611053278,1.6122034611053286,1.6122034611053286]",3,0,0,0,3,0
E_N002163_N002183,3846,unintentional_missing,5,"[""E_N002163_N002167"",""E_N002163_N002178"",""E_N002167_N002183"",""E_N002178_N002183"",""E_N002163_N002169""]","[""present"",""present"",""present"",""present"",""unintentional_missing""]","[1.6122034611053278,1.6122034611053286,1.6122034611053286,1.612203461105329,2.2799999999999985]",4,1,0,0,5,0
E_N002163_N002183,3846,unintentional_missing,10,"[""E_N002163_N002167"",""E_N002163_N002178"",""E_N002167_N002183"",""E_N002178_N002183"",""E_N002163_N002169"",""E_N002163_N003317"",""E_N001029_N002183"",""E_N002167_N002178"",""E_N002177_N002183"",""E_N002163_N003301""]","[""present"",""present"",""present"",""present"",""unintentional_missing"",""unintentional_missing"",""unintentional_missing"",""present"",""unintentional_missing"",""present""]","[1.6122034611053278,1.6122034611053286,1.6122034611053286,1.612203461105329,2.2799999999999985,2.2799999999999985,2.2800000000000002,2.280000000000001,2.280000000000001,2.7924183067728214]",6,4,0,0,10,0
E_N002163_N003303,5832,unintentional_missing,1,"[""E_N002163_N002164""]","[""present""]",[1.6122034611053278],1,0,0,0,1,0
E_N002163_N003303,5832,unintentional_missing,3,"[""E_N002163_N002164"",""E_N002163_N003301"",""E_N002164_N003303""]","[""present"",""present"",""present""]","[1.6122034611053278,1.6122034611053286,1.6122034611053286]",3,0,0,0,3,0
E_N002163_N003303,5832,unintentional_missing,5,"[""E_N002163_N002164"",""E_N002163_N003301"",""E_N002164_N003303"",""E_N003301_N003303"",""E_N002163_N002169""]","[""present"",""present"",""present"",""present"",""unintentional_missing""]","[1.6122034611053278,1.6122034611053286,1.6122034611053286,1.612203461105329,2.2799999999999985]",4,1,0,0,5,0
E_N002163_N003303,5832,unintentional_missing,10,"[""E_N002163_N002164"",""E_N002163_N003301"",""E_N002164_N003303"",""E_N003301_N003303"",""E_N002163_N002169"",""E_N002163_N003317"",""E_N002149_N003303"",""E_N002164_N003301"",""E_N003297_N003303"",""E_N002163_N002178""]","[""present"",""present"",""present"",""present"",""unintentional_missing"",""unintentional_missing"",""unintentional_missing"",""present"",""unintentional_missing"",""present""]","[1.6122034611053278,1.6122034611053286,1.6122034611053286,1.612203461105329,2.2799999999999985,2.2799999999999985,2.2800000000000002,2.280000000000001,2.280000000000001,2.7924183067728214]",6,4,0,0,10,0
E_N002163_N003317,5861,unintentional_missing,1,"[""E_N002163_N002178""]","[""present""]",[1.6122034611053278],1,0,0,0,1,0
E_N002163_N003317,5861,unintentional_missing,3,"[""E_N002163_N002178"",""E_N002163_N003301"",""E_N002178_N003317""]","[""present"",""present"",""present""]","[1.6122034611053278,1.6122034611053278,1.612203461105329]",3,0,0,0,3,0
E_N002163_N003317,5861,unintentional_missing,5,"[""E_N002163_N002178"",""E_N002163_N003301"",""E_N002178_N003317"",""E_N003301_N003317"",""E_N002163_N002183""]","[""present"",""present"",""present"",""present"",""unintentional_missing""]","[1.6122034611053278,1.6122034611053278,1.612203461105329,1.612203461105329,2.2799999999999985]",4,1,0,0,5,0
E_N002163_N003317,5861,unintentional_missing,10,"[""E_N002163_N002178"",""E_N002163_N003301"",""E_N002178_N003317"",""E_N003301_N003317"",""E_N002163_N002183"",""E_N002163_N003303"",""E_N002177_N003317"",""E_N002178_N003301"",""E_N003297_N003317"",""E_N002163_N002164""]","[""present"",""present"",""present"",""present"",""unintentional_missing"",""unintentional_missing"",""unintentional_missing"",""present"",""unintentional_missing"",""present""]","[1.6122034611053278,1.6122034611053278,1.612203461105329,1.612203461105329,2.2799999999999985,2.2799999999999985,2.280000000000001,2.280000000000001,2.280000000000001,2.7924183067728214]",6,4,0,0,10,0
E_N002177_N002183,3847,unintentional_missing,1,"[""E_N002177_N002178""]","[""present""]",[1.6122034611053286],1,0,0,0,1,0
E_N002177_N002183,3847,unintentional_missing,3,"[""E_N002177_N002178"",""E_N002181_N002183"",""E_N002177_N002181""]","[""present"",""present"",""present""]","[1.6122034611053286,1.6122034611053286,1.612203461105329]",3,0,0,0,3,0
E_N002177_N002183,3847,unintentional_missing,5,"[""E_N002177_N002178"",""E_N002181_N002183"",""E_N002177_N002181"",""E_N002178_N002183"",""E_N002177_N003317""]","[""present"",""present"",""present"",""present"",""unintentional_missing""]","[1.6122034611053286,1.6122034611053286,1.612203461105329,1.612203461105329,2.2799999999999985]",4,1,0,0,5,0
E_N002177_N002183,3847,unintentional_missing,10,"[""E_N002177_N002178"",""E_N002181_N002183"",""E_N002177_N002181"",""E_N002178_N002183"",""E_N002177_N003317"",""E_N001043_N002183"",""E_N002163_N002183"",""E_N002177_N002197"",""E_N002178_N002181"",""E_N002177_N003315""]","[""present"",""present"",""present"",""present"",""unintentional_missing"",""unintentional_missing"",""unintentional_missing"",""unintentional_missing"",""present"",""present""]","[1.6122034611053286,1.6122034611053286,1.612203461105329,1.612203461105329,2.2799999999999985,2.2800000000000002,2.280000000000001,2.280000000000001,2.280000000000001,2.7924183067728223]",6,4,0,0,10,0
E_N002177_N002197,3874,unintentional_missing,1,"[""E_N002192_N002197""]","[""""]",[1.6122034611053278],0,0,0,0,0,1
E_N002177_N002197,3874,unintentional_missing,3,"[""E_N002192_N002197"",""E_N002177_N002192"",""E_N002181_N002197""]","["""",""present"",""present""]","[1.6122034611053278,1.6122034611053286,1.6122034611053286]",2,0,0,0,2,1
E_N002177_N002197,3874,unintentional_missing,5,"[""E_N002192_N002197"",""E_N002177_N002192"",""E_N002181_N002197"",""E_N002177_N002181"",""E_N002191_N002197""]","["""",""present"",""present"",""present"",""unintentional_missing""]","[1.6122034611053278,1.6122034611053286,1.6122034611053286,1.612203461105329,2.2799999999999976]",3,1,0,0,4,1
E_N002177_N002197,3874,unintentional_missing,10,"[""E_N002192_N002197"",""E_N002177_N002192"",""E_N002181_N002197"",""E_N002177_N002181"",""E_N002191_N002197"",""E_N002177_N003331"",""E_N001043_N002197"",""E_N002177_N002183"",""E_N002181_N002192"",""E_N002191_N002192""]","["""",""present"",""present"",""present"",""unintentional_missing"",""unintentional_missing"",""unintentional_missing"",""unintentional_missing"",""present"",""present""]","[1.6122034611053278,1.6122034611053286,1.6122034611053286,1.612203461105329,2.2799999999999976,2.2799999999999985,2.2800000000000002,2.280000000000001,2.280000000000001,2.792418306772821]",5,4,0,0,9,1
E_N002177_N003317,5860,unintentional_missing,1,"[""E_N002177_N002178""]","[""present""]",[1.6122034611053278],1,0,0,0,1,0
E_N002177_N003317,5860,unintentional_missing,3,"[""E_N002177_N002178"",""E_N002177_N003315"",""E_N002178_N003317""]","[""present"",""present"",""present""]","[1.6122034611053278,1.612203461105329,1.612203461105329]",3,0,0,0,3,0
E_N002177_N003317,5860,unintentional_missing,5,"[""E_N002177_N002178"",""E_N002177_N003315"",""E_N002178_N003317"",""E_N003315_N003317"",""E_N002177_N002183""]","[""present"",""present"",""present"",""present"",""unintentional_missing""]","[1.6122034611053278,1.612203461105329,1.612203461105329,1.612203461105329,2.2799999999999985]",4,1,0,0,5,0
E_N002177_N003317,5860,unintentional_missing,10,"[""E_N002177_N002178"",""E_N002177_N003315"",""E_N002178_N003317"",""E_N003315_N003317"",""E_N002177_N002183"",""E_N002163_N003317"",""E_N002177_N003331"",""E_N002178_N003315"",""E_N003311_N003317"",""E_N002177_N002181""]","[""present"",""present"",""present"",""present"",""unintentional_missing"",""unintentional_missing"",""unintentional_missing"",""present"",""unintentional_missing"",""present""]","[1.6122034611053278,1.612203461105329,1.612203461105329,1.612203461105329,2.2799999999999985,2.280000000000001,2.280000000000001,2.280000000000001,2.280000000000001,2.7924183067728223]",6,4,0,0,10,0
E_N002177_N003331,5889,unintentional_missing,1,"[""E_N002177_N002192""]","[""present""]",[1.6122034611053278],1,0,0,0,1,0
E_N002177_N003331,5889,unintentional_missing,3,"[""E_N002177_N002192"",""E_N002192_N003331"",""E_N002177_N003315""]","[""present"",""present"",""present""]","[1.6122034611053278,1.6122034611053278,1.612203461105329]",3,0,0,0,3,0
E_N002177_N003331,5889,unintentional_missing,5,"[""E_N002177_N002192"",""E_N002192_N003331"",""E_N002177_N003315"",""E_N003315_N003331"",""E_N002191_N003331""]","[""present"",""present"",""present"",""present"",""unintentional_missing""]","[1.6122034611053278,1.6122034611053278,1.612203461105329,1.612203461105329,2.2799999999999976]",4,1,0,0,5,0
E_N002177_N003331,5889,unintentional_missing,10,"[""E_N002177_N002192"",""E_N002192_N003331"",""E_N002177_N003315"",""E_N003315_N003331"",""E_N002191_N003331"",""E_N002177_N002197"",""E_N002177_N003317"",""E_N002192_N003315"",""E_N003311_N003331"",""E_N002191_N002192""]","[""present"",""present"",""present"",""present"",""unintentional_missing"",""unintentional_missing"",""unintentional_missing"",""present"",""unintentional_missing"",""present""]","[1.6122034611053278,1.6122034611053278,1.612203461105329,1.612203461105329,2.2799999999999976,2.2799999999999985,2.280000000000001,2.280000000000001,2.280000000000001,2.792418306772821]",6,4,0,0,10,0
E_N002191_N002197,3875,unintentional_missing,1,"[""E_N002192_N002197""]","[""""]",[1.6122034611053278],0,0,0,0,0,1
E_N002191_N002197,3875,unintentional_missing,3,"[""E_N002192_N002197"",""E_N002191_N002192"",""E_N002195_N002197""]","["""",""present"",""present""]","[1.6122034611053278,1.6122034611053286,1.6122034611053286]",2,0,0,0,2,1
E_N002191_N002197,3875,unintentional_missing,5,"[""E_N002192_N002197"",""E_N002191_N002192"",""E_N002195_N002197"",""E_N002191_N002195"",""E_N002177_N002197""]","["""",""present"",""present"",""present"",""unintentional_missing""]","[1.6122034611053278,1.6122034611053286,1.6122034611053286,1.612203461105329,2.2799999999999976]",3,1,0,0,4,1
E_N002191_N002197,3875,unintentional_missing,10,"[""E_N002192_N002197"",""E_N002191_N002192"",""E_N002195_N002197"",""E_N002191_N002195"",""E_N002177_N002197"",""E_N002191_N003331"",""E_N001057_N002197"",""E_N002191_N002211"",""E_N002192_N002195"",""E_N002177_N002192""]","["""",""present"",""present"",""present"",""unintentional_missing"",""unintentional_missing"",""unintentional_missing"",""unintentional_missing"","""",""present""]","[1.6122034611053278,1.6122034611053286,1.6122034611053286,1.612203461105329,2.2799999999999976,2.2799999999999985,2.2800000000000002,2.280000000000001,2.280000000000001,2.792418306772821]",4,4,0,0,8,2
E_N002191_N002211,3902,unintentional_missing,1,"[""E_N002191_N002206""]","[""present""]",[1.6122034611053286],1,0,0,0,1,0
E_N002191_N002211,3902,unintentional_missing,3,"[""E_N002191_N002206"",""E_N002195_N002211"",""E_N002191_N002195""]","[""present"",""present"",""present""]","[1.6122034611053286,1.6122034611053286,1.612203461105329]",3,0,0,0,3,0
E_N002191_N002211,3902,unintentional_missing,5,"[""E_N002191_N002206"",""E_N002195_N002211"",""E_N002191_N002195"",""E_N002206_N002211"",""E_N002205_N002211""]","[""present"",""present"",""present"","""",""""]","[1.6122034611053286,1.6122034611053286,1.612203461105329,1.612203461105329,2.2799999999999976]",3,0,0,0,3,2
E_N002191_N002211,3902,unintentional_missing,10,"[""E_N002191_N002206"",""E_N002195_N002211"",""E_N002191_N002195"",""E_N002206_N002211"",""E_N002205_N002211"",""E_N002191_N003345"",""E_N001057_N002211"",""E_N002191_N002197"",""E_N002195_N002206"",""E_N002205_N002206""]","[""present"",""present"",""present"","""","""","""",""unintentional_missing"",""unintentional_missing"","""",""present""]","[1.6122034611053286,1.6122034611053286,1.612203461105329,1.612203461105329,2.2799999999999976,2.2799999999999985,2.2800000000000002,2.280000000000001,2.280000000000001,2.792418306772821]",4,2,0,0,6,4
E_N002191_N003331,5888,unintentional_missing,1,"[""E_N002191_N002192""]","[""present""]",[1.6122034611053278],1,0,0,0,1,0
E_N002191_N003331,5888,unintentional_missing,3,"[""E_N002191_N002192"",""E_N002192_N003331"",""E_N002191_N003329""]","[""present"",""present"",""""]","[1.6122034611053278,1.6122034611053278,1.612203461105329]",2,0,0,0,2,1
E_N002191_N003331,5888,unintentional_missing,5,"[""E_N002191_N002192"",""E_N002192_N003331"",""E_N002191_N003329"",""E_N003329_N003331"",""E_N002177_N003331""]","[""present"",""present"","""",""present"",""unintentional_missing""]","[1.6122034611053278,1.6122034611053278,1.612203461105329,1.612203461105329,2.2799999999999976]",3,1,0,0,4,1
E_N002191_N003331,5888,unintentional_missing,10,"[""E_N002191_N002192"",""E_N002192_N003331"",""E_N002191_N003329"",""E_N003329_N003331"",""E_N002177_N003331"",""E_N002191_N002197"",""E_N002191_N003345"",""E_N002192_N003329"",""E_N003325_N003331"",""E_N002177_N002192""]","[""present"",""present"","""",""present"",""unintentional_missing"",""unintentional_missing"","""",""present"",""unintentional_missing"",""present""]","[1.6122034611053278,1.6122034611053278,1.612203461105329,1.612203461105329,2.2799999999999976,2.2799999999999985,2.280000000000001,2.280000000000001,2.280000000000001,2.792418306772821]",5,3,0,0,8,2
E_N002205_N002225,3930,unintentional_missing,1,"[""E_N002205_N002220""]","[""present""]",[1.6122034611053286],1,0,0,0,1,0
E_N002205_N002225,3930,unintentional_missing,3,"[""E_N002205_N002220"",""E_N002209_N002225"",""E_N002205_N002209""]","[""present"",""present"",""present""]","[1.6122034611053286,1.6122034611053286,1.612203461105329]",3,0,0,0,3,0
E_N002205_N002225,3930,unintentional_missing,5,"[""E_N002205_N002220"",""E_N002209_N002225"",""E_N002205_N002209"",""E_N002220_N002225"",""E_N002205_N003359""]","[""present"",""present"",""present"","""",""unintentional_missing""]","[1.6122034611053286,1.6122034611053286,1.612203461105329,1.612203461105329,2.2799999999999985]",3,1,0,0,4,1
E_N002205_N002225,3930,unintentional_missing,10,"[""E_N002205_N002220"",""E_N002209_N002225"",""E_N002205_N002209"",""E_N002220_N002225"",""E_N002205_N003359"",""E_N001071_N002225"",""E_N002205_N002211"",""E_N002209_N002220"",""E_N002219_N002225"",""E_N002205_N003343""]","[""present"",""present"",""present"","""",""unintentional_missing"","""","""",""present"","""",""""]","[1.6122034611053286,1.6122034611053286,1.612203461105329,1.612203461105329,2.2799999999999985,2.2800000000000002,2.280000000000001,2.280000000000001,2.280000000000001,2.7924183067728223]",4,1,0,0,5,5
E_N002205_N003345,5916,unintentional_missing,1,"[""E_N002206_N003345""]","[""present""]",[1.6122034611053266],1,0,0,0,1,0
E_N002205_N003345,5916,unintentional_missing,3,"[""E_N002206_N003345"",""E_N002205_N002206"",""E_N002205_N003343""]","[""present"",""present"",""""]","[1.6122034611053266,1.6122034611053278,1.612203461105329]",2,0,0,0,2,1
E_N002205_N003345,5916,unintentional_missing,5,"[""E_N002206_N003345"",""E_N002205_N002206"",""E_N002205_N003343"",""E_N003343_N003345"",""E_N002191_N003345""]","[""present"",""present"","""",""present"",""""]","[1.6122034611053266,1.6122034611053278,1.612203461105329,1.612203461105329,2.2799999999999976]",3,0,0,0,3,2
E_N002205_N003345,5916,unintentional_missing,10,"[""E_N002206_N003345"",""E_N002205_N002206"",""E_N002205_N003343"",""E_N003343_N003345"",""E_N002191_N003345"",""E_N002205_N002211"",""E_N002205_N003359"",""E_N002206_N003343"",""E_N003339_N003345"",""E_N002191_N002206""]","[""present"",""present"","""",""present"","""","""",""unintentional_missing"",""present"",""unintentional_missing"",""present""]","[1.6122034611053266,1.6122034611053278,1.612203461105329,1.612203461105329,2.2799999999999976,2.2799999999999985,2.280000000000001,2.280000000000001,2.280000000000001,2.792418306772821]",5,2,0,0,7,3
E_N002205_N003359,5945,unintentional_missing,1,"[""E_N002205_N002220""]","[""present""]",[1.6122034611053278],1,0,0,0,1,0
E_N002205_N003359,5945,unintentional_missing,3,"[""E_N002205_N002220"",""E_N002205_N003343"",""E_N002220_N003359""]","[""present"","""",""present""]","[1.6122034611053278,1.612203461105329,1.612203461105329]",2,0,0,0,2,1
E_N002205_N003359,5945,unintentional_missing,5,"[""E_N002205_N002220"",""E_N002205_N003343"",""E_N002220_N003359"",""E_N003343_N003359"",""E_N002205_N002225""]","[""present"","""",""present"",""present"",""unintentional_missing""]","[1.6122034611053278,1.612203461105329,1.612203461105329,1.612203461105329,2.2799999999999985]",3,1,0,0,4,1
E_N002205_N003359,5945,unintentional_missing,10,"[""E_N002205_N002220"",""E_N002205_N003343"",""E_N002220_N003359"",""E_N003343_N003359"",""E_N002205_N002225"",""E_N002205_N003345"",""E_N002219_N003359"",""E_N002220_N003343"",""E_N003339_N003359"",""E_N002205_N002209""]","[""present"","""",""present"",""present"",""unintentional_missing"",""unintentional_missing"",""unintentional_missing"",""present"",""unintentional_missing"",""present""]","[1.6122034611053278,1.612203461105329,1.612203461105329,1.612203461105329,2.2799999999999985,2.280000000000001,2.280000000000001,2.280000000000001,2.280000000000001,2.7924183067728223]",5,4,0,0,9,1
E_N002219_N003359,5944,unintentional_missing,1,"[""E_N002219_N002220""]","[""""]",[1.6122034611053278],0,0,0,0,0,1
E_N002219_N003359,5944,unintentional_missing,3,"[""E_N002219_N002220"",""E_N002219_N003357"",""E_N002220_N003359""]","["""","""",""present""]","[1.6122034611053278,1.612203461105329,1.612203461105329]",1,0,0,0,1,2
E_N002219_N003359,5944,unintentional_missing,5,"[""E_N002219_N002220"",""E_N002219_N003357"",""E_N002220_N003359"",""E_N003357_N003359"",""E_N002219_N002225""]","["""","""",""present"",""present"",""""]","[1.6122034611053278,1.612203461105329,1.612203461105329,1.612203461105329,2.2799999999999985]",2,0,0,0,2,3
E_N002219_N003359,5944,unintentional_missing,10,"[""E_N002219_N002220"",""E_N002219_N003357"",""E_N002220_N003359"",""E_N003357_N003359"",""E_N002219_N002225"",""E_N002205_N003359"",""E_N002219_N003373"",""E_N002220_N003357"",""E_N003353_N003359"",""E_N002219_N002223""]","["""","""",""present"",""present"","""",""unintentional_missing"","""",""present"","""",""present""]","[1.6122034611053278,1.612203461105329,1.612203461105329,1.612203461105329,2.2799999999999985,2.280000000000001,2.280000000000001,2.280000000000001,2.280000000000001,2.7924183067728223]",4,1,0,0,5,5
E_N003280_N003289,5806,unintentional_missing,1,"[""E_N003280_N003286""]","[""""]",[1.6122034611053286],0,0,0,0,0,1
E_N003280_N003289,5806,unintentional_missing,3,"[""E_N003280_N003286"",""E_N003284_N003289"",""E_N003280_N003284""]","["""",""present"",""present""]","[1.6122034611053286,1.6122034611053286,1.612203461105329]",2,0,0,0,2,1
E_N003280_N003289,5806,unintentional_missing,5,"[""E_N003280_N003286"",""E_N003284_N003289"",""E_N003280_N003284"",""E_N003286_N003289"",""E_N003283_N003289""]","["""",""present"",""present"","""",""unintentional_missing""]","[1.6122034611053286,1.6122034611053286,1.612203461105329,1.612203461105329,2.2800000000000002]",2,1,0,0,3,2
E_N003280_N003289,5806,unintentional_missing,10,"[""E_N003280_N003286"",""E_N003284_N003289"",""E_N003280_N003284"",""E_N003286_N003289"",""E_N003283_N003289"",""E_N002146_N003289"",""E_N003280_N004423"",""E_N003284_N003286"",""E_N003283_N003284"",""E_N003287_N003289""]","["""",""present"",""present"","""",""unintentional_missing"",""unintentional_missing"",""unintentional_missing"","""",""present"",""present""]","[1.6122034611053286,1.6122034611053286,1.612203461105329,1.612203461105329,2.2800000000000002,2.280000000000001,2.280000000000001,2.280000000000001,2.7924183067728237,2.7924183067728237]",4,3,0,0,7,3
E_N003280_N004423,7821,unintentional_missing,1,"[""E_N004420_N004423""]","[""""]",[1.6122034611053278],0,0,0,0,0,1
E_N003280_N004423,7821,unintentional_missing,3,"[""E_N004420_N004423"",""E_N003280_N004420"",""E_N003284_N004423""]","["""","""",""present""]","[1.6122034611053278,1.6122034611053286,1.6122034611053286]",1,0,0,0,1,2
E_N003280_N004423,7821,unintentional_missing,5,"[""E_N004420_N004423"",""E_N003280_N004420"",""E_N003284_N004423"",""E_N003280_N003284"",""E_N004414_N004423""]","["""","""",""present"",""present"",""unintentional_missing""]","[1.6122034611053278,1.6122034611053286,1.6122034611053286,1.612203461105329,2.2799999999999976]",2,1,0,0,3,2
E_N003280_N004423,7821,unintentional_missing,10,"[""E_N004420_N004423"",""E_N003280_N004420"",""E_N003284_N004423"",""E_N003280_N003284"",""E_N004414_N004423"",""E_N003283_N004423"",""E_N003280_N003289"",""E_N003284_N004420"",""E_N004414_N004420"",""E_N004418_N004423""]","["""","""",""present"",""present"",""unintentional_missing"",""unintentional_missing"",""unintentional_missing"","""","""",""present""]","[1.6122034611053278,1.6122034611053286,1.6122034611053286,1.612203461105329,2.2799999999999976,2.2800000000000002,2.280000000000001,2.280000000000001,2.7924183067728214,2.7924183067728214]",3,3,0,0,6,4
E_N003283_N003289,5807,unintentional_missing,1,"[""E_N003283_N003287""]","[""present""]",[1.6122034611053286],1,0,0,0,1,0
E_N003283_N003289,5807,unintentional_missing,3,"[""E_N003283_N003287"",""E_N003284_N003289"",""E_N003283_N003284""]","[""present"",""present"",""present""]","[1.6122034611053286,1.6122034611053289,1.612203461105329]",3,0,0,0,3,0
E_N003283_N003289,5807,unintentional_missing,5,"[""E_N003283_N003287"",""E_N003284_N003289"",""E_N003283_N003284"",""E_N003287_N003289"",""E_N003283_N003303""]","[""present"",""present"",""present"",""present"",""unintentional_missing""]","[1.6122034611053286,1.6122034611053289,1.612203461105329,1.612203461105329,2.2799999999999994]",4,1,0,0,5,0
E_N003283_N003289,5807,unintentional_missing,10,"[""E_N003283_N003287"",""E_N003284_N003289"",""E_N003283_N003284"",""E_N003287_N003289"",""E_N003283_N003303"",""E_N003280_N003289"",""E_N002149_N003289"",""E_N003283_N004423"",""E_N003284_N003287"",""E_N003283_N003298""]","[""present"",""present"",""present"",""present"",""unintentional_missing"",""unintentional_missing"",""unintentional_missing"",""unintentional_missing"",""present"",""present""]","[1.6122034611053286,1.6122034611053289,1.612203461105329,1.612203461105329,2.2799999999999994,2.2800000000000002,2.280000000000001,2.280000000000001,2.280000000000001,2.7924183067728228]",6,4,0,0,10,0
E_N003283_N003303,5834,unintentional_missing,1,"[""E_N003283_N003287""]","[""present""]",[1.6122034611053286],1,0,0,0,1,0
E_N003283_N003303,5834,unintentional_missing,3,"[""E_N003283_N003287"",""E_N003283_N003298"",""E_N003287_N003303""]","[""present"",""present"",""present""]","[1.6122034611053286,1.612203461105329,1.612203461105329]",3,0,0,0,3,0
E_N003283_N003303,5834,unintentional_missing,5,"[""E_N003283_N003287"",""E_N003283_N003298"",""E_N003287_N003303"",""E_N003298_N003303"",""E_N003283_N003289""]","[""present"",""present"",""present"",""present"",""unintentional_missing""]","[1.6122034611053286,1.612203461105329,1.612203461105329,1.612203461105329,2.2799999999999994]",4,1,0,0,5,0
E_N003283_N003303,5834,unintentional_missing,10,"[""E_N003283_N003287"",""E_N003283_N003298"",""E_N003287_N003303"",""E_N003298_N003303"",""E_N003283_N003289"",""E_N003297_N003303"",""E_N002149_N003303"",""E_N003283_N004437"",""E_N003287_N003298"",""E_N003283_N003284""]","[""present"",""present"",""present"",""present"",""unintentional_missing"",""unintentional_missing"",""unintentional_missing"",""unintentional_missing"",""present"",""present""]","[1.6122034611053286,1.612203461105329,1.612203461105329,1.612203461105329,2.2799999999999994,2.2800000000000002,2.280000000000001,2.280000000000001,2.280000000000001,2.7924183067728228]",6,4,0,0,10,0
E_N003283_N004423,7820,unintentional_missing,1,"[""E_N004421_N004423""]","[""present""]",[1.6122034611053278],1,0,0,0,1,0
E_N003283_N004423,7820,unintentional_missing,3,"[""E_N004421_N004423"",""E_N003283_N004421"",""E_N003284_N004423""]","[""present"",""present"",""present""]","[1.6122034611053278,1.6122034611053286,1.6122034611053289]",3,0,0,0,3,0
E_N003283_N004423,7820,unintentional_missing,5,"[""E_N004421_N004423"",""E_N003283_N004421"",""E_N003284_N004423"",""E_N003283_N003284"",""E_N004417_N004423""]","[""present"",""present"",""present"",""present"",""unintentional_missing""]","[1.6122034611053278,1.6122034611053286,1.6122034611053289,1.612203461105329,2.2799999999999976]",4,1,0,0,5,0
E_N003283_N004423,7820,unintentional_missing,10,"[""E_N004421_N004423"",""E_N003283_N004421"",""E_N003284_N004423"",""E_N003283_N003284"",""E_N004417_N004423"",""E_N003283_N004437"",""E_N003280_N004423"",""E_N003283_N003289"",""E_N003284_N004421"",""E_N004417_N004421""]","[""present"",""present"",""present"",""present"",""unintentional_missing"",""unintentional_missing"",""unintentional_missing"",""unintentional_missing"",""present"",""present""]","[1.6122034611053278,1.6122034611053286,1.6122034611053289,1.612203461105329,2.2799999999999976,2.2799999999999994,2.2800000000000002,2.280000000000001,2.280000000000001,2.792418306772821]",6,4,0,0,10,0
E_N003283_N004437,7849,unintentional_missing,1,"[""E_N004421_N004437""]","[""present""]",[1.6122034611053278],1,0,0,0,1,0
E_N003283_N004437,7849,unintentional_missing,3,"[""E_N004421_N004437"",""E_N003283_N004421"",""E_N003283_N003298""]","[""present"",""present"",""present""]","[1.6122034611053278,1.6122034611053286,1.612203461105329]",3,0,0,0,3,0
E_N003283_N004437,7849,unintentional_missing,5,"[""E_N004421_N004437"",""E_N003283_N004421"",""E_N003283_N003298"",""E_N003298_N004437"",""E_N004417_N004437""]","[""present"",""present"",""present"",""present"",""unintentional_missing""]","[1.6122034611053278,1.6122034611053286,1.612203461105329,1.612203461105329,2.2799999999999976]",4,1,0,0,5,0
E_N003283_N004437,7849,unintentional_missing,10,"[""E_N004421_N004437"",""E_N003283_N004421"",""E_N003283_N003298"",""E_N003298_N004437"",""E_N004417_N004437"",""E_N003283_N004423"",""E_N003297_N004437"",""E_N003283_N003303"",""E_N003298_N004421"",""E_N004417_N004421""]","[""present"",""present"",""present"",""present"",""unintentional_missing"",""unintentional_missing"",""unintentional_missing"",""unintentional_missing"",""present"",""present""]","[1.6122034611053278,1.6122034611053286,1.612203461105329,1.612203461105329,2.2799999999999976,2.2799999999999994,2.2800000000000002,2.280000000000001,2.280000000000001,2.792418306772821]",6,4,0,0,10,0
E_N003297_N003303,5835,unintentional_missing,1,"[""E_N003297_N003301""]","[""present""]",[1.6122034611053286],1,0,0,0,1,0
E_N003297_N003303,5835,unintentional_missing,3,"[""E_N003297_N003301"",""E_N003298_N003303"",""E_N003297_N003298""]","[""present"",""present"",""present""]","[1.6122034611053286,1.6122034611053286,1.612203461105329]",3,0,0,0,3,0
E_N003297_N003303,5835,unintentional_missing,5,"[""E_N003297_N003301"",""E_N003298_N003303"",""E_N003297_N003298"",""E_N003301_N003303"",""E_N003297_N003317""]","[""present"",""present"",""present"",""present"",""unintentional_missing""]","[1.6122034611053286,1.6122034611053286,1.612203461105329,1.612203461105329,2.2799999999999985]",4,1,0,0,5,0
E_N003297_N003303,5835,unintentional_missing,10,"[""E_N003297_N003301"",""E_N003298_N003303"",""E_N003297_N003298"",""E_N003301_N003303"",""E_N003297_N003317"",""E_N003283_N003303"",""E_N002163_N003303"",""E_N003297_N004437"",""E_N003298_N003301"",""E_N003297_N003312""]","[""present"",""present"",""present"",""present"",""unintentional_missing"",""unintentional_missing"",""unintentional_missing"",""unintentional_missing"",""present"",""present""]","[1.6122034611053286,1.6122034611053286,1.612203461105329,1.612203461105329,2.2799999999999985,2.2800000000000002,2.280000000000001,2.280000000000001,2.280000000000001,2.7924183067728223]",6,4,0,0,10,0
E_N003297_N003317,5862,unintentional_missing,1,"[""E_N003297_N003301""]","[""present""]",[1.6122034611053278],1,0,0,0,1,0
E_N003297_N003317,5862,unintentional_missing,3,"[""E_N003297_N003301"",""E_N003297_N003312"",""E_N003301_N003317""]","[""present"",""present"",""present""]","[1.6122034611053278,1.612203461105329,1.612203461105329]",3,0,0,0,3,0
E_N003297_N003317,5862,unintentional_missing,5,"[""E_N003297_N003301"",""E_N003297_N003312"",""E_N003301_N003317"",""E_N003312_N003317"",""E_N003297_N003303""]","[""present"",""present"",""present"",""present"",""unintentional_missing""]","[1.6122034611053278,1.612203461105329,1.612203461105329,1.612203461105329,2.2799999999999985]",4,1,0,0,5,0
E_N003297_N003317,5862,unintentional_missing,10,"[""E_N003297_N003301"",""E_N003297_N003312"",""E_N003301_N003317"",""E_N003312_N003317"",""E_N003297_N003303"",""E_N002163_N003317"",""E_N003297_N004451"",""E_N003301_N003312"",""E_N003311_N003317"",""E_N003297_N003298""]","[""present"",""present"",""present"",""present"",""unintentional_missing"",""unintentional_missing"",""unintentional_missing"",""present"",""unintentional_missing"",""present""]","[1.6122034611053278,1.612203461105329,1.612203461105329,1.612203461105329,2.2799999999999985,2.280000000000001,2.280000000000001,2.280000000000001,2.280000000000001,2.7924183067728223]",6,4,0,0,10,0
E_N003297_N004437,7848,unintentional_missing,1,"[""E_N004435_N004437""]","[""present""]",[1.6122034611053278],1,0,0,0,1,0
E_N003297_N004437,7848,unintentional_missing,3,"[""E_N004435_N004437"",""E_N003297_N004435"",""E_N003298_N004437""]","[""present"",""present"",""present""]","[1.6122034611053278,1.6122034611053286,1.6122034611053286]",3,0,0,0,3,0
E_N003297_N004437,7848,unintentional_missing,5,"[""E_N004435_N004437"",""E_N003297_N004435"",""E_N003298_N004437"",""E_N003297_N003298"",""E_N004431_N004437""]","[""present"",""present"",""present"",""present"",""unintentional_missing""]","[1.6122034611053278,1.6122034611053286,1.6122034611053286,1.612203461105329,2.2799999999999976]",4,1,0,0,5,0
E_N003297_N004437,7848,unintentional_missing,10,"[""E_N004435_N004437"",""E_N003297_N004435"",""E_N003298_N004437"",""E_N003297_N003298"",""E_N004431_N004437"",""E_N003297_N004451"",""E_N003283_N004437"",""E_N003297_N003303"",""E_N003298_N004435"",""E_N004431_N004435""]","[""present"",""present"",""present"",""present"",""unintentional_missing"",""unintentional_missing"",""unintentional_missing"",""unintentional_missing"",""present"",""present""]","[1.6122034611053278,1.6122034611053286,1.6122034611053286,1.612203461105329,2.2799999999999976,2.2799999999999985,2.2800000000000002,2.280000000000001,2.280000000000001,2.792418306772821]",6,4,0,0,10,0
E_N003297_N004451,7877,unintentional_missing,1,"[""E_N003297_N004435""]","[""present""]",[1.6122034611053278],1,0,0,0,1,0
E_N003297_N004451,7877,unintentional_missing,3,"[""E_N003297_N004435"",""E_N004435_N004451"",""E_N003297_N003312""]","[""present"",""present"",""present""]","[1.6122034611053278,1.6122034611053278,1.612203461105329]",3,0,0,0,3,0
E_N003297_N004451,7877,unintentional_missing,5,"[""E_N003297_N004435"",""E_N004435_N004451"",""E_N003297_N003312"",""E_N003312_N004451"",""E_N004431_N004451""]","[""present"",""present"",""present"",""present"",""unintentional_missing""]","[1.6122034611053278,1.6122034611053278,1.612203461105329,1.612203461105329,2.2799999999999976]",4,1,0,0,5,0
E_N003297_N004451,7877,unintentional_missing,10,"[""E_N003297_N004435"",""E_N004435_N004451"",""E_N003297_N003312"",""E_N003312_N004451"",""E_N004431_N004451"",""E_N003297_N004437"",""E_N003297_N003317"",""E_N003311_N004451"",""E_N003312_N004435"",""E_N004431_N004435""]","[""present"",""present"",""present"",""present"",""unintentional_missing"",""unintentional_missing"",""unintentional_missing"",""unintentional_missing"",""present"",""present""]","[1.6122034611053278,1.6122034611053278,1.612203461105329,1.612203461105329,2.2799999999999976,2.2799999999999985,2.280000000000001,2.280000000000001,2.280000000000001,2.7924183067728205]",6,4,0,0,10,0
E_N003311_N003317,5863,unintentional_missing,1,"[""E_N003311_N003312""]","[""present""]",[1.612203461105329],1,0,0,0,1,0
E_N003311_N003317,5863,unintentional_missing,3,"[""E_N003311_N003312"",""E_N003311_N003315"",""E_N003312_N003317""]","[""present"",""present"",""present""]","[1.612203461105329,1.612203461105329,1.612203461105329]",3,0,0,0,3,0
E_N003311_N003317,5863,unintentional_missing,5,"[""E_N003311_N003312"",""E_N003311_N003315"",""E_N003312_N003317"",""E_N003315_N003317"",""E_N002177_N003317""]","[""present"",""present"",""present"",""present"",""unintentional_missing""]","[1.612203461105329,1.612203461105329,1.612203461105329,1.612203461105329,2.280000000000001]",4,1,0,0,5,0
E_N003311_N003317,5863,unintentional_missing,10,"[""E_N003311_N003312"",""E_N003311_N003315"",""E_N003312_N003317"",""E_N003315_N003317"",""E_N002177_N003317"",""E_N003297_N003317"",""E_N003311_N003331"",""E_N003311_N004451"",""E_N003312_N003315"",""E_N002177_N003315""]","[""present"",""present"",""present"",""present"",""unintentional_missing"",""unintentional_missing"",""unintentional_missing"",""unintentional_missing"",""present"",""present""]","[1.612203461105329,1.612203461105329,1.612203461105329,1.612203461105329,2.280000000000001,2.280000000000001,2.280000000000001,2.280000000000001,2.280000000000001,2.792418306772824]",6,4,0,0,10,0
E_N003311_N003331,5890,unintentional_missing,1,"[""E_N003326_N003331""]","[""present""]",[1.6122034611053278],1,0,0,0,1,0
E_N003311_N003331,5890,unintentional_missing,3,"[""E_N003326_N003331"",""E_N003311_N003315"",""E_N003311_N003326""]","[""present"",""present"",""present""]","[1.6122034611053278,1.612203461105329,1.612203461105329]",3,0,0,0,3,0
E_N003311_N003331,5890,unintentional_missing,5,"[""E_N003326_N003331"",""E_N003311_N003315"",""E_N003311_N003326"",""E_N003315_N003331"",""E_N003325_N003331""]","[""present"",""present"",""present"",""present"",""unintentional_missing""]","[1.6122034611053278,1.612203461105329,1.612203461105329,1.612203461105329,2.2799999999999976]",4,1,0,0,5,0
E_N003311_N003331,5890,unintentional_missing,10,"[""E_N003326_N003331"",""E_N003311_N003315"",""E_N003311_N003326"",""E_N003315_N003331"",""E_N003325_N003331"",""E_N002177_N003331"",""E_N003311_N003317"",""E_N003311_N004465"",""E_N003315_N003326"",""E_N003325_N003326""]","[""present"",""present"",""present"",""present"",""unintentional_missing"",""unintentional_missing"",""unintentional_missing"",""unintentional_missing"",""present"",""present""]","[1.6122034611053278,1.612203461105329,1.612203461105329,1.612203461105329,2.2799999999999976,2.280000000000001,2.280000000000001,2.280000000000001,2.280000000000001,2.7924183067728214]",6,4,0,0,10,0
E_N003311_N004451,7876,unintentional_missing,1,"[""E_N004449_N004451""]","[""present""]",[1.6122034611053278],1,0,0,0,1,0
E_N003311_N004451,7876,unintentional_missing,3,"[""E_N004449_N004451"",""E_N003311_N003312"",""E_N003311_N004449""]","[""present"",""present"",""present""]","[1.6122034611053278,1.612203461105329,1.612203461105329]",3,0,0,0,3,0
E_N003311_N004451,7876,unintentional_missing,5,"[""E_N004449_N004451"",""E_N003311_N003312"",""E_N003311_N004449"",""E_N003312_N004451"",""E_N004445_N004451""]","[""present"",""present"",""present"",""present"",""unintentional_missing""]","[1.6122034611053278,1.612203461105329,1.612203461105329,1.612203461105329,2.2799999999999976]",4,1,0,0,5,0
E_N003311_N004451,7876,unintentional_missing,10,"[""E_N004449_N004451"",""E_N003311_N003312"",""E_N003311_N004449"",""E_N003312_N004451"",""E_N004445_N004451"",""E_N003297_N004451"",""E_N003311_N003317"",""E_N003311_N004465"",""E_N003312_N004449"",""E_N004445_N004449""]","[""present"",""present"",""present"",""present"",""unintentional_missing"",""unintentional_missing"",""unintentional_missing"",""unintentional_missing"",""present"",""present""]","[1.6122034611053278,1.612203461105329,1.612203461105329,1.612203461105329,2.2799999999999976,2.280000000000001,2.280000000000001,2.280000000000001,2.280000000000001,2.7924183067728214]",6,4,0,0,10,0
E_N003311_N004465,7905,unintentional_missing,1,"[""E_N003326_N004465""]","[""present""]",[1.6122034611053278],1,0,0,0,1,0
E_N003311_N004465,7905,unintentional_missing,3,"[""E_N003326_N004465"",""E_N004449_N004465"",""E_N003311_N003326""]","[""present"",""present"",""present""]","[1.6122034611053278,1.6122034611053278,1.612203461105329]",3,0,0,0,3,0
E_N003311_N004465,7905,unintentional_missing,5,"[""E_N003326_N004465"",""E_N004449_N004465"",""E_N003311_N003326"",""E_N003311_N004449"",""E_N003325_N004465""]","[""present"",""present"",""present"",""present"",""unintentional_missing""]","[1.6122034611053278,1.6122034611053278,1.612203461105329,1.612203461105329,2.2799999999999976]",4,1,0,0,5,0
E_N003311_N004465,7905,unintentional_missing,10,"[""E_N003326_N004465"",""E_N004449_N004465"",""E_N003311_N003326"",""E_N003311_N004449"",""E_N003325_N004465"",""E_N004445_N004465"",""E_N003311_N003331"",""E_N003311_N004451"",""E_N003326_N004449"",""E_N004460_N004465""]","[""present"",""present"",""present"",""present"",""unintentional_missing"",""unintentional_missing"",""unintentional_missing"",""unintentional_missing"",""present"",""present""]","[1.6122034611053278,1.6122034611053278,1.612203461105329,1.612203461105329,2.2799999999999976,2.2799999999999976,2.280000000000001,2.280000000000001,2.280000000000001,2.7924183067728205]",6,4,0,0,10,0
E_N003325_N003331,5891,unintentional_missing,1,"[""E_N003326_N003331""]","[""present""]",[1.6122034611053278],1,0,0,0,1,0
E_N003325_N003331,5891,unintentional_missing,3,"[""E_N003326_N003331"",""E_N003325_N003326"",""E_N003325_N003329""]","[""present"",""present"",""present""]","[1.6122034611053278,1.612203461105329,1.612203461105329]",3,0,0,0,3,0
E_N003325_N003331,5891,unintentional_missing,5,"[""E_N003326_N003331"",""E_N003325_N003326"",""E_N003325_N003329"",""E_N003329_N003331"",""E_N003311_N003331""]","[""present"",""present"",""present"",""present"",""unintentional_missing""]","[1.6122034611053278,1.612203461105329,1.612203461105329,1.612203461105329,2.2799999999999976]",4,1,0,0,5,0
E_N003325_N003331,5891,unintentional_missing,10,"[""E_N003326_N003331"",""E_N003325_N003326"",""E_N003325_N003329"",""E_N003329_N003331"",""E_N003311_N003331"",""E_N002191_N003331"",""E_N003325_N003345"",""E_N003325_N004465"",""E_N003326_N003329"",""E_N003311_N003326""]","[""present"",""present"",""present"",""present"",""unintentional_missing"",""unintentional_missing"",""unintentional_missing"",""unintentional_missing"",""present"",""present""]","[1.6122034611053278,1.612203461105329,1.612203461105329,1.612203461105329,2.2799999999999976,2.280000000000001,2.280000000000001,2.280000000000001,2.280000000000001,2.7924183067728214]",6,4,0,0,10,0
E_N003325_N003345,5918,unintentional_missing,1,"[""E_N003325_N003329""]","[""present""]",[1.612203461105329],1,0,0,0,1,0
E_N003325_N003345,5918,unintentional_missing,3,"[""E_N003325_N003329"",""E_N003325_N003340"",""E_N003329_N003345""]","[""present"",""present"",""present""]","[1.612203461105329,1.612203461105329,1.612203461105329]",3,0,0,0,3,0
E_N003325_N003345,5918,unintentional_missing,5,"[""E_N003325_N003329"",""E_N003325_N003340"",""E_N003329_N003345"",""E_N003340_N003345"",""E_N003339_N003345""]","[""present"",""present"",""present"","""",""unintentional_missing""]","[1.612203461105329,1.612203461105329,1.612203461105329,1.612203461105329,2.2799999999999976]",3,1,0,0,4,1
E_N003325_N003345,5918,unintentional_missing,10,"[""E_N003325_N003329"",""E_N003325_N003340"",""E_N003329_N003345"",""E_N003340_N003345"",""E_N003339_N003345"",""E_N002191_N003345"",""E_N003325_N003331"",""E_N003325_N004479"",""E_N003329_N003340"",""E_N003339_N003340""]","[""present"",""present"",""present"","""",""unintentional_missing"","""",""unintentional_missing"",""unintentional_missing"",""present"",""present""]","[1.612203461105329,1.612203461105329,1.612203461105329,1.612203461105329,2.2799999999999976,2.280000000000001,2.280000000000001,2.280000000000001,2.280000000000001,2.7924183067728214]",5,3,0,0,8,2
E_N003325_N004465,7904,unintentional_missing,1,"[""E_N003326_N004465""]","[""present""]",[1.6122034611053278],1,0,0,0,1,0
E_N003325_N004465,7904,unintentional_missing,3,"[""E_N003326_N004465"",""E_N004463_N004465"",""E_N003325_N003326""]","[""present"",""present"",""present""]","[1.6122034611053278,1.6122034611053278,1.612203461105329]",3,0,0,0,3,0
E_N003325_N004465,7904,unintentional_missing,5,"[""E_N003326_N004465"",""E_N004463_N004465"",""E_N003325_N003326"",""E_N003325_N004463"",""E_N003311_N004465""]","[""present"",""present"",""present"",""present"",""unintentional_missing""]","[1.6122034611053278,1.6122034611053278,1.612203461105329,1.612203461105329,2.2799999999999976]",4,1,0,0,5,0
E_N003325_N004465,7904,unintentional_missing,10,"[""E_N003326_N004465"",""E_N004463_N004465"",""E_N003325_N003326"",""E_N003325_N004463"",""E_N003311_N004465"",""E_N004459_N004465"",""E_N003325_N003331"",""E_N003325_N004479"",""E_N003326_N004463"",""E_N004460_N004465""]","[""present"",""present"",""present"",""present"",""unintentional_missing"",""unintentional_missing"",""unintentional_missing"",""unintentional_missing"",""present"",""present""]","[1.6122034611053278,1.6122034611053278,1.612203461105329,1.612203461105329,2.2799999999999976,2.2799999999999976,2.280000000000001,2.280000000000001,2.280000000000001,2.7924183067728205]",6,4,0,0,10,0
E_N003325_N004479,7933,unintentional_missing,1,"[""E_N004463_N004479""]","[""present""]",[1.6122034611053278],1,0,0,0,1,0
E_N003325_N004479,7933,unintentional_missing,3,"[""E_N004463_N004479"",""E_N003325_N003340"",""E_N003325_N004463""]","[""present"",""present"",""present""]","[1.6122034611053278,1.612203461105329,1.612203461105329]",3,0,0,0,3,0
E_N003325_N004479,7933,unintentional_missing,5,"[""E_N004463_N004479"",""E_N003325_N003340"",""E_N003325_N004463"",""E_N003340_N004479"",""E_N003339_N004479""]","[""present"",""present"",""present"",""present"",""unintentional_missing""]","[1.6122034611053278,1.612203461105329,1.612203461105329,1.612203461105329,2.2799999999999976]",4,1,0,0,5,0
E_N003325_N004479,7933,unintentional_missing,10,"[""E_N004463_N004479"",""E_N003325_N003340"",""E_N003325_N004463"",""E_N003340_N004479"",""E_N003339_N004479"",""E_N004459_N004479"",""E_N003325_N003345"",""E_N003325_N004465"",""E_N003340_N004463"",""E_N004477_N004479""]","[""present"",""present"",""present"",""present"",""unintentional_missing"",""unintentional_missing"",""unintentional_missing"",""unintentional_missing"",""present"",""present""]","[1.6122034611053278,1.612203461105329,1.612203461105329,1.612203461105329,2.2799999999999976,2.2799999999999976,2.280000000000001,2.280000000000001,2.280000000000001,2.792418306772821]",6,4,0,0,10,0
E_N003339_N003345,5919,unintentional_missing,1,"[""E_N003340_N003345""]","[""""]",[1.6122034611053266],0,0,0,0,0,1
E_N003339_N003345,5919,unintentional_missing,3,"[""E_N003340_N003345"",""E_N003339_N003340"",""E_N003339_N003343""]","["""",""present"",""present""]","[1.6122034611053266,1.612203461105329,1.612203461105329]",2,0,0,0,2,1
E_N003339_N003345,5919,unintentional_missing,5,"[""E_N003340_N003345"",""E_N003339_N003340"",""E_N003339_N003343"",""E_N003343_N003345"",""E_N003325_N003345""]","["""",""present"",""present"",""present"",""unintentional_missing""]","[1.6122034611053266,1.612203461105329,1.612203461105329,1.612203461105329,2.2799999999999976]",3,1,0,0,4,1
E_N003339_N003345,5919,unintentional_missing,10,"[""E_N003340_N003345"",""E_N003339_N003340"",""E_N003339_N003343"",""E_N003343_N003345"",""E_N003325_N003345"",""E_N002205_N003345"",""E_N003339_N003359"",""E_N003339_N004479"",""E_N003340_N003343"",""E_N003325_N003340""]","["""",""present"",""present"",""present"",""unintentional_missing"",""unintentional_missing"",""unintentional_missing"",""unintentional_missing"",""present"",""present""]","[1.6122034611053266,1.612203461105329,1.612203461105329,1.612203461105329,2.2799999999999976,2.280000000000001,2.280000000000001,2.280000000000001,2.280000000000001,2.7924183067728214]",5,4,0,0,9,1
E_N003339_N003359,5946,unintentional_missing,1,"[""E_N003339_N003343""]","[""present""]",[1.612203461105329],1,0,0,0,1,0
E_N003339_N003359,5946,unintentional_missing,3,"[""E_N003339_N003343"",""E_N003339_N003354"",""E_N003343_N003359""]","[""present"",""present"",""present""]","[1.612203461105329,1.612203461105329,1.612203461105329]",3,0,0,0,3,0
E_N003339_N003359,5946,unintentional_missing,5,"[""E_N003339_N003343"",""E_N003339_N003354"",""E_N003343_N003359"",""E_N003354_N003359"",""E_N002205_N003359""]","[""present"",""present"",""present"","""",""unintentional_missing""]","[1.612203461105329,1.612203461105329,1.612203461105329,1.612203461105329,2.280000000000001]",3,1,0,0,4,1
E_N003339_N003359,5946,unintentional_missing,10,"[""E_N003339_N003343"",""E_N003339_N003354"",""E_N003343_N003359"",""E_N003354_N003359"",""E_N002205_N003359"",""E_N003339_N003345"",""E_N003339_N004493"",""E_N003343_N003354"",""E_N003353_N003359"",""E_N002205_N003343""]","[""present"",""present"",""present"","""",""unintentional_missing"",""unintentional_missing"","""",""present"","""",""""]","[1.612203461105329,1.612203461105329,1.612203461105329,1.612203461105329,2.280000000000001,2.280000000000001,2.280000000000001,2.280000000000001,2.280000000000001,2.792418306772824]",4,2,0,0,6,4
E_N003339_N004479,7932,unintentional_missing,1,"[""E_N003340_N004479""]","[""present""]",[1.6122034611053266],1,0,0,0,1,0
E_N003339_N004479,7932,unintentional_missing,3,"[""E_N003340_N004479"",""E_N004477_N004479"",""E_N003339_N003340""]","[""present"",""present"",""present""]","[1.6122034611053266,1.6122034611053278,1.612203461105329]",3,0,0,0,3,0
E_N003339_N004479,7932,unintentional_missing,5,"[""E_N003340_N004479"",""E_N004477_N004479"",""E_N003339_N003340"",""E_N003339_N004477"",""E_N003325_N004479""]","[""present"",""present"",""present"",""present"",""unintentional_missing""]","[1.6122034611053266,1.6122034611053278,1.612203461105329,1.612203461105329,2.2799999999999976]",4,1,0,0,5,0
E_N003339_N004479,7932,unintentional_missing,10,"[""E_N003340_N004479"",""E_N004477_N004479"",""E_N003339_N003340"",""E_N003339_N004477"",""E_N003325_N004479"",""E_N004473_N004479"",""E_N003339_N003345"",""E_N003339_N004493"",""E_N003340_N004477"",""E_N004474_N004479""]","[""present"",""present"",""present"",""present"",""unintentional_missing"",""unintentional_missing"",""unintentional_missing"","""",""present"",""present""]","[1.6122034611053266,1.6122034611053278,1.612203461105329,1.612203461105329,2.2799999999999976,2.2799999999999976,2.280000000000001,2.280000000000001,2.280000000000001,2.79241830677282]",6,3,0,0,9,1
E_N003353_N004493,7960,unintentional_missing,1,"[""E_N004491_N004493""]","[""present""]",[1.6122034611053278],1,0,0,0,1,0
E_N003353_N004493,7960,unintentional_missing,3,"[""E_N004491_N004493"",""E_N003353_N003354"",""E_N003353_N004491""]","[""present"","""",""""]","[1.6122034611053278,1.612203461105329,1.612203461105329]",1,0,0,0,1,2
E_N003353_N004493,7960,unintentional_missing,5,"[""E_N004491_N004493"",""E_N003353_N003354"",""E_N003353_N004491"",""E_N003354_N004493"",""E_N004487_N004493""]","[""present"","""","""",""present"",""""]","[1.6122034611053278,1.612203461105329,1.612203461105329,1.612203461105329,2.2799999999999976]",2,0,0,0,2,3
E_N003353_N004493,7960,unintentional_missing,10,"[""E_N004491_N004493"",""E_N003353_N003354"",""E_N003353_N004491"",""E_N003354_N004493"",""E_N004487_N004493"",""E_N003339_N004493"",""E_N003353_N003359"",""E_N003353_N004507"",""E_N003354_N004491"",""E_N004487_N004491""]","[""present"","""","""",""present"","""","""","""","""",""present"",""present""]","[1.6122034611053278,1.612203461105329,1.612203461105329,1.612203461105329,2.2799999999999976,2.280000000000001,2.280000000000001,2.280000000000001,2.280000000000001,2.7924183067728214]",4,0,0,0,4,6
E_N003436_N003452,8136,unintentional_missing,1,"[""E_N003452_N003456""]","[""unintentional_broken""]",[1.6122034611053278],0,0,1,0,1,0
E_N003436_N003452,8136,unintentional_missing,3,"[""E_N003452_N003456"",""E_N003452_N004590"",""E_N003436_N003456""]","[""unintentional_broken"",""present"",""present""]","[1.6122034611053278,1.6122034611053278,1.6122034611053286]",2,0,1,0,3,0
E_N003436_N003452,8136,unintentional_missing,5,"[""E_N003452_N003456"",""E_N003452_N004590"",""E_N003436_N003456"",""E_N003436_N004590"",""E_N003441_N003452""]","[""unintentional_broken"",""present"",""present"",""present"",""present""]","[1.6122034611053278,1.6122034611053278,1.6122034611053286,1.6122034611053286,1.6122034611053286]",4,0,1,0,5,0
E_N003436_N003452,8136,unintentional_missing,10,"[""E_N003452_N003456"",""E_N003452_N004590"",""E_N003436_N003456"",""E_N003436_N004590"",""E_N003441_N003452"",""E_N003452_N004575"",""E_N003436_N003441"",""E_N003436_N004575"",""E_N003450_N003452"",""E_N003441_N003456""]","[""unintentional_broken"",""present"",""present"",""present"",""present"",""present"","""","""","""",""present""]","[1.6122034611053278,1.6122034611053278,1.6122034611053286,1.6122034611053286,1.6122034611053286,1.6122034611053286,1.612203461105329,1.612203461105329,2.2799999999999976,2.2799999999999994]",6,0,1,0,7,3
E_N003450_N003455,6151,unintentional_broken,1,"[""E_N003455_N003456""]","[""present""]",[1.6122034611053278],1,0,0,0,1,0
E_N003450_N003455,6151,unintentional_broken,3,"[""E_N003455_N003456"",""E_N003455_N003470"",""E_N003450_N003456""]","[""present"",""present"",""""]","[1.6122034611053278,1.6122034611053278,1.6122034611053286]",2,0,0,0,2,1
E_N003450_N003455,6151,unintentional_broken,5,"[""E_N003455_N003456"",""E_N003455_N003470"",""E_N003450_N003456"",""E_N003450_N003470"",""E_N003452_N003455""]","[""present"",""present"","""",""present"",""present""]","[1.6122034611053278,1.6122034611053278,1.6122034611053286,1.6122034611053286,1.6122034611053286]",4,0,0,0,4,1
E_N003450_N003455,6151,unintentional_broken,10,"[""E_N003455_N003456"",""E_N003455_N003470"",""E_N003450_N003456"",""E_N003450_N003470"",""E_N003452_N003455"",""E_N003455_N003466"",""E_N003450_N003452"",""E_N003450_N003466"",""E_N002316_N003455"",""E_N003452_N003456""]","[""present"",""present"","""",""present"",""present"",""present"","""",""unintentional_broken"",""present"",""unintentional_broken""]","[1.6122034611053278,1.6122034611053278,1.6122034611053286,1.6122034611053286,1.6122034611053286,1.6122034611053286,1.612203461105329,1.612203461105329,2.2799999999999976,2.2799999999999994]",6,0,2,0,8,2
E_N003450_N003466,8160,unintentional_broken,1,"[""E_N003450_N003470""]","[""present""]",[1.6122034611053286],1,0,0,0,1,0
E_N003450_N003466,8160,unintentional_broken,3,"[""E_N003450_N003470"",""E_N003450_N004604"",""E_N003455_N003466""]","[""present"",""present"",""present""]","[1.6122034611053286,1.6122034611053286,1.6122034611053286]",3,0,0,0,3,0
E_N003450_N003466,8160,unintentional_broken,5,"[""E_N003450_N003470"",""E_N003450_N004604"",""E_N003455_N003466"",""E_N003466_N004589"",""E_N003450_N003455""]","[""present"",""present"",""present"",""unintentional_broken"",""unintentional_broken""]","[1.6122034611053286,1.6122034611053286,1.6122034611053286,1.6122034611053286,1.612203461105329]",3,0,2,0,5,0
E_N003450_N003466,8160,unintentional_broken,10,"[""E_N003450_N003470"",""E_N003450_N004604"",""E_N003455_N003466"",""E_N003466_N004589"",""E_N003450_N003455"",""E_N003450_N004589"",""E_N003466_N003470"",""E_N003466_N004604"",""E_N003464_N003466"",""E_N003455_N003470""]","[""present"",""present"",""present"",""unintentional_broken"",""unintentional_broken"",""unintentional_missing"",""present"",""present"",""present"",""present""]","[1.6122034611053286,1.6122034611053286,1.6122034611053286,1.6122034611053286,1.612203461105329,1.612203461105329,1.612203461105329,1.612203461105329,2.2799999999999976,2.2799999999999994]",7,1,2,0,10,0
E_N003450_N004589,8164,unintentional_missing,1,"[""E_N003450_N004590""]","[""present""]",[1.6122034611053286],1,0,0,0,1,0
E_N003450_N004589,8164,unintentional_missing,3,"[""E_N003450_N004590"",""E_N003450_N004604"",""E_N003452_N004589""]","[""present"",""present"",""present""]","[1.6122034611053286,1.6122034611053286,1.6122034611053286]",3,0,0,0,3,0
E_N003450_N004589,8164,unintentional_missing,5,"[""E_N003450_N004590"",""E_N003450_N004604"",""E_N003452_N004589"",""E_N003466_N004589"",""E_N003450_N003452""]","[""present"",""present"",""present"",""unintentional_broken"",""""]","[1.6122034611053286,1.6122034611053286,1.6122034611053286,1.6122034611053286,1.612203461105329]",3,0,1,0,4,1
E_N003450_N004589,8164,unintentional_missing,10,"[""E_N003450_N004590"",""E_N003450_N004604"",""E_N003452_N004589"",""E_N003466_N004589"",""E_N003450_N003452"",""E_N003450_N003466"",""E_N004589_N004590"",""E_N004589_N004604"",""E_N004584_N004589"",""E_N003452_N004590""]","[""present"",""present"",""present"",""unintentional_broken"","""",""unintentional_broken"",""present"","""",""present"",""present""]","[1.6122034611053286,1.6122034611053286,1.6122034611053286,1.6122034611053286,1.612203461105329,1.612203461105329,1.612203461105329,1.612203461105329,2.2799999999999976,2.2799999999999994]",6,0,2,0,8,2
E_N003452_N003456,6141,unintentional_broken,1,"[""E_N003441_N003456""]","[""present""]",[1.6122034611053266],1,0,0,0,1,0
E_N003452_N003456,6141,unintentional_broken,3,"[""E_N003441_N003456"",""E_N003455_N003456"",""E_N003436_N003456""]","[""present"",""present"",""present""]","[1.6122034611053266,1.6122034611053266,1.6122034611053275]",3,0,0,0,3,0
E_N003452_N003456,6141,unintentional_broken,5,"[""E_N003441_N003456"",""E_N003455_N003456"",""E_N003436_N003456"",""E_N003441_N003452"",""E_N003450_N003456""]","[""present"",""present"",""present"",""present"",""""]","[1.6122034611053266,1.6122034611053266,1.6122034611053275,1.6122034611053275,1.6122034611053275]",4,0,0,0,4,1
E_N003452_N003456,6141,unintentional_broken,10,"[""E_N003441_N003456"",""E_N003455_N003456"",""E_N003436_N003456"",""E_N003441_N003452"",""E_N003450_N003456"",""E_N003452_N003455"",""E_N003436_N003452"",""E_N003450_N003452"",""E_N002318_N003456"",""E_N003436_N003441""]","[""present"",""present"",""present"",""present"","""",""present"",""unintentional_missing"","""",""present"",""""]","[1.6122034611053266,1.6122034611053266,1.6122034611053275,1.6122034611053275,1.6122034611053275,1.6122034611053275,1.6122034611053278,1.6122034611053278,2.2799999999999976,2.2799999999999994]",6,1,0,0,7,3
E_N003466_N003471,6166,unintentional_broken,1,"[""E_N003469_N003471""]","[""present""]",[1.6122034611053253],1,0,0,0,1,0
E_N003466_N003471,6166,unintentional_broken,3,"[""E_N003469_N003471"",""E_N003465_N003471"",""E_N003466_N003469""]","[""present"",""present"",""present""]","[1.6122034611053253,1.612203461105326,1.6122034611053264]",3,0,0,0,3,0
E_N003466_N003471,6166,unintentional_broken,5,"[""E_N003469_N003471"",""E_N003465_N003471"",""E_N003466_N003469"",""E_N003465_N003466"",""E_N003455_N003471""]","[""present"",""present"",""present"",""present"",""present""]","[1.6122034611053253,1.612203461105326,1.6122034611053264,1.6122034611053266,1.6122034611053278]",5,0,0,0,5,0
E_N003466_N003471,6166,unintentional_broken,10,"[""E_N003469_N003471"",""E_N003465_N003471"",""E_N003466_N003469"",""E_N003465_N003466"",""E_N003455_N003471"",""E_N003451_N003471"",""E_N003455_N003466"",""E_N003451_N003466"",""E_N002332_N003471"",""E_N003465_N003469""]","[""present"",""present"",""present"",""present"",""present"",""present"",""present"",""present"",""present"",""present""]","[1.6122034611053253,1.612203461105326,1.6122034611053264,1.6122034611053266,1.6122034611053278,1.6122034611053286,1.6122034611053289,1.612203461105329,2.2799999999999976,2.2799999999999976]",10,0,0,0,10,0
E_N003466_N004589,8173,unintentional_broken,1,"[""E_N003450_N003466""]","[""unintentional_broken""]",[1.6122034611053286],0,0,1,0,1,0
E_N003466_N004589,8173,unintentional_broken,3,"[""E_N003450_N003466"",""E_N003450_N004589"",""E_N003466_N004604""]","[""unintentional_broken"",""unintentional_missing"",""present""]","[1.6122034611053286,1.6122034611053286,1.6122034611053286]",1,1,1,0,3,0
E_N003466_N004589,8173,unintentional_broken,5,"[""E_N003450_N003466"",""E_N003450_N004589"",""E_N003466_N004604"",""E_N004589_N004604"",""E_N003451_N003466""]","[""unintentional_broken"",""unintentional_missing"",""present"","""",""present""]","[1.6122034611053286,1.6122034611053286,1.6122034611053286,1.6122034611053286,1.6122034611053289]",2,1,1,0,4,1
E_N003466_N004589,8173,unintentional_broken,10,"[""E_N003450_N003466"",""E_N003450_N004589"",""E_N003466_N004604"",""E_N004589_N004604"",""E_N003451_N003466"",""E_N003451_N004589"",""E_N003466_N004605"",""E_N004589_N004605"",""E_N003466_N004603"",""E_N004589_N004600""]","[""unintentional_broken"",""unintentional_missing"",""present"","""",""present"",""present"",""present"",""present"",""present"",""present""]","[1.6122034611053286,1.6122034611053286,1.6122034611053286,1.6122034611053286,1.6122034611053289,1.6122034611053289,1.6122034611053289,1.6122034611053289,2.2799999999999976,2.2799999999999976]",7,1,1,0,9,1
E_N003511_N003526,6259,unintentional_missing,1,"[""E_N002372_N003526""]","[""""]",[1.6122034611053275],0,0,0,0,0,1
E_N003511_N003526,6259,unintentional_missing,3,"[""E_N002372_N003526"",""E_N002388_N003511"",""E_N003506_N003526""]","["""",""present"",""""]","[1.6122034611053275,1.6122034611053275,1.6122034611053275]",1,0,0,0,1,2
E_N003511_N003526,6259,unintentional_missing,5,"[""E_N002372_N003526"",""E_N002388_N003511"",""E_N003506_N003526"",""E_N003511_N003522"",""E_N002372_N003511""]","["""",""present"","""",""present"",""present""]","[1.6122034611053275,1.6122034611053275,1.6122034611053275,1.6122034611053275,1.6122034611053278]",3,0,0,0,3,2
E_N003511_N003526,6259,unintentional_missing,10,"[""E_N002372_N003526"",""E_N002388_N003511"",""E_N003506_N003526"",""E_N003511_N003522"",""E_N002372_N003511"",""E_N002388_N003526"",""E_N003506_N003511"",""E_N003522_N003526"",""E_N002372_N002388"",""E_N003506_N003522""]","["""",""present"","""",""present"",""present"",""present"","""","""",""present"",""present""]","[1.6122034611053275,1.6122034611053275,1.6122034611053275,1.6122034611053275,1.6122034611053278,1.6122034611053278,1.6122034611053278,1.6122034611053278,2.2799999999999994,2.2799999999999994]",6,0,0,0,6,4
E_N004414_N004423,7822,unintentional_missing,1,"[""E_N004420_N004423""]","[""""]",[1.6122034611053278],0,0,0,0,0,1
E_N004414_N004423,7822,unintentional_missing,3,"[""E_N004420_N004423"",""E_N004414_N004420"",""E_N004418_N004423""]","["""","""",""present""]","[1.6122034611053278,1.6122034611053286,1.6122034611053286]",1,0,0,0,1,2
E_N004414_N004423,7822,unintentional_missing,5,"[""E_N004420_N004423"",""E_N004414_N004420"",""E_N004418_N004423"",""E_N004414_N004418"",""E_N003280_N004423""]","["""","""",""present"",""present"",""unintentional_missing""]","[1.6122034611053278,1.6122034611053286,1.6122034611053286,1.612203461105329,2.2799999999999976]",2,1,0,0,3,2
E_N004414_N004423,7822,unintentional_missing,10,"[""E_N004420_N004423"",""E_N004414_N004420"",""E_N004418_N004423"",""E_N004414_N004418"",""E_N003280_N004423"",""E_N004417_N004423"",""E_N004414_N005557"",""E_N004418_N004420"",""E_N003280_N004420"",""E_N003284_N004423""]","["""","""",""present"",""present"",""unintentional_missing"",""unintentional_missing"",""unintentional_missing"","""","""",""present""]","[1.6122034611053278,1.6122034611053286,1.6122034611053286,1.612203461105329,2.2799999999999976,2.2800000000000002,2.280000000000001,2.280000000000001,2.7924183067728214,2.7924183067728214]",3,3,0,0,6,4
E_N004414_N005557,9837,unintentional_missing,1,"[""E_N004414_N005554""]","[""""]",[1.6122034611053286],0,0,0,0,0,1
E_N004414_N005557,9837,unintentional_missing,3,"[""E_N004414_N005554"",""E_N004418_N005557"",""E_N004414_N004418""]","["""",""present"",""present""]","[1.6122034611053286,1.6122034611053286,1.612203461105329]",2,0,0,0,2,1
E_N004414_N005557,9837,unintentional_missing,5,"[""E_N004414_N005554"",""E_N004418_N005557"",""E_N004414_N004418"",""E_N005554_N005557"",""E_N005548_N005557""]","["""",""present"",""present"","""",""unintentional_missing""]","[1.6122034611053286,1.6122034611053286,1.612203461105329,1.612203461105329,2.2799999999999976]",2,1,0,0,3,2
E_N004414_N005557,9837,unintentional_missing,10,"[""E_N004414_N005554"",""E_N004418_N005557"",""E_N004414_N004418"",""E_N005554_N005557"",""E_N005548_N005557"",""E_N004417_N005557"",""E_N004414_N004423"",""E_N004418_N005554"",""E_N005548_N005554"",""E_N005552_N005557""]","["""",""present"",""present"","""",""unintentional_missing"",""unintentional_missing"",""unintentional_missing"","""","""",""present""]","[1.6122034611053286,1.6122034611053286,1.612203461105329,1.612203461105329,2.2799999999999976,2.2800000000000002,2.280000000000001,2.280000000000001,2.7924183067728214,2.7924183067728214]",3,3,0,0,6,4
E_N004417_N004423,7823,unintentional_missing,1,"[""E_N004421_N004423""]","[""present""]",[1.6122034611053278],1,0,0,0,1,0
E_N004417_N004423,7823,unintentional_missing,3,"[""E_N004421_N004423"",""E_N004417_N004421"",""E_N004418_N004423""]","[""present"",""present"",""present""]","[1.6122034611053278,1.6122034611053286,1.6122034611053289]",3,0,0,0,3,0
E_N004417_N004423,7823,unintentional_missing,5,"[""E_N004421_N004423"",""E_N004417_N004421"",""E_N004418_N004423"",""E_N004417_N004418"",""E_N003283_N004423""]","[""present"",""present"",""present"",""present"",""unintentional_missing""]","[1.6122034611053278,1.6122034611053286,1.6122034611053289,1.612203461105329,2.2799999999999976]",4,1,0,0,5,0
E_N004417_N004423,7823,unintentional_missing,10,"[""E_N004421_N004423"",""E_N004417_N004421"",""E_N004418_N004423"",""E_N004417_N004418"",""E_N003283_N004423"",""E_N004417_N004437"",""E_N004414_N004423"",""E_N004417_N005557"",""E_N004418_N004421"",""E_N003283_N004421""]","[""present"",""present"",""present"",""present"",""unintentional_missing"",""unintentional_missing"",""unintentional_missing"",""unintentional_missing"",""present"",""present""]","[1.6122034611053278,1.6122034611053286,1.6122034611053289,1.612203461105329,2.2799999999999976,2.2799999999999994,2.2800000000000002,2.280000000000001,2.280000000000001,2.792418306772821]",6,4,0,0,10,0
E_N004417_N004437,7850,unintentional_missing,1,"[""E_N004421_N004437""]","[""present""]",[1.6122034611053278],1,0,0,0,1,0
E_N004417_N004437,7850,unintentional_missing,3,"[""E_N004421_N004437"",""E_N004417_N004421"",""E_N004417_N004432""]","[""present"",""present"",""present""]","[1.6122034611053278,1.6122034611053286,1.612203461105329]",3,0,0,0,3,0
E_N004417_N004437,7850,unintentional_missing,5,"[""E_N004421_N004437"",""E_N004417_N004421"",""E_N004417_N004432"",""E_N004432_N004437"",""E_N003283_N004437""]","[""present"",""present"",""present"",""present"",""unintentional_missing""]","[1.6122034611053278,1.6122034611053286,1.612203461105329,1.612203461105329,2.2799999999999976]",4,1,0,0,5,0
E_N004417_N004437,7850,unintentional_missing,10,"[""E_N004421_N004437"",""E_N004417_N004421"",""E_N004417_N004432"",""E_N004432_N004437"",""E_N003283_N004437"",""E_N004417_N004423"",""E_N004431_N004437"",""E_N004417_N005571"",""E_N004421_N004432"",""E_N003283_N004421""]","[""present"",""present"",""present"",""present"",""unintentional_missing"",""unintentional_missing"",""unintentional_missing"",""unintentional_missing"",""present"",""present""]","[1.6122034611053278,1.6122034611053286,1.612203461105329,1.612203461105329,2.2799999999999976,2.2799999999999994,2.2800000000000002,2.280000000000001,2.280000000000001,2.792418306772821]",6,4,0,0,10,0
E_N004417_N005557,9836,unintentional_missing,1,"[""E_N004417_N005555""]","[""present""]",[1.6122034611053286],1,0,0,0,1,0
E_N004417_N005557,9836,unintentional_missing,3,"[""E_N004417_N005555"",""E_N004418_N005557"",""E_N004417_N004418""]","[""present"",""present"",""present""]","[1.6122034611053286,1.6122034611053289,1.612203461105329]",3,0,0,0,3,0
E_N004417_N005557,9836,unintentional_missing,5,"[""E_N004417_N005555"",""E_N004418_N005557"",""E_N004417_N004418"",""E_N005555_N005557"",""E_N005551_N005557""]","[""present"",""present"",""present"",""present"",""unintentional_missing""]","[1.6122034611053286,1.6122034611053289,1.612203461105329,1.612203461105329,2.2799999999999976]",4,1,0,0,5,0
E_N004417_N005557,9836,unintentional_missing,10,"[""E_N004417_N005555"",""E_N004418_N005557"",""E_N004417_N004418"",""E_N005555_N005557"",""E_N005551_N005557"",""E_N004417_N005571"",""E_N004414_N005557"",""E_N004417_N004423"",""E_N004418_N005555"",""E_N005551_N005555""]","[""present"",""present"",""present"",""present"",""unintentional_missing"",""unintentional_missing"",""unintentional_missing"",""unintentional_missing"",""present"",""present""]","[1.6122034611053286,1.6122034611053289,1.612203461105329,1.612203461105329,2.2799999999999976,2.2799999999999994,2.2800000000000002,2.280000000000001,2.280000000000001,2.792418306772821]",6,4,0,0,10,0
E_N004417_N005571,9865,unintentional_missing,1,"[""E_N004417_N005555""]","[""present""]",[1.6122034611053286],1,0,0,0,1,0
E_N004417_N005571,9865,unintentional_missing,3,"[""E_N004417_N005555"",""E_N004417_N004432"",""E_N004432_N005571""]","[""present"",""present"",""present""]","[1.6122034611053286,1.612203461105329,1.612203461105329]",3,0,0,0,3,0
E_N004417_N005571,9865,unintentional_missing,5,"[""E_N004417_N005555"",""E_N004417_N004432"",""E_N004432_N005571"",""E_N005555_N005571"",""E_N005551_N005571""]","[""present"",""present"",""present"",""present"",""unintentional_missing""]","[1.6122034611053286,1.612203461105329,1.612203461105329,1.612203461105329,2.2799999999999976]",4,1,0,0,5,0
E_N004417_N005571,9865,unintentional_missing,10,"[""E_N004417_N005555"",""E_N004417_N004432"",""E_N004432_N005571"",""E_N005555_N005571"",""E_N005551_N005571"",""E_N004417_N005557"",""E_N004431_N005571"",""E_N004417_N004437"",""E_N004432_N005555"",""E_N005551_N005555""]","[""present"",""present"",""present"",""present"",""unintentional_missing"",""unintentional_missing"",""unintentional_missing"",""unintentional_missing"",""present"",""present""]","[1.6122034611053286,1.612203461105329,1.612203461105329,1.612203461105329,2.2799999999999976,2.2799999999999994,2.2800000000000002,2.280000000000001,2.280000000000001,2.792418306772821]",6,4,0,0,10,0
E_N004431_N004437,7851,unintentional_missing,1,"[""E_N004435_N004437""]","[""present""]",[1.6122034611053278],1,0,0,0,1,0
E_N004431_N004437,7851,unintentional_missing,3,"[""E_N004435_N004437"",""E_N004431_N004435"",""E_N004432_N004437""]","[""present"",""present"",""present""]","[1.6122034611053278,1.6122034611053286,1.6122034611053286]",3,0,0,0,3,0
E_N004431_N004437,7851,unintentional_missing,5,"[""E_N004435_N004437"",""E_N004431_N004435"",""E_N004432_N004437"",""E_N004431_N004432"",""E_N003297_N004437""]","[""present"",""present"",""present"",""present"",""unintentional_missing""]","[1.6122034611053278,1.6122034611053286,1.6122034611053286,1.612203461105329,2.2799999999999976]",4,1,0,0,5,0
E_N004431_N004437,7851,unintentional_missing,10,"[""E_N004435_N004437"",""E_N004431_N004435"",""E_N004432_N004437"",""E_N004431_N004432"",""E_N003297_N004437"",""E_N004431_N004451"",""E_N004417_N004437"",""E_N004431_N005571"",""E_N004432_N004435"",""E_N003297_N004435""]","[""present"",""present"",""present"",""present"",""unintentional_missing"",""unintentional_missing"",""unintentional_missing"",""unintentional_missing"",""present"",""present""]","[1.6122034611053278,1.6122034611053286,1.6122034611053286,1.612203461105329,2.2799999999999976,2.2799999999999985,2.2800000000000002,2.280000000000001,2.280000000000001,2.792418306772821]",6,4,0,0,10,0
E_N004431_N004451,7878,unintentional_missing,1,"[""E_N004431_N004435""]","[""present""]",[1.6122034611053278],1,0,0,0,1,0
E_N004431_N004451,7878,unintentional_missing,3,"[""E_N004431_N004435"",""E_N004435_N004451"",""E_N004431_N004446""]","[""present"",""present"",""present""]","[1.6122034611053278,1.6122034611053278,1.612203461105329]",3,0,0,0,3,0
E_N004431_N004451,7878,unintentional_missing,5,"[""E_N004431_N004435"",""E_N004435_N004451"",""E_N004431_N004446"",""E_N004446_N004451"",""E_N003297_N004451""]","[""present"",""present"",""present"",""present"",""unintentional_missing""]","[1.6122034611053278,1.6122034611053278,1.612203461105329,1.612203461105329,2.2799999999999976]",4,1,0,0,5,0
E_N004431_N004451,7878,unintentional_missing,10,"[""E_N004431_N004435"",""E_N004435_N004451"",""E_N004431_N004446"",""E_N004446_N004451"",""E_N003297_N004451"",""E_N004431_N004437"",""E_N004431_N005585"",""E_N004435_N004446"",""E_N004445_N004451"",""E_N003297_N004435""]","[""present"",""present"",""present"",""present"",""unintentional_missing"",""unintentional_missing"",""unintentional_missing"",""present"",""unintentional_missing"",""present""]","[1.6122034611053278,1.6122034611053278,1.612203461105329,1.612203461105329,2.2799999999999976,2.2799999999999985,2.280000000000001,2.280000000000001,2.280000000000001,2.7924183067728205]",6,4,0,0,10,0
E_N004431_N005571,9864,unintentional_missing,1,"[""E_N004431_N005569""]","[""present""]",[1.6122034611053286],1,0,0,0,1,0
E_N004431_N005571,9864,unintentional_missing,3,"[""E_N004431_N005569"",""E_N004432_N005571"",""E_N004431_N004432""]","[""present"",""present"",""present""]","[1.6122034611053286,1.6122034611053286,1.612203461105329]",3,0,0,0,3,0
E_N004431_N005571,9864,unintentional_missing,5,"[""E_N004431_N005569"",""E_N004432_N005571"",""E_N004431_N004432"",""E_N005569_N005571"",""E_N005565_N005571""]","[""present"",""present"",""present"",""present"",""unintentional_missing""]","[1.6122034611053286,1.6122034611053286,1.612203461105329,1.612203461105329,2.2799999999999976]",4,1,0,0,5,0
E_N004431_N005571,9864,unintentional_missing,10,"[""E_N004431_N005569"",""E_N004432_N005571"",""E_N004431_N004432"",""E_N005569_N005571"",""E_N005565_N005571"",""E_N004431_N005585"",""E_N004417_N005571"",""E_N004431_N004437"",""E_N004432_N005569"",""E_N005565_N005569""]","[""present"",""present"",""present"",""present"",""unintentional_missing"",""unintentional_missing"",""unintentional_missing"",""unintentional_missing"",""present"",""present""]","[1.6122034611053286,1.6122034611053286,1.612203461105329,1.612203461105329,2.2799999999999976,2.2799999999999985,2.2800000000000002,2.280000000000001,2.280000000000001,2.792418306772821]",6,4,0,0,10,0
E_N004431_N005585,9893,unintentional_missing,1,"[""E_N004431_N005569""]","[""present""]",[1.6122034611053278],1,0,0,0,1,0
E_N004431_N005585,9893,unintentional_missing,3,"[""E_N004431_N005569"",""E_N004431_N004446"",""E_N004446_N005585""]","[""present"",""present"",""present""]","[1.6122034611053278,1.612203461105329,1.612203461105329]",3,0,0,0,3,0
E_N004431_N005585,9893,unintentional_missing,5,"[""E_N004431_N005569"",""E_N004431_N004446"",""E_N004446_N005585"",""E_N005569_N005585"",""E_N005565_N005585""]","[""present"",""present"",""present"",""present"",""unintentional_missing""]","[1.6122034611053278,1.612203461105329,1.612203461105329,1.612203461105329,2.2799999999999976]",4,1,0,0,5,0
E_N004431_N005585,9893,unintentional_missing,10,"[""E_N004431_N005569"",""E_N004431_N004446"",""E_N004446_N005585"",""E_N005569_N005585"",""E_N005565_N005585"",""E_N004431_N005571"",""E_N004431_N004451"",""E_N004445_N005585"",""E_N004446_N005569"",""E_N005565_N005569""]","[""present"",""present"",""present"",""present"",""unintentional_missing"",""unintentional_missing"",""unintentional_missing"",""unintentional_missing"",""present"",""present""]","[1.6122034611053278,1.612203461105329,1.612203461105329,1.612203461105329,2.2799999999999976,2.2799999999999985,2.280000000000001,2.280000000000001,2.280000000000001,2.7924183067728205]",6,4,0,0,10,0
E_N004445_N004451,7879,unintentional_missing,1,"[""E_N004449_N004451""]","[""present""]",[1.6122034611053278],1,0,0,0,1,0
E_N004445_N004451,7879,unintentional_missing,3,"[""E_N004449_N004451"",""E_N004445_N004446"",""E_N004445_N004449""]","[""present"",""present"",""present""]","[1.6122034611053278,1.612203461105329,1.612203461105329]",3,0,0,0,3,0
E_N004445_N004451,7879,unintentional_missing,5,"[""E_N004449_N004451"",""E_N004445_N004446"",""E_N004445_N004449"",""E_N004446_N004451"",""E_N003311_N004451""]","[""present"",""present"",""present"",""present"",""unintentional_missing""]","[1.6122034611053278,1.612203461105329,1.612203461105329,1.612203461105329,2.2799999999999976]",4,1,0,0,5,0
E_N004445_N004451,7879,unintentional_missing,10,"[""E_N004449_N004451"",""E_N004445_N004446"",""E_N004445_N004449"",""E_N004446_N004451"",""E_N003311_N004451"",""E_N004431_N004451"",""E_N004445_N004465"",""E_N004445_N005585"",""E_N004446_N004449"",""E_N003311_N004449""]","[""present"",""present"",""present"",""present"",""unintentional_missing"",""unintentional_missing"",""unintentional_missing"",""unintentional_missing"",""present"",""present""]","[1.6122034611053278,1.612203461105329,1.612203461105329,1.612203461105329,2.2799999999999976,2.280000000000001,2.280000000000001,2.280000000000001,2.280000000000001,2.7924183067728214]",6,4,0,0,10,0
E_N004445_N004465,7906,unintentional_missing,1,"[""E_N004449_N004465""]","[""present""]",[1.6122034611053278],1,0,0,0,1,0
E_N004445_N004465,7906,unintentional_missing,3,"[""E_N004449_N004465"",""E_N004460_N004465"",""E_N004445_N004449""]","[""present"",""present"",""present""]","[1.6122034611053278,1.6122034611053278,1.612203461105329]",3,0,0,0,3,0
E_N004445_N004465,7906,unintentional_missing,5,"[""E_N004449_N004465"",""E_N004460_N004465"",""E_N004445_N004449"",""E_N004445_N004460"",""E_N003311_N004465""]","[""present"",""present"",""present"",""present"",""unintentional_missing""]","[1.6122034611053278,1.6122034611053278,1.612203461105329,1.612203461105329,2.2799999999999976]",4,1,0,0,5,0
E_N004445_N004465,7906,unintentional_missing,10,"[""E_N004449_N004465"",""E_N004460_N004465"",""E_N004445_N004449"",""E_N004445_N004460"",""E_N003311_N004465"",""E_N004459_N004465"",""E_N004445_N004451"",""E_N004445_N005599"",""E_N004449_N004460"",""E_N003326_N004465""]","[""present"",""present"",""present"",""present"",""unintentional_missing"",""unintentional_missing"",""unintentional_missing"",""unintentional_missing"",""present"",""present""]","[1.6122034611053278,1.6122034611053278,1.612203461105329,1.612203461105329,2.2799999999999976,2.2799999999999976,2.280000000000001,2.280000000000001,2.280000000000001,2.7924183067728205]",6,4,0,0,10,0
E_N004445_N005585,9892,unintentional_missing,1,"[""E_N004445_N004446""]","[""present""]",[1.612203461105329],1,0,0,0,1,0
E_N004445_N005585,9892,unintentional_missing,3,"[""E_N004445_N004446"",""E_N004445_N005583"",""E_N004446_N005585""]","[""present"",""present"",""present""]","[1.612203461105329,1.612203461105329,1.612203461105329]",3,0,0,0,3,0
E_N004445_N005585,9892,unintentional_missing,5,"[""E_N004445_N004446"",""E_N004445_N005583"",""E_N004446_N005585"",""E_N005583_N005585"",""E_N005579_N005585""]","[""present"",""present"",""present"",""present"",""unintentional_missing""]","[1.612203461105329,1.612203461105329,1.612203461105329,1.612203461105329,2.2799999999999976]",4,1,0,0,5,0
E_N004445_N005585,9892,unintentional_missing,10,"[""E_N004445_N004446"",""E_N004445_N005583"",""E_N004446_N005585"",""E_N005583_N005585"",""E_N005579_N005585"",""E_N004431_N005585"",""E_N004445_N004451"",""E_N004445_N005599"",""E_N004446_N005583"",""E_N005579_N005583""]","[""present"",""present"",""present"",""present"",""unintentional_missing"",""unintentional_missing"",""unintentional_missing"",""unintentional_missing"",""present"",""present""]","[1.612203461105329,1.612203461105329,1.612203461105329,1.612203461105329,2.2799999999999976,2.280000000000001,2.280000000000001,2.280000000000001,2.280000000000001,2.7924183067728214]",6,4,0,0,10,0
E_N004445_N005599,9921,unintentional_missing,1,"[""E_N004460_N005599""]","[""present""]",[1.6122034611053278],1,0,0,0,1,0
E_N004445_N005599,9921,unintentional_missing,3,"[""E_N004460_N005599"",""E_N004445_N004460"",""E_N004445_N005583""]","[""present"",""present"",""present""]","[1.6122034611053278,1.612203461105329,1.612203461105329]",3,0,0,0,3,0
E_N004445_N005599,9921,unintentional_missing,5,"[""E_N004460_N005599"",""E_N004445_N004460"",""E_N004445_N005583"",""E_N005583_N005599"",""E_N004459_N005599""]","[""present"",""present"",""present"",""present"",""unintentional_missing""]","[1.6122034611053278,1.612203461105329,1.612203461105329,1.612203461105329,2.2799999999999976]",4,1,0,0,5,0
E_N004445_N005599,9921,unintentional_missing,10,"[""E_N004460_N005599"",""E_N004445_N004460"",""E_N004445_N005583"",""E_N005583_N005599"",""E_N004459_N005599"",""E_N005579_N005599"",""E_N004445_N004465"",""E_N004445_N005585"",""E_N004460_N005583"",""E_N005594_N005599""]","[""present"",""present"",""present"",""present"",""unintentional_missing"",""unintentional_missing"",""unintentional_missing"",""unintentional_missing"",""present"",""present""]","[1.6122034611053278,1.612203461105329,1.612203461105329,1.612203461105329,2.2799999999999976,2.2799999999999976,2.280000000000001,2.280000000000001,2.280000000000001,2.7924183067728205]",6,4,0,0,10,0
E_N004459_N004465,7907,unintentional_missing,1,"[""E_N004460_N004465""]","[""present""]",[1.6122034611053278],1,0,0,0,1,0
E_N004459_N004465,7907,unintentional_missing,3,"[""E_N004460_N004465"",""E_N004463_N004465"",""E_N004459_N004460""]","[""present"",""present"",""present""]","[1.6122034611053278,1.6122034611053278,1.612203461105329]",3,0,0,0,3,0
E_N004459_N004465,7907,unintentional_missing,5,"[""E_N004460_N004465"",""E_N004463_N004465"",""E_N004459_N004460"",""E_N004459_N004463"",""E_N003325_N004465""]","[""present"",""present"",""present"",""present"",""unintentional_missing""]","[1.6122034611053278,1.6122034611053278,1.612203461105329,1.612203461105329,2.2799999999999976]",4,1,0,0,5,0
E_N004459_N004465,7907,unintentional_missing,10,"[""E_N004460_N004465"",""E_N004463_N004465"",""E_N004459_N004460"",""E_N004459_N004463"",""E_N003325_N004465"",""E_N004445_N004465"",""E_N004459_N004479"",""E_N004459_N005599"",""E_N004460_N004463"",""E_N003326_N004465""]","[""present"",""present"",""present"",""present"",""unintentional_missing"",""unintentional_missing"",""unintentional_missing"",""unintentional_missing"",""present"",""present""]","[1.6122034611053278,1.6122034611053278,1.612203461105329,1.612203461105329,2.2799999999999976,2.2799999999999976,2.280000000000001,2.280000000000001,2.280000000000001,2.7924183067728205]",6,4,0,0,10,0
E_N004459_N004479,7934,unintentional_missing,1,"[""E_N004463_N004479""]","[""present""]",[1.6122034611053278],1,0,0,0,1,0
E_N004459_N004479,7934,unintentional_missing,3,"[""E_N004463_N004479"",""E_N004459_N004463"",""E_N004459_N004474""]","[""present"",""present"",""present""]","[1.6122034611053278,1.612203461105329,1.612203461105329]",3,0,0,0,3,0
E_N004459_N004479,7934,unintentional_missing,5,"[""E_N004463_N004479"",""E_N004459_N004463"",""E_N004459_N004474"",""E_N004474_N004479"",""E_N003325_N004479""]","[""present"",""present"",""present"",""present"",""unintentional_missing""]","[1.6122034611053278,1.612203461105329,1.612203461105329,1.612203461105329,2.2799999999999976]",4,1,0,0,5,0
E_N004459_N004479,7934,unintentional_missing,10,"[""E_N004463_N004479"",""E_N004459_N004463"",""E_N004459_N004474"",""E_N004474_N004479"",""E_N003325_N004479"",""E_N004473_N004479"",""E_N004459_N004465"",""E_N004459_N005613"",""E_N004463_N004474"",""E_N004477_N004479""]","[""present"",""present"",""present"",""present"",""unintentional_missing"",""unintentional_missing"",""unintentional_missing"",""unintentional_missing"",""present"",""present""]","[1.6122034611053278,1.612203461105329,1.612203461105329,1.612203461105329,2.2799999999999976,2.2799999999999976,2.280000000000001,2.280000000000001,2.280000000000001,2.792418306772821]",6,4,0,0,10,0
E_N004459_N005599,9920,unintentional_missing,1,"[""E_N004460_N005599""]","[""present""]",[1.6122034611053278],1,0,0,0,1,0
E_N004459_N005599,9920,unintentional_missing,3,"[""E_N004460_N005599"",""E_N004459_N004460"",""E_N004459_N005597""]","[""present"",""present"",""present""]","[1.6122034611053278,1.612203461105329,1.612203461105329]",3,0,0,0,3,0
E_N004459_N005599,9920,unintentional_missing,5,"[""E_N004460_N005599"",""E_N004459_N004460"",""E_N004459_N005597"",""E_N005597_N005599"",""E_N004445_N005599""]","[""present"",""present"",""present"",""present"",""unintentional_missing""]","[1.6122034611053278,1.612203461105329,1.612203461105329,1.612203461105329,2.2799999999999976]",4,1,0,0,5,0
E_N004459_N005599,9920,unintentional_missing,10,"[""E_N004460_N005599"",""E_N004459_N004460"",""E_N004459_N005597"",""E_N005597_N005599"",""E_N004445_N005599"",""E_N005593_N005599"",""E_N004459_N004465"",""E_N004459_N005613"",""E_N004460_N005597"",""E_N005594_N005599""]","[""present"",""present"",""present"",""present"",""unintentional_missing"",""unintentional_missing"",""unintentional_missing"",""unintentional_missing"",""present"",""present""]","[1.6122034611053278,1.612203461105329,1.612203461105329,1.612203461105329,2.2799999999999976,2.2799999999999976,2.280000000000001,2.280000000000001,2.280000000000001,2.7924183067728205]",6,4,0,0,10,0
E_N004459_N005613,9949,unintentional_missing,1,"[""E_N004459_N004474""]","[""present""]",[1.612203461105329],1,0,0,0,1,0
E_N004459_N005613,9949,unintentional_missing,3,"[""E_N004459_N004474"",""E_N004459_N005597"",""E_N004474_N005613""]","[""present"",""present"",""present""]","[1.612203461105329,1.612203461105329,1.612203461105329]",3,0,0,0,3,0
E_N004459_N005613,9949,unintentional_missing,5,"[""E_N004459_N004474"",""E_N004459_N005597"",""E_N004474_N005613"",""E_N005597_N005613"",""E_N004473_N005613""]","[""present"",""present"",""present"",""present"",""unintentional_missing""]","[1.612203461105329,1.612203461105329,1.612203461105329,1.612203461105329,2.2799999999999976]",4,1,0,0,5,0
E_N004459_N005613,9949,unintentional_missing,10,"[""E_N004459_N004474"",""E_N004459_N005597"",""E_N004474_N005613"",""E_N005597_N005613"",""E_N004473_N005613"",""E_N005593_N005613"",""E_N004459_N004479"",""E_N004459_N005599"",""E_N004474_N005597"",""E_N004473_N004474""]","[""present"",""present"",""present"",""present"",""unintentional_missing"",""unintentional_missing"",""unintentional_missing"",""unintentional_missing"",""present"",""present""]","[1.612203461105329,1.612203461105329,1.612203461105329,1.612203461105329,2.2799999999999976,2.2799999999999976,2.280000000000001,2.280000000000001,2.280000000000001,2.7924183067728214]",6,4,0,0,10,0
E_N004473_N004479,7935,unintentional_missing,1,"[""E_N004474_N004479""]","[""present""]",[1.6122034611053266],1,0,0,0,1,0
E_N004473_N004479,7935,unintentional_missing,3,"[""E_N004474_N004479"",""E_N004477_N004479"",""E_N004473_N004474""]","[""present"",""present"",""present""]","[1.6122034611053266,1.6122034611053278,1.612203461105329]",3,0,0,0,3,0
E_N004473_N004479,7935,unintentional_missing,5,"[""E_N004474_N004479"",""E_N004477_N004479"",""E_N004473_N004474"",""E_N004473_N004477"",""E_N003339_N004479""]","[""present"",""present"",""present"",""present"",""unintentional_missing""]","[1.6122034611053266,1.6122034611053278,1.612203461105329,1.612203461105329,2.2799999999999976]",4,1,0,0,5,0
E_N004473_N004479,7935,unintentional_missing,10,"[""E_N004474_N004479"",""E_N004477_N004479"",""E_N004473_N004474"",""E_N004473_N004477"",""E_N003339_N004479"",""E_N004459_N004479"",""E_N004473_N004493"",""E_N004473_N005613"",""E_N004474_N004477"",""E_N003340_N004479""]","[""present"",""present"",""present"",""present"",""unintentional_missing"",""unintentional_missing"",""unintentional_missing"",""unintentional_missing"",""present"",""present""]","[1.6122034611053266,1.6122034611053278,1.612203461105329,1.612203461105329,2.2799999999999976,2.2799999999999976,2.280000000000001,2.280000000000001,2.280000000000001,2.79241830677282]",6,4,0,0,10,0
E_N004473_N004493,7962,unintentional_missing,1,"[""E_N004477_N004493""]","[""present""]",[1.6122034611053278],1,0,0,0,1,0
E_N004473_N004493,7962,unintentional_missing,3,"[""E_N004477_N004493"",""E_N004473_N004477"",""E_N004473_N004488""]","[""present"",""present"",""present""]","[1.6122034611053278,1.612203461105329,1.612203461105329]",3,0,0,0,3,0
E_N004473_N004493,7962,unintentional_missing,5,"[""E_N004477_N004493"",""E_N004473_N004477"",""E_N004473_N004488"",""E_N004488_N004493"",""E_N003339_N004493""]","[""present"",""present"",""present"",""present"",""""]","[1.6122034611053278,1.612203461105329,1.612203461105329,1.612203461105329,2.2799999999999976]",4,0,0,0,4,1
E_N004473_N004493,7962,unintentional_missing,10,"[""E_N004477_N004493"",""E_N004473_N004477"",""E_N004473_N004488"",""E_N004488_N004493"",""E_N003339_N004493"",""E_N004473_N004479"",""E_N004473_N005627"",""E_N004477_N004488"",""E_N004487_N004493"",""E_N003339_N004477""]","[""present"",""present"",""present"",""present"","""",""unintentional_missing"",""unintentional_missing"",""present"","""",""present""]","[1.6122034611053278,1.612203461105329,1.612203461105329,1.612203461105329,2.2799999999999976,2.280000000000001,2.280000000000001,2.280000000000001,2.280000000000001,2.7924183067728214]",6,2,0,0,8,2
E_N004473_N005613,9948,unintentional_missing,1,"[""E_N004474_N005613""]","[""present""]",[1.6122034611053266],1,0,0,0,1,0
E_N004473_N005613,9948,unintentional_missing,3,"[""E_N004474_N005613"",""E_N004473_N004474"",""E_N004473_N005611""]","[""present"",""present"",""present""]","[1.6122034611053266,1.612203461105329,1.612203461105329]",3,0,0,0,3,0
E_N004473_N005613,9948,unintentional_missing,5,"[""E_N004474_N005613"",""E_N004473_N004474"",""E_N004473_N005611"",""E_N005611_N005613"",""E_N004459_N005613""]","[""present"",""present"",""present"",""present"",""unintentional_missing""]","[1.6122034611053266,1.612203461105329,1.612203461105329,1.612203461105329,2.2799999999999976]",4,1,0,0,5,0
E_N004473_N005613,9948,unintentional_missing,10,"[""E_N004474_N005613"",""E_N004473_N004474"",""E_N004473_N005611"",""E_N005611_N005613"",""E_N004459_N005613"",""E_N005607_N005613"",""E_N004473_N004479"",""E_N004473_N005627"",""E_N004474_N005611"",""E_N005608_N005613""]","[""present"",""present"",""present"",""present"",""unintentional_missing"",""unintentional_missing"",""unintentional_missing"",""unintentional_missing"",""present"",""present""]","[1.6122034611053266,1.612203461105329,1.612203461105329,1.612203461105329,2.2799999999999976,2.2799999999999976,2.280000000000001,2.280000000000001,2.280000000000001,2.79241830677282]",6,4,0,0,10,0
E_N004473_N005627,9977,unintentional_missing,1,"[""E_N004473_N004488""]","[""present""]",[1.612203461105329],1,0,0,0,1,0
E_N004473_N005627,9977,unintentional_missing,3,"[""E_N004473_N004488"",""E_N004473_N005611"",""E_N004488_N005627""]","[""present"",""present"",""present""]","[1.612203461105329,1.612203461105329,1.612203461105329]",3,0,0,0,3,0
E_N004473_N005627,9977,unintentional_missing,5,"[""E_N004473_N004488"",""E_N004473_N005611"",""E_N004488_N005627"",""E_N005611_N005627"",""E_N005607_N005627""]","[""present"",""present"",""present"",""present"",""unintentional_missing""]","[1.612203461105329,1.612203461105329,1.612203461105329,1.612203461105329,2.2799999999999976]",4,1,0,0,5,0
E_N004473_N005627,9977,unintentional_missing,10,"[""E_N004473_N004488"",""E_N004473_N005611"",""E_N004488_N005627"",""E_N005611_N005627"",""E_N005607_N005627"",""E_N004473_N004493"",""E_N004473_N005613"",""E_N004487_N005627"",""E_N004488_N005611"",""E_N005607_N005611""]","[""present"",""present"",""present"",""present"",""unintentional_missing"",""unintentional_missing"",""unintentional_missing"",""intentional_missing"",""present"",""present""]","[1.612203461105329,1.612203461105329,1.612203461105329,1.612203461105329,2.2799999999999976,2.280000000000001,2.280000000000001,2.280000000000001,2.280000000000001,2.7924183067728214]",6,3,0,1,10,0
E_N004584_N004604,8170,unintentional_broken,1,"[""E_N004589_N004604""]","[""""]",[1.6122034611053262],0,0,0,0,0,1
E_N004584_N004604,8170,unintentional_broken,3,"[""E_N004589_N004604"",""E_N004584_N004589"",""E_N004584_N004600""]","["""",""present"",""present""]","[1.6122034611053262,1.6122034611053286,1.6122034611053286]",2,0,0,0,2,1
E_N004584_N004604,8170,unintentional_broken,5,"[""E_N004589_N004604"",""E_N004584_N004589"",""E_N004584_N004600"",""E_N004600_N004604"",""E_N003450_N004604""]","["""",""present"",""present"","""",""present""]","[1.6122034611053262,1.6122034611053286,1.6122034611053286,1.6122034611053286,2.2799999999999976]",3,0,0,0,3,2
E_N004584_N004604,8170,unintentional_broken,10,"[""E_N004589_N004604"",""E_N004584_N004589"",""E_N004584_N004600"",""E_N004600_N004604"",""E_N003450_N004604"",""E_N004598_N004604"",""E_N004589_N004600"",""E_N004584_N004590"",""E_N004584_N005738"",""E_N004603_N004604""]","["""",""present"",""present"","""",""present"",""present"",""present"","""",""present"",""present""]","[1.6122034611053262,1.6122034611053286,1.6122034611053286,1.6122034611053286,2.2799999999999976,2.2799999999999976,2.28,2.280000000000001,2.280000000000001,2.7924183067728197]",7,0,0,0,7,3
E_N005369_N005375,9735,unintentional_broken,1,"[""E_N005375_N005499""]","[""present""]",[1.6122034611053242],1,0,0,0,1,0
E_N005369_N005375,9735,unintentional_broken,3,"[""E_N005375_N005499"",""E_N005369_N005496"",""E_N005369_N005499""]","[""present"",""present"",""present""]","[1.6122034611053242,1.6122034611053266,1.6122034611053266]",3,0,0,0,3,0
E_N005369_N005375,9735,unintentional_broken,5,"[""E_N005375_N005499"",""E_N005369_N005496"",""E_N005369_N005499"",""E_N005373_N005375"",""E_N005375_N005496""]","[""present"",""present"",""present"",""present"",""present""]","[1.6122034611053242,1.6122034611053266,1.6122034611053266,1.6122034611053266,1.6122034611053266]",5,0,0,0,5,0
E_N005369_N005375,9735,unintentional_broken,10,"[""E_N005375_N005499"",""E_N005369_N005496"",""E_N005369_N005499"",""E_N005373_N005375"",""E_N005375_N005496"",""E_N005369_N005370"",""E_N005369_N005373"",""E_N005370_N005375"",""E_N004235_N005375"",""E_N005496_N005499""]","[""present"",""present"",""present"",""present"",""present"",""present"",""present"",""present"",""present"",""present""]","[1.6122034611053242,1.6122034611053266,1.6122034611053266,1.6122034611053266,1.6122034611053266,1.612203461105329,1.612203461105329,1.612203461105329,2.2799999999999976,2.2799999999999976]",10,0,0,0,10,0
E_N005471_N005482,9712,unintentional_broken,1,"[""E_N005361_N005471""]","[""present""]",[1.6122034611053266],1,0,0,0,1,0
E_N005471_N005482,9712,unintentional_broken,3,"[""E_N005361_N005471"",""E_N005471_N005487"",""E_N005341_N005471""]","[""present"",""present"",""present""]","[1.6122034611053266,1.6122034611053266,1.612203461105329]",3,0,0,0,3,0
E_N005471_N005482,9712,unintentional_broken,5,"[""E_N005361_N005471"",""E_N005471_N005487"",""E_N005341_N005471"",""E_N005341_N005482"",""E_N005361_N005482""]","[""present"",""present"",""present"",""present"",""present""]","[1.6122034611053266,1.6122034611053266,1.612203461105329,1.612203461105329,1.612203461105329]",5,0,0,0,5,0
E_N005471_N005482,9712,unintentional_broken,10,"[""E_N005361_N005471"",""E_N005471_N005487"",""E_N005341_N005471"",""E_N005341_N005482"",""E_N005361_N005482"",""E_N005467_N005471"",""E_N005467_N005482"",""E_N005482_N005487"",""E_N004348_N005471"",""E_N005341_N005361""]","[""present"",""present"",""present"",""present"",""present"",""present"",""present"",""present"",""present"",""present""]","[1.6122034611053266,1.6122034611053266,1.612203461105329,1.612203461105329,1.612203461105329,1.612203461105329,1.612203461105329,1.612203461105329,2.2799999999999976,2.2799999999999976]",10,0,0,0,10,0
E_N005548_N005557,9838,unintentional_missing,1,"[""E_N005554_N005557""]","[""""]",[1.6122034611053266],0,0,0,0,0,1
E_N005548_N005557,9838,unintentional_missing,3,"[""E_N005554_N005557"",""E_N005548_N005554"",""E_N005552_N005557""]","["""","""",""present""]","[1.6122034611053266,1.6122034611053286,1.6122034611053286]",1,0,0,0,1,2
E_N005548_N005557,9838,unintentional_missing,5,"[""E_N005554_N005557"",""E_N005548_N005554"",""E_N005552_N005557"",""E_N005548_N005552"",""E_N004414_N005557""]","["""","""",""present"",""present"",""unintentional_missing""]","[1.6122034611053266,1.6122034611053286,1.6122034611053286,1.612203461105329,2.2799999999999976]",2,1,0,0,3,2
E_N005548_N005557,9838,unintentional_missing,10,"[""E_N005554_N005557"",""E_N005548_N005554"",""E_N005552_N005557"",""E_N005548_N005552"",""E_N004414_N005557"",""E_N005551_N005557"",""E_N005548_N006691"",""E_N005552_N005554"",""E_N004414_N005554"",""E_N004418_N005557""]","["""","""",""present"",""present"",""unintentional_missing"",""unintentional_missing"",""unintentional_missing"","""","""",""present""]","[1.6122034611053266,1.6122034611053286,1.6122034611053286,1.612203461105329,2.2799999999999976,2.2800000000000002,2.280000000000001,2.280000000000001,2.7924183067728214,2.7924183067728214]",3,3,0,0,6,4
E_N005548_N006691,11853,unintentional_missing,1,"[""E_N005548_N006688""]","[""""]",[1.6122034611053286],0,0,0,0,0,1
E_N005548_N006691,11853,unintentional_missing,3,"[""E_N005548_N006688"",""E_N005552_N006691"",""E_N005548_N005552""]","["""",""present"",""present""]","[1.6122034611053286,1.6122034611053286,1.612203461105329]",2,0,0,0,2,1
E_N005548_N006691,11853,unintentional_missing,5,"[""E_N005548_N006688"",""E_N005552_N006691"",""E_N005548_N005552"",""E_N006688_N006691"",""E_N005551_N006691""]","["""",""present"",""present"","""",""unintentional_missing""]","[1.6122034611053286,1.6122034611053286,1.612203461105329,1.612203461105329,2.2800000000000002]",2,1,0,0,3,2
E_N005548_N006691,11853,unintentional_missing,10,"[""E_N005548_N006688"",""E_N005552_N006691"",""E_N005548_N005552"",""E_N006688_N006691"",""E_N005551_N006691"",""E_N005548_N005557"",""E_N005552_N006688"",""E_N006682_N006691"",""E_N005551_N005552"",""E_N006689_N006691""]","["""",""present"",""present"","""",""unintentional_missing"",""unintentional_missing"","""",""unintentional_missing"",""present"",""present""]","[1.6122034611053286,1.6122034611053286,1.612203461105329,1.612203461105329,2.2800000000000002,2.280000000000001,2.280000000000001,2.280000000000001,2.7924183067728237,2.7924183067728237]",4,3,0,0,7,3
E_N005551_N005557,9839,unintentional_missing,1,"[""E_N005555_N005557""]","[""present""]",[1.6122034611053266],1,0,0,0,1,0
E_N005551_N005557,9839,unintentional_missing,3,"[""E_N005555_N005557"",""E_N005551_N005555"",""E_N005552_N005557""]","[""present"",""present"",""present""]","[1.6122034611053266,1.6122034611053286,1.6122034611053289]",3,0,0,0,3,0
E_N005551_N005557,9839,unintentional_missing,5,"[""E_N005555_N005557"",""E_N005551_N005555"",""E_N005552_N005557"",""E_N005551_N005552"",""E_N004417_N005557""]","[""present"",""present"",""present"",""present"",""unintentional_missing""]","[1.6122034611053266,1.6122034611053286,1.6122034611053289,1.612203461105329,2.2799999999999976]",4,1,0,0,5,0
E_N005551_N005557,9839,unintentional_missing,10,"[""E_N005555_N005557"",""E_N005551_N005555"",""E_N005552_N005557"",""E_N005551_N005552"",""E_N004417_N005557"",""E_N005551_N005571"",""E_N005548_N005557"",""E_N005551_N006691"",""E_N005552_N005555"",""E_N004417_N005555""]","[""present"",""present"",""present"",""present"",""unintentional_missing"",""unintentional_missing"",""unintentional_missing"",""unintentional_missing"",""present"",""present""]","[1.6122034611053266,1.6122034611053286,1.6122034611053289,1.612203461105329,2.2799999999999976,2.2799999999999994,2.2800000000000002,2.280000000000001,2.280000000000001,2.792418306772821]",6,4,0,0,10,0
E_N005551_N005571,9866,unintentional_missing,1,"[""E_N005555_N005571""]","[""present""]",[1.6122034611053266],1,0,0,0,1,0
E_N005551_N005571,9866,unintentional_missing,3,"[""E_N005555_N005571"",""E_N005551_N005555"",""E_N005551_N005566""]","[""present"",""present"",""present""]","[1.6122034611053266,1.6122034611053286,1.612203461105329]",3,0,0,0,3,0
E_N005551_N005571,9866,unintentional_missing,5,"[""E_N005555_N005571"",""E_N005551_N005555"",""E_N005551_N005566"",""E_N005566_N005571"",""E_N004417_N005571""]","[""present"",""present"",""present"",""present"",""unintentional_missing""]","[1.6122034611053266,1.6122034611053286,1.612203461105329,1.612203461105329,2.2799999999999976]",4,1,0,0,5,0
E_N005551_N005571,9866,unintentional_missing,10,"[""E_N005555_N005571"",""E_N005551_N005555"",""E_N005551_N005566"",""E_N005566_N005571"",""E_N004417_N005571"",""E_N005551_N005557"",""E_N005565_N005571"",""E_N005551_N006705"",""E_N005555_N005566"",""E_N004417_N005555""]","[""present"",""present"",""present"",""present"",""unintentional_missing"",""unintentional_missing"",""unintentional_missing"",""unintentional_missing"",""present"",""present""]","[1.6122034611053266,1.6122034611053286,1.612203461105329,1.612203461105329,2.2799999999999976,2.2799999999999994,2.2800000000000002,2.280000000000001,2.280000000000001,2.792418306772821]",6,4,0,0,10,0
E_N005551_N006691,11852,unintentional_missing,1,"[""E_N005551_N006689""]","[""present""]",[1.6122034611053286],1,0,0,0,1,0
E_N005551_N006691,11852,unintentional_missing,3,"[""E_N005551_N006689"",""E_N005552_N006691"",""E_N005551_N005552""]","[""present"",""present"",""present""]","[1.6122034611053286,1.6122034611053289,1.612203461105329]",3,0,0,0,3,0
E_N005551_N006691,11852,unintentional_missing,5,"[""E_N005551_N006689"",""E_N005552_N006691"",""E_N005551_N005552"",""E_N006689_N006691"",""E_N005551_N006705""]","[""present"",""present"",""present"",""present"",""unintentional_missing""]","[1.6122034611053286,1.6122034611053289,1.612203461105329,1.612203461105329,2.2799999999999994]",4,1,0,0,5,0
E_N005551_N006691,11852,unintentional_missing,10,"[""E_N005551_N006689"",""E_N005552_N006691"",""E_N005551_N005552"",""E_N006689_N006691"",""E_N005551_N006705"",""E_N005548_N006691"",""E_N005551_N005557"",""E_N005552_N006689"",""E_N006685_N006691"",""E_N005551_N005566""]","[""present"",""present"",""present"",""present"",""unintentional_missing"",""unintentional_missing"",""unintentional_missing"",""present"",""unintentional_missing"",""present""]","[1.6122034611053286,1.6122034611053289,1.612203461105329,1.612203461105329,2.2799999999999994,2.2800000000000002,2.280000000000001,2.280000000000001,2.280000000000001,2.7924183067728228]",6,4,0,0,10,0
E_N005551_N006705,11881,unintentional_missing,1,"[""E_N005551_N006689""]","[""present""]",[1.6122034611053286],1,0,0,0,1,0
E_N005551_N006705,11881,unintentional_missing,3,"[""E_N005551_N006689"",""E_N005551_N005566"",""E_N005566_N006705""]","[""present"",""present"",""present""]","[1.6122034611053286,1.612203461105329,1.612203461105329]",3,0,0,0,3,0
E_N005551_N006705,11881,unintentional_missing,5,"[""E_N005551_N006689"",""E_N005551_N005566"",""E_N005566_N006705"",""E_N006689_N006705"",""E_N005551_N006691""]","[""present"",""present"",""present"",""present"",""unintentional_missing""]","[1.6122034611053286,1.612203461105329,1.612203461105329,1.612203461105329,2.2799999999999994]",4,1,0,0,5,0
E_N005551_N006705,11881,unintentional_missing,10,"[""E_N005551_N006689"",""E_N005551_N005566"",""E_N005566_N006705"",""E_N006689_N006705"",""E_N005551_N006691"",""E_N005565_N006705"",""E_N005551_N005571"",""E_N005566_N006689"",""E_N006685_N006705"",""E_N005551_N005552""]","[""present"",""present"",""present"",""present"",""unintentional_missing"",""unintentional_missing"",""unintentional_missing"",""present"",""unintentional_missing"",""present""]","[1.6122034611053286,1.612203461105329,1.612203461105329,1.612203461105329,2.2799999999999994,2.2800000000000002,2.280000000000001,2.280000000000001,2.280000000000001,2.7924183067728228]",6,4,0,0,10,0
E_N005565_N005571,9867,unintentional_missing,1,"[""E_N005569_N005571""]","[""present""]",[1.6122034611053266],1,0,0,0,1,0
E_N005565_N005571,9867,unintentional_missing,3,"[""E_N005569_N005571"",""E_N005565_N005569"",""E_N005566_N005571""]","[""present"",""present"",""present""]","[1.6122034611053266,1.6122034611053286,1.6122034611053286]",3,0,0,0,3,0
E_N005565_N005571,9867,unintentional_missing,5,"[""E_N005569_N005571"",""E_N005565_N005569"",""E_N005566_N005571"",""E_N005565_N005566"",""E_N004431_N005571""]","[""present"",""present"",""present"",""present"",""unintentional_missing""]","[1.6122034611053266,1.6122034611053286,1.6122034611053286,1.612203461105329,2.2799999999999976]",4,1,0,0,5,0
E_N005565_N005571,9867,unintentional_missing,10,"[""E_N005569_N005571"",""E_N005565_N005569"",""E_N005566_N005571"",""E_N005565_N005566"",""E_N004431_N005571"",""E_N005565_N005585"",""E_N005551_N005571"",""E_N005565_N006705"",""E_N005566_N005569"",""E_N005569_N005585""]","[""present"",""present"",""present"",""present"",""unintentional_missing"",""unintentional_missing"",""unintentional_missing"",""unintentional_missing"",""present"",""present""]","[1.6122034611053266,1.6122034611053286,1.6122034611053286,1.612203461105329,2.2799999999999976,2.2799999999999985,2.2800000000000002,2.280000000000001,2.280000000000001,2.7924183067728205]",6,4,0,0,10,0
E_N005565_N005585,9894,unintentional_missing,1,"[""E_N005569_N005585""]","[""present""]",[1.6122034611053266],1,0,0,0,1,0
E_N005565_N005585,9894,unintentional_missing,3,"[""E_N005569_N005585"",""E_N005565_N005569"",""E_N005565_N005580""]","[""present"",""present"",""present""]","[1.6122034611053266,1.6122034611053278,1.612203461105329]",3,0,0,0,3,0
E_N005565_N005585,9894,unintentional_missing,5,"[""E_N005569_N005585"",""E_N005565_N005569"",""E_N005565_N005580"",""E_N005580_N005585"",""E_N004431_N005585""]","[""present"",""present"",""present"",""present"",""unintentional_missing""]","[1.6122034611053266,1.6122034611053278,1.612203461105329,1.612203461105329,2.2799999999999976]",4,1,0,0,5,0
E_N005565_N005585,9894,unintentional_missing,10,"[""E_N005569_N005585"",""E_N005565_N005569"",""E_N005565_N005580"",""E_N005580_N005585"",""E_N004431_N005585"",""E_N005565_N005571"",""E_N005565_N006719"",""E_N005569_N005580"",""E_N005579_N005585"",""E_N004431_N005569""]","[""present"",""present"",""present"",""present"",""unintentional_missing"",""unintentional_missing"",""unintentional_missing"",""present"",""unintentional_missing"",""present""]","[1.6122034611053266,1.6122034611053278,1.612203461105329,1.612203461105329,2.2799999999999976,2.2799999999999985,2.280000000000001,2.280000000000001,2.280000000000001,2.7924183067728205]",6,4,0,0,10,0
E_N005565_N006705,11880,unintentional_missing,1,"[""E_N005565_N006703""]","[""present""]",[1.6122034611053286],1,0,0,0,1,0
E_N005565_N006705,11880,unintentional_missing,3,"[""E_N005565_N006703"",""E_N005566_N006705"",""E_N005565_N005566""]","[""present"",""present"",""present""]","[1.6122034611053286,1.6122034611053286,1.612203461105329]",3,0,0,0,3,0
E_N005565_N006705,11880,unintentional_missing,5,"[""E_N005565_N006703"",""E_N005566_N006705"",""E_N005565_N005566"",""E_N006703_N006705"",""E_N005565_N006719""]","[""present"",""present"",""present"",""present"",""unintentional_missing""]","[1.6122034611053286,1.6122034611053286,1.612203461105329,1.612203461105329,2.2799999999999985]",4,1,0,0,5,0
E_N005565_N006705,11880,unintentional_missing,10,"[""E_N005565_N006703"",""E_N005566_N006705"",""E_N005565_N005566"",""E_N006703_N006705"",""E_N005565_N006719"",""E_N005551_N006705"",""E_N005565_N005571"",""E_N005566_N006703"",""E_N006699_N006705"",""E_N005565_N005580""]","[""present"",""present"",""present"",""present"",""unintentional_missing"",""unintentional_missing"",""unintentional_missing"",""present"",""unintentional_missing"",""present""]","[1.6122034611053286,1.6122034611053286,1.612203461105329,1.612203461105329,2.2799999999999985,2.2800000000000002,2.280000000000001,2.280000000000001,2.280000000000001,2.7924183067728223]",6,4,0,0,10,0
E_N005565_N006719,11909,unintentional_missing,1,"[""E_N005565_N006703""]","[""present""]",[1.6122034611053278],1,0,0,0,1,0
E_N005565_N006719,11909,unintentional_missing,3,"[""E_N005565_N006703"",""E_N005565_N005580"",""E_N005580_N006719""]","[""present"",""present"",""present""]","[1.6122034611053278,1.612203461105329,1.612203461105329]",3,0,0,0,3,0
E_N005565_N006719,11909,unintentional_missing,5,"[""E_N005565_N006703"",""E_N005565_N005580"",""E_N005580_N006719"",""E_N006703_N006719"",""E_N005565_N006705""]","[""present"",""present"",""present"",""present"",""unintentional_missing""]","[1.6122034611053278,1.612203461105329,1.612203461105329,1.612203461105329,2.2799999999999985]",4,1,0,0,5,0
E_N005565_N006719,11909,unintentional_missing,10,"[""E_N005565_N006703"",""E_N005565_N005580"",""E_N005580_N006719"",""E_N006703_N006719"",""E_N005565_N006705"",""E_N005565_N005585"",""E_N005579_N006719"",""E_N005580_N006703"",""E_N006699_N006719"",""E_N005565_N005566""]","[""present"",""present"",""present"",""present"",""unintentional_missing"",""unintentional_missing"",""unintentional_missing"",""present"",""unintentional_missing"",""present""]","[1.6122034611053278,1.612203461105329,1.612203461105329,1.612203461105329,2.2799999999999985,2.280000000000001,2.280000000000001,2.280000000000001,2.280000000000001,2.7924183067728223]",6,4,0,0,10,0
E_N005579_N005585,9895,unintentional_missing,1,"[""E_N005583_N005585""]","[""present""]",[1.6122034611053266],1,0,0,0,1,0
E_N005579_N005585,9895,unintentional_missing,3,"[""E_N005583_N005585"",""E_N005579_N005580"",""E_N005579_N005583""]","[""present"",""present"",""present""]","[1.6122034611053266,1.612203461105329,1.612203461105329]",3,0,0,0,3,0
E_N005579_N005585,9895,unintentional_missing,5,"[""E_N005583_N005585"",""E_N005579_N005580"",""E_N005579_N005583"",""E_N005580_N005585"",""E_N004445_N005585""]","[""present"",""present"",""present"",""present"",""unintentional_missing""]","[1.6122034611053266,1.612203461105329,1.612203461105329,1.612203461105329,2.2799999999999976]",4,1,0,0,5,0
E_N005579_N005585,9895,unintentional_missing,10,"[""E_N005583_N005585"",""E_N005579_N005580"",""E_N005579_N005583"",""E_N005580_N005585"",""E_N004445_N005585"",""E_N005565_N005585"",""E_N005579_N005599"",""E_N005579_N006719"",""E_N005580_N005583"",""E_N004445_N005583""]","[""present"",""present"",""present"",""present"",""unintentional_missing"",""unintentional_missing"",""unintentional_missing"",""unintentional_missing"",""present"",""present""]","[1.6122034611053266,1.612203461105329,1.612203461105329,1.612203461105329,2.2799999999999976,2.280000000000001,2.280000000000001,2.280000000000001,2.280000000000001,2.7924183067728214]",6,4,0,0,10,0
E_N005579_N005599,9922,unintentional_missing,1,"[""E_N005583_N005599""]","[""present""]",[1.6122034611053266],1,0,0,0,1,0
E_N005579_N005599,9922,unintentional_missing,3,"[""E_N005583_N005599"",""E_N005594_N005599"",""E_N005579_N005583""]","[""present"",""present"",""present""]","[1.6122034611053266,1.6122034611053278,1.612203461105329]",3,0,0,0,3,0
E_N005579_N005599,9922,unintentional_missing,5,"[""E_N005583_N005599"",""E_N005594_N005599"",""E_N005579_N005583"",""E_N005579_N005594"",""E_N004445_N005599""]","[""present"",""present"",""present"",""present"",""unintentional_missing""]","[1.6122034611053266,1.6122034611053278,1.612203461105329,1.612203461105329,2.2799999999999976]",4,1,0,0,5,0
E_N005579_N005599,9922,unintentional_missing,10,"[""E_N005583_N005599"",""E_N005594_N005599"",""E_N005579_N005583"",""E_N005579_N005594"",""E_N004445_N005599"",""E_N005593_N005599"",""E_N005579_N005585"",""E_N005579_N006733"",""E_N005583_N005594"",""E_N005597_N005599""]","[""present"",""present"",""present"",""present"",""unintentional_missing"",""unintentional_missing"",""unintentional_missing"",""unintentional_missing"",""present"",""present""]","[1.6122034611053266,1.6122034611053278,1.612203461105329,1.612203461105329,2.2799999999999976,2.2799999999999976,2.280000000000001,2.280000000000001,2.280000000000001,2.79241830677282]",6,4,0,0,10,0
E_N005579_N006719,11908,unintentional_missing,1,"[""E_N005579_N005580""]","[""present""]",[1.612203461105329],1,0,0,0,1,0
E_N005579_N006719,11908,unintentional_missing,3,"[""E_N005579_N005580"",""E_N005579_N006717"",""E_N005580_N006719""]","[""present"",""present"",""present""]","[1.612203461105329,1.612203461105329,1.612203461105329]",3,0,0,0,3,0
E_N005579_N006719,11908,unintentional_missing,5,"[""E_N005579_N005580"",""E_N005579_N006717"",""E_N005580_N006719"",""E_N006717_N006719"",""E_N005565_N006719""]","[""present"",""present"",""present"",""present"",""unintentional_missing""]","[1.612203461105329,1.612203461105329,1.612203461105329,1.612203461105329,2.280000000000001]",4,1,0,0,5,0
E_N005579_N006719,11908,unintentional_missing,10,"[""E_N005579_N005580"",""E_N005579_N006717"",""E_N005580_N006719"",""E_N006717_N006719"",""E_N005565_N006719"",""E_N005579_N005585"",""E_N005579_N006733"",""E_N005580_N006717"",""E_N006713_N006719"",""E_N005579_N005583""]","[""present"",""present"",""present"",""present"",""unintentional_missing"",""unintentional_missing"",""unintentional_missing"",""present"",""unintentional_missing"",""present""]","[1.612203461105329,1.612203461105329,1.612203461105329,1.612203461105329,2.280000000000001,2.280000000000001,2.280000000000001,2.280000000000001,2.280000000000001,2.792418306772824]",6,4,0,0,10,0
E_N005579_N006733,11937,unintentional_missing,1,"[""E_N005594_N006733""]","[""present""]",[1.6122034611053278],1,0,0,0,1,0
E_N005579_N006733,11937,unintentional_missing,3,"[""E_N005594_N006733"",""E_N005579_N005594"",""E_N005579_N006717""]","[""present"",""present"",""present""]","[1.6122034611053278,1.612203461105329,1.612203461105329]",3,0,0,0,3,0
E_N005579_N006733,11937,unintentional_missing,5,"[""E_N005594_N006733"",""E_N005579_N005594"",""E_N005579_N006717"",""E_N006717_N006733"",""E_N005593_N006733""]","[""present"",""present"",""present"",""present"",""unintentional_missing""]","[1.6122034611053278,1.612203461105329,1.612203461105329,1.612203461105329,2.2799999999999976]",4,1,0,0,5,0
E_N005579_N006733,11937,unintentional_missing,10,"[""E_N005594_N006733"",""E_N005579_N005594"",""E_N005579_N006717"",""E_N006717_N006733"",""E_N005593_N006733"",""E_N005579_N005599"",""E_N005579_N006719"",""E_N005594_N006717"",""E_N006713_N006733"",""E_N005593_N005594""]","[""present"",""present"",""present"",""present"",""unintentional_missing"",""unintentional_missing"",""unintentional_missing"",""present"",""unintentional_missing"",""present""]","[1.6122034611053278,1.612203461105329,1.612203461105329,1.612203461105329,2.2799999999999976,2.280000000000001,2.280000000000001,2.280000000000001,2.280000000000001,2.7924183067728214]",6,4,0,0,10,0
E_N005593_N005599,9923,unintentional_missing,1,"[""E_N005597_N005599""]","[""present""]",[1.6122034611053266],1,0,0,0,1,0
E_N005593_N005599,9923,unintentional_missing,3,"[""E_N005597_N005599"",""E_N005594_N005599"",""E_N005593_N005594""]","[""present"",""present"",""present""]","[1.6122034611053266,1.6122034611053278,1.612203461105329]",3,0,0,0,3,0
E_N005593_N005599,9923,unintentional_missing,5,"[""E_N005597_N005599"",""E_N005594_N005599"",""E_N005593_N005594"",""E_N005593_N005597"",""E_N004459_N005599""]","[""present"",""present"",""present"",""present"",""unintentional_missing""]","[1.6122034611053266,1.6122034611053278,1.612203461105329,1.612203461105329,2.2799999999999976]",4,1,0,0,5,0
E_N005593_N005599,9923,unintentional_missing,10,"[""E_N005597_N005599"",""E_N005594_N005599"",""E_N005593_N005594"",""E_N005593_N005597"",""E_N004459_N005599"",""E_N005579_N005599"",""E_N005593_N005613"",""E_N005593_N006733"",""E_N005594_N005597"",""E_N005583_N005599""]","[""present"",""present"",""present"",""present"",""unintentional_missing"",""unintentional_missing"",""unintentional_missing"",""unintentional_missing"",""present"",""present""]","[1.6122034611053266,1.6122034611053278,1.612203461105329,1.612203461105329,2.2799999999999976,2.2799999999999976,2.280000000000001,2.280000000000001,2.280000000000001,2.79241830677282]",6,4,0,0,10,0
E_N005593_N005613,9950,unintentional_missing,1,"[""E_N005597_N005613""]","[""present""]",[1.6122034611053266],1,0,0,0,1,0
E_N005593_N005613,9950,unintentional_missing,3,"[""E_N005597_N005613"",""E_N005593_N005597"",""E_N005593_N005608""]","[""present"",""present"",""present""]","[1.6122034611053266,1.612203461105329,1.612203461105329]",3,0,0,0,3,0
E_N005593_N005613,9950,unintentional_missing,5,"[""E_N005597_N005613"",""E_N005593_N005597"",""E_N005593_N005608"",""E_N005608_N005613"",""E_N004459_N005613""]","[""present"",""present"",""present"",""present"",""unintentional_missing""]","[1.6122034611053266,1.612203461105329,1.612203461105329,1.612203461105329,2.2799999999999976]",4,1,0,0,5,0
E_N005593_N005613,9950,unintentional_missing,10,"[""E_N005597_N005613"",""E_N005593_N005597"",""E_N005593_N005608"",""E_N005608_N005613"",""E_N004459_N005613"",""E_N005607_N005613"",""E_N005593_N005599"",""E_N005593_N006747"",""E_N005597_N005608"",""E_N005611_N005613""]","[""present"",""present"",""present"",""present"",""unintentional_missing"",""unintentional_missing"",""unintentional_missing"",""unintentional_missing"",""present"",""present""]","[1.6122034611053266,1.612203461105329,1.612203461105329,1.612203461105329,2.2799999999999976,2.2799999999999976,2.280000000000001,2.280000000000001,2.280000000000001,2.79241830677282]",6,4,0,0,10,0
E_N005593_N006733,11936,unintentional_missing,1,"[""E_N005594_N006733""]","[""present""]",[1.6122034611053278],1,0,0,0,1,0
E_N005593_N006733,11936,unintentional_missing,3,"[""E_N005594_N006733"",""E_N005593_N005594"",""E_N005593_N006731""]","[""present"",""present"",""present""]","[1.6122034611053278,1.612203461105329,1.612203461105329]",3,0,0,0,3,0
E_N005593_N006733,11936,unintentional_missing,5,"[""E_N005594_N006733"",""E_N005593_N005594"",""E_N005593_N006731"",""E_N006731_N006733"",""E_N005579_N006733""]","[""present"",""present"",""present"",""present"",""unintentional_missing""]","[1.6122034611053278,1.612203461105329,1.612203461105329,1.612203461105329,2.2799999999999976]",4,1,0,0,5,0
E_N005593_N006733,11936,unintentional_missing,10,"[""E_N005594_N006733"",""E_N005593_N005594"",""E_N005593_N006731"",""E_N006731_N006733"",""E_N005579_N006733"",""E_N005593_N005599"",""E_N005593_N006747"",""E_N005594_N006731"",""E_N006727_N006733"",""E_N005579_N005594""]","[""present"",""present"",""present"",""present"",""unintentional_missing"",""unintentional_missing"",""unintentional_missing"",""present"",""unintentional_missing"",""present""]","[1.6122034611053278,1.612203461105329,1.612203461105329,1.612203461105329,2.2799999999999976,2.280000000000001,2.280000000000001,2.280000000000001,2.280000000000001,2.7924183067728214]",6,4,0,0,10,0
E_N005593_N006747,11965,unintentional_missing,1,"[""E_N005593_N005608""]","[""present""]",[1.612203461105329],1,0,0,0,1,0
E_N005593_N006747,11965,unintentional_missing,3,"[""E_N005593_N005608"",""E_N005593_N006731"",""E_N005608_N006747""]","[""present"",""present"",""present""]","[1.612203461105329,1.612203461105329,1.612203461105329]",3,0,0,0,3,0
E_N005593_N006747,11965,unintentional_missing,5,"[""E_N005593_N005608"",""E_N005593_N006731"",""E_N005608_N006747"",""E_N006731_N006747"",""E_N005607_N006747""]","[""present"",""present"",""present"",""present"",""unintentional_missing""]","[1.612203461105329,1.612203461105329,1.612203461105329,1.612203461105329,2.2799999999999976]",4,1,0,0,5,0
E_N005593_N006747,11965,unintentional_missing,10,"[""E_N005593_N005608"",""E_N005593_N006731"",""E_N005608_N006747"",""E_N006731_N006747"",""E_N005607_N006747"",""E_N005593_N005613"",""E_N005593_N006733"",""E_N005608_N006731"",""E_N006727_N006747"",""E_N005607_N005608""]","[""present"",""present"",""present"",""present"",""unintentional_missing"",""unintentional_missing"",""unintentional_missing"",""present"",""unintentional_missing"",""present""]","[1.612203461105329,1.612203461105329,1.612203461105329,1.612203461105329,2.2799999999999976,2.280000000000001,2.280000000000001,2.280000000000001,2.280000000000001,2.7924183067728214]",6,4,0,0,10,0
E_N005607_N005613,9951,unintentional_missing,1,"[""E_N005608_N005613""]","[""present""]",[1.6122034611053266],1,0,0,0,1,0
E_N005607_N005613,9951,unintentional_missing,3,"[""E_N005608_N005613"",""E_N005611_N005613"",""E_N005607_N005608""]","[""present"",""present"",""present""]","[1.6122034611053266,1.6122034611053266,1.612203461105329]",3,0,0,0,3,0
E_N005607_N005613,9951,unintentional_missing,5,"[""E_N005608_N005613"",""E_N005611_N005613"",""E_N005607_N005608"",""E_N005607_N005611"",""E_N004473_N005613""]","[""present"",""present"",""present"",""present"",""unintentional_missing""]","[1.6122034611053266,1.6122034611053266,1.612203461105329,1.612203461105329,2.2799999999999976]",4,1,0,0,5,0
E_N005607_N005613,9951,unintentional_missing,10,"[""E_N005608_N005613"",""E_N005611_N005613"",""E_N005607_N005608"",""E_N005607_N005611"",""E_N004473_N005613"",""E_N005593_N005613"",""E_N005607_N005627"",""E_N005607_N006747"",""E_N005608_N005611"",""E_N004474_N005613""]","[""present"",""present"",""present"",""present"",""unintentional_missing"",""unintentional_missing"",""unintentional_missing"",""unintentional_missing"",""present"",""present""]","[1.6122034611053266,1.6122034611053266,1.612203461105329,1.612203461105329,2.2799999999999976,2.2799999999999976,2.280000000000001,2.280000000000001,2.280000000000001,2.79241830677282]",6,4,0,0,10,0
E_N005607_N005627,9978,unintentional_missing,1,"[""E_N005611_N005627""]","[""present""]",[1.6122034611053266],1,0,0,0,1,0
E_N005607_N005627,9978,unintentional_missing,3,"[""E_N005611_N005627"",""E_N005607_N005611"",""E_N005607_N005622""]","[""present"",""present"",""present""]","[1.6122034611053266,1.612203461105329,1.612203461105329]",3,0,0,0,3,0
E_N005607_N005627,9978,unintentional_missing,5,"[""E_N005611_N005627"",""E_N005607_N005611"",""E_N005607_N005622"",""E_N005622_N005627"",""E_N004473_N005627""]","[""present"",""present"",""present"",""present"",""unintentional_missing""]","[1.6122034611053266,1.612203461105329,1.612203461105329,1.612203461105329,2.2799999999999976]",4,1,0,0,5,0
E_N005607_N005627,9978,unintentional_missing,10,"[""E_N005611_N005627"",""E_N005607_N005611"",""E_N005607_N005622"",""E_N005622_N005627"",""E_N004473_N005627"",""E_N005607_N005613"",""E_N005607_N006761"",""E_N005611_N005622"",""E_N005621_N005627"",""E_N004473_N005611""]","[""present"",""present"",""present"",""present"",""unintentional_missing"",""unintentional_missing"",""unintentional_missing"",""present"",""unintentional_missing"",""present""]","[1.6122034611053266,1.612203461105329,1.612203461105329,1.612203461105329,2.2799999999999976,2.280000000000001,2.280000000000001,2.280000000000001,2.280000000000001,2.7924183067728214]",6,4,0,0,10,0
E_N005607_N006747,11964,unintentional_missing,1,"[""E_N005608_N006747""]","[""present""]",[1.6122034611053266],1,0,0,0,1,0
E_N005607_N006747,11964,unintentional_missing,3,"[""E_N005608_N006747"",""E_N005607_N005608"",""E_N005607_N006745""]","[""present"",""present"",""present""]","[1.6122034611053266,1.612203461105329,1.612203461105329]",3,0,0,0,3,0
E_N005607_N006747,11964,unintentional_missing,5,"[""E_N005608_N006747"",""E_N005607_N005608"",""E_N005607_N006745"",""E_N006745_N006747"",""E_N005593_N006747""]","[""present"",""present"",""present"",""present"",""unintentional_missing""]","[1.6122034611053266,1.612203461105329,1.612203461105329,1.612203461105329,2.2799999999999976]",4,1,0,0,5,0
E_N005607_N006747,11964,unintentional_missing,10,"[""E_N005608_N006747"",""E_N005607_N005608"",""E_N005607_N006745"",""E_N006745_N006747"",""E_N005593_N006747"",""E_N005607_N005613"",""E_N005607_N006761"",""E_N005608_N006745"",""E_N006741_N006747"",""E_N005593_N005608""]","[""present"",""present"",""present"",""present"",""unintentional_missing"",""unintentional_missing"",""unintentional_missing"",""present"",""unintentional_missing"",""present""]","[1.6122034611053266,1.612203461105329,1.612203461105329,1.612203461105329,2.2799999999999976,2.280000000000001,2.280000000000001,2.280000000000001,2.280000000000001,2.7924183067728214]",6,4,0,0,10,0
E_N005607_N006761,11993,unintentional_missing,1,"[""E_N005607_N005622""]","[""present""]",[1.612203461105329],1,0,0,0,1,0
E_N005607_N006761,11993,unintentional_missing,3,"[""E_N005607_N005622"",""E_N005607_N006745"",""E_N005622_N006761""]","[""present"",""present"",""present""]","[1.612203461105329,1.612203461105329,1.612203461105329]",3,0,0,0,3,0
E_N005607_N006761,11993,unintentional_missing,5,"[""E_N005607_N005622"",""E_N005607_N006745"",""E_N005622_N006761"",""E_N006745_N006761"",""E_N005607_N005627""]","[""present"",""present"",""present"",""present"",""unintentional_missing""]","[1.612203461105329,1.612203461105329,1.612203461105329,1.612203461105329,2.280000000000001]",4,1,0,0,5,0
E_N005607_N006761,11993,unintentional_missing,10,"[""E_N005607_N005622"",""E_N005607_N006745"",""E_N005622_N006761"",""E_N006745_N006761"",""E_N005607_N005627"",""E_N005607_N006747"",""E_N005621_N006761"",""E_N005622_N006745"",""E_N006741_N006761"",""E_N005607_N005611""]","[""present"",""present"",""present"",""present"",""unintentional_missing"",""unintentional_missing"",""unintentional_missing"",""present"",""unintentional_missing"",""present""]","[1.612203461105329,1.612203461105329,1.612203461105329,1.612203461105329,2.280000000000001,2.280000000000001,2.280000000000001,2.280000000000001,2.280000000000001,2.792418306772824]",6,4,0,0,10,0
E_N005621_N005627,9979,unintentional_missing,1,"[""E_N005625_N005627""]","[""present""]",[1.6122034611053266],1,0,0,0,1,0
E_N005621_N005627,9979,unintentional_missing,3,"[""E_N005625_N005627"",""E_N005621_N005622"",""E_N005621_N005625""]","[""present"",""present"",""present""]","[1.6122034611053266,1.612203461105329,1.612203461105329]",3,0,0,0,3,0
E_N005621_N005627,9979,unintentional_missing,5,"[""E_N005625_N005627"",""E_N005621_N005622"",""E_N005621_N005625"",""E_N005622_N005627"",""E_N004487_N005627""]","[""present"",""present"",""present"",""present"",""intentional_missing""]","[1.6122034611053266,1.612203461105329,1.612203461105329,1.612203461105329,2.2799999999999976]",4,0,0,1,5,0
E_N005621_N005627,9979,unintentional_missing,10,"[""E_N005625_N005627"",""E_N005621_N005622"",""E_N005621_N005625"",""E_N005622_N005627"",""E_N004487_N005627"",""E_N005607_N005627"",""E_N005621_N005641"",""E_N005621_N006761"",""E_N005622_N005625"",""E_N004487_N005625""]","[""present"",""present"",""present"",""present"",""intentional_missing"",""unintentional_missing"","""",""unintentional_missing"",""present"",""present""]","[1.6122034611053266,1.612203461105329,1.612203461105329,1.612203461105329,2.2799999999999976,2.280000000000001,2.280000000000001,2.280000000000001,2.280000000000001,2.7924183067728214]",6,2,0,1,9,1
E_N005621_N006761,11992,unintentional_missing,1,"[""E_N005621_N005622""]","[""present""]",[1.612203461105329],1,0,0,0,1,0
E_N005621_N006761,11992,unintentional_missing,3,"[""E_N005621_N005622"",""E_N005621_N006759"",""E_N005622_N006761""]","[""present"",""present"",""present""]","[1.612203461105329,1.612203461105329,1.612203461105329]",3,0,0,0,3,0
E_N005621_N006761,11992,unintentional_missing,5,"[""E_N005621_N005622"",""E_N005621_N006759"",""E_N005622_N006761"",""E_N006759_N006761"",""E_N005607_N006761""]","[""present"",""present"",""present"",""present"",""unintentional_missing""]","[1.612203461105329,1.612203461105329,1.612203461105329,1.612203461105329,2.280000000000001]",4,1,0,0,5,0
E_N005621_N006761,11992,unintentional_missing,10,"[""E_N005621_N005622"",""E_N005621_N006759"",""E_N005622_N006761"",""E_N006759_N006761"",""E_N005607_N006761"",""E_N005621_N005627"",""E_N005621_N006775"",""E_N005622_N006759"",""E_N006755_N006761"",""E_N005621_N005625""]","[""present"",""present"",""present"",""present"",""unintentional_missing"",""unintentional_missing"","""",""present"",""unintentional_missing"",""present""]","[1.612203461105329,1.612203461105329,1.612203461105329,1.612203461105329,2.280000000000001,2.280000000000001,2.280000000000001,2.280000000000001,2.280000000000001,2.792418306772824]",6,3,0,0,9,1
E_N006559_N007697,13665,unintentional_missing,1,"[""E_N007697_N007699""]","[""present""]",[1.612203461105326],1,0,0,0,1,0
E_N006559_N007697,13665,unintentional_missing,3,"[""E_N007697_N007699"",""E_N007697_N007713"",""E_N006559_N006560""]","[""present"",""present"",""intentional_missing""]","[1.612203461105326,1.612203461105326,1.6122034611053286]",2,0,0,1,3,0
E_N006559_N007697,13665,unintentional_missing,5,"[""E_N007697_N007699"",""E_N007697_N007713"",""E_N006559_N006560"",""E_N006559_N006574"",""E_N006559_N007699""]","[""present"",""present"",""intentional_missing"",""intentional_missing"",""intentional_missing""]","[1.612203461105326,1.612203461105326,1.6122034611053286,1.6122034611053286,1.6122034611053286]",2,0,0,3,5,0
E_N006559_N007697,13665,unintentional_missing,10,"[""E_N007697_N007699"",""E_N007697_N007713"",""E_N006559_N006560"",""E_N006559_N006574"",""E_N006559_N007699"",""E_N006559_N007713"",""E_N006560_N007697"",""E_N006574_N007697"",""E_N007693_N007697"",""E_N006560_N007699""]","[""present"",""present"",""intentional_missing"",""intentional_missing"",""intentional_missing"",""intentional_missing"",""present"",""present"",""present"",""present""]","[1.612203461105326,1.612203461105326,1.6122034611053286,1.6122034611053286,1.6122034611053286,1.6122034611053286,1.6122034611053286,1.6122034611053286,2.2799999999999976,2.28]",6,0,0,4,10,0
E_N006682_N006691,11854,unintentional_missing,1,"[""E_N006682_N006688""]","[""""]",[1.6122034611053286],0,0,0,0,0,1
E_N006682_N006691,11854,unintentional_missing,3,"[""E_N006682_N006688"",""E_N006686_N006691"",""E_N006682_N006686""]","["""",""present"",""present""]","[1.6122034611053286,1.6122034611053286,1.612203461105329]",2,0,0,0,2,1
E_N006682_N006691,11854,unintentional_missing,5,"[""E_N006682_N006688"",""E_N006686_N006691"",""E_N006682_N006686"",""E_N006688_N006691"",""E_N006685_N006691""]","["""",""present"",""present"","""",""unintentional_missing""]","[1.6122034611053286,1.6122034611053286,1.612203461105329,1.612203461105329,2.2800000000000002]",2,1,0,0,3,2
E_N006682_N006691,11854,unintentional_missing,10,"[""E_N006682_N006688"",""E_N006686_N006691"",""E_N006682_N006686"",""E_N006688_N006691"",""E_N006685_N006691"",""E_N005548_N006691"",""E_N006682_N007825"",""E_N006686_N006688"",""E_N006685_N006686"",""E_N006689_N006691""]","["""",""present"",""present"","""",""unintentional_missing"",""unintentional_missing"",""unintentional_missing"","""",""present"",""present""]","[1.6122034611053286,1.6122034611053286,1.612203461105329,1.612203461105329,2.2800000000000002,2.280000000000001,2.280000000000001,2.280000000000001,2.7924183067728237,2.7924183067728237]",4,3,0,0,7,3
E_N006682_N007825,13869,unintentional_missing,1,"[""E_N007822_N007825""]","[""""]",[1.6122034611053266],0,0,0,0,0,1
E_N006682_N007825,13869,unintentional_missing,3,"[""E_N007822_N007825"",""E_N006682_N007822"",""E_N006686_N007825""]","["""","""",""present""]","[1.6122034611053266,1.6122034611053286,1.6122034611053286]",1,0,0,0,1,2
E_N006682_N007825,13869,unintentional_missing,5,"[""E_N007822_N007825"",""E_N006682_N007822"",""E_N006686_N007825"",""E_N006682_N006686"",""E_N007816_N007825""]","["""","""",""present"",""present"",""unintentional_missing""]","[1.6122034611053266,1.6122034611053286,1.6122034611053286,1.612203461105329,2.2799999999999976]",2,1,0,0,3,2
E_N006682_N007825,13869,unintentional_missing,10,"[""E_N007822_N007825"",""E_N006682_N007822"",""E_N006686_N007825"",""E_N006682_N006686"",""E_N007816_N007825"",""E_N006685_N007825"",""E_N006682_N006691"",""E_N006686_N007822"",""E_N007816_N007822"",""E_N007820_N007825""]","["""","""",""present"",""present"",""unintentional_missing"",""unintentional_missing"",""unintentional_missing"","""","""",""present""]","[1.6122034611053266,1.6122034611053286,1.6122034611053286,1.612203461105329,2.2799999999999976,2.2800000000000002,2.280000000000001,2.280000000000001,2.7924183067728214,2.7924183067728214]",3,3,0,0,6,4
E_N006685_N006691,11855,unintentional_missing,1,"[""E_N006685_N006689""]","[""present""]",[1.6122034611053286],1,0,0,0,1,0
E_N006685_N006691,11855,unintentional_missing,3,"[""E_N006685_N006689"",""E_N006686_N006691"",""E_N006685_N006686""]","[""present"",""present"",""present""]","[1.6122034611053286,1.6122034611053289,1.612203461105329]",3,0,0,0,3,0
E_N006685_N006691,11855,unintentional_missing,5,"[""E_N006685_N006689"",""E_N006686_N006691"",""E_N006685_N006686"",""E_N006689_N006691"",""E_N006685_N006705""]","[""present"",""present"",""present"",""present"",""unintentional_missing""]","[1.6122034611053286,1.6122034611053289,1.612203461105329,1.612203461105329,2.2799999999999994]",4,1,0,0,5,0
E_N006685_N006691,11855,unintentional_missing,10,"[""E_N006685_N006689"",""E_N006686_N006691"",""E_N006685_N006686"",""E_N006689_N006691"",""E_N006685_N006705"",""E_N006682_N006691"",""E_N005551_N006691"",""E_N006685_N007825"",""E_N006686_N006689"",""E_N006685_N006700""]","[""present"",""present"",""present"",""present"",""unintentional_missing"",""unintentional_missing"",""unintentional_missing"",""unintentional_missing"",""present"",""present""]","[1.6122034611053286,1.6122034611053289,1.612203461105329,1.612203461105329,2.2799999999999994,2.2800000000000002,2.280000000000001,2.280000000000001,2.280000000000001,2.7924183067728228]",6,4,0,0,10,0
E_N006685_N006705,11882,unintentional_missing,1,"[""E_N006685_N006689""]","[""present""]",[1.6122034611053286],1,0,0,0,1,0
E_N006685_N006705,11882,unintentional_missing,3,"[""E_N006685_N006689"",""E_N006685_N006700"",""E_N006689_N006705""]","[""present"",""present"",""present""]","[1.6122034611053286,1.612203461105329,1.612203461105329]",3,0,0,0,3,0
E_N006685_N006705,11882,unintentional_missing,5,"[""E_N006685_N006689"",""E_N006685_N006700"",""E_N006689_N006705"",""E_N006700_N006705"",""E_N006685_N006691""]","[""present"",""present"",""present"",""present"",""unintentional_missing""]","[1.6122034611053286,1.612203461105329,1.612203461105329,1.612203461105329,2.2799999999999994]",4,1,0,0,5,0
E_N006685_N006705,11882,unintentional_missing,10,"[""E_N006685_N006689"",""E_N006685_N006700"",""E_N006689_N006705"",""E_N006700_N006705"",""E_N006685_N006691"",""E_N006699_N006705"",""E_N005551_N006705"",""E_N006685_N007839"",""E_N006689_N006700"",""E_N006685_N006686""]","[""present"",""present"",""present"",""present"",""unintentional_missing"",""unintentional_missing"",""unintentional_missing"",""unintentional_missing"",""present"",""present""]","[1.6122034611053286,1.612203461105329,1.612203461105329,1.612203461105329,2.2799999999999994,2.2800000000000002,2.280000000000001,2.280000000000001,2.280000000000001,2.7924183067728228]",6,4,0,0,10,0
E_N006685_N007825,13868,unintentional_missing,1,"[""E_N007823_N007825""]","[""present""]",[1.6122034611053266],1,0,0,0,1,0
E_N006685_N007825,13868,unintentional_missing,3,"[""E_N007823_N007825"",""E_N006685_N007823"",""E_N006686_N007825""]","[""present"",""present"",""present""]","[1.6122034611053266,1.6122034611053286,1.6122034611053289]",3,0,0,0,3,0
E_N006685_N007825,13868,unintentional_missing,5,"[""E_N007823_N007825"",""E_N006685_N007823"",""E_N006686_N007825"",""E_N006685_N006686"",""E_N007819_N007825""]","[""present"",""present"",""present"",""present"",""unintentional_missing""]","[1.6122034611053266,1.6122034611053286,1.6122034611053289,1.612203461105329,2.2799999999999976]",4,1,0,0,5,0
E_N006685_N007825,13868,unintentional_missing,10,"[""E_N007823_N007825"",""E_N006685_N007823"",""E_N006686_N007825"",""E_N006685_N006686"",""E_N007819_N007825"",""E_N006685_N007839"",""E_N006682_N007825"",""E_N006685_N006691"",""E_N006686_N007823"",""E_N007819_N007823""]","[""present"",""present"",""present"",""present"",""unintentional_missing"",""unintentional_missing"",""unintentional_missing"",""unintentional_missing"",""present"",""present""]","[1.6122034611053266,1.6122034611053286,1.6122034611053289,1.612203461105329,2.2799999999999976,2.2799999999999994,2.2800000000000002,2.280000000000001,2.280000000000001,2.792418306772821]",6,4,0,0,10,0
E_N006685_N007839,13897,unintentional_missing,1,"[""E_N007823_N007839""]","[""present""]",[1.6122034611053266],1,0,0,0,1,0
E_N006685_N007839,13897,unintentional_missing,3,"[""E_N007823_N007839"",""E_N006685_N007823"",""E_N006685_N006700""]","[""present"",""present"",""present""]","[1.6122034611053266,1.6122034611053286,1.612203461105329]",3,0,0,0,3,0
E_N006685_N007839,13897,unintentional_missing,5,"[""E_N007823_N007839"",""E_N006685_N007823"",""E_N006685_N006700"",""E_N006700_N007839"",""E_N007819_N007839""]","[""present"",""present"",""present"",""present"",""unintentional_missing""]","[1.6122034611053266,1.6122034611053286,1.612203461105329,1.612203461105329,2.2799999999999976]",4,1,0,0,5,0
E_N006685_N007839,13897,unintentional_missing,10,"[""E_N007823_N007839"",""E_N006685_N007823"",""E_N006685_N006700"",""E_N006700_N007839"",""E_N007819_N007839"",""E_N006685_N007825"",""E_N006699_N007839"",""E_N006685_N006705"",""E_N006700_N007823"",""E_N007819_N007823""]","[""present"",""present"",""present"",""present"",""unintentional_missing"",""unintentional_missing"",""unintentional_missing"",""unintentional_missing"",""present"",""present""]","[1.6122034611053266,1.6122034611053286,1.612203461105329,1.612203461105329,2.2799999999999976,2.2799999999999994,2.2800000000000002,2.280000000000001,2.280000000000001,2.792418306772821]",6,4,0,0,10,0
E_N006699_N006705,11883,unintentional_missing,1,"[""E_N006699_N006703""]","[""present""]",[1.6122034611053286],1,0,0,0,1,0
E_N006699_N006705,11883,unintentional_missing,3,"[""E_N006699_N006703"",""E_N006700_N006705"",""E_N006699_N006700""]","[""present"",""present"",""present""]","[1.6122034611053286,1.6122034611053286,1.612203461105329]",3,0,0,0,3,0
E_N006699_N006705,11883,unintentional_missing,5,"[""E_N006699_N006703"",""E_N006700_N006705"",""E_N006699_N006700"",""E_N006703_N006705"",""E_N006699_N006719""]","[""present"",""present"",""present"",""present"",""unintentional_missing""]","[1.6122034611053286,1.6122034611053286,1.612203461105329,1.612203461105329,2.2799999999999985]",4,1,0,0,5,0
E_N006699_N006705,11883,unintentional_missing,10,"[""E_N006699_N006703"",""E_N006700_N006705"",""E_N006699_N006700"",""E_N006703_N006705"",""E_N006699_N006719"",""E_N006685_N006705"",""E_N005565_N006705"",""E_N006699_N007839"",""E_N006700_N006703"",""E_N006699_N006714""]","[""present"",""present"",""present"",""present"",""unintentional_missing"",""unintentional_missing"",""unintentional_missing"",""unintentional_missing"",""present"",""present""]","[1.6122034611053286,1.6122034611053286,1.612203461105329,1.612203461105329,2.2799999999999985,2.2800000000000002,2.280000000000001,2.280000000000001,2.280000000000001,2.7924183067728223]",6,4,0,0,10,0
E_N006699_N006719,11910,unintentional_missing,1,"[""E_N006699_N006703""]","[""present""]",[1.6122034611053278],1,0,0,0,1,0
E_N006699_N006719,11910,unintentional_missing,3,"[""E_N006699_N006703"",""E_N006699_N006714"",""E_N006703_N006719""]","[""present"",""present"",""present""]","[1.6122034611053278,1.612203461105329,1.612203461105329]",3,0,0,0,3,0
E_N006699_N006719,11910,unintentional_missing,5,"[""E_N006699_N006703"",""E_N006699_N006714"",""E_N006703_N006719"",""E_N006714_N006719"",""E_N006699_N006705""]","[""present"",""present"",""present"",""present"",""unintentional_missing""]","[1.6122034611053278,1.612203461105329,1.612203461105329,1.612203461105329,2.2799999999999985]",4,1,0,0,5,0
E_N006699_N006719,11910,unintentional_missing,10,"[""E_N006699_N006703"",""E_N006699_N006714"",""E_N006703_N006719"",""E_N006714_N006719"",""E_N006699_N006705"",""E_N005565_N006719"",""E_N006699_N007853"",""E_N006703_N006714"",""E_N006713_N006719"",""E_N006699_N006700""]","[""present"",""present"",""present"",""present"",""unintentional_missing"",""unintentional_missing"",""unintentional_missing"",""present"",""unintentional_missing"",""present""]","[1.6122034611053278,1.612203461105329,1.612203461105329,1.612203461105329,2.2799999999999985,2.280000000000001,2.280000000000001,2.280000000000001,2.280000000000001,2.7924183067728223]",6,4,0,0,10,0
E_N006699_N007839,13896,unintentional_missing,1,"[""E_N007837_N007839""]","[""present""]",[1.6122034611053266],1,0,0,0,1,0
E_N006699_N007839,13896,unintentional_missing,3,"[""E_N007837_N007839"",""E_N006699_N007837"",""E_N006700_N007839""]","[""present"",""present"",""present""]","[1.6122034611053266,1.6122034611053286,1.6122034611053286]",3,0,0,0,3,0
E_N006699_N007839,13896,unintentional_missing,5,"[""E_N007837_N007839"",""E_N006699_N007837"",""E_N006700_N007839"",""E_N006699_N006700"",""E_N007833_N007839""]","[""present"",""present"",""present"",""present"",""unintentional_missing""]","[1.6122034611053266,1.6122034611053286,1.6122034611053286,1.612203461105329,2.2799999999999976]",4,1,0,0,5,0
E_N006699_N007839,13896,unintentional_missing,10,"[""E_N007837_N007839"",""E_N006699_N007837"",""E_N006700_N007839"",""E_N006699_N006700"",""E_N007833_N007839"",""E_N006699_N007853"",""E_N006685_N007839"",""E_N006699_N006705"",""E_N006700_N007837"",""E_N007837_N007853""]","[""present"",""present"",""present"",""present"",""unintentional_missing"",""unintentional_missing"",""unintentional_missing"",""unintentional_missing"",""present"",""present""]","[1.6122034611053266,1.6122034611053286,1.6122034611053286,1.612203461105329,2.2799999999999976,2.2799999999999985,2.2800000000000002,2.280000000000001,2.280000000000001,2.7924183067728205]",6,4,0,0,10,0
E_N006699_N007853,13925,unintentional_missing,1,"[""E_N007837_N007853""]","[""present""]",[1.6122034611053266],1,0,0,0,1,0
E_N006699_N007853,13925,unintentional_missing,3,"[""E_N007837_N007853"",""E_N006699_N007837"",""E_N006699_N006714""]","[""present"",""present"",""present""]","[1.6122034611053266,1.6122034611053278,1.612203461105329]",3,0,0,0,3,0
E_N006699_N007853,13925,unintentional_missing,5,"[""E_N007837_N007853"",""E_N006699_N007837"",""E_N006699_N006714"",""E_N006714_N007853"",""E_N007833_N007853""]","[""present"",""present"",""present"",""present"",""unintentional_missing""]","[1.6122034611053266,1.6122034611053278,1.612203461105329,1.612203461105329,2.2799999999999976]",4,1,0,0,5,0
E_N006699_N007853,13925,unintentional_missing,10,"[""E_N007837_N007853"",""E_N006699_N007837"",""E_N006699_N006714"",""E_N006714_N007853"",""E_N007833_N007853"",""E_N006699_N007839"",""E_N006699_N006719"",""E_N006713_N007853"",""E_N006714_N007837"",""E_N007833_N007837""]","[""present"",""present"",""present"",""present"",""unintentional_missing"",""unintentional_missing"",""unintentional_missing"",""unintentional_missing"",""present"",""present""]","[1.6122034611053266,1.6122034611053278,1.612203461105329,1.612203461105329,2.2799999999999976,2.2799999999999985,2.280000000000001,2.280000000000001,2.280000000000001,2.7924183067728205]",6,4,0,0,10,0
E_N006713_N006719,11911,unintentional_missing,1,"[""E_N006713_N006714""]","[""present""]",[1.612203461105329],1,0,0,0,1,0
E_N006713_N006719,11911,unintentional_missing,3,"[""E_N006713_N006714"",""E_N006713_N006717"",""E_N006714_N006719""]","[""present"",""present"",""present""]","[1.612203461105329,1.612203461105329,1.612203461105329]",3,0,0,0,3,0
E_N006713_N006719,11911,unintentional_missing,5,"[""E_N006713_N006714"",""E_N006713_N006717"",""E_N006714_N006719"",""E_N006717_N006719"",""E_N005579_N006719""]","[""present"",""present"",""present"",""present"",""unintentional_missing""]","[1.612203461105329,1.612203461105329,1.612203461105329,1.612203461105329,2.280000000000001]",4,1,0,0,5,0
E_N006713_N006719,11911,unintentional_missing,10,"[""E_N006713_N006714"",""E_N006713_N006717"",""E_N006714_N006719"",""E_N006717_N006719"",""E_N005579_N006719"",""E_N006699_N006719"",""E_N006713_N006733"",""E_N006713_N007853"",""E_N006714_N006717"",""E_N005579_N006717""]","[""present"",""present"",""present"",""present"",""unintentional_missing"",""unintentional_missing"",""unintentional_missing"",""unintentional_missing"",""present"",""present""]","[1.612203461105329,1.612203461105329,1.612203461105329,1.612203461105329,2.280000000000001,2.280000000000001,2.280000000000001,2.280000000000001,2.280000000000001,2.792418306772824]",6,4,0,0,10,0
E_N006713_N006733,11938,unintentional_missing,1,"[""E_N006728_N006733""]","[""present""]",[1.6122034611053278],1,0,0,0,1,0
E_N006713_N006733,11938,unintentional_missing,3,"[""E_N006728_N006733"",""E_N006713_N006717"",""E_N006713_N006728""]","[""present"",""present"",""present""]","[1.6122034611053278,1.612203461105329,1.612203461105329]",3,0,0,0,3,0
E_N006713_N006733,11938,unintentional_missing,5,"[""E_N006728_N006733"",""E_N006713_N006717"",""E_N006713_N006728"",""E_N006717_N006733"",""E_N006727_N006733""]","[""present"",""present"",""present"",""present"",""unintentional_missing""]","[1.6122034611053278,1.612203461105329,1.612203461105329,1.612203461105329,2.2799999999999976]",4,1,0,0,5,0
E_N006713_N006733,11938,unintentional_missing,10,"[""E_N006728_N006733"",""E_N006713_N006717"",""E_N006713_N006728"",""E_N006717_N006733"",""E_N006727_N006733"",""E_N005579_N006733"",""E_N006713_N006719"",""E_N006713_N007867"",""E_N006717_N006728"",""E_N006727_N006728""]","[""present"",""present"",""present"",""present"",""unintentional_missing"",""unintentional_missing"",""unintentional_missing"",""unintentional_missing"",""present"",""present""]","[1.6122034611053278,1.612203461105329,1.612203461105329,1.612203461105329,2.2799999999999976,2.280000000000001,2.280000000000001,2.280000000000001,2.280000000000001,2.7924183067728214]",6,4,0,0,10,0
E_N006713_N007853,13924,unintentional_missing,1,"[""E_N007851_N007853""]","[""present""]",[1.6122034611053266],1,0,0,0,1,0
E_N006713_N007853,13924,unintentional_missing,3,"[""E_N007851_N007853"",""E_N006713_N006714"",""E_N006713_N007851""]","[""present"",""present"",""present""]","[1.6122034611053266,1.612203461105329,1.612203461105329]",3,0,0,0,3,0
E_N006713_N007853,13924,unintentional_missing,5,"[""E_N007851_N007853"",""E_N006713_N006714"",""E_N006713_N007851"",""E_N006714_N007853"",""E_N007847_N007853""]","[""present"",""present"",""present"",""present"",""unintentional_missing""]","[1.6122034611053266,1.612203461105329,1.612203461105329,1.612203461105329,2.2799999999999976]",4,1,0,0,5,0
E_N006713_N007853,13924,unintentional_missing,10,"[""E_N007851_N007853"",""E_N006713_N006714"",""E_N006713_N007851"",""E_N006714_N007853"",""E_N007847_N007853"",""E_N006699_N007853"",""E_N006713_N006719"",""E_N006713_N007867"",""E_N006714_N007851"",""E_N007847_N007851""]","[""present"",""present"",""present"",""present"",""unintentional_missing"",""unintentional_missing"",""unintentional_missing"",""unintentional_missing"",""present"",""present""]","[1.6122034611053266,1.612203461105329,1.612203461105329,1.612203461105329,2.2799999999999976,2.280000000000001,2.280000000000001,2.280000000000001,2.280000000000001,2.7924183067728214]",6,4,0,0,10,0
E_N006713_N007867,13953,unintentional_missing,1,"[""E_N007851_N007867""]","[""present""]",[1.6122034611053266],1,0,0,0,1,0
E_N006713_N007867,13953,unintentional_missing,3,"[""E_N007851_N007867"",""E_N006728_N007867"",""E_N006713_N006728""]","[""present"",""present"",""present""]","[1.6122034611053266,1.6122034611053278,1.612203461105329]",3,0,0,0,3,0
E_N006713_N007867,13953,unintentional_missing,5,"[""E_N007851_N007867"",""E_N006728_N007867"",""E_N006713_N006728"",""E_N006713_N007851"",""E_N006727_N007867""]","[""present"",""present"",""present"",""present"",""unintentional_missing""]","[1.6122034611053266,1.6122034611053278,1.612203461105329,1.612203461105329,2.2799999999999976]",4,1,0,0,5,0
E_N006713_N007867,13953,unintentional_missing,10,"[""E_N007851_N007867"",""E_N006728_N007867"",""E_N006713_N006728"",""E_N006713_N007851"",""E_N006727_N007867"",""E_N007847_N007867"",""E_N006713_N006733"",""E_N006713_N007853"",""E_N006728_N007851"",""E_N007865_N007867""]","[""present"",""present"",""present"",""present"",""unintentional_missing"",""unintentional_missing"",""unintentional_missing"",""unintentional_missing"",""present"",""present""]","[1.6122034611053266,1.6122034611053278,1.612203461105329,1.612203461105329,2.2799999999999976,2.2799999999999976,2.280000000000001,2.280000000000001,2.280000000000001,2.79241830677282]",6,4,0,0,10,0
E_N006727_N006733,11939,unintentional_missing,1,"[""E_N006728_N006733""]","[""present""]",[1.6122034611053278],1,0,0,0,1,0
E_N006727_N006733,11939,unintentional_missing,3,"[""E_N006728_N006733"",""E_N006727_N006728"",""E_N006727_N006731""]","[""present"",""present"",""present""]","[1.6122034611053278,1.612203461105329,1.612203461105329]",3,0,0,0,3,0
E_N006727_N006733,11939,unintentional_missing,5,"[""E_N006728_N006733"",""E_N006727_N006728"",""E_N006727_N006731"",""E_N006731_N006733"",""E_N006713_N006733""]","[""present"",""present"",""present"",""present"",""unintentional_missing""]","[1.6122034611053278,1.612203461105329,1.612203461105329,1.612203461105329,2.2799999999999976]",4,1,0,0,5,0
E_N006727_N006733,11939,unintentional_missing,10,"[""E_N006728_N006733"",""E_N006727_N006728"",""E_N006727_N006731"",""E_N006731_N006733"",""E_N006713_N006733"",""E_N005593_N006733"",""E_N006727_N006747"",""E_N006727_N007867"",""E_N006728_N006731"",""E_N006713_N006728""]","[""present"",""present"",""present"",""present"",""unintentional_missing"",""unintentional_missing"",""unintentional_missing"",""unintentional_missing"",""present"",""present""]","[1.6122034611053278,1.612203461105329,1.612203461105329,1.612203461105329,2.2799999999999976,2.280000000000001,2.280000000000001,2.280000000000001,2.280000000000001,2.7924183067728214]",6,4,0,0,10,0
E_N006727_N006747,11966,unintentional_missing,1,"[""E_N006727_N006731""]","[""present""]",[1.612203461105329],1,0,0,0,1,0
E_N006727_N006747,11966,unintentional_missing,3,"[""E_N006727_N006731"",""E_N006727_N006742"",""E_N006731_N006747""]","[""present"",""present"",""present""]","[1.612203461105329,1.612203461105329,1.612203461105329]",3,0,0,0,3,0
E_N006727_N006747,11966,unintentional_missing,5,"[""E_N006727_N006731"",""E_N006727_N006742"",""E_N006731_N006747"",""E_N006742_N006747"",""E_N006741_N006747""]","[""present"",""present"",""present"",""present"",""unintentional_missing""]","[1.612203461105329,1.612203461105329,1.612203461105329,1.612203461105329,2.2799999999999976]",4,1,0,0,5,0
E_N006727_N006747,11966,unintentional_missing,10,"[""E_N006727_N006731"",""E_N006727_N006742"",""E_N006731_N006747"",""E_N006742_N006747"",""E_N006741_N006747"",""E_N005593_N006747"",""E_N006727_N006733"",""E_N006727_N007881"",""E_N006731_N006742"",""E_N006741_N006742""]","[""present"",""present"",""present"",""present"",""unintentional_missing"",""unintentional_missing"",""unintentional_missing"",""unintentional_missing"",""present"",""present""]","[1.612203461105329,1.612203461105329,1.612203461105329,1.612203461105329,2.2799999999999976,2.280000000000001,2.280000000000001,2.280000000000001,2.280000000000001,2.7924183067728214]",6,4,0,0,10,0
E_N006727_N007867,13952,unintentional_missing,1,"[""E_N007865_N007867""]","[""present""]",[1.6122034611053266],1,0,0,0,1,0
E_N006727_N007867,13952,unintentional_missing,3,"[""E_N007865_N007867"",""E_N006728_N007867"",""E_N006727_N006728""]","[""present"",""present"",""present""]","[1.6122034611053266,1.6122034611053278,1.612203461105329]",3,0,0,0,3,0
E_N006727_N007867,13952,unintentional_missing,5,"[""E_N007865_N007867"",""E_N006728_N007867"",""E_N006727_N006728"",""E_N006727_N007865"",""E_N006713_N007867""]","[""present"",""present"",""present"",""present"",""unintentional_missing""]","[1.6122034611053266,1.6122034611053278,1.612203461105329,1.612203461105329,2.2799999999999976]",4,1,0,0,5,0
E_N006727_N007867,13952,unintentional_missing,10,"[""E_N007865_N007867"",""E_N006728_N007867"",""E_N006727_N006728"",""E_N006727_N007865"",""E_N006713_N007867"",""E_N007861_N007867"",""E_N006727_N006733"",""E_N006727_N007881"",""E_N006728_N007865"",""E_N007851_N007867""]","[""present"",""present"",""present"",""present"",""unintentional_missing"",""unintentional_missing"",""unintentional_missing"",""unintentional_missing"",""present"",""present""]","[1.6122034611053266,1.6122034611053278,1.612203461105329,1.612203461105329,2.2799999999999976,2.2799999999999976,2.280000000000001,2.280000000000001,2.280000000000001,2.79241830677282]",6,4,0,0,10,0
E_N006727_N007881,13981,unintentional_missing,1,"[""E_N007865_N007881""]","[""present""]",[1.6122034611053266],1,0,0,0,1,0
E_N006727_N007881,13981,unintentional_missing,3,"[""E_N007865_N007881"",""E_N006727_N006742"",""E_N006727_N007865""]","[""present"",""present"",""present""]","[1.6122034611053266,1.612203461105329,1.612203461105329]",3,0,0,0,3,0
E_N006727_N007881,13981,unintentional_missing,5,"[""E_N007865_N007881"",""E_N006727_N006742"",""E_N006727_N007865"",""E_N006742_N007881"",""E_N006741_N007881""]","[""present"",""present"",""present"",""present"",""unintentional_missing""]","[1.6122034611053266,1.612203461105329,1.612203461105329,1.612203461105329,2.2799999999999976]",4,1,0,0,5,0
E_N006727_N007881,13981,unintentional_missing,10,"[""E_N007865_N007881"",""E_N006727_N006742"",""E_N006727_N007865"",""E_N006742_N007881"",""E_N006741_N007881"",""E_N007861_N007881"",""E_N006727_N006747"",""E_N006727_N007867"",""E_N006742_N007865"",""E_N007879_N007881""]","[""present"",""present"",""present"",""present"",""unintentional_missing"",""unintentional_missing"",""unintentional_missing"",""unintentional_missing"",""present"",""present""]","[1.6122034611053266,1.612203461105329,1.612203461105329,1.612203461105329,2.2799999999999976,2.2799999999999976,2.280000000000001,2.280000000000001,2.280000000000001,2.79241830677282]",6,4,0,0,10,0
E_N006741_N006747,11967,unintentional_missing,1,"[""E_N006742_N006747""]","[""present""]",[1.6122034611053266],1,0,0,0,1,0
E_N006741_N006747,11967,unintentional_missing,3,"[""E_N006742_N006747"",""E_N006741_N006742"",""E_N006741_N006745""]","[""present"",""present"",""present""]","[1.6122034611053266,1.612203461105329,1.612203461105329]",3,0,0,0,3,0
E_N006741_N006747,11967,unintentional_missing,5,"[""E_N006742_N006747"",""E_N006741_N006742"",""E_N006741_N006745"",""E_N006745_N006747"",""E_N006727_N006747""]","[""present"",""present"",""present"",""present"",""unintentional_missing""]","[1.6122034611053266,1.612203461105329,1.612203461105329,1.612203461105329,2.2799999999999976]",4,1,0,0,5,0
E_N006741_N006747,11967,unintentional_missing,10,"[""E_N006742_N006747"",""E_N006741_N006742"",""E_N006741_N006745"",""E_N006745_N006747"",""E_N006727_N006747"",""E_N005607_N006747"",""E_N006741_N006761"",""E_N006741_N007881"",""E_N006742_N006745"",""E_N006727_N006742""]","[""present"",""present"",""present"",""present"",""unintentional_missing"",""unintentional_missing"",""unintentional_missing"",""unintentional_missing"",""present"",""present""]","[1.6122034611053266,1.612203461105329,1.612203461105329,1.612203461105329,2.2799999999999976,2.280000000000001,2.280000000000001,2.280000000000001,2.280000000000001,2.7924183067728214]",6,4,0,0,10,0
E_N006741_N006761,11994,unintentional_missing,1,"[""E_N006741_N006745""]","[""present""]",[1.612203461105329],1,0,0,0,1,0
E_N006741_N006761,11994,unintentional_missing,3,"[""E_N006741_N006745"",""E_N006741_N006756"",""E_N006745_N006761""]","[""present"",""present"",""present""]","[1.612203461105329,1.612203461105329,1.612203461105329]",3,0,0,0,3,0
E_N006741_N006761,11994,unintentional_missing,5,"[""E_N006741_N006745"",""E_N006741_N006756"",""E_N006745_N006761"",""E_N006756_N006761"",""E_N005607_N006761""]","[""present"",""present"",""present"",""present"",""unintentional_missing""]","[1.612203461105329,1.612203461105329,1.612203461105329,1.612203461105329,2.280000000000001]",4,1,0,0,5,0
E_N006741_N006761,11994,unintentional_missing,10,"[""E_N006741_N006745"",""E_N006741_N006756"",""E_N006745_N006761"",""E_N006756_N006761"",""E_N005607_N006761"",""E_N006741_N006747"",""E_N006741_N007895"",""E_N006745_N006756"",""E_N006755_N006761"",""E_N005607_N006745""]","[""present"",""present"",""present"",""present"",""unintentional_missing"",""unintentional_missing"",""unintentional_missing"",""present"",""unintentional_missing"",""present""]","[1.612203461105329,1.612203461105329,1.612203461105329,1.612203461105329,2.280000000000001,2.280000000000001,2.280000000000001,2.280000000000001,2.280000000000001,2.792418306772824]",6,4,0,0,10,0
E_N006741_N007881,13980,unintentional_missing,1,"[""E_N006742_N007881""]","[""present""]",[1.6122034611053266],1,0,0,0,1,0
E_N006741_N007881,13980,unintentional_missing,3,"[""E_N006742_N007881"",""E_N007879_N007881"",""E_N006741_N006742""]","[""present"",""present"",""present""]","[1.6122034611053266,1.6122034611053266,1.612203461105329]",3,0,0,0,3,0
E_N006741_N007881,13980,unintentional_missing,5,"[""E_N006742_N007881"",""E_N007879_N007881"",""E_N006741_N006742"",""E_N006741_N007879"",""E_N006727_N007881""]","[""present"",""present"",""present"",""present"",""unintentional_missing""]","[1.6122034611053266,1.6122034611053266,1.612203461105329,1.612203461105329,2.2799999999999976]",4,1,0,0,5,0
E_N006741_N007881,13980,unintentional_missing,10,"[""E_N006742_N007881"",""E_N007879_N007881"",""E_N006741_N006742"",""E_N006741_N007879"",""E_N006727_N007881"",""E_N007875_N007881"",""E_N006741_N006747"",""E_N006741_N007895"",""E_N006742_N007879"",""E_N007865_N007881""]","[""present"",""present"",""present"",""present"",""unintentional_missing"",""unintentional_missing"",""unintentional_missing"",""unintentional_missing"",""present"",""present""]","[1.6122034611053266,1.6122034611053266,1.612203461105329,1.612203461105329,2.2799999999999976,2.2799999999999976,2.280000000000001,2.280000000000001,2.280000000000001,2.79241830677282]",6,4,0,0,10,0
E_N006741_N007895,14009,unintentional_missing,1,"[""E_N007879_N007895""]","[""present""]",[1.6122034611053266],1,0,0,0,1,0
E_N006741_N007895,14009,unintentional_missing,3,"[""E_N007879_N007895"",""E_N006741_N006756"",""E_N006741_N007879""]","[""present"",""present"",""present""]","[1.6122034611053266,1.612203461105329,1.612203461105329]",3,0,0,0,3,0
E_N006741_N007895,14009,unintentional_missing,5,"[""E_N007879_N007895"",""E_N006741_N006756"",""E_N006741_N007879"",""E_N006756_N007895"",""E_N007875_N007895""]","[""present"",""present"",""present"",""present"",""unintentional_missing""]","[1.6122034611053266,1.612203461105329,1.612203461105329,1.612203461105329,2.2799999999999976]",4,1,0,0,5,0
E_N006741_N007895,14009,unintentional_missing,10,"[""E_N007879_N007895"",""E_N006741_N006756"",""E_N006741_N007879"",""E_N006756_N007895"",""E_N007875_N007895"",""E_N006741_N006761"",""E_N006741_N007881"",""E_N006755_N007895"",""E_N006756_N007879"",""E_N007875_N007879""]","[""present"",""present"",""present"",""present"",""unintentional_missing"",""unintentional_missing"",""unintentional_missing"",""unintentional_missing"",""present"",""present""]","[1.6122034611053266,1.612203461105329,1.612203461105329,1.612203461105329,2.2799999999999976,2.280000000000001,2.280000000000001,2.280000000000001,2.280000000000001,2.7924183067728214]",6,4,0,0,10,0
E_N006755_N006761,11995,unintentional_missing,1,"[""E_N006755_N006756""]","[""present""]",[1.612203461105329],1,0,0,0,1,0
E_N006755_N006761,11995,unintentional_missing,3,"[""E_N006755_N006756"",""E_N006755_N006759"",""E_N006756_N006761""]","[""present"",""present"",""present""]","[1.612203461105329,1.612203461105329,1.612203461105329]",3,0,0,0,3,0
E_N006755_N006761,11995,unintentional_missing,5,"[""E_N006755_N006756"",""E_N006755_N006759"",""E_N006756_N006761"",""E_N006759_N006761"",""E_N005621_N006761""]","[""present"",""present"",""present"",""present"",""unintentional_missing""]","[1.612203461105329,1.612203461105329,1.612203461105329,1.612203461105329,2.280000000000001]",4,1,0,0,5,0
E_N006755_N006761,11995,unintentional_missing,10,"[""E_N006755_N006756"",""E_N006755_N006759"",""E_N006756_N006761"",""E_N006759_N006761"",""E_N005621_N006761"",""E_N006741_N006761"",""E_N006755_N006775"",""E_N006755_N007895"",""E_N006756_N006759"",""E_N005621_N006759""]","[""present"",""present"",""present"",""present"",""unintentional_missing"",""unintentional_missing"","""",""unintentional_missing"",""present"",""present""]","[1.612203461105329,1.612203461105329,1.612203461105329,1.612203461105329,2.280000000000001,2.280000000000001,2.280000000000001,2.280000000000001,2.280000000000001,2.792418306772824]",6,3,0,0,9,1
E_N006755_N007895,14008,unintentional_missing,1,"[""E_N007893_N007895""]","[""present""]",[1.6122034611053266],1,0,0,0,1,0
E_N006755_N007895,14008,unintentional_missing,3,"[""E_N007893_N007895"",""E_N006755_N006756"",""E_N006755_N007893""]","[""present"",""present"",""present""]","[1.6122034611053266,1.612203461105329,1.612203461105329]",3,0,0,0,3,0
E_N006755_N007895,14008,unintentional_missing,5,"[""E_N007893_N007895"",""E_N006755_N006756"",""E_N006755_N007893"",""E_N006756_N007895"",""E_N007889_N007895""]","[""present"",""present"",""present"",""present"",""unintentional_missing""]","[1.6122034611053266,1.612203461105329,1.612203461105329,1.612203461105329,2.2799999999999976]",4,1,0,0,5,0
E_N006755_N007895,14008,unintentional_missing,10,"[""E_N007893_N007895"",""E_N006755_N006756"",""E_N006755_N007893"",""E_N006756_N007895"",""E_N007889_N007895"",""E_N006741_N007895"",""E_N006755_N006761"",""E_N006755_N007909"",""E_N006756_N007893"",""E_N007889_N007893""]","[""present"",""present"",""present"",""present"",""unintentional_missing"",""unintentional_missing"",""unintentional_missing"","""",""present"",""present""]","[1.6122034611053266,1.612203461105329,1.612203461105329,1.612203461105329,2.2799999999999976,2.280000000000001,2.280000000000001,2.280000000000001,2.280000000000001,2.7924183067728214]",6,3,0,0,9,1
E_N007816_N007825,13870,unintentional_missing,1,"[""E_N007816_N007822""]","[""""]",[1.6122034611053286],0,0,0,0,0,1
E_N007816_N007825,13870,unintentional_missing,3,"[""E_N007816_N007822"",""E_N007820_N007825"",""E_N007816_N007820""]","["""",""present"",""present""]","[1.6122034611053286,1.6122034611053286,1.612203461105329]",2,0,0,0,2,1
E_N007816_N007825,13870,unintentional_missing,5,"[""E_N007816_N007822"",""E_N007820_N007825"",""E_N007816_N007820"",""E_N007822_N007825"",""E_N006682_N007825""]","["""",""present"",""present"","""",""unintentional_missing""]","[1.6122034611053286,1.6122034611053286,1.612203461105329,1.612203461105329,2.2799999999999976]",2,1,0,0,3,2
E_N007816_N007825,13870,unintentional_missing,10,"[""E_N007816_N007822"",""E_N007820_N007825"",""E_N007816_N007820"",""E_N007822_N007825"",""E_N006682_N007825"",""E_N007816_N008959"",""E_N007819_N007825"",""E_N007820_N007822"",""E_N006682_N007822"",""E_N006686_N007825""]","["""",""present"",""present"","""",""unintentional_missing"",""unintentional_missing"",""unintentional_missing"","""","""",""present""]","[1.6122034611053286,1.6122034611053286,1.612203461105329,1.612203461105329,2.2799999999999976,2.2799999999999976,2.2800000000000002,2.280000000000001,2.7924183067728214,2.7924183067728214]",3,3,0,0,6,4
E_N007816_N008959,15885,unintentional_missing,1,"[""E_N007816_N007820""]","[""present""]",[1.6122034611053266],1,0,0,0,1,0
E_N007816_N008959,15885,unintentional_missing,3,"[""E_N007816_N007820"",""E_N007816_N008956"",""E_N007820_N008959""]","[""present"","""",""present""]","[1.6122034611053266,1.6122034611053286,1.6122034611053286]",2,0,0,0,2,1
E_N007816_N008959,15885,unintentional_missing,5,"[""E_N007816_N007820"",""E_N007816_N008956"",""E_N007820_N008959"",""E_N008956_N008959"",""E_N007816_N007825""]","[""present"","""",""present"","""",""unintentional_missing""]","[1.6122034611053266,1.6122034611053286,1.6122034611053286,1.612203461105329,2.2799999999999976]",2,1,0,0,3,2
E_N007816_N008959,15885,unintentional_missing,10,"[""E_N007816_N007820"",""E_N007816_N008956"",""E_N007820_N008959"",""E_N008956_N008959"",""E_N007816_N007825"",""E_N007819_N008959"",""E_N007820_N008956"",""E_N008950_N008959"",""E_N007816_N007822"",""E_N007820_N007825""]","[""present"","""",""present"","""",""unintentional_missing"",""unintentional_missing"","""",""unintentional_missing"","""",""present""]","[1.6122034611053266,1.6122034611053286,1.6122034611053286,1.612203461105329,2.2799999999999976,2.2800000000000002,2.280000000000001,2.280000000000001,2.7924183067728214,2.7924183067728214]",3,3,0,0,6,4
E_N007819_N007825,13871,unintentional_missing,1,"[""E_N007819_N007823""]","[""present""]",[1.6122034611053286],1,0,0,0,1,0
E_N007819_N007825,13871,unintentional_missing,3,"[""E_N007819_N007823"",""E_N007820_N007825"",""E_N007819_N007820""]","[""present"",""present"",""present""]","[1.6122034611053286,1.6122034611053289,1.612203461105329]",3,0,0,0,3,0
E_N007819_N007825,13871,unintentional_missing,5,"[""E_N007819_N007823"",""E_N007820_N007825"",""E_N007819_N007820"",""E_N007823_N007825"",""E_N006685_N007825""]","[""present"",""present"",""present"",""present"",""unintentional_missing""]","[1.6122034611053286,1.6122034611053289,1.612203461105329,1.612203461105329,2.2799999999999976]",4,1,0,0,5,0
E_N007819_N007825,13871,unintentional_missing,10,"[""E_N007819_N007823"",""E_N007820_N007825"",""E_N007819_N007820"",""E_N007823_N007825"",""E_N006685_N007825"",""E_N007819_N008959"",""E_N007819_N007839"",""E_N007816_N007825"",""E_N007820_N007823"",""E_N006685_N007823""]","[""present"",""present"",""present"",""present"",""unintentional_missing"",""unintentional_missing"",""unintentional_missing"",""unintentional_missing"",""present"",""present""]","[1.6122034611053286,1.6122034611053289,1.612203461105329,1.612203461105329,2.2799999999999976,2.2799999999999976,2.2799999999999994,2.2800000000000002,2.280000000000001,2.792418306772821]",6,4,0,0,10,0
E_N007819_N007839,13898,unintentional_missing,1,"[""E_N007819_N007823""]","[""present""]",[1.6122034611053286],1,0,0,0,1,0
E_N007819_N007839,13898,unintentional_missing,3,"[""E_N007819_N007823"",""E_N007819_N007834"",""E_N007823_N007839""]","[""present"",""present"",""present""]","[1.6122034611053286,1.612203461105329,1.612203461105329]",3,0,0,0,3,0
E_N007819_N007839,13898,unintentional_missing,5,"[""E_N007819_N007823"",""E_N007819_N007834"",""E_N007823_N007839"",""E_N007834_N007839"",""E_N006685_N007839""]","[""present"",""present"",""present"",""present"",""unintentional_missing""]","[1.6122034611053286,1.612203461105329,1.612203461105329,1.612203461105329,2.2799999999999976]",4,1,0,0,5,0
E_N007819_N007839,13898,unintentional_missing,10,"[""E_N007819_N007823"",""E_N007819_N007834"",""E_N007823_N007839"",""E_N007834_N007839"",""E_N006685_N007839"",""E_N007819_N008973"",""E_N007819_N007825"",""E_N007833_N007839"",""E_N007823_N007834"",""E_N006685_N007823""]","[""present"",""present"",""present"",""present"",""unintentional_missing"",""unintentional_missing"",""unintentional_missing"",""unintentional_missing"",""present"",""present""]","[1.6122034611053286,1.612203461105329,1.612203461105329,1.612203461105329,2.2799999999999976,2.2799999999999976,2.2799999999999994,2.2800000000000002,2.280000000000001,2.792418306772821]",6,4,0,0,10,0
E_N007819_N008959,15884,unintentional_missing,1,"[""E_N007819_N007820""]","[""present""]",[1.6122034611053266],1,0,0,0,1,0
E_N007819_N008959,15884,unintentional_missing,3,"[""E_N007819_N007820"",""E_N007819_N008957"",""E_N007820_N008959""]","[""present"",""present"",""present""]","[1.6122034611053266,1.6122034611053286,1.6122034611053289]",3,0,0,0,3,0
E_N007819_N008959,15884,unintentional_missing,5,"[""E_N007819_N007820"",""E_N007819_N008957"",""E_N007820_N008959"",""E_N008957_N008959"",""E_N007819_N007825""]","[""present"",""present"",""present"",""present"",""unintentional_missing""]","[1.6122034611053266,1.6122034611053286,1.6122034611053289,1.612203461105329,2.2799999999999976]",4,1,0,0,5,0
E_N007819_N008959,15884,unintentional_missing,10,"[""E_N007819_N007820"",""E_N007819_N008957"",""E_N007820_N008959"",""E_N008957_N008959"",""E_N007819_N007825"",""E_N007819_N008973"",""E_N007816_N008959"",""E_N007820_N008957"",""E_N008953_N008959"",""E_N007819_N007823""]","[""present"",""present"",""present"",""present"",""unintentional_missing"",""unintentional_missing"",""unintentional_missing"",""present"",""unintentional_missing"",""present""]","[1.6122034611053266,1.6122034611053286,1.6122034611053289,1.612203461105329,2.2799999999999976,2.2799999999999994,2.2800000000000002,2.280000000000001,2.280000000000001,2.792418306772821]",6,4,0,0,10,0
E_N007819_N008973,15913,unintentional_missing,1,"[""E_N007819_N007834""]","[""present""]",[1.6122034611053266],1,0,0,0,1,0
E_N007819_N008973,15913,unintentional_missing,3,"[""E_N007819_N007834"",""E_N007819_N008957"",""E_N007834_N008973""]","[""present"",""present"",""present""]","[1.6122034611053266,1.6122034611053286,1.612203461105329]",3,0,0,0,3,0
E_N007819_N008973,15913,unintentional_missing,5,"[""E_N007819_N007834"",""E_N007819_N008957"",""E_N007834_N008973"",""E_N008957_N008973"",""E_N007819_N007839""]","[""present"",""present"",""present"",""present"",""unintentional_missing""]","[1.6122034611053266,1.6122034611053286,1.612203461105329,1.612203461105329,2.2799999999999976]",4,1,0,0,5,0
E_N007819_N008973,15913,unintentional_missing,10,"[""E_N007819_N007834"",""E_N007819_N008957"",""E_N007834_N008973"",""E_N008957_N008973"",""E_N007819_N007839"",""E_N007819_N008959"",""E_N007833_N008973"",""E_N007834_N008957"",""E_N008953_N008973"",""E_N007819_N007823""]","[""present"",""present"",""present"",""present"",""unintentional_missing"",""unintentional_missing"",""unintentional_missing"",""present"",""unintentional_missing"",""present""]","[1.6122034611053266,1.6122034611053286,1.612203461105329,1.612203461105329,2.2799999999999976,2.2799999999999994,2.2800000000000002,2.280000000000001,2.280000000000001,2.792418306772821]",6,4,0,0,10,0
E_N007833_N007839,13899,unintentional_missing,1,"[""E_N007833_N007837""]","[""present""]",[1.6122034611053286],1,0,0,0,1,0
E_N007833_N007839,13899,unintentional_missing,3,"[""E_N007833_N007837"",""E_N007834_N007839"",""E_N007833_N007834""]","[""present"",""present"",""present""]","[1.6122034611053286,1.6122034611053286,1.612203461105329]",3,0,0,0,3,0
E_N007833_N007839,13899,unintentional_missing,5,"[""E_N007833_N007837"",""E_N007834_N007839"",""E_N007833_N007834"",""E_N007837_N007839"",""E_N006699_N007839""]","[""present"",""present"",""present"",""present"",""unintentional_missing""]","[1.6122034611053286,1.6122034611053286,1.612203461105329,1.612203461105329,2.2799999999999976]",4,1,0,0,5,0
E_N007833_N007839,13899,unintentional_missing,10,"[""E_N007833_N007837"",""E_N007834_N007839"",""E_N007833_N007834"",""E_N007837_N007839"",""E_N006699_N007839"",""E_N007833_N008973"",""E_N007833_N007853"",""E_N007819_N007839"",""E_N007834_N007837"",""E_N006699_N007837""]","[""present"",""present"",""present"",""present"",""unintentional_missing"",""unintentional_missing"",""unintentional_missing"",""unintentional_missing"",""present"",""present""]","[1.6122034611053286,1.6122034611053286,1.612203461105329,1.612203461105329,2.2799999999999976,2.2799999999999976,2.2799999999999985,2.2800000000000002,2.280000000000001,2.792418306772821]",6,4,0,0,10,0
E_N007833_N007853,13926,unintentional_missing,1,"[""E_N007833_N007837""]","[""present""]",[1.6122034611053278],1,0,0,0,1,0
E_N007833_N007853,13926,unintentional_missing,3,"[""E_N007833_N007837"",""E_N007833_N007848"",""E_N007837_N007853""]","[""present"",""present"",""present""]","[1.6122034611053278,1.612203461105329,1.612203461105329]",3,0,0,0,3,0
E_N007833_N007853,13926,unintentional_missing,5,"[""E_N007833_N007837"",""E_N007833_N007848"",""E_N007837_N007853"",""E_N007848_N007853"",""E_N006699_N007853""]","[""present"",""present"",""present"",""present"",""unintentional_missing""]","[1.6122034611053278,1.612203461105329,1.612203461105329,1.612203461105329,2.2799999999999976]",4,1,0,0,5,0
E_N007833_N007853,13926,unintentional_missing,10,"[""E_N007833_N007837"",""E_N007833_N007848"",""E_N007837_N007853"",""E_N007848_N007853"",""E_N006699_N007853"",""E_N007833_N008987"",""E_N007833_N007839"",""E_N007837_N007848"",""E_N007847_N007853"",""E_N006699_N007837""]","[""present"",""present"",""present"",""present"",""unintentional_missing"",""unintentional_missing"",""unintentional_missing"",""present"",""unintentional_missing"",""present""]","[1.6122034611053278,1.612203461105329,1.612203461105329,1.612203461105329,2.2799999999999976,2.2799999999999976,2.2799999999999985,2.280000000000001,2.280000000000001,2.7924183067728205]",6,4,0,0,10,0
E_N007833_N008973,15912,unintentional_missing,1,"[""E_N007833_N007834""]","[""present""]",[1.6122034611053266],1,0,0,0,1,0
E_N007833_N008973,15912,unintentional_missing,3,"[""E_N007833_N007834"",""E_N007833_N008971"",""E_N007834_N008973""]","[""present"",""present"",""present""]","[1.6122034611053266,1.6122034611053286,1.6122034611053286]",3,0,0,0,3,0
E_N007833_N008973,15912,unintentional_missing,5,"[""E_N007833_N007834"",""E_N007833_N008971"",""E_N007834_N008973"",""E_N008971_N008973"",""E_N007833_N007839""]","[""present"",""present"",""present"",""present"",""unintentional_missing""]","[1.6122034611053266,1.6122034611053286,1.6122034611053286,1.612203461105329,2.2799999999999976]",4,1,0,0,5,0
E_N007833_N008973,15912,unintentional_missing,10,"[""E_N007833_N007834"",""E_N007833_N008971"",""E_N007834_N008973"",""E_N008971_N008973"",""E_N007833_N007839"",""E_N007833_N008987"",""E_N007819_N008973"",""E_N007834_N008971"",""E_N008967_N008973"",""E_N007833_N007848""]","[""present"",""present"",""present"",""present"",""unintentional_missing"",""unintentional_missing"",""unintentional_missing"",""present"",""unintentional_missing"",""present""]","[1.6122034611053266,1.6122034611053286,1.6122034611053286,1.612203461105329,2.2799999999999976,2.2799999999999985,2.2800000000000002,2.280000000000001,2.280000000000001,2.7924183067728205]",6,4,0,0,10,0
E_N007833_N008987,15941,unintentional_missing,1,"[""E_N007833_N007848""]","[""present""]",[1.6122034611053266],1,0,0,0,1,0
E_N007833_N008987,15941,unintentional_missing,3,"[""E_N007833_N007848"",""E_N007833_N008971"",""E_N007848_N008987""]","[""present"",""present"",""present""]","[1.6122034611053266,1.6122034611053278,1.612203461105329]",3,0,0,0,3,0
E_N007833_N008987,15941,unintentional_missing,5,"[""E_N007833_N007848"",""E_N007833_N008971"",""E_N007848_N008987"",""E_N008971_N008987"",""E_N007833_N007853""]","[""present"",""present"",""present"",""present"",""unintentional_missing""]","[1.6122034611053266,1.6122034611053278,1.612203461105329,1.612203461105329,2.2799999999999976]",4,1,0,0,5,0
E_N007833_N008987,15941,unintentional_missing,10,"[""E_N007833_N007848"",""E_N007833_N008971"",""E_N007848_N008987"",""E_N008971_N008987"",""E_N007833_N007853"",""E_N007833_N008973"",""E_N007847_N008987"",""E_N007848_N008971"",""E_N008967_N008987"",""E_N007833_N007834""]","[""present"",""present"",""present"",""present"",""unintentional_missing"",""unintentional_missing"",""unintentional_missing"",""present"",""unintentional_missing"",""present""]","[1.6122034611053266,1.6122034611053278,1.612203461105329,1.612203461105329,2.2799999999999976,2.2799999999999985,2.280000000000001,2.280000000000001,2.280000000000001,2.7924183067728205]",6,4,0,0,10,0
E_N007847_N007853,13927,unintentional_missing,1,"[""E_N007847_N007848""]","[""present""]",[1.612203461105329],1,0,0,0,1,0
E_N007847_N007853,13927,unintentional_missing,3,"[""E_N007847_N007848"",""E_N007847_N007851"",""E_N007848_N007853""]","[""present"",""present"",""present""]","[1.612203461105329,1.612203461105329,1.612203461105329]",3,0,0,0,3,0
E_N007847_N007853,13927,unintentional_missing,5,"[""E_N007847_N007848"",""E_N007847_N007851"",""E_N007848_N007853"",""E_N007851_N007853"",""E_N006713_N007853""]","[""present"",""present"",""present"",""present"",""unintentional_missing""]","[1.612203461105329,1.612203461105329,1.612203461105329,1.612203461105329,2.2799999999999976]",4,1,0,0,5,0
E_N007847_N007853,13927,unintentional_missing,10,"[""E_N007847_N007848"",""E_N007847_N007851"",""E_N007848_N007853"",""E_N007851_N007853"",""E_N006713_N007853"",""E_N007847_N008987"",""E_N007833_N007853"",""E_N007847_N007867"",""E_N007848_N007851"",""E_N006713_N007851""]","[""present"",""present"",""present"",""present"",""unintentional_missing"",""unintentional_missing"",""unintentional_missing"",""unintentional_missing"",""present"",""present""]","[1.612203461105329,1.612203461105329,1.612203461105329,1.612203461105329,2.2799999999999976,2.2799999999999976,2.280000000000001,2.280000000000001,2.280000000000001,2.7924183067728214]",6,4,0,0,10,0
E_N007847_N007867,13954,unintentional_missing,1,"[""E_N007862_N007867""]","[""present""]",[1.6122034611053278],1,0,0,0,1,0
E_N007847_N007867,13954,unintentional_missing,3,"[""E_N007862_N007867"",""E_N007847_N007851"",""E_N007847_N007862""]","[""present"",""present"",""present""]","[1.6122034611053278,1.612203461105329,1.612203461105329]",3,0,0,0,3,0
E_N007847_N007867,13954,unintentional_missing,5,"[""E_N007862_N007867"",""E_N007847_N007851"",""E_N007847_N007862"",""E_N007851_N007867"",""E_N006713_N007867""]","[""present"",""present"",""present"",""present"",""unintentional_missing""]","[1.6122034611053278,1.612203461105329,1.612203461105329,1.612203461105329,2.2799999999999976]",4,1,0,0,5,0
E_N007847_N007867,13954,unintentional_missing,10,"[""E_N007862_N007867"",""E_N007847_N007851"",""E_N007847_N007862"",""E_N007851_N007867"",""E_N006713_N007867"",""E_N007847_N009001"",""E_N007861_N007867"",""E_N007847_N007853"",""E_N007851_N007862"",""E_N006728_N007867""]","[""present"",""present"",""present"",""present"",""unintentional_missing"",""unintentional_missing"",""unintentional_missing"",""unintentional_missing"",""present"",""present""]","[1.6122034611053278,1.612203461105329,1.612203461105329,1.612203461105329,2.2799999999999976,2.2799999999999976,2.2799999999999976,2.280000000000001,2.280000000000001,2.7924183067728205]",6,4,0,0,10,0
E_N007847_N008987,15940,unintentional_missing,1,"[""E_N007847_N007848""]","[""present""]",[1.6122034611053266],1,0,0,0,1,0
E_N007847_N008987,15940,unintentional_missing,3,"[""E_N007847_N007848"",""E_N007847_N008985"",""E_N007848_N008987""]","[""present"",""present"",""present""]","[1.6122034611053266,1.612203461105329,1.612203461105329]",3,0,0,0,3,0
E_N007847_N008987,15940,unintentional_missing,5,"[""E_N007847_N007848"",""E_N007847_N008985"",""E_N007848_N008987"",""E_N008985_N008987"",""E_N007847_N007853""]","[""present"",""present"",""present"",""present"",""unintentional_missing""]","[1.6122034611053266,1.612203461105329,1.612203461105329,1.612203461105329,2.2799999999999976]",4,1,0,0,5,0
E_N007847_N008987,15940,unintentional_missing,10,"[""E_N007847_N007848"",""E_N007847_N008985"",""E_N007848_N008987"",""E_N008985_N008987"",""E_N007847_N007853"",""E_N007833_N008987"",""E_N007847_N009001"",""E_N007848_N008985"",""E_N008981_N008987"",""E_N007847_N007851""]","[""present"",""present"",""present"",""present"",""unintentional_missing"",""unintentional_missing"",""unintentional_missing"",""present"",""unintentional_missing"",""present""]","[1.6122034611053266,1.612203461105329,1.612203461105329,1.612203461105329,2.2799999999999976,2.280000000000001,2.280000000000001,2.280000000000001,2.280000000000001,2.7924183067728214]",6,4,0,0,10,0
E_N007847_N009001,15969,unintentional_missing,1,"[""E_N007847_N007862""]","[""present""]",[1.6122034611053266],1,0,0,0,1,0
E_N007847_N009001,15969,unintentional_missing,3,"[""E_N007847_N007862"",""E_N007862_N009001"",""E_N007847_N008985""]","[""present"",""present"",""present""]","[1.6122034611053266,1.6122034611053278,1.612203461105329]",3,0,0,0,3,0
E_N007847_N009001,15969,unintentional_missing,5,"[""E_N007847_N007862"",""E_N007862_N009001"",""E_N007847_N008985"",""E_N008985_N009001"",""E_N007847_N007867""]","[""present"",""present"",""present"",""present"",""unintentional_missing""]","[1.6122034611053266,1.6122034611053278,1.612203461105329,1.612203461105329,2.2799999999999976]",4,1,0,0,5,0
E_N007847_N009001,15969,unintentional_missing,10,"[""E_N007847_N007862"",""E_N007862_N009001"",""E_N007847_N008985"",""E_N008985_N009001"",""E_N007847_N007867"",""E_N007861_N009001"",""E_N007847_N008987"",""E_N007862_N008985"",""E_N008981_N009001"",""E_N007861_N007862""]","[""present"",""present"",""present"",""present"",""unintentional_missing"",""unintentional_missing"",""unintentional_missing"",""present"",""unintentional_missing"",""present""]","[1.6122034611053266,1.6122034611053278,1.612203461105329,1.612203461105329,2.2799999999999976,2.2799999999999976,2.280000000000001,2.280000000000001,2.280000000000001,2.79241830677282]",6,4,0,0,10,0
E_N007861_N007867,13955,unintentional_missing,1,"[""E_N007862_N007867""]","[""present""]",[1.6122034611053278],1,0,0,0,1,0
E_N007861_N007867,13955,unintentional_missing,3,"[""E_N007862_N007867"",""E_N007861_N007862"",""E_N007861_N007865""]","[""present"",""present"",""present""]","[1.6122034611053278,1.612203461105329,1.612203461105329]",3,0,0,0,3,0
E_N007861_N007867,13955,unintentional_missing,5,"[""E_N007862_N007867"",""E_N007861_N007862"",""E_N007861_N007865"",""E_N007865_N007867"",""E_N006727_N007867""]","[""present"",""present"",""present"",""present"",""unintentional_missing""]","[1.6122034611053278,1.612203461105329,1.612203461105329,1.612203461105329,2.2799999999999976]",4,1,0,0,5,0
E_N007861_N007867,13955,unintentional_missing,10,"[""E_N007862_N007867"",""E_N007861_N007862"",""E_N007861_N007865"",""E_N007865_N007867"",""E_N006727_N007867"",""E_N007847_N007867"",""E_N007861_N009001"",""E_N007861_N007881"",""E_N007862_N007865"",""E_N006728_N007867""]","[""present"",""present"",""present"",""present"",""unintentional_missing"",""unintentional_missing"",""unintentional_missing"",""unintentional_missing"",""present"",""present""]","[1.6122034611053278,1.612203461105329,1.612203461105329,1.612203461105329,2.2799999999999976,2.2799999999999976,2.2799999999999976,2.280000000000001,2.280000000000001,2.7924183067728205]",6,4,0,0,10,0
E_N007861_N007881,13982,unintentional_missing,1,"[""E_N007861_N007865""]","[""present""]",[1.612203461105329],1,0,0,0,1,0
E_N007861_N007881,13982,unintentional_missing,3,"[""E_N007861_N007865"",""E_N007861_N007876"",""E_N007865_N007881""]","[""present"",""present"",""present""]","[1.612203461105329,1.612203461105329,1.612203461105329]",3,0,0,0,3,0
E_N007861_N007881,13982,unintentional_missing,5,"[""E_N007861_N007865"",""E_N007861_N007876"",""E_N007865_N007881"",""E_N007876_N007881"",""E_N006727_N007881""]","[""present"",""present"",""present"",""present"",""unintentional_missing""]","[1.612203461105329,1.612203461105329,1.612203461105329,1.612203461105329,2.2799999999999976]",4,1,0,0,5,0
E_N007861_N007881,13982,unintentional_missing,10,"[""E_N007861_N007865"",""E_N007861_N007876"",""E_N007865_N007881"",""E_N007876_N007881"",""E_N006727_N007881"",""E_N007861_N009015"",""E_N007875_N007881"",""E_N007861_N007867"",""E_N007865_N007876"",""E_N006727_N007865""]","[""present"",""present"",""present"",""present"",""unintentional_missing"",""unintentional_missing"",""unintentional_missing"",""unintentional_missing"",""present"",""present""]","[1.612203461105329,1.612203461105329,1.612203461105329,1.612203461105329,2.2799999999999976,2.2799999999999976,2.2799999999999976,2.280000000000001,2.280000000000001,2.7924183067728214]",6,4,0,0,10,0
E_N007861_N009001,15968,unintentional_missing,1,"[""E_N007861_N007862""]","[""present""]",[1.6122034611053266],1,0,0,0,1,0
E_N007861_N009001,15968,unintentional_missing,3,"[""E_N007861_N007862"",""E_N007862_N009001"",""E_N007861_N008999""]","[""present"",""present"",""present""]","[1.6122034611053266,1.6122034611053278,1.612203461105329]",3,0,0,0,3,0
E_N007861_N009001,15968,unintentional_missing,5,"[""E_N007861_N007862"",""E_N007862_N009001"",""E_N007861_N008999"",""E_N008999_N009001"",""E_N007847_N009001""]","[""present"",""present"",""present"",""present"",""unintentional_missing""]","[1.6122034611053266,1.6122034611053278,1.612203461105329,1.612203461105329,2.2799999999999976]",4,1,0,0,5,0
E_N007861_N009001,15968,unintentional_missing,10,"[""E_N007861_N007862"",""E_N007862_N009001"",""E_N007861_N008999"",""E_N008999_N009001"",""E_N007847_N009001"",""E_N007861_N007867"",""E_N007861_N009015"",""E_N007862_N008999"",""E_N008995_N009001"",""E_N007847_N007862""]","[""present"",""present"",""present"",""present"",""unintentional_missing"",""unintentional_missing"",""unintentional_missing"",""present"",""unintentional_missing"",""present""]","[1.6122034611053266,1.6122034611053278,1.612203461105329,1.612203461105329,2.2799999999999976,2.2799999999999976,2.280000000000001,2.280000000000001,2.280000000000001,2.79241830677282]",6,4,0,0,10,0
E_N007861_N009015,15997,unintentional_missing,1,"[""E_N007861_N007876""]","[""present""]",[1.6122034611053266],1,0,0,0,1,0
E_N007861_N009015,15997,unintentional_missing,3,"[""E_N007861_N007876"",""E_N007861_N008999"",""E_N007876_N009015""]","[""present"",""present"",""present""]","[1.6122034611053266,1.612203461105329,1.612203461105329]",3,0,0,0,3,0
E_N007861_N009015,15997,unintentional_missing,5,"[""E_N007861_N007876"",""E_N007861_N008999"",""E_N007876_N009015"",""E_N008999_N009015"",""E_N007861_N007881""]","[""present"",""present"",""present"",""present"",""unintentional_missing""]","[1.6122034611053266,1.612203461105329,1.612203461105329,1.612203461105329,2.2799999999999976]",4,1,0,0,5,0
E_N007861_N009015,15997,unintentional_missing,10,"[""E_N007861_N007876"",""E_N007861_N008999"",""E_N007876_N009015"",""E_N008999_N009015"",""E_N007861_N007881"",""E_N007875_N009015"",""E_N007861_N009001"",""E_N007876_N008999"",""E_N008995_N009015"",""E_N007875_N007876""]","[""present"",""present"",""present"",""present"",""unintentional_missing"",""unintentional_missing"",""unintentional_missing"",""present"",""unintentional_missing"",""present""]","[1.6122034611053266,1.612203461105329,1.612203461105329,1.612203461105329,2.2799999999999976,2.2799999999999976,2.280000000000001,2.280000000000001,2.280000000000001,2.79241830677282]",6,4,0,0,10,0
E_N007875_N007881,13983,unintentional_missing,1,"[""E_N007876_N007881""]","[""present""]",[1.6122034611053266],1,0,0,0,1,0
E_N007875_N007881,13983,unintentional_missing,3,"[""E_N007876_N007881"",""E_N007875_N007876"",""E_N007875_N007879""]","[""present"",""present"",""present""]","[1.6122034611053266,1.612203461105329,1.612203461105329]",3,0,0,0,3,0
E_N007875_N007881,13983,unintentional_missing,5,"[""E_N007876_N007881"",""E_N007875_N007876"",""E_N007875_N007879"",""E_N007879_N007881"",""E_N006741_N007881""]","[""present"",""present"",""present"",""present"",""unintentional_missing""]","[1.6122034611053266,1.612203461105329,1.612203461105329,1.612203461105329,2.2799999999999976]",4,1,0,0,5,0
E_N007875_N007881,13983,unintentional_missing,10,"[""E_N007876_N007881"",""E_N007875_N007876"",""E_N007875_N007879"",""E_N007879_N007881"",""E_N006741_N007881"",""E_N007861_N007881"",""E_N007875_N009015"",""E_N007875_N007895"",""E_N007876_N007879"",""E_N006742_N007881""]","[""present"",""present"",""present"",""present"",""unintentional_missing"",""unintentional_missing"",""unintentional_missing"",""unintentional_missing"",""present"",""present""]","[1.6122034611053266,1.612203461105329,1.612203461105329,1.612203461105329,2.2799999999999976,2.2799999999999976,2.2799999999999976,2.280000000000001,2.280000000000001,2.79241830677282]",6,4,0,0,10,0
E_N007875_N007895,14010,unintentional_missing,1,"[""E_N007875_N007879""]","[""present""]",[1.612203461105329],1,0,0,0,1,0
E_N007875_N007895,14010,unintentional_missing,3,"[""E_N007875_N007879"",""E_N007875_N007890"",""E_N007879_N007895""]","[""present"",""present"",""present""]","[1.612203461105329,1.612203461105329,1.612203461105329]",3,0,0,0,3,0
E_N007875_N007895,14010,unintentional_missing,5,"[""E_N007875_N007879"",""E_N007875_N007890"",""E_N007879_N007895"",""E_N007890_N007895"",""E_N006741_N007895""]","[""present"",""present"",""present"",""present"",""unintentional_missing""]","[1.612203461105329,1.612203461105329,1.612203461105329,1.612203461105329,2.2799999999999976]",4,1,0,0,5,0
E_N007875_N007895,14010,unintentional_missing,10,"[""E_N007875_N007879"",""E_N007875_N007890"",""E_N007879_N007895"",""E_N007890_N007895"",""E_N006741_N007895"",""E_N007875_N009029"",""E_N007875_N007881"",""E_N007879_N007890"",""E_N007889_N007895"",""E_N006741_N007879""]","[""present"",""present"",""present"",""present"",""unintentional_missing"",""unintentional_missing"",""unintentional_missing"",""present"",""unintentional_missing"",""present""]","[1.612203461105329,1.612203461105329,1.612203461105329,1.612203461105329,2.2799999999999976,2.2799999999999976,2.280000000000001,2.280000000000001,2.280000000000001,2.7924183067728214]",6,4,0,0,10,0
E_N007875_N009015,15996,unintentional_missing,1,"[""E_N007875_N007876""]","[""present""]",[1.6122034611053266],1,0,0,0,1,0
E_N007875_N009015,15996,unintentional_missing,3,"[""E_N007875_N007876"",""E_N007876_N009015"",""E_N007875_N009013""]","[""present"",""present"",""present""]","[1.6122034611053266,1.6122034611053266,1.612203461105329]",3,0,0,0,3,0
E_N007875_N009015,15996,unintentional_missing,5,"[""E_N007875_N007876"",""E_N007876_N009015"",""E_N007875_N009013"",""E_N009013_N009015"",""E_N007861_N009015""]","[""present"",""present"",""present"",""present"",""unintentional_missing""]","[1.6122034611053266,1.6122034611053266,1.612203461105329,1.612203461105329,2.2799999999999976]",4,1,0,0,5,0
E_N007875_N009015,15996,unintentional_missing,10,"[""E_N007875_N007876"",""E_N007876_N009015"",""E_N007875_N009013"",""E_N009013_N009015"",""E_N007861_N009015"",""E_N007875_N007881"",""E_N007875_N009029"",""E_N007876_N009013"",""E_N009009_N009015"",""E_N007861_N007876""]","[""present"",""present"",""present"",""present"",""unintentional_missing"",""unintentional_missing"",""unintentional_missing"",""present"",""unintentional_missing"",""present""]","[1.6122034611053266,1.6122034611053266,1.612203461105329,1.612203461105329,2.2799999999999976,2.2799999999999976,2.280000000000001,2.280000000000001,2.280000000000001,2.79241830677282]",6,4,0,0,10,0
E_N007875_N009029,16025,unintentional_missing,1,"[""E_N007875_N007890""]","[""present""]",[1.6122034611053266],1,0,0,0,1,0
E_N007875_N009029,16025,unintentional_missing,3,"[""E_N007875_N007890"",""E_N007875_N009013"",""E_N007890_N009029""]","[""present"",""present"",""present""]","[1.6122034611053266,1.612203461105329,1.612203461105329]",3,0,0,0,3,0
E_N007875_N009029,16025,unintentional_missing,5,"[""E_N007875_N007890"",""E_N007875_N009013"",""E_N007890_N009029"",""E_N009013_N009029"",""E_N007875_N007895""]","[""present"",""present"",""present"",""present"",""unintentional_missing""]","[1.6122034611053266,1.612203461105329,1.612203461105329,1.612203461105329,2.2799999999999976]",4,1,0,0,5,0
E_N007875_N009029,16025,unintentional_missing,10,"[""E_N007875_N007890"",""E_N007875_N009013"",""E_N007890_N009029"",""E_N009013_N009029"",""E_N007875_N007895"",""E_N007875_N009015"",""E_N007889_N009029"",""E_N007890_N009013"",""E_N009009_N009029"",""E_N007875_N007879""]","[""present"",""present"",""present"",""present"",""unintentional_missing"",""unintentional_missing"",""unintentional_missing"",""present"",""unintentional_missing"",""present""]","[1.6122034611053266,1.612203461105329,1.612203461105329,1.612203461105329,2.2799999999999976,2.280000000000001,2.280000000000001,2.280000000000001,2.280000000000001,2.7924183067728214]",6,4,0,0,10,0
E_N007889_N007895,14011,unintentional_missing,1,"[""E_N007889_N007890""]","[""""]",[1.612203461105329],0,0,0,0,0,1
E_N007889_N007895,14011,unintentional_missing,3,"[""E_N007889_N007890"",""E_N007889_N007893"",""E_N007890_N007895""]","["""",""present"",""present""]","[1.612203461105329,1.612203461105329,1.612203461105329]",2,0,0,0,2,1
E_N007889_N007895,14011,unintentional_missing,5,"[""E_N007889_N007890"",""E_N007889_N007893"",""E_N007890_N007895"",""E_N007893_N007895"",""E_N006755_N007895""]","["""",""present"",""present"",""present"",""unintentional_missing""]","[1.612203461105329,1.612203461105329,1.612203461105329,1.612203461105329,2.2799999999999976]",3,1,0,0,4,1
E_N007889_N007895,14011,unintentional_missing,10,"[""E_N007889_N007890"",""E_N007889_N007893"",""E_N007890_N007895"",""E_N007893_N007895"",""E_N006755_N007895"",""E_N007889_N009029"",""E_N007875_N007895"",""E_N007889_N007909"",""E_N007890_N007893"",""E_N006755_N007893""]","["""",""present"",""present"",""present"",""unintentional_missing"",""unintentional_missing"",""unintentional_missing"","""",""present"",""present""]","[1.612203461105329,1.612203461105329,1.612203461105329,1.612203461105329,2.2799999999999976,2.2799999999999976,2.280000000000001,2.280000000000001,2.280000000000001,2.7924183067728214]",5,3,0,0,8,2
E_N007889_N009029,16024,unintentional_missing,1,"[""E_N007889_N007890""]","[""""]",[1.6122034611053266],0,0,0,0,0,1
E_N007889_N009029,16024,unintentional_missing,3,"[""E_N007889_N007890"",""E_N007889_N009027"",""E_N007890_N009029""]","["""",""present"",""present""]","[1.6122034611053266,1.612203461105329,1.612203461105329]",2,0,0,0,2,1
E_N007889_N009029,16024,unintentional_missing,5,"[""E_N007889_N007890"",""E_N007889_N009027"",""E_N007890_N009029"",""E_N009027_N009029"",""E_N007889_N007895""]","["""",""present"",""present"",""present"",""unintentional_missing""]","[1.6122034611053266,1.612203461105329,1.612203461105329,1.612203461105329,2.2799999999999976]",3,1,0,0,4,1
E_N007889_N009029,16024,unintentional_missing,10,"[""E_N007889_N007890"",""E_N007889_N009027"",""E_N007890_N009029"",""E_N009027_N009029"",""E_N007889_N007895"",""E_N007875_N009029"",""E_N007889_N009043"",""E_N007890_N009027"",""E_N009023_N009029"",""E_N007889_N007893""]","["""",""present"",""present"",""present"",""unintentional_missing"",""unintentional_missing"","""",""present"",""unintentional_missing"",""present""]","[1.6122034611053266,1.612203461105329,1.612203461105329,1.612203461105329,2.2799999999999976,2.280000000000001,2.280000000000001,2.280000000000001,2.280000000000001,2.7924183067728214]",5,3,0,0,8,2
E_N008309_N008313,14755,unintentional_missing,1,"[""E_N008309_N008310""]","[""present""]",[1.612203461105329],1,0,0,0,1,0
E_N008309_N008313,14755,unintentional_missing,3,"[""E_N008309_N008310"",""E_N008309_N008315"",""E_N008310_N008313""]","[""present"",""present"",""""]","[1.612203461105329,1.612203461105329,1.612203461105329]",2,0,0,0,2,1
E_N008309_N008313,14755,unintentional_missing,5,"[""E_N008309_N008310"",""E_N008309_N008315"",""E_N008310_N008313"",""E_N008313_N008315"",""E_N007175_N008313""]","[""present"",""present"","""","""",""""]","[1.612203461105329,1.612203461105329,1.612203461105329,1.612203461105329,2.280000000000001]",2,0,0,0,2,3
E_N008309_N008313,14755,unintentional_missing,10,"[""E_N008309_N008310"",""E_N008309_N008315"",""E_N008310_N008313"",""E_N008313_N008315"",""E_N007175_N008313"",""E_N008183_N008313"",""E_N008309_N008439"",""E_N008309_N009447"",""E_N008310_N008315"",""E_N007175_N008315""]","[""present"",""present"","""","""","""","""","""","""",""present"",""""]","[1.612203461105329,1.612203461105329,1.612203461105329,1.612203461105329,2.280000000000001,2.280000000000001,2.280000000000001,2.280000000000001,2.280000000000001,2.792418306772824]",3,0,0,0,3,7
E_N008950_N008959,15886,unintentional_missing,1,"[""E_N008950_N008956""]","[""""]",[1.6122034611053286],0,0,0,0,0,1
E_N008950_N008959,15886,unintentional_missing,3,"[""E_N008950_N008956"",""E_N008954_N008959"",""E_N008950_N008954""]","["""",""present"",""present""]","[1.6122034611053286,1.6122034611053286,1.612203461105329]",2,0,0,0,2,1
E_N008950_N008959,15886,unintentional_missing,5,"[""E_N008950_N008956"",""E_N008954_N008959"",""E_N008950_N008954"",""E_N008956_N008959"",""E_N008953_N008959""]","["""",""present"",""present"","""",""unintentional_missing""]","[1.6122034611053286,1.6122034611053286,1.612203461105329,1.612203461105329,2.2800000000000002]",2,1,0,0,3,2
E_N008950_N008959,15886,unintentional_missing,10,"[""E_N008950_N008956"",""E_N008954_N008959"",""E_N008950_N008954"",""E_N008956_N008959"",""E_N008953_N008959"",""E_N007816_N008959"",""E_N008950_N010093"",""E_N008954_N008956"",""E_N008953_N008954"",""E_N008957_N008959""]","["""",""present"",""present"","""",""unintentional_missing"",""unintentional_missing"",""unintentional_missing"","""",""present"",""present""]","[1.6122034611053286,1.6122034611053286,1.612203461105329,1.612203461105329,2.2800000000000002,2.280000000000001,2.280000000000001,2.280000000000001,2.7924183067728237,2.7924183067728237]",4,3,0,0,7,3
E_N008950_N010093,18193,unintentional_missing,1,"[""E_N008950_N010090""]","[""""]",[1.6122034611053286],0,0,0,0,0,1
E_N008950_N010093,18193,unintentional_missing,3,"[""E_N008950_N010090"",""E_N008954_N010093"",""E_N008950_N008954""]","["""",""present"",""present""]","[1.6122034611053286,1.6122034611053286,1.612203461105329]",2,0,0,0,2,1
E_N008950_N010093,18193,unintentional_missing,5,"[""E_N008950_N010090"",""E_N008954_N010093"",""E_N008950_N008954"",""E_N010090_N010093"",""E_N008953_N010093""]","["""",""present"",""present"","""",""unintentional_missing""]","[1.6122034611053286,1.6122034611053286,1.612203461105329,1.612203461105329,2.2800000000000002]",2,1,0,0,3,2
E_N008950_N010093,18193,unintentional_missing,10,"[""E_N008950_N010090"",""E_N008954_N010093"",""E_N008950_N008954"",""E_N010090_N010093"",""E_N008953_N010093"",""E_N008950_N008959"",""E_N008954_N010090"",""E_N010084_N010093"",""E_N008953_N008954"",""E_N010091_N010093""]","["""",""present"",""present"","""",""unintentional_missing"",""unintentional_missing"","""",""unintentional_missing"",""present"",""present""]","[1.6122034611053286,1.6122034611053286,1.612203461105329,1.612203461105329,2.2800000000000002,2.280000000000001,2.280000000000001,2.280000000000001,2.7924183067728237,2.7924183067728237]",4,3,0,0,7,3
E_N008953_N008959,15887,unintentional_missing,1,"[""E_N008953_N008957""]","[""present""]",[1.6122034611053286],1,0,0,0,1,0
E_N008953_N008959,15887,unintentional_missing,3,"[""E_N008953_N008957"",""E_N008954_N008959"",""E_N008953_N008954""]","[""present"",""present"",""present""]","[1.6122034611053286,1.6122034611053289,1.612203461105329]",3,0,0,0,3,0
E_N008953_N008959,15887,unintentional_missing,5,"[""E_N008953_N008957"",""E_N008954_N008959"",""E_N008953_N008954"",""E_N008957_N008959"",""E_N008953_N008973""]","[""present"",""present"",""present"",""present"",""unintentional_missing""]","[1.6122034611053286,1.6122034611053289,1.612203461105329,1.612203461105329,2.2799999999999994]",4,1,0,0,5,0
E_N008953_N008959,15887,unintentional_missing,10,"[""E_N008953_N008957"",""E_N008954_N008959"",""E_N008953_N008954"",""E_N008957_N008959"",""E_N008953_N008973"",""E_N008950_N008959"",""E_N007819_N008959"",""E_N008953_N010093"",""E_N008954_N008957"",""E_N008953_N008968""]","[""present"",""present"",""present"",""present"",""unintentional_missing"",""unintentional_missing"",""unintentional_missing"",""unintentional_missing"","""",""present""]","[1.6122034611053286,1.6122034611053289,1.612203461105329,1.612203461105329,2.2799999999999994,2.2800000000000002,2.280000000000001,2.280000000000001,2.280000000000001,2.7924183067728228]",5,4,0,0,9,1
E_N008953_N008973,15914,unintentional_missing,1,"[""E_N008953_N008957""]","[""present""]",[1.6122034611053286],1,0,0,0,1,0
E_N008953_N008973,15914,unintentional_missing,3,"[""E_N008953_N008957"",""E_N008953_N008968"",""E_N008957_N008973""]","[""present"",""present"",""present""]","[1.6122034611053286,1.612203461105329,1.612203461105329]",3,0,0,0,3,0
E_N008953_N008973,15914,unintentional_missing,5,"[""E_N008953_N008957"",""E_N008953_N008968"",""E_N008957_N008973"",""E_N008968_N008973"",""E_N008953_N008959""]","[""present"",""present"",""present"",""present"",""unintentional_missing""]","[1.6122034611053286,1.612203461105329,1.612203461105329,1.612203461105329,2.2799999999999994]",4,1,0,0,5,0
E_N008953_N008973,15914,unintentional_missing,10,"[""E_N008953_N008957"",""E_N008953_N008968"",""E_N008957_N008973"",""E_N008968_N008973"",""E_N008953_N008959"",""E_N008967_N008973"",""E_N007819_N008973"",""E_N008953_N010107"",""E_N008957_N008968"",""E_N008953_N008954""]","[""present"",""present"",""present"",""present"",""unintentional_missing"",""unintentional_missing"",""unintentional_missing"",""unintentional_missing"",""present"",""present""]","[1.6122034611053286,1.612203461105329,1.612203461105329,1.612203461105329,2.2799999999999994,2.2800000000000002,2.280000000000001,2.280000000000001,2.280000000000001,2.7924183067728228]",6,4,0,0,10,0
E_N008953_N010093,18192,unintentional_missing,1,"[""E_N008953_N010091""]","[""present""]",[1.6122034611053286],1,0,0,0,1,0
E_N008953_N010093,18192,unintentional_missing,3,"[""E_N008953_N010091"",""E_N008954_N010093"",""E_N008953_N008954""]","[""present"",""present"",""present""]","[1.6122034611053286,1.6122034611053289,1.612203461105329]",3,0,0,0,3,0
E_N008953_N010093,18192,unintentional_missing,5,"[""E_N008953_N010091"",""E_N008954_N010093"",""E_N008953_N008954"",""E_N010091_N010093"",""E_N008953_N010107""]","[""present"",""present"",""present"",""present"",""unintentional_missing""]","[1.6122034611053286,1.6122034611053289,1.612203461105329,1.612203461105329,2.2799999999999994]",4,1,0,0,5,0
E_N008953_N010093,18192,unintentional_missing,10,"[""E_N008953_N010091"",""E_N008954_N010093"",""E_N008953_N008954"",""E_N010091_N010093"",""E_N008953_N010107"",""E_N008950_N010093"",""E_N008953_N008959"",""E_N008954_N010091"",""E_N010087_N010093"",""E_N008953_N008968""]","[""present"",""present"",""present"",""present"",""unintentional_missing"",""unintentional_missing"",""unintentional_missing"",""intentional_missing"",""unintentional_missing"",""present""]","[1.6122034611053286,1.6122034611053289,1.612203461105329,1.612203461105329,2.2799999999999994,2.2800000000000002,2.280000000000001,2.280000000000001,2.280000000000001,2.7924183067728228]",5,4,0,1,10,0
E_N008953_N010107,18225,unintentional_missing,1,"[""E_N008953_N010091""]","[""present""]",[1.6122034611053286],1,0,0,0,1,0
E_N008953_N010107,18225,unintentional_missing,3,"[""E_N008953_N010091"",""E_N008953_N008968"",""E_N008968_N010107""]","[""present"",""present"",""present""]","[1.6122034611053286,1.612203461105329,1.612203461105329]",3,0,0,0,3,0
E_N008953_N010107,18225,unintentional_missing,5,"[""E_N008953_N010091"",""E_N008953_N008968"",""E_N008968_N010107"",""E_N010091_N010107"",""E_N008953_N010093""]","[""present"",""present"",""present"",""present"",""unintentional_missing""]","[1.6122034611053286,1.612203461105329,1.612203461105329,1.612203461105329,2.2799999999999994]",4,1,0,0,5,0
E_N008953_N010107,18225,unintentional_missing,10,"[""E_N008953_N010091"",""E_N008953_N008968"",""E_N008968_N010107"",""E_N010091_N010107"",""E_N008953_N010093"",""E_N008967_N010107"",""E_N008953_N008973"",""E_N008968_N010091"",""E_N010087_N010107"",""E_N008953_N008954""]","[""present"",""present"",""present"",""present"",""unintentional_missing"",""unintentional_missing"",""unintentional_missing"",""present"",""unintentional_missing"",""present""]","[1.6122034611053286,1.612203461105329,1.612203461105329,1.612203461105329,2.2799999999999994,2.2800000000000002,2.280000000000001,2.280000000000001,2.280000000000001,2.7924183067728228]",6,4,0,0,10,0
E_N008967_N008973,15915,unintentional_missing,1,"[""E_N008967_N008971""]","[""present""]",[1.6122034611053286],1,0,0,0,1,0
E_N008967_N008973,15915,unintentional_missing,3,"[""E_N008967_N008971"",""E_N008968_N008973"",""E_N008967_N008968""]","[""present"",""present"",""present""]","[1.6122034611053286,1.6122034611053286,1.612203461105329]",3,0,0,0,3,0
E_N008967_N008973,15915,unintentional_missing,5,"[""E_N008967_N008971"",""E_N008968_N008973"",""E_N008967_N008968"",""E_N008971_N008973"",""E_N008967_N008987""]","[""present"",""present"",""present"",""present"",""unintentional_missing""]","[1.6122034611053286,1.6122034611053286,1.612203461105329,1.612203461105329,2.2799999999999985]",4,1,0,0,5,0
E_N008967_N008973,15915,unintentional_missing,10,"[""E_N008967_N008971"",""E_N008968_N008973"",""E_N008967_N008968"",""E_N008971_N008973"",""E_N008967_N008987"",""E_N008953_N008973"",""E_N007833_N008973"",""E_N008967_N010107"",""E_N008968_N008971"",""E_N008967_N008982""]","[""present"",""present"",""present"",""present"",""unintentional_missing"",""unintentional_missing"",""unintentional_missing"",""unintentional_missing"",""present"",""present""]","[1.6122034611053286,1.6122034611053286,1.612203461105329,1.612203461105329,2.2799999999999985,2.2800000000000002,2.280000000000001,2.280000000000001,2.280000000000001,2.7924183067728223]",6,4,0,0,10,0
E_N008967_N008987,15942,unintentional_missing,1,"[""E_N008967_N008971""]","[""present""]",[1.6122034611053278],1,0,0,0,1,0
E_N008967_N008987,15942,unintentional_missing,3,"[""E_N008967_N008971"",""E_N008967_N008982"",""E_N008971_N008987""]","[""present"",""present"",""present""]","[1.6122034611053278,1.612203461105329,1.612203461105329]",3,0,0,0,3,0
E_N008967_N008987,15942,unintentional_missing,5,"[""E_N008967_N008971"",""E_N008967_N008982"",""E_N008971_N008987"",""E_N008982_N008987"",""E_N008967_N008973""]","[""present"",""present"",""present"",""present"",""unintentional_missing""]","[1.6122034611053278,1.612203461105329,1.612203461105329,1.612203461105329,2.2799999999999985]",4,1,0,0,5,0
E_N008967_N008987,15942,unintentional_missing,10,"[""E_N008967_N008971"",""E_N008967_N008982"",""E_N008971_N008987"",""E_N008982_N008987"",""E_N008967_N008973"",""E_N007833_N008987"",""E_N008967_N010121"",""E_N008971_N008982"",""E_N008981_N008987"",""E_N008967_N008968""]","[""present"",""present"",""present"",""present"",""unintentional_missing"",""unintentional_missing"",""unintentional_missing"",""present"",""unintentional_missing"",""present""]","[1.6122034611053278,1.612203461105329,1.612203461105329,1.612203461105329,2.2799999999999985,2.280000000000001,2.280000000000001,2.280000000000001,2.280000000000001,2.7924183067728223]",6,4,0,0,10,0
E_N008967_N010105,18249,unintentional_broken,1,"[""E_N008967_N008982""]","[""present""]",[1.6122034611053278],1,0,0,0,1,0
E_N008967_N010105,18249,unintentional_broken,3,"[""E_N008967_N008982"",""E_N008967_N010121"",""E_N008982_N010105""]","[""present"",""unintentional_missing"",""present""]","[1.6122034611053278,1.6122034611053278,1.6122034611053278]",2,1,0,0,3,0
E_N008967_N010105,18249,unintentional_broken,5,"[""E_N008967_N008982"",""E_N008967_N010121"",""E_N008982_N010105"",""E_N010105_N010121"",""E_N008967_N008968""]","[""present"",""unintentional_missing"",""present"",""present"",""present""]","[1.6122034611053278,1.6122034611053278,1.6122034611053278,1.6122034611053278,1.6122034611053286]",4,1,0,0,5,0
E_N008967_N010105,18249,unintentional_broken,10,"[""E_N008967_N008982"",""E_N008967_N010121"",""E_N008982_N010105"",""E_N010105_N010121"",""E_N008967_N008968"",""E_N008967_N010107"",""E_N008968_N010105"",""E_N010105_N010107"",""E_N008968_N010107"",""E_N008982_N010121""]","[""present"",""unintentional_missing"",""present"",""present"",""present"",""unintentional_missing"",""present"",""present"",""present"",""present""]","[1.6122034611053278,1.6122034611053278,1.6122034611053278,1.6122034611053278,1.6122034611053286,1.6122034611053286,1.6122034611053286,1.6122034611053286,2.2799999999999994,2.2799999999999994]",8,2,0,0,10,0
E_N008967_N010107,18224,unintentional_missing,1,"[""E_N008967_N010105""]","[""unintentional_broken""]",[1.6122034611053286],0,0,1,0,1,0
E_N008967_N010107,18224,unintentional_missing,3,"[""E_N008967_N010105"",""E_N008968_N010107"",""E_N008967_N008968""]","[""unintentional_broken"",""present"",""present""]","[1.6122034611053286,1.6122034611053286,1.612203461105329]",2,0,1,0,3,0
E_N008967_N010107,18224,unintentional_missing,5,"[""E_N008967_N010105"",""E_N008968_N010107"",""E_N008967_N008968"",""E_N010105_N010107"",""E_N008967_N010121""]","[""unintentional_broken"",""present"",""present"",""present"",""unintentional_missing""]","[1.6122034611053286,1.6122034611053286,1.612203461105329,1.612203461105329,2.2799999999999985]",3,1,1,0,5,0
E_N008967_N010107,18224,unintentional_missing,10,"[""E_N008967_N010105"",""E_N008968_N010107"",""E_N008967_N008968"",""E_N010105_N010107"",""E_N008967_N010121"",""E_N008953_N010107"",""E_N008967_N008973"",""E_N008968_N010105"",""E_N010101_N010107"",""E_N008967_N008982""]","[""unintentional_broken"",""present"",""present"",""present"",""unintentional_missing"",""unintentional_missing"",""unintentional_missing"",""present"",""unintentional_missing"",""present""]","[1.6122034611053286,1.6122034611053286,1.612203461105329,1.612203461105329,2.2799999999999985,2.2800000000000002,2.280000000000001,2.280000000000001,2.280000000000001,2.7924183067728223]",5,4,1,0,10,0
E_N008967_N010121,18257,unintentional_missing,1,"[""E_N008967_N010105""]","[""unintentional_broken""]",[1.6122034611053278],0,0,1,0,1,0
E_N008967_N010121,18257,unintentional_missing,3,"[""E_N008967_N010105"",""E_N008967_N008982"",""E_N008982_N010121""]","[""unintentional_broken"",""present"",""present""]","[1.6122034611053278,1.612203461105329,1.612203461105329]",2,0,1,0,3,0
E_N008967_N010121,18257,unintentional_missing,5,"[""E_N008967_N010105"",""E_N008967_N008982"",""E_N008982_N010121"",""E_N010105_N010121"",""E_N008967_N010107""]","[""unintentional_broken"",""present"",""present"",""present"",""unintentional_missing""]","[1.6122034611053278,1.612203461105329,1.612203461105329,1.612203461105329,2.2799999999999985]",3,1,1,0,5,0
E_N008967_N010121,18257,unintentional_missing,10,"[""E_N008967_N010105"",""E_N008967_N008982"",""E_N008982_N010121"",""E_N010105_N010121"",""E_N008967_N010107"",""E_N008967_N008987"",""E_N008981_N010121"",""E_N008982_N010105"",""E_N010101_N010121"",""E_N008967_N008968""]","[""unintentional_broken"",""present"",""present"",""present"",""unintentional_missing"",""unintentional_missing"",""unintentional_missing"",""present"",""unintentional_missing"",""present""]","[1.6122034611053278,1.612203461105329,1.612203461105329,1.612203461105329,2.2799999999999985,2.280000000000001,2.280000000000001,2.280000000000001,2.280000000000001,2.7924183067728223]",5,4,1,0,10,0
E_N008981_N008987,15943,unintentional_missing,1,"[""E_N008981_N008982""]","[""present""]",[1.612203461105329],1,0,0,0,1,0
E_N008981_N008987,15943,unintentional_missing,3,"[""E_N008981_N008982"",""E_N008981_N008985"",""E_N008982_N008987""]","[""present"",""present"",""present""]","[1.612203461105329,1.612203461105329,1.612203461105329]",3,0,0,0,3,0
E_N008981_N008987,15943,unintentional_missing,5,"[""E_N008981_N008982"",""E_N008981_N008985"",""E_N008982_N008987"",""E_N008985_N008987"",""E_N007847_N008987""]","[""present"",""present"",""present"",""present"",""unintentional_missing""]","[1.612203461105329,1.612203461105329,1.612203461105329,1.612203461105329,2.280000000000001]",4,1,0,0,5,0
E_N008981_N008987,15943,unintentional_missing,10,"[""E_N008981_N008982"",""E_N008981_N008985"",""E_N008982_N008987"",""E_N008985_N008987"",""E_N007847_N008987"",""E_N008967_N008987"",""E_N008981_N009001"",""E_N008981_N010121"",""E_N008982_N008985"",""E_N007847_N008985""]","[""present"",""present"",""present"",""present"",""unintentional_missing"",""unintentional_missing"",""unintentional_missing"",""unintentional_missing"",""present"",""present""]","[1.612203461105329,1.612203461105329,1.612203461105329,1.612203461105329,2.280000000000001,2.280000000000001,2.280000000000001,2.280000000000001,2.280000000000001,2.792418306772824]",6,4,0,0,10,0
E_N008981_N009001,15970,unintentional_missing,1,"[""E_N008996_N009001""]","[""present""]",[1.6122034611053278],1,0,0,0,1,0
E_N008981_N009001,15970,unintentional_missing,3,"[""E_N008996_N009001"",""E_N008981_N008985"",""E_N008981_N008996""]","[""present"",""present"",""present""]","[1.6122034611053278,1.612203461105329,1.612203461105329]",3,0,0,0,3,0
E_N008981_N009001,15970,unintentional_missing,5,"[""E_N008996_N009001"",""E_N008981_N008985"",""E_N008981_N008996"",""E_N008985_N009001"",""E_N008995_N009001""]","[""present"",""present"",""present"",""present"",""unintentional_missing""]","[1.6122034611053278,1.612203461105329,1.612203461105329,1.612203461105329,2.2799999999999976]",4,1,0,0,5,0
E_N008981_N009001,15970,unintentional_missing,10,"[""E_N008996_N009001"",""E_N008981_N008985"",""E_N008981_N008996"",""E_N008985_N009001"",""E_N008995_N009001"",""E_N007847_N009001"",""E_N008981_N008987"",""E_N008981_N010135"",""E_N008985_N008996"",""E_N008995_N008996""]","[""present"",""present"",""present"",""present"",""unintentional_missing"",""unintentional_missing"",""unintentional_missing"",""unintentional_missing"",""present"",""unintentional_missing""]","[1.6122034611053278,1.612203461105329,1.612203461105329,1.612203461105329,2.2799999999999976,2.280000000000001,2.280000000000001,2.280000000000001,2.280000000000001,2.7924183067728214]",5,5,0,0,10,0
E_N008981_N010121,18256,unintentional_missing,1,"[""E_N008981_N008982""]","[""present""]",[1.612203461105329],1,0,0,0,1,0
E_N008981_N010121,18256,unintentional_missing,3,"[""E_N008981_N008982"",""E_N008981_N010119"",""E_N008982_N010121""]","[""present"",""present"",""present""]","[1.612203461105329,1.612203461105329,1.612203461105329]",3,0,0,0,3,0
E_N008981_N010121,18256,unintentional_missing,5,"[""E_N008981_N008982"",""E_N008981_N010119"",""E_N008982_N010121"",""E_N010119_N010121"",""E_N008967_N010121""]","[""present"",""present"",""present"",""present"",""unintentional_missing""]","[1.612203461105329,1.612203461105329,1.612203461105329,1.612203461105329,2.280000000000001]",4,1,0,0,5,0
E_N008981_N010121,18256,unintentional_missing,10,"[""E_N008981_N008982"",""E_N008981_N010119"",""E_N008982_N010121"",""E_N010119_N010121"",""E_N008967_N010121"",""E_N008981_N008987"",""E_N008981_N010135"",""E_N008982_N010119"",""E_N010115_N010121"",""E_N008981_N008985""]","[""present"",""present"",""present"",""present"",""unintentional_missing"",""unintentional_missing"",""unintentional_missing"",""present"",""unintentional_missing"",""present""]","[1.612203461105329,1.612203461105329,1.612203461105329,1.612203461105329,2.280000000000001,2.280000000000001,2.280000000000001,2.280000000000001,2.280000000000001,2.792418306772824]",6,4,0,0,10,0
E_N008981_N010135,18289,unintentional_missing,1,"[""E_N008996_N010135""]","[""present""]",[1.6122034611053278],1,0,0,0,1,0
E_N008981_N010135,18289,unintentional_missing,3,"[""E_N008996_N010135"",""E_N008981_N008996"",""E_N008981_N010119""]","[""present"",""present"",""present""]","[1.6122034611053278,1.612203461105329,1.612203461105329]",3,0,0,0,3,0
E_N008981_N010135,18289,unintentional_missing,5,"[""E_N008996_N010135"",""E_N008981_N008996"",""E_N008981_N010119"",""E_N010119_N010135"",""E_N008995_N010135""]","[""present"",""present"",""present"",""present"",""unintentional_missing""]","[1.6122034611053278,1.612203461105329,1.612203461105329,1.612203461105329,2.2799999999999976]",4,1,0,0,5,0
E_N008981_N010135,18289,unintentional_missing,10,"[""E_N008996_N010135"",""E_N008981_N008996"",""E_N008981_N010119"",""E_N010119_N010135"",""E_N008995_N010135"",""E_N008981_N009001"",""E_N008981_N010121"",""E_N008996_N010119"",""E_N010115_N010135"",""E_N008995_N008996""]","[""present"",""present"",""present"",""present"",""unintentional_missing"",""unintentional_missing"",""unintentional_missing"",""present"",""unintentional_missing"",""unintentional_missing""]","[1.6122034611053278,1.612203461105329,1.612203461105329,1.612203461105329,2.2799999999999976,2.280000000000001,2.280000000000001,2.280000000000001,2.280000000000001,2.7924183067728214]",5,5,0,0,10,0
E_N008995_N008996,18274,unintentional_missing,1,"[""E_N008996_N009001""]","[""present""]",[1.6122034611053278],1,0,0,0,1,0
E_N008995_N008996,18274,unintentional_missing,3,"[""E_N008996_N009001"",""E_N008996_N010135"",""E_N008995_N008999""]","[""present"",""present"",""present""]","[1.6122034611053278,1.6122034611053278,1.612203461105329]",3,0,0,0,3,0
E_N008995_N008996,18274,unintentional_missing,5,"[""E_N008996_N009001"",""E_N008996_N010135"",""E_N008995_N008999"",""E_N008995_N009001"",""E_N008995_N010133""]","[""present"",""present"",""present"",""unintentional_missing"",""present""]","[1.6122034611053278,1.6122034611053278,1.612203461105329,1.612203461105329,1.612203461105329]",4,1,0,0,5,0
E_N008995_N008996,18274,unintentional_missing,10,"[""E_N008996_N009001"",""E_N008996_N010135"",""E_N008995_N008999"",""E_N008995_N009001"",""E_N008995_N010133"",""E_N008995_N010135"",""E_N008996_N008999"",""E_N008996_N010133"",""E_N008981_N008996"",""E_N008869_N008996""]","[""present"",""present"",""present"",""unintentional_missing"",""present"",""unintentional_missing"",""present"",""present"",""present"",""present""]","[1.6122034611053278,1.6122034611053278,1.612203461105329,1.612203461105329,1.612203461105329,1.612203461105329,1.612203461105329,1.612203461105329,2.2799999999999976,2.280000000000001]",8,2,0,0,10,0
E_N008995_N009001,15971,unintentional_missing,1,"[""E_N008996_N009001""]","[""present""]",[1.6122034611053278],1,0,0,0,1,0
E_N008995_N009001,15971,unintentional_missing,3,"[""E_N008996_N009001"",""E_N008995_N008996"",""E_N008995_N008999""]","[""present"",""unintentional_missing"",""present""]","[1.6122034611053278,1.612203461105329,1.612203461105329]",2,1,0,0,3,0
E_N008995_N009001,15971,unintentional_missing,5,"[""E_N008996_N009001"",""E_N008995_N008996"",""E_N008995_N008999"",""E_N008999_N009001"",""E_N008981_N009001""]","[""present"",""unintentional_missing"",""present"",""present"",""unintentional_missing""]","[1.6122034611053278,1.612203461105329,1.612203461105329,1.612203461105329,2.2799999999999976]",3,2,0,0,5,0
E_N008995_N009001,15971,unintentional_missing,10,"[""E_N008996_N009001"",""E_N008995_N008996"",""E_N008995_N008999"",""E_N008999_N009001"",""E_N008981_N009001"",""E_N007861_N009001"",""E_N008995_N009015"",""E_N008995_N010135"",""E_N008996_N008999"",""E_N008981_N008996""]","[""present"",""unintentional_missing"",""present"",""present"",""unintentional_missing"",""unintentional_missing"",""unintentional_missing"",""unintentional_missing"",""present"",""present""]","[1.6122034611053278,1.612203461105329,1.612203461105329,1.612203461105329,2.2799999999999976,2.280000000000001,2.280000000000001,2.280000000000001,2.280000000000001,2.7924183067728214]",5,5,0,0,10,0
E_N008995_N009015,15998,unintentional_missing,1,"[""E_N008995_N008999""]","[""present""]",[1.612203461105329],1,0,0,0,1,0
E_N008995_N009015,15998,unintentional_missing,3,"[""E_N008995_N008999"",""E_N008995_N009010"",""E_N008999_N009015""]","[""present"",""present"",""present""]","[1.612203461105329,1.612203461105329,1.612203461105329]",3,0,0,0,3,0
E_N008995_N009015,15998,unintentional_missing,5,"[""E_N008995_N008999"",""E_N008995_N009010"",""E_N008999_N009015"",""E_N009010_N009015"",""E_N009009_N009015""]","[""present"",""present"",""present"",""present"",""unintentional_missing""]","[1.612203461105329,1.612203461105329,1.612203461105329,1.612203461105329,2.2799999999999976]",4,1,0,0,5,0
E_N008995_N009015,15998,unintentional_missing,10,"[""E_N008995_N008999"",""E_N008995_N009010"",""E_N008999_N009015"",""E_N009010_N009015"",""E_N009009_N009015"",""E_N007861_N009015"",""E_N008995_N009001"",""E_N008995_N010149"",""E_N008999_N009010"",""E_N009009_N009010""]","[""present"",""present"",""present"",""present"",""unintentional_missing"",""unintentional_missing"",""unintentional_missing"",""unintentional_missing"",""present"",""present""]","[1.612203461105329,1.612203461105329,1.612203461105329,1.612203461105329,2.2799999999999976,2.280000000000001,2.280000000000001,2.280000000000001,2.280000000000001,2.7924183067728214]",6,4,0,0,10,0
E_N008995_N010135,18288,unintentional_missing,1,"[""E_N008996_N010135""]","[""present""]",[1.6122034611053278],1,0,0,0,1,0
E_N008995_N010135,18288,unintentional_missing,3,"[""E_N008996_N010135"",""E_N008995_N008996"",""E_N008995_N010133""]","[""present"",""unintentional_missing"",""present""]","[1.6122034611053278,1.612203461105329,1.612203461105329]",2,1,0,0,3,0
E_N008995_N010135,18288,unintentional_missing,5,"[""E_N008996_N010135"",""E_N008995_N008996"",""E_N008995_N010133"",""E_N010133_N010135"",""E_N008981_N010135""]","[""present"",""unintentional_missing"",""present"",""present"",""unintentional_missing""]","[1.6122034611053278,1.612203461105329,1.612203461105329,1.612203461105329,2.2799999999999976]",3,2,0,0,5,0
E_N008995_N010135,18288,unintentional_missing,10,"[""E_N008996_N010135"",""E_N008995_N008996"",""E_N008995_N010133"",""E_N010133_N010135"",""E_N008981_N010135"",""E_N008995_N009001"",""E_N008995_N010149"",""E_N008996_N010133"",""E_N010129_N010135"",""E_N008981_N008996""]","[""present"",""unintentional_missing"",""present"",""present"",""unintentional_missing"",""unintentional_missing"",""unintentional_missing"",""present"",""unintentional_missing"",""present""]","[1.6122034611053278,1.612203461105329,1.612203461105329,1.612203461105329,2.2799999999999976,2.280000000000001,2.280000000000001,2.280000000000001,2.280000000000001,2.7924183067728214]",5,5,0,0,10,0
E_N008995_N010149,18321,unintentional_missing,1,"[""E_N008995_N009010""]","[""present""]",[1.612203461105329],1,0,0,0,1,0
E_N008995_N010149,18321,unintentional_missing,3,"[""E_N008995_N009010"",""E_N008995_N010133"",""E_N009010_N010149""]","[""present"",""present"",""present""]","[1.612203461105329,1.612203461105329,1.612203461105329]",3,0,0,0,3,0
E_N008995_N010149,18321,unintentional_missing,5,"[""E_N008995_N009010"",""E_N008995_N010133"",""E_N009010_N010149"",""E_N010133_N010149"",""E_N009009_N010149""]","[""present"",""present"",""present"",""present"",""unintentional_missing""]","[1.612203461105329,1.612203461105329,1.612203461105329,1.612203461105329,2.2799999999999976]",4,1,0,0,5,0
E_N008995_N010149,18321,unintentional_missing,10,"[""E_N008995_N009010"",""E_N008995_N010133"",""E_N009010_N010149"",""E_N010133_N010149"",""E_N009009_N010149"",""E_N008995_N009015"",""E_N008995_N010135"",""E_N009010_N010133"",""E_N010129_N010149"",""E_N009009_N009010""]","[""present"",""present"",""present"",""present"",""unintentional_missing"",""unintentional_missing"",""unintentional_missing"",""present"",""unintentional_missing"",""present""]","[1.612203461105329,1.612203461105329,1.612203461105329,1.612203461105329,2.2799999999999976,2.280000000000001,2.280000000000001,2.280000000000001,2.280000000000001,2.7924183067728214]",6,4,0,0,10,0
E_N009009_N009015,15999,unintentional_missing,1,"[""E_N009010_N009015""]","[""present""]",[1.6122034611053266],1,0,0,0,1,0
E_N009009_N009015,15999,unintentional_missing,3,"[""E_N009010_N009015"",""E_N009009_N009010"",""E_N009009_N009013""]","[""present"",""present"",""present""]","[1.6122034611053266,1.612203461105329,1.612203461105329]",3,0,0,0,3,0
E_N009009_N009015,15999,unintentional_missing,5,"[""E_N009010_N009015"",""E_N009009_N009010"",""E_N009009_N009013"",""E_N009013_N009015"",""E_N008995_N009015""]","[""present"",""present"",""present"",""present"",""unintentional_missing""]","[1.6122034611053266,1.612203461105329,1.612203461105329,1.612203461105329,2.2799999999999976]",4,1,0,0,5,0
E_N009009_N009015,15999,unintentional_missing,10,"[""E_N009010_N009015"",""E_N009009_N009010"",""E_N009009_N009013"",""E_N009013_N009015"",""E_N008995_N009015"",""E_N007875_N009015"",""E_N009009_N009029"",""E_N009009_N010149"",""E_N009010_N009013"",""E_N008995_N009010""]","[""present"",""present"",""present"",""present"",""unintentional_missing"",""unintentional_missing"",""unintentional_missing"",""unintentional_missing"",""present"",""present""]","[1.6122034611053266,1.612203461105329,1.612203461105329,1.612203461105329,2.2799999999999976,2.280000000000001,2.280000000000001,2.280000000000001,2.280000000000001,2.7924183067728214]",6,4,0,0,10,0
E_N009009_N009029,16026,unintentional_missing,1,"[""E_N009009_N009013""]","[""present""]",[1.612203461105329],1,0,0,0,1,0
E_N009009_N009029,16026,unintentional_missing,3,"[""E_N009009_N009013"",""E_N009009_N009024"",""E_N009013_N009029""]","[""present"",""present"",""present""]","[1.612203461105329,1.612203461105329,1.612203461105329]",3,0,0,0,3,0
E_N009009_N009029,16026,unintentional_missing,5,"[""E_N009009_N009013"",""E_N009009_N009024"",""E_N009013_N009029"",""E_N009024_N009029"",""E_N007875_N009029""]","[""present"",""present"",""present"",""present"",""unintentional_missing""]","[1.612203461105329,1.612203461105329,1.612203461105329,1.612203461105329,2.280000000000001]",4,1,0,0,5,0
E_N009009_N009029,16026,unintentional_missing,10,"[""E_N009009_N009013"",""E_N009009_N009024"",""E_N009013_N009029"",""E_N009024_N009029"",""E_N007875_N009029"",""E_N009009_N009015"",""E_N009009_N010163"",""E_N009013_N009024"",""E_N009023_N009029"",""E_N007875_N009013""]","[""present"",""present"",""present"",""present"",""unintentional_missing"",""unintentional_missing"",""unintentional_missing"",""present"",""unintentional_missing"",""present""]","[1.612203461105329,1.612203461105329,1.612203461105329,1.612203461105329,2.280000000000001,2.280000000000001,2.280000000000001,2.280000000000001,2.280000000000001,2.792418306772824]",6,4,0,0,10,0
E_N009009_N010149,18320,unintentional_missing,1,"[""E_N009010_N010149""]","[""present""]",[1.6122034611053266],1,0,0,0,1,0
E_N009009_N010149,18320,unintentional_missing,3,"[""E_N009010_N010149"",""E_N009009_N009010"",""E_N009009_N010147""]","[""present"",""present"",""present""]","[1.6122034611053266,1.612203461105329,1.612203461105329]",3,0,0,0,3,0
E_N009009_N010149,18320,unintentional_missing,5,"[""E_N009010_N010149"",""E_N009009_N009010"",""E_N009009_N010147"",""E_N010147_N010149"",""E_N008995_N010149""]","[""present"",""present"",""present"",""present"",""unintentional_missing""]","[1.6122034611053266,1.612203461105329,1.612203461105329,1.612203461105329,2.2799999999999976]",4,1,0,0,5,0
E_N009009_N010149,18320,unintentional_missing,10,"[""E_N009010_N010149"",""E_N009009_N009010"",""E_N009009_N010147"",""E_N010147_N010149"",""E_N008995_N010149"",""E_N009009_N009015"",""E_N009009_N010163"",""E_N009010_N010147"",""E_N010143_N010149"",""E_N008995_N009010""]","[""present"",""present"",""present"",""present"",""unintentional_missing"",""unintentional_missing"",""unintentional_missing"",""present"",""unintentional_missing"",""present""]","[1.6122034611053266,1.612203461105329,1.612203461105329,1.612203461105329,2.2799999999999976,2.280000000000001,2.280000000000001,2.280000000000001,2.280000000000001,2.7924183067728214]",6,4,0,0,10,0
E_N009009_N010163,18353,unintentional_missing,1,"[""E_N009009_N009024""]","[""present""]",[1.612203461105329],1,0,0,0,1,0
E_N009009_N010163,18353,unintentional_missing,3,"[""E_N009009_N009024"",""E_N009009_N010147"",""E_N009024_N010163""]","[""present"",""present"",""present""]","[1.612203461105329,1.612203461105329,1.612203461105329]",3,0,0,0,3,0
E_N009009_N010163,18353,unintentional_missing,5,"[""E_N009009_N009024"",""E_N009009_N010147"",""E_N009024_N010163"",""E_N010147_N010163"",""E_N009009_N009029""]","[""present"",""present"",""present"",""present"",""unintentional_missing""]","[1.612203461105329,1.612203461105329,1.612203461105329,1.612203461105329,2.280000000000001]",4,1,0,0,5,0
E_N009009_N010163,18353,unintentional_missing,10,"[""E_N009009_N009024"",""E_N009009_N010147"",""E_N009024_N010163"",""E_N010147_N010163"",""E_N009009_N009029"",""E_N009009_N010149"",""E_N009023_N010163"",""E_N009024_N010147"",""E_N010143_N010163"",""E_N009009_N009013""]","[""present"",""present"",""present"",""present"",""unintentional_missing"",""unintentional_missing"",""unintentional_missing"",""present"",""unintentional_missing"",""present""]","[1.612203461105329,1.612203461105329,1.612203461105329,1.612203461105329,2.280000000000001,2.280000000000001,2.280000000000001,2.280000000000001,2.280000000000001,2.792418306772824]",6,4,0,0,10,0
E_N009023_N009029,16027,unintentional_missing,1,"[""E_N009023_N009024""]","[""present""]",[1.612203461105329],1,0,0,0,1,0
E_N009023_N009029,16027,unintentional_missing,3,"[""E_N009023_N009024"",""E_N009023_N009027"",""E_N009024_N009029""]","[""present"",""present"",""present""]","[1.612203461105329,1.612203461105329,1.612203461105329]",3,0,0,0,3,0
E_N009023_N009029,16027,unintentional_missing,5,"[""E_N009023_N009024"",""E_N009023_N009027"",""E_N009024_N009029"",""E_N009027_N009029"",""E_N007889_N009029""]","[""present"",""present"",""present"",""present"",""unintentional_missing""]","[1.612203461105329,1.612203461105329,1.612203461105329,1.612203461105329,2.280000000000001]",4,1,0,0,5,0
E_N009023_N009029,16027,unintentional_missing,10,"[""E_N009023_N009024"",""E_N009023_N009027"",""E_N009024_N009029"",""E_N009027_N009029"",""E_N007889_N009029"",""E_N009009_N009029"",""E_N009023_N009043"",""E_N009023_N010163"",""E_N009024_N009027"",""E_N007889_N009027""]","[""present"",""present"",""present"",""present"",""unintentional_missing"",""unintentional_missing"","""",""unintentional_missing"",""present"",""present""]","[1.612203461105329,1.612203461105329,1.612203461105329,1.612203461105329,2.280000000000001,2.280000000000001,2.280000000000001,2.280000000000001,2.280000000000001,2.792418306772824]",6,3,0,0,9,1
E_N009023_N010163,18352,unintentional_missing,1,"[""E_N009023_N009024""]","[""present""]",[1.612203461105329],1,0,0,0,1,0
E_N009023_N010163,18352,unintentional_missing,3,"[""E_N009023_N009024"",""E_N009023_N010161"",""E_N009024_N010163""]","[""present"",""present"",""present""]","[1.612203461105329,1.612203461105329,1.612203461105329]",3,0,0,0,3,0
E_N009023_N010163,18352,unintentional_missing,5,"[""E_N009023_N009024"",""E_N009023_N010161"",""E_N009024_N010163"",""E_N010161_N010163"",""E_N009009_N010163""]","[""present"",""present"",""present"",""present"",""unintentional_missing""]","[1.612203461105329,1.612203461105329,1.612203461105329,1.612203461105329,2.280000000000001]",4,1,0,0,5,0
E_N009023_N010163,18352,unintentional_missing,10,"[""E_N009023_N009024"",""E_N009023_N010161"",""E_N009024_N010163"",""E_N010161_N010163"",""E_N009009_N010163"",""E_N009023_N009029"",""E_N009023_N010177"",""E_N009024_N010161"",""E_N010157_N010163"",""E_N009023_N009027""]","[""present"",""present"",""present"",""present"",""unintentional_missing"",""unintentional_missing"","""",""present"",""unintentional_missing"",""present""]","[1.612203461105329,1.612203461105329,1.612203461105329,1.612203461105329,2.280000000000001,2.280000000000001,2.280000000000001,2.280000000000001,2.280000000000001,2.792418306772824]",6,3,0,0,9,1
E_N009317_N009321,16623,unintentional_missing,1,"[""E_N009317_N009323""]","[""present""]",[1.6122034611053286],1,0,0,0,1,0
E_N009317_N009321,16623,unintentional_missing,3,"[""E_N009317_N009323"",""E_N009318_N009321"",""E_N009317_N009318""]","[""present"",""present"",""present""]","[1.6122034611053286,1.6122034611053286,1.612203461105329]",3,0,0,0,3,0
E_N009317_N009321,16623,unintentional_missing,5,"[""E_N009317_N009323"",""E_N009318_N009321"",""E_N009317_N009318"",""E_N009321_N009323"",""E_N009317_N009447""]","[""present"",""present"",""present"","""",""""]","[1.6122034611053286,1.6122034611053286,1.612203461105329,1.612203461105329,2.2799999999999985]",3,0,0,0,3,2
E_N009317_N009321,16623,unintentional_missing,10,"[""E_N009317_N009323"",""E_N009318_N009321"",""E_N009317_N009318"",""E_N009321_N009323"",""E_N009317_N009447"",""E_N009191_N009321"",""E_N008183_N009321"",""E_N009318_N009323"",""E_N009317_N009444"",""E_N009323_N009447""]","[""present"",""present"",""present"","""","""","""","""",""present"",""present"",""present""]","[1.6122034611053286,1.6122034611053286,1.612203461105329,1.612203461105329,2.2799999999999985,2.2800000000000002,2.280000000000001,2.280000000000001,2.7924183067728223,2.7924183067728223]",6,0,0,0,6,4
E_N009443_N009447,16879,unintentional_missing,1,"[""E_N009443_N009444""]","[""present""]",[1.612203461105329],1,0,0,0,1,0
E_N009443_N009447,16879,unintentional_missing,3,"[""E_N009443_N009444"",""E_N009443_N009449"",""E_N009444_N009447""]","[""present"","""",""""]","[1.612203461105329,1.612203461105329,1.612203461105329]",1,0,0,0,1,2
E_N009443_N009447,16879,unintentional_missing,5,"[""E_N009443_N009444"",""E_N009443_N009449"",""E_N009444_N009447"",""E_N009447_N009449"",""E_N008309_N009447""]","[""present"","""","""","""",""""]","[1.612203461105329,1.612203461105329,1.612203461105329,1.612203461105329,2.280000000000001]",1,0,0,0,1,4
E_N009443_N009447,16879,unintentional_missing,10,"[""E_N009443_N009444"",""E_N009443_N009449"",""E_N009444_N009447"",""E_N009447_N009449"",""E_N008309_N009447"",""E_N009317_N009447"",""E_N009443_N009573"",""E_N009444_N009449"",""E_N008309_N009449"",""E_N008310_N009447""]","[""present"","""","""","""","""","""","""","""",""present"",""""]","[1.612203461105329,1.612203461105329,1.612203461105329,1.612203461105329,2.280000000000001,2.280000000000001,2.280000000000001,2.280000000000001,2.792418306772824,2.792418306772824]",2,0,0,0,2,8
E_N010084_N010093,18194,unintentional_missing,1,"[""E_N010084_N010090""]","[""""]",[1.6122034611053286],0,0,0,0,0,1
E_N010084_N010093,18194,unintentional_missing,3,"[""E_N010084_N010090"",""E_N010088_N010093"",""E_N010084_N010088""]","["""",""present"",""""]","[1.6122034611053286,1.6122034611053286,1.612203461105329]",1,0,0,0,1,2
E_N010084_N010093,18194,unintentional_missing,5,"[""E_N010084_N010090"",""E_N010088_N010093"",""E_N010084_N010088"",""E_N010090_N010093"",""E_N010087_N010093""]","["""",""present"","""","""",""unintentional_missing""]","[1.6122034611053286,1.6122034611053286,1.612203461105329,1.612203461105329,2.2800000000000002]",1,1,0,0,2,3
E_N010084_N010093,18194,unintentional_missing,10,"[""E_N010084_N010090"",""E_N010088_N010093"",""E_N010084_N010088"",""E_N010090_N010093"",""E_N010087_N010093"",""E_N008950_N010093"",""E_N010088_N010090"",""E_N010087_N010088"",""E_N010091_N010093"",""E_N008950_N010090""]","["""",""present"","""","""",""unintentional_missing"",""unintentional_missing"","""",""present"",""present"",""""]","[1.6122034611053286,1.6122034611053286,1.612203461105329,1.612203461105329,2.2800000000000002,2.280000000000001,2.280000000000001,2.7924183067728237,2.7924183067728237,2.792418306772824]",3,2,0,0,5,5
E_N010087_N010093,18195,unintentional_missing,1,"[""E_N010087_N010091""]","[""present""]",[1.6122034611053286],1,0,0,0,1,0
E_N010087_N010093,18195,unintentional_missing,3,"[""E_N010087_N010091"",""E_N010088_N010093"",""E_N010087_N010088""]","[""present"",""present"",""present""]","[1.6122034611053286,1.6122034611053289,1.612203461105329]",3,0,0,0,3,0
E_N010087_N010093,18195,unintentional_missing,5,"[""E_N010087_N010091"",""E_N010088_N010093"",""E_N010087_N010088"",""E_N010091_N010093"",""E_N010087_N010107""]","[""present"",""present"",""present"",""present"",""unintentional_missing""]","[1.6122034611053286,1.6122034611053289,1.612203461105329,1.612203461105329,2.2799999999999994]",4,1,0,0,5,0
E_N010087_N010093,18195,unintentional_missing,10,"[""E_N010087_N010091"",""E_N010088_N010093"",""E_N010087_N010088"",""E_N010091_N010093"",""E_N010087_N010107"",""E_N010084_N010093"",""E_N008953_N010093"",""E_N010088_N010091"",""E_N010087_N010102"",""E_N010091_N010107""]","[""present"",""present"",""present"",""present"",""unintentional_missing"",""unintentional_missing"",""unintentional_missing"",""present"",""present"",""present""]","[1.6122034611053286,1.6122034611053289,1.612203461105329,1.612203461105329,2.2799999999999994,2.2800000000000002,2.280000000000001,2.280000000000001,2.7924183067728228,2.7924183067728228]",7,3,0,0,10,0
E_N010087_N010107,18226,unintentional_missing,1,"[""E_N010087_N010091""]","[""present""]",[1.6122034611053286],1,0,0,0,1,0
E_N010087_N010107,18226,unintentional_missing,3,"[""E_N010087_N010091"",""E_N010087_N010102"",""E_N010091_N010107""]","[""present"",""present"",""present""]","[1.6122034611053286,1.612203461105329,1.612203461105329]",3,0,0,0,3,0
E_N010087_N010107,18226,unintentional_missing,5,"[""E_N010087_N010091"",""E_N010087_N010102"",""E_N010091_N010107"",""E_N010102_N010107"",""E_N010087_N010093""]","[""present"",""present"",""present"",""unintentional_broken"",""unintentional_missing""]","[1.6122034611053286,1.612203461105329,1.612203461105329,1.612203461105329,2.2799999999999994]",3,1,1,0,5,0
E_N010087_N010107,18226,unintentional_missing,10,"[""E_N010087_N010091"",""E_N010087_N010102"",""E_N010091_N010107"",""E_N010102_N010107"",""E_N010087_N010093"",""E_N010101_N010107"",""E_N008953_N010107"",""E_N010091_N010102"",""E_N010087_N010088"",""E_N010091_N010093""]","[""present"",""present"",""present"",""unintentional_broken"",""unintentional_missing"",""unintentional_missing"",""unintentional_missing"",""present"",""present"",""present""]","[1.6122034611053286,1.612203461105329,1.612203461105329,1.612203461105329,2.2799999999999994,2.2800000000000002,2.280000000000001,2.280000000000001,2.7924183067728228,2.7924183067728228]",6,3,1,0,10,0
E_N010101_N010107,18227,unintentional_missing,1,"[""E_N010101_N010105""]","[""present""]",[1.6122034611053286],1,0,0,0,1,0
E_N010101_N010107,18227,unintentional_missing,3,"[""E_N010101_N010105"",""E_N010102_N010107"",""E_N010101_N010102""]","[""present"",""unintentional_broken"",""present""]","[1.6122034611053286,1.6122034611053286,1.612203461105329]",2,0,1,0,3,0
E_N010101_N010107,18227,unintentional_missing,5,"[""E_N010101_N010105"",""E_N010102_N010107"",""E_N010101_N010102"",""E_N010105_N010107"",""E_N010101_N010121""]","[""present"",""unintentional_broken"",""present"",""present"",""unintentional_missing""]","[1.6122034611053286,1.6122034611053286,1.612203461105329,1.612203461105329,2.2799999999999985]",3,1,1,0,5,0
E_N010101_N010107,18227,unintentional_missing,10,"[""E_N010101_N010105"",""E_N010102_N010107"",""E_N010101_N010102"",""E_N010105_N010107"",""E_N010101_N010121"",""E_N010087_N010107"",""E_N008967_N010107"",""E_N010102_N010105"",""E_N010101_N010116"",""E_N010105_N010121""]","[""present"",""unintentional_broken"",""present"",""present"",""unintentional_missing"",""unintentional_missing"",""unintentional_missing"",""present"",""present"",""present""]","[1.6122034611053286,1.6122034611053286,1.612203461105329,1.612203461105329,2.2799999999999985,2.2800000000000002,2.280000000000001,2.280000000000001,2.7924183067728223,2.7924183067728223]",6,3,1,0,10,0
E_N010101_N010121,18258,unintentional_missing,1,"[""E_N010101_N010105""]","[""present""]",[1.6122034611053278],1,0,0,0,1,0
E_N010101_N010121,18258,unintentional_missing,3,"[""E_N010101_N010105"",""E_N010101_N010116"",""E_N010105_N010121""]","[""present"",""present"",""present""]","[1.6122034611053278,1.612203461105329,1.612203461105329]",3,0,0,0,3,0
E_N010101_N010121,18258,unintentional_missing,5,"[""E_N010101_N010105"",""E_N010101_N010116"",""E_N010105_N010121"",""E_N010116_N010121"",""E_N010101_N010107""]","[""present"",""present"",""present"","""",""unintentional_missing""]","[1.6122034611053278,1.612203461105329,1.612203461105329,1.612203461105329,2.2799999999999985]",3,1,0,0,4,1
E_N010101_N010121,18258,unintentional_missing,10,"[""E_N010101_N010105"",""E_N010101_N010116"",""E_N010105_N010121"",""E_N010116_N010121"",""E_N010101_N010107"",""E_N008967_N010121"",""E_N010105_N010116"",""E_N010115_N010121"",""E_N010101_N010102"",""E_N010105_N010107""]","[""present"",""present"",""present"","""",""unintentional_missing"",""unintentional_missing"",""present"",""unintentional_missing"",""present"",""present""]","[1.6122034611053278,1.612203461105329,1.612203461105329,1.612203461105329,2.2799999999999985,2.280000000000001,2.280000000000001,2.280000000000001,2.7924183067728223,2.7924183067728223]",6,3,0,0,9,1
E_N010102_N010107,18238,unintentional_broken,1,"[""E_N010101_N010102""]","[""present""]",[1.6122034611053286],1,0,0,0,1,0
E_N010102_N010107,18238,unintentional_broken,3,"[""E_N010101_N010102"",""E_N010101_N010107"",""E_N010102_N010105""]","[""present"",""unintentional_missing"",""present""]","[1.6122034611053286,1.6122034611053286,1.6122034611053286]",2,1,0,0,3,0
E_N010102_N010107,18238,unintentional_broken,5,"[""E_N010101_N010102"",""E_N010101_N010107"",""E_N010102_N010105"",""E_N010105_N010107"",""E_N010087_N010102""]","[""present"",""unintentional_missing"",""present"",""present"",""present""]","[1.6122034611053286,1.6122034611053286,1.6122034611053286,1.6122034611053286,1.612203461105329]",4,1,0,0,5,0
E_N010102_N010107,18238,unintentional_broken,10,"[""E_N010101_N010102"",""E_N010101_N010107"",""E_N010102_N010105"",""E_N010105_N010107"",""E_N010087_N010102"",""E_N010087_N010107"",""E_N010091_N010102"",""E_N010091_N010107"",""E_N010101_N010105"",""E_N010087_N010091""]","[""present"",""unintentional_missing"",""present"",""present"",""present"",""unintentional_missing"",""present"",""present"",""present"",""present""]","[1.6122034611053286,1.6122034611053286,1.6122034611053286,1.6122034611053286,1.612203461105329,1.612203461105329,1.612203461105329,1.612203461105329,2.2799999999999994,2.2800000000000002]",8,2,0,0,10,0
E_N010115_N010121,18259,unintentional_missing,1,"[""E_N010115_N010116""]","[""present""]",[1.612203461105329],1,0,0,0,1,0
E_N010115_N010121,18259,unintentional_missing,3,"[""E_N010115_N010116"",""E_N010115_N010119"",""E_N010116_N010121""]","[""present"",""present"",""""]","[1.612203461105329,1.612203461105329,1.612203461105329]",2,0,0,0,2,1
E_N010115_N010121,18259,unintentional_missing,5,"[""E_N010115_N010116"",""E_N010115_N010119"",""E_N010116_N010121"",""E_N010119_N010121"",""E_N008981_N010121""]","[""present"",""present"","""",""present"",""unintentional_missing""]","[1.612203461105329,1.612203461105329,1.612203461105329,1.612203461105329,2.280000000000001]",3,1,0,0,4,1
E_N010115_N010121,18259,unintentional_missing,10,"[""E_N010115_N010116"",""E_N010115_N010119"",""E_N010116_N010121"",""E_N010119_N010121"",""E_N008981_N010121"",""E_N010101_N010121"",""E_N010115_N010135"",""E_N010116_N010119"",""E_N008981_N010119"",""E_N008982_N010121""]","[""present"",""present"","""",""present"",""unintentional_missing"",""unintentional_missing"",""unintentional_missing"",""present"",""present"",""present""]","[1.612203461105329,1.612203461105329,1.612203461105329,1.612203461105329,2.280000000000001,2.280000000000001,2.280000000000001,2.280000000000001,2.792418306772824,2.792418306772824]",6,3,0,0,9,1
E_N010115_N010135,18290,unintentional_missing,1,"[""E_N010130_N010135""]","[""present""]",[1.6122034611053278],1,0,0,0,1,0
E_N010115_N010135,18290,unintentional_missing,3,"[""E_N010130_N010135"",""E_N010115_N010119"",""E_N010115_N010130""]","[""present"",""present"",""present""]","[1.6122034611053278,1.612203461105329,1.612203461105329]",3,0,0,0,3,0
E_N010115_N010135,18290,unintentional_missing,5,"[""E_N010130_N010135"",""E_N010115_N010119"",""E_N010115_N010130"",""E_N010119_N010135"",""E_N010129_N010135""]","[""present"",""present"",""present"",""present"",""unintentional_missing""]","[1.6122034611053278,1.612203461105329,1.612203461105329,1.612203461105329,2.2799999999999976]",4,1,0,0,5,0
E_N010115_N010135,18290,unintentional_missing,10,"[""E_N010130_N010135"",""E_N010115_N010119"",""E_N010115_N010130"",""E_N010119_N010135"",""E_N010129_N010135"",""E_N008981_N010135"",""E_N010115_N010121"",""E_N010119_N010130"",""E_N010129_N010130"",""E_N010133_N010135""]","[""present"",""present"",""present"",""present"",""unintentional_missing"",""unintentional_missing"",""unintentional_missing"",""present"",""present"",""present""]","[1.6122034611053278,1.612203461105329,1.612203461105329,1.612203461105329,2.2799999999999976,2.280000000000001,2.280000000000001,2.280000000000001,2.7924183067728214,2.7924183067728214]",7,3,0,0,10,0
E_N010129_N010135,18291,unintentional_missing,1,"[""E_N010130_N010135""]","[""present""]",[1.6122034611053278],1,0,0,0,1,0
E_N010129_N010135,18291,unintentional_missing,3,"[""E_N010130_N010135"",""E_N010129_N010130"",""E_N010129_N010133""]","[""present"",""present"",""present""]","[1.6122034611053278,1.612203461105329,1.612203461105329]",3,0,0,0,3,0
E_N010129_N010135,18291,unintentional_missing,5,"[""E_N010130_N010135"",""E_N010129_N010130"",""E_N010129_N010133"",""E_N010133_N010135"",""E_N010115_N010135""]","[""present"",""present"",""present"",""present"",""unintentional_missing""]","[1.6122034611053278,1.612203461105329,1.612203461105329,1.612203461105329,2.2799999999999976]",4,1,0,0,5,0
E_N010129_N010135,18291,unintentional_missing,10,"[""E_N010130_N010135"",""E_N010129_N010130"",""E_N010129_N010133"",""E_N010133_N010135"",""E_N010115_N010135"",""E_N008995_N010135"",""E_N010129_N010149"",""E_N010130_N010133"",""E_N010115_N010130"",""E_N010119_N010135""]","[""present"",""present"",""present"",""present"",""unintentional_missing"",""unintentional_missing"",""unintentional_missing"",""present"",""present"",""present""]","[1.6122034611053278,1.612203461105329,1.612203461105329,1.612203461105329,2.2799999999999976,2.280000000000001,2.280000000000001,2.280000000000001,2.7924183067728214,2.7924183067728214]",7,3,0,0,10,0
E_N010129_N010149,18322,unintentional_missing,1,"[""E_N010129_N010133""]","[""present""]",[1.612203461105329],1,0,0,0,1,0
E_N010129_N010149,18322,unintentional_missing,3,"[""E_N010129_N010133"",""E_N010129_N010144"",""E_N010133_N010149""]","[""present"",""present"",""present""]","[1.612203461105329,1.612203461105329,1.612203461105329]",3,0,0,0,3,0
E_N010129_N010149,18322,unintentional_missing,5,"[""E_N010129_N010133"",""E_N010129_N010144"",""E_N010133_N010149"",""E_N010144_N010149"",""E_N010143_N010149""]","[""present"",""present"",""present"",""present"",""unintentional_missing""]","[1.612203461105329,1.612203461105329,1.612203461105329,1.612203461105329,2.2799999999999976]",4,1,0,0,5,0
E_N010129_N010149,18322,unintentional_missing,10,"[""E_N010129_N010133"",""E_N010129_N010144"",""E_N010133_N010149"",""E_N010144_N010149"",""E_N010143_N010149"",""E_N008995_N010149"",""E_N010129_N010135"",""E_N010133_N010144"",""E_N010143_N010144"",""E_N010147_N010149""]","[""present"",""present"",""present"",""present"",""unintentional_missing"",""unintentional_missing"",""unintentional_missing"",""present"",""present"",""present""]","[1.612203461105329,1.612203461105329,1.612203461105329,1.612203461105329,2.2799999999999976,2.280000000000001,2.280000000000001,2.280000000000001,2.7924183067728214,2.7924183067728214]",7,3,0,0,10,0
E_N010143_N010149,18323,unintentional_missing,1,"[""E_N010144_N010149""]","[""present""]",[1.6122034611053266],1,0,0,0,1,0
E_N010143_N010149,18323,unintentional_missing,3,"[""E_N010144_N010149"",""E_N010143_N010144"",""E_N010143_N010147""]","[""present"",""present"",""present""]","[1.6122034611053266,1.612203461105329,1.612203461105329]",3,0,0,0,3,0
E_N010143_N010149,18323,unintentional_missing,5,"[""E_N010144_N010149"",""E_N010143_N010144"",""E_N010143_N010147"",""E_N010147_N010149"",""E_N010129_N010149""]","[""present"",""present"",""present"",""present"",""unintentional_missing""]","[1.6122034611053266,1.612203461105329,1.612203461105329,1.612203461105329,2.2799999999999976]",4,1,0,0,5,0
E_N010143_N010149,18323,unintentional_missing,10,"[""E_N010144_N010149"",""E_N010143_N010144"",""E_N010143_N010147"",""E_N010147_N010149"",""E_N010129_N010149"",""E_N009009_N010149"",""E_N010143_N010163"",""E_N010144_N010147"",""E_N010129_N010144"",""E_N010133_N010149""]","[""present"",""present"",""present"",""present"",""unintentional_missing"",""unintentional_missing"",""unintentional_missing"",""present"",""present"",""present""]","[1.6122034611053266,1.612203461105329,1.612203461105329,1.612203461105329,2.2799999999999976,2.280000000000001,2.280000000000001,2.280000000000001,2.7924183067728214,2.7924183067728214]",7,3,0,0,10,0
E_N010143_N010163,18354,unintentional_missing,1,"[""E_N010143_N010147""]","[""present""]",[1.612203461105329],1,0,0,0,1,0
E_N010143_N010163,18354,unintentional_missing,3,"[""E_N010143_N010147"",""E_N010143_N010158"",""E_N010147_N010163""]","[""present"",""present"",""present""]","[1.612203461105329,1.612203461105329,1.612203461105329]",3,0,0,0,3,0
E_N010143_N010163,18354,unintentional_missing,5,"[""E_N010143_N010147"",""E_N010143_N010158"",""E_N010147_N010163"",""E_N010158_N010163"",""E_N009009_N010163""]","[""present"",""present"",""present"",""present"",""unintentional_missing""]","[1.612203461105329,1.612203461105329,1.612203461105329,1.612203461105329,2.280000000000001]",4,1,0,0,5,0
E_N010143_N010163,18354,unintentional_missing,10,"[""E_N010143_N010147"",""E_N010143_N010158"",""E_N010147_N010163"",""E_N010158_N010163"",""E_N009009_N010163"",""E_N010143_N010149"",""E_N010147_N010158"",""E_N010157_N010163"",""E_N009009_N010147"",""E_N009024_N010163""]","[""present"",""present"",""present"",""present"",""unintentional_missing"",""unintentional_missing"",""present"",""unintentional_missing"",""present"",""present""]","[1.612203461105329,1.612203461105329,1.612203461105329,1.612203461105329,2.280000000000001,2.280000000000001,2.280000000000001,2.280000000000001,2.792418306772824,2.792418306772824]",7,3,0,0,10,0
E_N010157_N010163,18355,unintentional_missing,1,"[""E_N010157_N010158""]","[""present""]",[1.612203461105329],1,0,0,0,1,0
E_N010157_N010163,18355,unintentional_missing,3,"[""E_N010157_N010158"",""E_N010157_N010161"",""E_N010158_N010163""]","[""present"",""present"",""present""]","[1.612203461105329,1.612203461105329,1.612203461105329]",3,0,0,0,3,0
E_N010157_N010163,18355,unintentional_missing,5,"[""E_N010157_N010158"",""E_N010157_N010161"",""E_N010158_N010163"",""E_N010161_N010163"",""E_N009023_N010163""]","[""present"",""present"",""present"",""present"",""unintentional_missing""]","[1.612203461105329,1.612203461105329,1.612203461105329,1.612203461105329,2.280000000000001]",4,1,0,0,5,0
E_N010157_N010163,18355,unintentional_missing,10,"[""E_N010157_N010158"",""E_N010157_N010161"",""E_N010158_N010163"",""E_N010161_N010163"",""E_N009023_N010163"",""E_N010143_N010163"",""E_N010157_N010177"",""E_N010158_N010161"",""E_N009023_N010161"",""E_N009024_N010163""]","[""present"",""present"",""present"",""present"",""unintentional_missing"",""unintentional_missing"","""","""",""present"",""present""]","[1.612203461105329,1.612203461105329,1.612203461105329,1.612203461105329,2.280000000000001,2.280000000000001,2.280000000000001,2.280000000000001,2.792418306772824,2.792418306772824]",6,2,0,0,8,2
