strut_id,junction0,junction1,midx,midy,midz,occupancy,missing
0,0,9,79.18,71.83,26.42,1.0000,0
1,1,9,118.67,71.63,26.46,1.0000,0
2,2,9,118.87,111.11,26.35,1.0000,0
3,3,9,79.39,111.31,26.31,1.0000,0
4,0,10,59.42,71.98,46.15,1.0000,0
5,3,10,59.62,111.47,46.04,0.7200,0
6,4,10,59.59,111.58,85.53,1.0000,0
7,5,10,59.39,72.09,85.64,0.8000,0
8,0,12,79.07,52.14,46.22,1.0000,0
9,1,12,118.56,51.94,46.26,0.8800,0
10,5,12,79.04,52.25,85.71,0.0000,1
11,6,12,118.52,52.05,85.74,1.0000,0
12,10,8,79.24,91.73,85.60,1.0000,0
13,10,9,79.27,91.63,46.11,1.0000,0
14,10,13,79.35,111.42,65.80,1.0000,0
15,10,12,79.15,71.94,65.91,1.0000,0
16,11,9,118.76,91.42,46.15,1.0000,0
17,11,13,118.84,111.22,65.84,1.0000,0
18,11,8,118.72,91.53,85.63,1.0000,0
19,12,9,98.91,71.78,46.18,1.0000,0
20,12,11,118.64,71.74,65.94,1.0000,0
21,12,8,98.88,71.89,85.67,1.0000,0
22,13,8,99.08,111.38,85.56,1.0000,0
23,13,9,99.11,111.27,46.07,1.0000,0
24,14,23,158.16,71.42,26.49,1.0000,0
25,15,23,197.65,71.22,26.52,1.0000,0
26,16,23,197.85,110.71,26.41,1.0000,0
27,17,23,158.36,110.91,26.38,1.0000,0
28,14,24,138.40,71.58,46.22,1.0000,0
29,17,24,138.60,111.07,46.11,1.0000,0
30,18,24,138.57,111.18,85.60,1.0000,0
31,19,24,138.37,71.69,85.71,1.0000,0
32,14,26,158.04,51.74,46.29,1.0000,0
33,15,26,197.53,51.53,46.32,1.0000,0
34,19,26,158.01,51.85,85.78,1.0000,0
35,20,26,197.50,51.64,85.81,1.0000,0
36,24,22,158.21,91.33,85.67,1.0000,0
37,24,23,158.25,91.22,46.18,1.0000,0
38,24,27,158.33,111.02,65.87,1.0000,0
39,24,26,158.13,71.53,65.98,1.0000,0
40,25,23,197.73,91.02,46.21,1.0000,0
41,25,27,197.82,110.82,65.90,1.0000,0
42,25,22,197.70,91.13,85.70,1.0000,0
43,26,23,177.89,71.38,46.25,1.0000,0
44,26,25,197.62,71.33,66.01,1.0000,0
45,26,22,177.86,71.49,85.74,1.0000,0
46,27,22,178.06,110.98,85.63,1.0000,0
47,27,23,178.09,110.87,46.14,1.0000,0
48,28,37,237.14,71.02,26.55,1.0000,0
49,29,37,276.63,70.82,26.59,1.0000,0
50,30,37,276.83,110.31,26.48,1.0000,0
51,31,37,237.34,110.51,26.45,1.0000,0
52,28,38,217.38,71.18,46.28,1.0000,0
53,31,38,217.58,110.67,46.17,1.0000,0
54,32,38,217.55,110.78,85.66,1.0000,0
55,33,38,217.34,71.29,85.77,1.0000,0
56,28,40,237.02,51.33,46.35,1.0000,0
57,29,40,276.51,51.13,46.39,1.0000,0
58,33,40,236.99,51.44,85.84,1.0000,0
59,34,40,276.48,51.24,85.87,1.0000,0
60,38,36,237.19,90.93,85.73,1.0000,0
61,38,37,237.22,90.82,46.24,1.0000,0
62,38,41,237.31,110.62,65.93,1.0000,0
63,38,40,237.11,71.13,66.04,1.0000,0
64,39,37,276.71,90.62,46.28,1.0000,0
65,39,41,276.79,110.42,65.97,1.0000,0
66,39,36,276.68,90.73,85.77,1.0000,0
67,40,37,256.87,70.98,46.32,1.0000,0
68,40,39,276.59,70.93,66.08,1.0000,0
69,40,36,256.83,71.09,85.80,1.0000,0
70,41,36,257.03,110.58,85.69,1.0000,0
71,41,37,257.07,110.47,46.21,1.0000,0
72,42,51,316.11,70.62,26.62,1.0000,0
73,43,51,355.60,70.42,26.65,1.0000,0
74,44,51,355.80,109.91,26.54,1.0000,0
75,45,51,316.31,110.11,26.51,1.0000,0
76,42,52,296.35,70.78,46.35,1.0000,0
77,45,52,296.55,110.27,46.24,1.0000,0
78,46,52,296.52,110.37,85.73,1.0000,0
79,47,52,296.32,70.89,85.84,1.0000,0
80,42,54,316.00,50.93,46.42,1.0000,0
81,43,54,355.49,50.73,46.45,1.0000,0
82,47,54,315.97,51.04,85.91,1.0000,0
83,48,54,355.45,50.84,85.94,1.0000,0
84,52,50,316.17,90.53,85.80,1.0000,0
85,52,51,316.20,90.42,46.31,1.0000,0
86,52,55,316.28,110.22,66.00,1.0000,0
87,52,54,316.08,70.73,66.11,1.0000,0
88,53,51,355.69,90.22,46.34,1.0000,0
89,53,55,355.77,110.02,66.03,1.0000,0
90,53,50,355.65,90.33,85.83,1.0000,0
91,54,51,335.84,70.58,46.38,1.0000,0
92,54,53,355.57,70.53,66.14,1.0000,0
93,54,50,335.81,70.69,85.87,1.0000,0
94,55,50,336.01,110.17,85.76,1.0000,0
95,55,51,336.04,110.06,46.27,1.0000,0
96,56,65,395.09,70.22,26.69,1.0000,0
97,57,65,434.58,70.02,26.72,1.0000,0
98,58,65,434.78,109.51,26.61,1.0000,0
99,59,65,395.29,109.71,26.58,1.0000,0
100,56,66,375.33,70.38,46.41,1.0000,0
101,59,66,375.53,109.86,46.30,1.0000,0
102,60,66,375.50,109.97,85.79,1.0000,0
103,61,66,375.30,70.48,85.90,1.0000,0
104,56,68,394.97,50.53,46.48,1.0000,0
105,57,68,434.46,50.33,46.52,1.0000,0
106,61,68,394.94,50.64,85.97,1.0000,0
107,62,68,434.43,50.44,86.01,0.8000,0
108,66,64,395.14,90.13,85.86,1.0000,0
109,66,65,395.17,90.02,46.37,1.0000,0
110,66,69,395.26,109.82,66.06,1.0000,0
111,66,68,395.06,70.33,66.17,1.0000,0
112,67,65,434.66,89.82,46.41,1.0000,0
113,67,69,434.75,109.62,66.10,1.0000,0
114,67,64,434.63,89.93,85.90,1.0000,0
115,68,65,414.82,70.17,46.45,1.0000,0
116,68,67,434.55,70.13,66.21,0.9600,0
117,68,64,414.79,70.28,85.93,1.0000,0
118,69,64,414.99,109.77,85.83,1.0000,0
119,69,65,415.02,109.66,46.34,1.0000,0
120,70,79,474.07,69.82,26.75,1.0000,0
121,71,79,513.56,69.62,26.78,1.0000,0
122,72,79,513.76,109.11,26.67,1.0000,0
123,73,79,474.27,109.31,26.64,1.0000,0
124,70,80,454.31,69.97,46.48,1.0000,0
125,73,80,454.51,109.46,46.37,1.0000,0
126,74,80,454.48,109.57,85.86,1.0000,0
127,75,80,454.27,70.08,85.97,1.0000,0
128,70,82,473.95,50.13,46.55,1.0000,0
129,71,82,513.44,49.93,46.58,1.0000,0
130,75,82,473.92,50.24,86.04,1.0000,0
131,76,82,513.41,50.04,86.07,0.2800,1
132,80,78,474.12,89.73,85.93,0.8000,0
133,80,79,474.15,89.62,46.44,1.0000,0
134,80,83,474.24,109.42,66.13,0.2800,1
135,80,82,474.03,69.93,66.24,1.0000,0
136,81,79,513.64,89.42,46.47,1.0000,0
137,81,83,513.72,109.22,66.16,0.8000,0
138,81,78,513.61,89.53,85.96,1.0000,0
139,82,79,493.80,69.77,46.51,1.0000,0
140,82,81,513.52,69.73,66.27,0.4400,0
141,82,78,493.76,69.88,86.00,1.0000,0
142,83,78,493.96,109.37,85.89,0.6000,0
143,83,79,494.00,109.26,46.40,1.0000,0
144,84,93,553.04,69.42,26.82,1.0000,0
145,85,93,592.53,69.22,26.85,1.0000,0
146,86,93,592.73,108.70,26.74,1.0000,0
147,87,93,553.24,108.91,26.71,1.0000,0
148,84,94,533.28,69.57,46.54,1.0000,0
149,87,94,533.48,109.06,46.43,1.0000,0
150,88,94,533.45,109.17,85.92,0.8800,0
151,89,94,533.25,69.68,86.03,0.8800,0
152,84,96,552.93,49.73,46.62,0.8000,0
153,85,96,592.42,49.53,46.65,1.0000,0
154,89,96,552.89,49.84,86.10,1.0000,0
155,90,96,592.38,49.64,86.14,0.0000,1
156,94,92,553.10,89.33,85.99,0.0400,1
157,94,93,553.13,89.22,46.51,1.0000,0
158,94,97,553.21,109.01,66.20,0.1200,1
159,94,96,553.01,69.53,66.30,0.9200,0
160,95,93,592.62,89.02,46.54,0.7200,0
161,95,97,592.70,108.81,66.23,0.1200,1
162,95,92,592.58,89.12,86.03,1.0000,0
163,96,93,572.77,69.37,46.58,0.8400,0
164,96,95,592.50,69.33,66.34,0.0800,1
165,96,92,572.74,69.48,86.07,0.6400,0
166,97,92,572.94,108.97,85.96,0.2400,1
167,97,93,572.97,108.86,46.47,0.9200,0
168,98,107,632.02,69.02,26.88,1.0000,0
169,99,107,671.51,68.81,26.91,1.0000,0
170,100,107,671.71,108.30,26.81,1.0000,0
171,101,107,632.22,108.50,26.77,1.0000,0
172,98,108,612.26,69.17,46.61,0.9600,0
173,101,108,612.46,108.66,46.50,1.0000,0
174,102,108,612.43,108.77,85.99,0.1200,1
175,103,108,612.23,69.28,86.10,0.1200,1
176,98,110,631.90,49.33,46.68,0.4000,0
177,99,110,671.39,49.13,46.71,1.0000,0
178,103,110,631.87,49.44,86.17,0.8000,0
179,104,110,671.36,49.23,86.20,0.0000,1
180,108,106,632.07,88.92,86.06,0.0000,1
181,108,107,632.10,88.81,46.57,1.0000,0
182,108,111,632.19,108.61,66.26,0.1200,1
183,108,110,631.99,69.12,66.37,0.1200,1
184,109,107,671.59,88.61,46.60,0.4800,0
185,109,111,671.68,108.41,66.29,0.1200,1
186,109,106,671.56,88.72,86.09,1.0000,0
187,110,107,651.75,68.97,46.64,0.3600,0
188,110,109,671.48,68.92,66.40,0.1200,1
189,110,106,651.72,69.08,86.13,0.0800,1
190,111,106,651.92,108.57,86.02,0.0800,1
191,111,107,651.95,108.46,46.53,0.6800,0
192,112,121,711.00,68.61,26.95,1.0000,0
193,113,121,750.49,68.41,26.98,1.0000,0
194,114,121,750.69,107.90,26.87,1.0000,0
195,115,121,711.20,108.10,26.84,1.0000,0
196,112,122,691.24,68.77,46.67,0.4400,0
197,115,122,691.44,108.26,46.57,0.3200,0
198,116,122,691.41,108.37,86.05,0.1200,1
199,117,122,691.20,68.88,86.16,0.0800,1
200,113,123,770.21,68.37,46.74,0.0000,1
201,114,123,770.41,107.86,46.63,0.0000,1
202,118,123,770.18,68.48,86.23,0.0000,1
203,119,123,770.38,107.96,86.12,0.0000,1
204,112,124,710.88,48.92,46.75,0.1600,1
205,113,124,750.37,48.72,46.78,1.0000,0
206,117,124,710.85,49.03,86.23,1.0000,0
207,118,124,750.34,48.83,86.27,0.0000,1
208,122,120,711.05,88.52,86.13,0.0000,1
209,122,121,711.08,88.41,46.64,1.0000,0
210,122,125,711.17,108.21,66.33,0.1600,1
211,122,124,710.96,68.72,66.44,0.1200,1
212,123,121,750.57,88.21,46.67,0.2000,1
213,123,125,750.65,108.01,66.36,0.1200,1
214,123,120,750.54,88.32,86.16,0.1600,1
215,124,121,730.72,68.57,46.71,0.1200,1
216,124,123,750.45,68.52,66.47,0.1600,1
217,124,120,730.69,68.68,86.20,0.1200,1
218,125,120,730.89,108.17,86.09,0.0800,1
219,125,121,730.93,108.06,46.60,0.3600,0
220,126,135,79.59,150.80,26.20,1.0000,0
221,127,135,119.07,150.60,26.24,1.0000,0
222,128,135,119.28,190.09,26.13,1.0000,0
223,129,135,79.79,190.29,26.10,1.0000,0
224,126,136,59.83,150.96,45.93,0.9200,0
225,129,136,60.03,190.45,45.82,0.6400,0
226,130,136,59.99,190.56,85.31,0.4400,0
227,131,136,59.79,151.07,85.42,1.0000,0
228,126,138,79.47,131.11,46.00,1.0000,0
229,127,138,118.96,130.91,46.04,1.0000,0
230,131,138,79.44,131.22,85.49,0.9600,0
231,132,138,118.93,131.02,85.53,1.0000,0
232,136,134,79.64,170.71,85.38,1.0000,0
233,136,135,79.67,170.60,45.89,1.0000,0
234,136,139,79.75,190.40,65.58,1.0000,0
235,136,138,79.55,150.91,65.69,1.0000,0
236,137,135,119.16,170.40,45.93,1.0000,0
237,137,139,119.24,190.20,65.62,1.0000,0
238,137,134,119.13,170.51,85.42,1.0000,0
239,138,135,99.31,150.76,45.97,0.9600,0
240,138,137,119.04,150.71,65.73,1.0000,0
241,138,134,99.28,150.87,85.45,1.0000,0
242,139,134,99.48,190.35,85.35,1.0000,0
243,139,135,99.51,190.25,45.86,1.0000,0
244,140,149,158.56,150.40,26.27,1.0000,0
245,141,149,198.05,150.20,26.30,1.0000,0
246,142,149,198.25,189.69,26.19,1.0000,0
247,143,149,158.76,189.89,26.16,1.0000,0
248,140,150,138.80,150.56,46.00,1.0000,0
249,143,150,139.00,190.04,45.89,1.0000,0
250,144,150,138.97,190.15,85.38,1.0000,0
251,145,150,138.77,150.67,85.49,1.0000,0
252,140,152,158.45,130.71,46.07,1.0000,0
253,141,152,197.93,130.51,46.10,1.0000,0
254,145,152,158.41,130.82,85.56,1.0000,0
255,146,152,197.90,130.62,85.59,1.0000,0
256,150,148,158.61,170.31,85.45,1.0000,0
257,150,149,158.65,170.20,45.96,1.0000,0
258,150,153,158.73,190.00,65.65,1.0000,0
259,150,152,158.53,150.51,65.76,1.0000,0
260,151,149,198.14,170.00,45.99,1.0000,0
261,151,153,198.22,189.80,65.68,1.0000,0
262,151,148,198.10,170.11,85.48,1.0000,0
263,152,149,178.29,150.36,46.03,1.0000,0
264,152,151,198.02,150.31,65.79,1.0000,0
265,152,148,178.26,150.46,85.52,1.0000,0
266,153,148,178.46,189.95,85.41,1.0000,0
267,153,149,178.49,189.84,45.92,1.0000,0
268,154,163,237.54,150.00,26.34,1.0000,0
269,155,163,277.03,149.80,26.37,1.0000,0
270,156,163,277.23,189.29,26.26,1.0000,0
271,157,163,237.74,189.49,26.23,1.0000,0
272,154,164,217.78,150.15,46.06,1.0000,0
273,157,164,217.98,189.64,45.95,1.0000,0
274,158,164,217.95,189.75,85.44,1.0000,0
275,159,164,217.75,150.26,85.55,1.0000,0
276,154,166,237.42,130.31,46.13,1.0000,0
277,155,166,276.91,130.11,46.17,1.0000,0
278,159,166,237.39,130.42,85.62,1.0000,0
279,160,166,276.88,130.22,85.66,1.0000,0
280,164,162,237.59,169.91,85.51,1.0000,0
281,164,163,237.62,169.80,46.03,1.0000,0
282,164,167,237.71,189.60,65.72,1.0000,0
283,164,166,237.51,150.11,65.82,1.0000,0
284,165,163,277.11,169.60,46.06,1.0000,0
285,165,167,277.20,189.40,65.75,1.0000,0
286,165,162,277.08,169.71,85.55,1.0000,0
287,166,163,257.27,149.95,46.10,1.0000,0
288,166,165,277.00,149.91,65.86,1.0000,0
289,166,162,257.23,150.06,85.59,1.0000,0
290,167,162,257.44,189.55,85.48,1.0000,0
291,167,163,257.47,189.44,45.99,1.0000,0
292,168,177,316.52,149.60,26.40,1.0000,0
293,169,177,356.00,149.40,26.43,1.0000,0
294,170,177,356.20,188.89,26.32,1.0000,0
295,171,177,316.72,189.09,26.29,1.0000,0
296,168,178,296.76,149.75,46.13,1.0000,0
297,171,178,296.96,189.24,46.02,1.0000,0
298,172,178,296.92,189.35,85.51,1.0000,0
299,173,178,296.72,149.86,85.62,1.0000,0
300,168,180,316.40,129.91,46.20,1.0000,0
301,169,180,355.89,129.71,46.23,1.0000,0
302,173,180,316.37,130.02,85.69,1.0000,0
303,174,180,355.86,129.82,85.72,1.0000,0
304,178,176,316.57,169.51,85.58,1.0000,0
305,178,177,316.60,169.40,46.09,1.0000,0
306,178,181,316.68,189.20,65.78,1.0000,0
307,178,180,316.48,149.71,65.89,1.0000,0
308,179,177,356.09,169.20,46.12,1.0000,0
309,179,181,356.17,188.99,65.81,1.0000,0
310,179,176,356.06,169.31,85.61,1.0000,0
311,180,177,336.24,149.55,46.16,1.0000,0
312,180,179,355.97,149.51,65.92,1.0000,0
313,180,176,336.21,149.66,85.65,1.0000,0
314,181,176,336.41,189.15,85.54,1.0000,0
315,181,177,336.44,189.04,46.05,1.0000,0
316,182,191,395.49,149.20,26.47,1.0000,0
317,183,191,434.98,149.00,26.50,1.0000,0
318,184,191,435.18,188.48,26.39,1.0000,0
319,185,191,395.69,188.68,26.36,1.0000,0
320,182,192,375.73,149.35,46.19,1.0000,0
321,185,192,375.93,188.84,46.09,1.0000,0
322,186,192,375.90,188.95,85.57,1.0000,0
323,187,192,375.70,149.46,85.68,1.0000,0
324,182,194,395.38,129.51,46.27,1.0000,0
325,183,194,434.86,129.31,46.30,1.0000,0
326,187,194,395.34,129.62,85.75,1.0000,0
327,188,194,434.83,129.42,85.79,0.9200,0
328,192,190,395.54,169.10,85.65,1.0000,0
329,192,191,395.58,169.00,46.16,1.0000,0
330,192,195,395.66,188.79,65.85,1.0000,0
331,192,194,395.46,149.31,65.96,1.0000,0
332,193,191,435.06,168.79,46.19,1.0000,0
333,193,195,435.15,188.59,65.88,1.0000,0
334,193,190,435.03,168.90,85.68,1.0000,0
335,194,191,415.22,149.15,46.23,1.0000,0
336,194,193,434.95,149.11,65.99,0.9200,0
337,194,190,415.19,149.26,85.72,1.0000,0
338,195,190,415.39,188.75,85.61,1.0000,0
339,195,191,415.42,188.64,46.12,1.0000,0
340,196,205,474.47,148.79,26.53,1.0000,0
341,197,205,513.96,148.59,26.56,1.0000,0
342,198,205,514.16,188.08,26.46,1.0000,0
343,199,205,474.67,188.28,26.42,1.0000,0
344,196,206,454.71,148.95,46.26,0.9600,0
345,199,206,454.91,188.44,46.15,1.0000,0
346,200,206,454.88,188.55,85.64,1.0000,0
347,201,206,454.68,149.06,85.75,0.9600,0
348,196,208,474.35,129.11,46.33,1.0000,0
349,197,208,513.84,128.90,46.36,1.0000,0
350,201,208,474.32,129.21,85.82,1.0000,0
351,202,208,513.81,129.01,85.85,0.0800,1
352,206,204,474.52,168.70,85.71,0.4400,0
353,206,205,474.55,168.59,46.22,1.0000,0
354,206,209,474.64,188.39,65.91,0.1600,1
355,206,208,474.44,148.90,66.02,0.8400,0
356,207,205,514.04,168.39,46.25,0.9600,0
357,207,209,514.13,188.19,65.94,0.5600,0
358,207,204,514.01,168.50,85.74,1.0000,0
359,208,205,494.20,148.75,46.29,1.0000,0
360,208,207,513.92,148.70,66.05,0.2400,1
361,208,204,494.16,148.86,85.78,1.0000,0
362,209,204,494.37,188.35,85.67,0.4800,0
363,209,205,494.40,188.24,46.18,1.0000,0
364,210,219,553.45,148.39,26.60,1.0000,0
365,211,219,592.93,148.19,26.63,1.0000,0
366,212,219,593.13,187.68,26.52,1.0000,0
367,213,219,553.65,187.88,26.49,1.0000,0
368,210,220,533.69,148.55,46.33,1.0000,0
369,213,220,533.89,188.04,46.22,1.0000,0
370,214,220,533.85,188.15,85.71,0.8400,0
371,215,220,533.65,148.66,85.81,0.4000,0
372,210,222,553.33,128.70,46.40,0.7600,0
373,211,222,592.82,128.50,46.43,1.0000,0
374,215,222,553.30,128.81,85.89,1.0000,0
375,216,222,592.78,128.61,85.92,0.2800,1
376,220,218,553.50,168.30,85.78,0.0000,1
377,220,219,553.53,168.19,46.29,1.0000,0
378,220,223,553.61,187.99,65.98,0.0800,1
379,220,222,553.41,148.50,66.09,0.1600,1
380,221,219,593.02,167.99,46.32,0.6800,0
381,221,223,593.10,187.79,66.01,0.1200,1
382,221,218,592.99,168.10,85.81,1.0000,0
383,222,219,573.17,148.35,46.36,1.0000,0
384,222,221,592.90,148.30,66.12,0.1200,1
385,222,218,573.14,148.46,85.85,0.2800,1
386,223,218,573.34,187.95,85.74,0.4800,0
387,223,219,573.37,187.84,46.25,1.0000,0
388,224,233,632.42,147.99,26.66,1.0000,0
389,225,233,671.91,147.79,26.70,1.0000,0
390,226,233,672.11,187.28,26.59,1.0000,0
391,227,233,632.62,187.48,26.55,1.0000,0
392,224,234,612.66,148.15,46.39,0.6400,0
393,227,234,612.86,187.63,46.28,0.5600,0
394,228,234,612.83,187.74,85.77,0.1200,1
395,229,234,612.63,148.26,85.88,0.0800,1
396,224,236,632.31,128.30,46.46,0.5600,0
397,225,236,671.79,128.10,46.49,1.0000,0
398,229,236,632.27,128.41,85.95,1.0000,0
399,230,236,671.76,128.21,85.98,0.0000,1
400,234,232,632.47,167.90,85.84,0.0000,1
401,234,233,632.51,167.79,46.35,1.0000,0
402,234,237,632.59,187.59,66.04,0.1200,1
403,234,236,632.39,148.10,66.15,0.1200,1
404,235,233,671.99,167.59,46.39,0.4800,0
405,235,237,672.08,187.39,66.08,0.0000,1
406,235,232,671.96,167.70,85.87,1.0000,0
407,236,233,652.15,147.95,46.42,0.4800,0
408,236,235,671.88,147.90,66.18,0.1600,1
409,236,232,652.12,148.06,85.91,0.1200,1
410,237,232,652.32,187.54,85.80,0.1200,1
411,237,233,652.35,187.43,46.31,0.6400,0
412,238,247,711.40,147.59,26.73,1.0000,0
413,239,247,750.89,147.39,26.76,1.0000,0
414,240,247,751.09,186.88,26.65,1.0000,0
415,241,247,711.60,187.08,26.62,1.0000,0
416,238,248,691.64,147.75,46.46,0.4800,0
417,241,248,691.84,187.23,46.35,0.4400,0
418,242,248,691.81,187.34,85.84,0.1200,1
419,243,248,691.61,147.85,85.95,0.0800,1
420,239,249,770.61,147.34,46.52,0.0000,1
421,240,249,770.82,186.83,46.41,0.0000,1
422,244,249,770.58,147.45,86.01,0.0000,1
423,245,249,770.78,186.94,85.90,0.0000,1
424,238,250,711.28,127.90,46.53,0.3600,0
425,239,250,750.77,127.70,46.56,1.0000,0
426,243,250,711.25,128.01,86.02,1.0000,0
427,244,250,750.74,127.81,86.05,0.0000,1
428,248,246,711.45,167.50,85.91,0.0000,1
429,248,247,711.48,167.39,46.42,1.0000,0
430,248,251,711.57,187.19,66.11,0.2000,1
431,248,250,711.37,147.70,66.22,0.1600,1
432,249,247,750.97,167.19,46.45,0.2400,1
433,249,251,751.06,186.99,66.14,0.1200,1
434,249,246,750.94,167.30,85.94,0.7200,0
435,250,247,731.13,147.54,46.49,0.2000,1
436,250,249,750.85,147.50,66.25,0.2000,1
437,250,246,731.09,147.65,85.98,0.1600,1
438,251,246,731.30,187.14,85.87,0.1200,1
439,251,247,731.33,187.03,46.38,0.4000,0
440,252,261,79.99,229.78,25.99,1.0000,0
441,253,261,119.48,229.58,26.02,1.0000,0
442,254,261,119.68,269.07,25.91,1.0000,0
443,255,261,80.19,269.27,25.88,1.0000,0
444,252,262,60.23,229.93,45.71,0.2000,1
445,255,262,60.43,269.42,45.61,0.5200,0
446,256,262,60.40,269.53,85.09,0.0000,1
447,257,262,60.20,230.04,85.20,0.9600,0
448,252,264,79.87,210.09,45.79,1.0000,0
449,253,264,119.36,209.89,45.82,1.0000,0
450,257,264,79.84,210.20,85.27,0.7600,0
451,258,264,119.33,210.00,85.31,1.0000,0
452,262,260,80.04,249.69,85.16,1.0000,0
453,262,261,80.07,249.58,45.68,0.9600,0
454,262,265,80.16,269.38,65.37,0.8800,0
455,262,264,79.96,229.89,65.48,1.0000,0
456,263,261,119.56,249.38,45.71,1.0000,0
457,263,265,119.64,269.18,65.40,0.9600,0
458,263,260,119.53,249.49,85.20,0.6000,0
459,264,261,99.72,229.73,45.75,1.0000,0
460,264,263,119.44,229.69,65.51,0.9600,0
461,264,260,99.68,229.84,85.24,1.0000,0
462,265,260,99.88,269.33,85.13,1.0000,0
463,265,261,99.92,269.22,45.64,1.0000,0
464,266,275,158.96,229.38,26.05,1.0000,0
465,267,275,198.45,229.18,26.08,1.0000,0
466,268,275,198.65,268.66,25.98,1.0000,0
467,269,275,159.17,268.87,25.94,1.0000,0
468,266,276,139.20,229.53,45.78,1.0000,0
469,269,276,139.40,269.02,45.67,1.0000,0
470,270,276,139.37,269.13,85.16,1.0000,0
471,271,276,139.17,229.64,85.27,1.0000,0
472,266,278,158.85,209.69,45.85,1.0000,0
473,267,278,198.34,209.49,45.88,1.0000,0
474,271,278,158.82,209.80,85.34,1.0000,0
475,272,278,198.30,209.60,85.37,0.8800,0
476,276,274,159.02,249.29,85.23,1.0000,0
477,276,275,159.05,249.18,45.74,1.0000,0
478,276,279,159.13,268.98,65.43,0.9600,0
479,276,278,158.93,229.49,65.54,1.0000,0
480,277,275,198.54,248.98,45.77,1.0000,0
481,277,279,198.62,268.77,65.46,1.0000,0
482,277,274,198.50,249.08,85.26,1.0000,0
483,278,275,178.69,229.33,45.81,1.0000,0
484,278,277,198.42,229.29,65.57,1.0000,0
485,278,274,178.66,229.44,85.30,1.0000,0
486,279,274,178.86,268.93,85.19,1.0000,0
487,279,275,178.89,268.82,45.70,1.0000,0
488,280,289,237.94,228.98,26.12,1.0000,0
489,281,289,277.43,228.78,26.15,1.0000,0
490,282,289,277.63,268.26,26.04,1.0000,0
491,283,289,238.14,268.46,26.01,1.0000,0
492,280,290,218.18,229.13,45.85,1.0000,0
493,283,290,218.38,268.62,45.74,1.0000,0
494,284,290,218.35,268.73,85.22,1.0000,0
495,285,290,218.15,229.24,85.33,1.0000,0
496,280,292,237.82,209.29,45.92,1.0000,0
497,281,292,277.31,209.09,45.95,0.9200,0
498,285,292,237.79,209.40,85.40,1.0000,0
499,286,292,277.28,209.20,85.44,1.0000,0
500,290,288,237.99,248.88,85.30,1.0000,0
501,290,289,238.03,248.77,45.81,1.0000,0
502,290,293,238.11,268.57,65.50,0.6400,0
503,290,292,237.91,229.09,65.61,1.0000,0
504,291,289,277.51,248.57,45.84,1.0000,0
505,291,293,277.60,268.37,65.53,0.9600,0
506,291,288,277.48,248.68,85.33,1.0000,0
507,292,289,257.67,228.93,45.88,1.0000,0
508,292,291,277.40,228.88,65.64,1.0000,0
509,292,288,257.64,229.04,85.37,1.0000,0
510,293,288,257.84,268.53,85.26,1.0000,0
511,293,289,257.87,268.42,45.77,1.0000,0
512,294,303,316.92,228.57,26.18,1.0000,0
513,295,303,356.41,228.37,26.22,1.0000,0
514,296,303,356.61,267.86,26.11,1.0000,0
515,297,303,317.12,268.06,26.07,1.0000,0
516,294,304,297.16,228.73,45.91,1.0000,0
517,297,304,297.36,268.22,45.80,1.0000,0
518,298,304,297.33,268.33,85.29,1.0000,0
519,299,304,297.13,228.84,85.40,1.0000,0
520,294,306,316.80,208.89,45.98,1.0000,0
521,295,306,356.29,208.68,46.01,1.0000,0
522,299,306,316.77,208.99,85.47,1.0000,0
523,300,306,356.26,208.79,85.50,0.8400,0
524,304,302,316.97,248.48,85.36,1.0000,0
525,304,303,317.00,248.37,45.87,1.0000,0
526,304,307,317.09,268.17,65.56,1.0000,0
527,304,306,316.89,228.68,65.67,1.0000,0
528,305,303,356.49,248.17,45.91,1.0000,0
529,305,307,356.57,267.97,65.59,1.0000,0
530,305,302,356.46,248.28,85.39,1.0000,0
531,306,303,336.65,228.53,45.94,1.0000,0
532,306,305,356.37,228.48,65.70,1.0000,0
533,306,302,336.61,228.64,85.43,1.0000,0
534,307,302,336.81,268.13,85.32,1.0000,0
535,307,303,336.85,268.02,45.83,1.0000,0
536,308,317,395.89,228.17,26.25,1.0000,0
537,309,317,435.38,227.97,26.28,1.0000,0
538,310,317,435.58,267.46,26.17,1.0000,0
539,311,317,396.09,267.66,26.14,1.0000,0
540,308,318,376.13,228.33,45.98,1.0000,0
541,311,318,376.33,267.82,45.87,1.0000,0
542,312,318,376.30,267.93,85.36,1.0000,0
543,313,318,376.10,228.44,85.46,1.0000,0
544,308,320,395.78,208.48,46.05,1.0000,0
545,309,320,435.27,208.28,46.08,1.0000,0
546,313,320,395.75,208.59,85.54,1.0000,0
547,314,320,435.23,208.39,85.57,0.6800,0
548,318,316,395.95,248.08,85.43,1.0000,0
549,318,317,395.98,247.97,45.94,1.0000,0
550,318,321,396.06,267.77,65.63,0.9600,0
551,318,320,395.86,228.28,65.74,1.0000,0
552,319,317,435.47,247.77,45.97,1.0000,0
553,319,321,435.55,267.57,65.66,1.0000,0
554,319,316,435.43,247.88,85.46,1.0000,0
555,320,317,415.62,228.13,46.01,1.0000,0
556,320,319,435.35,228.08,65.77,0.6000,0
557,320,316,415.59,228.24,85.50,1.0000,0
558,321,316,415.79,267.72,85.39,1.0000,0
559,321,317,415.82,267.62,45.90,1.0000,0
560,322,331,474.87,227.77,26.31,1.0000,0
561,323,331,514.36,227.57,26.35,1.0000,0
562,324,331,514.56,267.06,26.24,1.0000,0
563,325,331,475.07,267.26,26.20,1.0000,0
564,322,332,455.11,227.93,46.04,1.0000,0
565,325,332,455.31,267.41,45.93,1.0000,0
566,326,332,455.28,267.52,85.42,1.0000,0
567,327,332,455.08,228.04,85.53,1.0000,0
568,322,334,474.75,208.08,46.11,1.0000,0
569,323,334,514.24,207.88,46.15,1.0000,0
570,327,334,474.72,208.19,85.60,1.0000,0
571,328,334,514.21,207.99,85.63,0.2800,1
572,332,330,474.92,247.68,85.49,0.4800,0
573,332,331,474.95,247.57,46.00,1.0000,0
574,332,335,475.04,267.37,65.69,0.2400,1
575,332,334,474.84,227.88,65.80,0.5200,0
576,333,331,514.44,247.37,46.04,0.9200,0
577,333,335,514.53,267.17,65.73,0.1600,1
578,333,330,514.41,247.48,85.52,1.0000,0
579,334,331,494.60,227.73,46.07,1.0000,0
580,334,333,514.33,227.68,65.84,0.2000,1
581,334,330,494.57,227.83,85.56,0.9600,0
582,335,330,494.77,267.32,85.45,0.3600,0
583,335,331,494.80,267.21,45.97,1.0000,0
584,336,345,553.85,227.37,26.38,1.0000,0
585,337,345,593.34,227.17,26.41,1.0000,0
586,338,345,593.54,266.66,26.30,1.0000,0
587,339,345,554.05,266.86,26.27,1.0000,0
588,336,346,534.09,227.52,46.11,1.0000,0
589,339,346,534.29,267.01,46.00,1.0000,0
590,340,346,534.26,267.12,85.49,0.7600,0
591,341,346,534.05,227.63,85.60,0.9600,0
592,336,348,553.73,207.68,46.18,0.7200,0
593,337,348,593.22,207.48,46.21,1.0000,0
594,341,348,553.70,207.79,85.67,1.0000,0
595,342,348,593.19,207.59,85.70,0.0000,1
596,346,344,553.90,247.28,85.56,0.0800,1
597,346,345,553.93,247.17,46.07,1.0000,0
598,346,349,554.02,266.97,65.76,0.0800,1
599,346,348,553.81,227.48,65.87,0.2000,1
600,347,345,593.42,246.97,46.10,0.6800,0
601,347,349,593.50,266.77,65.79,0.1600,1
602,347,344,593.39,247.08,85.59,1.0000,0
603,348,345,573.58,227.32,46.14,0.9200,0
604,348,347,593.30,227.28,65.90,0.1200,1
605,348,344,573.54,227.43,85.63,0.2400,1
606,349,344,573.74,266.92,85.52,0.0800,1
607,349,345,573.78,266.81,46.03,0.7600,0
608,350,359,632.82,226.97,26.44,1.0000,0
609,351,359,672.31,226.77,26.48,1.0000,0
610,352,359,672.51,266.26,26.37,1.0000,0
611,353,359,633.02,266.46,26.34,1.0000,0
612,350,360,613.06,227.12,46.17,0.7200,0
613,353,360,613.26,266.61,46.06,0.9600,0
614,354,360,613.23,266.72,85.55,0.1200,1
615,355,360,613.03,227.23,85.66,0.1200,1
616,350,362,632.71,207.28,46.24,0.8000,0
617,351,362,672.20,207.08,46.28,1.0000,0
618,355,362,632.68,207.39,85.73,1.0000,0
619,356,362,672.16,207.19,85.76,0.0000,1
620,360,358,632.88,246.88,85.62,0.0000,1
621,360,359,632.91,246.77,46.13,1.0000,0
622,360,363,632.99,266.57,65.82,0.1200,1
623,360,362,632.79,227.08,65.93,0.1200,1
624,361,359,672.40,246.57,46.17,0.5200,0
625,361,363,672.48,266.36,65.86,0.1200,1
626,361,358,672.36,246.68,85.66,1.0000,0
627,362,359,652.55,226.92,46.21,0.6400,0
628,362,361,672.28,226.88,65.97,0.1600,1
629,362,358,652.52,227.03,85.69,0.1200,1
630,363,358,652.72,266.52,85.58,0.1200,1
631,363,359,652.75,266.41,46.10,0.6000,0
632,364,373,711.80,226.57,26.51,1.0000,0
633,365,373,751.29,226.37,26.54,1.0000,0
634,366,373,751.49,265.85,26.43,1.0000,0
635,367,373,712.00,266.05,26.40,1.0000,0
636,364,374,692.04,226.72,46.24,0.5600,0
637,367,374,692.24,266.21,46.13,0.5200,0
638,368,374,692.21,266.32,85.62,0.1200,1
639,369,374,692.01,226.83,85.73,0.1200,1
640,365,375,771.02,226.32,46.30,0.0000,1
641,366,375,771.22,265.81,46.19,0.0000,1
642,370,375,770.98,226.43,85.79,0.0000,1
643,371,375,771.19,265.92,85.68,0.0000,1
644,364,376,711.68,206.88,46.31,0.4400,0
645,365,376,751.17,206.68,46.34,1.0000,0
646,369,376,711.65,206.99,85.80,1.0000,0
647,370,376,751.14,206.79,85.83,0.0000,1
648,374,372,711.85,246.47,85.69,0.0000,1
649,374,373,711.88,246.37,46.20,1.0000,0
650,374,377,711.97,266.16,65.89,0.1600,1
651,374,376,711.77,226.68,66.00,0.1200,1
652,375,373,751.37,246.16,46.23,0.2800,1
653,375,377,751.46,265.96,65.92,0.1200,1
654,375,372,751.34,246.27,85.72,1.0000,0
655,376,373,731.53,226.52,46.27,0.2000,1
656,376,375,751.26,226.48,66.03,0.2000,1
657,376,372,731.50,226.63,85.76,0.1200,1
658,377,372,731.70,266.12,85.65,0.1200,1
659,377,373,731.73,266.01,46.16,0.3600,0
660,378,387,80.39,308.76,25.77,1.0000,0
661,379,387,119.88,308.55,25.80,1.0000,0
662,380,387,120.08,348.04,25.69,1.0000,0
663,381,387,80.59,348.24,25.66,1.0000,0
664,378,388,60.63,308.91,45.50,0.0000,1
665,381,388,60.83,348.40,45.39,0.7200,0
666,382,388,60.80,348.51,84.88,0.0000,1
667,383,388,60.60,309.02,84.98,1.0000,0
668,378,390,80.27,289.07,45.57,1.0000,0
669,379,390,119.76,288.87,45.60,0.9600,0
670,383,390,80.24,289.18,85.06,0.6400,0
671,384,390,119.73,288.97,85.09,1.0000,0
672,388,386,80.44,328.66,84.95,1.0000,0
673,388,387,80.47,328.55,45.46,0.3600,0
674,388,391,80.56,348.35,65.15,0.6000,0
675,388,390,80.36,308.86,65.26,1.0000,0
676,389,387,119.96,328.35,45.49,1.0000,0
677,389,391,120.05,348.15,65.18,1.0000,0
678,389,386,119.93,328.46,84.98,0.2800,1
679,390,387,100.12,308.71,45.53,1.0000,0
680,390,389,119.85,308.66,65.29,0.9600,0
681,390,386,100.09,308.82,85.02,0.7200,0
682,391,386,100.29,348.31,84.91,1.0000,0
683,391,387,100.32,348.20,45.42,0.7200,0
684,392,401,159.37,308.35,25.83,1.0000,0
685,393,401,198.85,308.15,25.87,1.0000,0
686,394,401,199.06,347.64,25.76,1.0000,0
687,395,401,159.57,347.84,25.72,1.0000,0
688,392,402,139.61,308.51,45.56,1.0000,0
689,395,402,139.81,348.00,45.45,1.0000,0
690,396,402,139.77,348.11,84.94,1.0000,0
691,397,402,139.57,308.62,85.05,1.0000,0
692,392,404,159.25,288.66,45.63,1.0000,0
693,393,404,198.74,288.46,45.67,1.0000,0
694,397,404,159.22,288.77,85.12,1.0000,0
695,398,404,198.71,288.57,85.15,1.0000,0
696,402,400,159.42,328.26,85.01,1.0000,0
697,402,401,159.45,328.15,45.52,1.0000,0
698,402,405,159.53,347.95,65.21,1.0000,0
699,402,404,159.33,308.46,65.32,1.0000,0
700,403,401,198.94,327.95,45.56,1.0000,0
701,403,405,199.02,347.75,65.25,0.8400,0
702,403,400,198.91,328.06,85.04,1.0000,0
703,404,401,179.09,308.31,45.59,1.0000,0
704,404,403,198.82,308.26,65.35,0.8400,0
705,404,400,179.06,308.42,85.08,1.0000,0
706,405,400,179.26,347.91,84.97,1.0000,0
707,405,401,179.30,347.80,45.48,1.0000,0
708,406,415,238.34,307.95,25.90,1.0000,0
709,407,415,277.83,307.75,25.93,1.0000,0
710,408,415,278.03,347.24,25.82,1.0000,0
711,409,415,238.54,347.44,25.79,1.0000,0
712,406,416,218.58,308.11,45.63,1.0000,0
713,409,416,218.78,347.60,45.52,1.0000,0
714,410,416,218.75,347.70,85.01,1.0000,0
715,411,416,218.55,308.22,85.12,1.0000,0
716,406,418,238.23,288.26,45.70,1.0000,0
717,407,418,277.71,288.06,45.73,1.0000,0
718,411,418,238.19,288.37,85.19,1.0000,0
719,412,418,277.68,288.17,85.22,1.0000,0
720,416,414,238.39,327.86,85.08,1.0000,0
721,416,415,238.43,327.75,45.59,1.0000,0
722,416,419,238.51,347.55,65.28,1.0000,0
723,416,418,238.31,308.06,65.39,0.8800,0
724,417,415,277.92,327.55,45.62,1.0000,0
725,417,419,278.00,347.35,65.31,0.8000,0
726,417,414,277.88,327.66,85.11,1.0000,0
727,418,415,258.07,307.91,45.66,1.0000,0
728,418,417,277.80,307.86,65.42,0.6400,0
729,418,414,258.04,308.02,85.15,1.0000,0
730,419,414,258.24,347.50,85.04,1.0000,0
731,419,415,258.27,347.39,45.55,1.0000,0
732,420,429,317.32,307.55,25.96,1.0000,0
733,421,429,356.81,307.35,26.00,1.0000,0
734,422,429,357.01,346.84,25.89,1.0000,0
735,423,429,317.52,347.04,25.86,1.0000,0
736,420,430,297.56,307.71,45.69,1.0000,0
737,423,430,297.76,347.19,45.58,1.0000,0
738,424,430,297.73,347.30,85.07,1.0000,0
739,425,430,297.53,307.82,85.18,1.0000,0
740,420,432,317.20,287.86,45.76,1.0000,0
741,421,432,356.69,287.66,45.80,1.0000,0
742,425,432,317.17,287.97,85.25,1.0000,0
743,426,432,356.66,287.77,85.28,1.0000,0
744,430,428,317.37,327.46,85.14,1.0000,0
745,430,429,317.40,327.35,45.65,1.0000,0
746,430,433,317.49,347.15,65.34,0.4000,0
747,430,432,317.29,307.66,65.45,0.8400,0
748,431,429,356.89,327.15,45.69,1.0000,0
749,431,433,356.98,346.95,65.38,0.7200,0
750,431,428,356.86,327.26,85.18,1.0000,0
751,432,429,337.05,307.50,45.73,1.0000,0
752,432,431,356.78,307.46,65.49,0.2800,1
753,432,428,337.02,307.61,85.21,1.0000,0
754,433,428,337.22,347.10,85.10,1.0000,0
755,433,429,337.25,346.99,45.62,1.0000,0
756,434,443,396.30,307.15,26.03,1.0000,0
757,435,443,435.78,306.95,26.06,1.0000,0
758,436,443,435.98,346.44,25.95,1.0000,0
759,437,443,396.50,346.64,25.92,1.0000,0
760,434,444,376.54,307.30,45.76,1.0000,0
761,437,444,376.74,346.79,45.65,1.0000,0
762,438,444,376.70,346.90,85.14,1.0000,0
763,439,444,376.50,307.41,85.25,1.0000,0
764,434,446,396.18,287.46,45.83,1.0000,0
765,435,446,435.67,287.26,45.86,1.0000,0
766,439,446,396.15,287.57,85.32,1.0000,0
767,440,446,435.64,287.37,85.35,0.6400,0
768,444,442,396.35,327.06,85.21,1.0000,0
769,444,443,396.38,326.95,45.72,1.0000,0
770,444,447,396.46,346.75,65.41,0.0800,1
771,444,446,396.26,307.26,65.52,0.7200,0
772,445,443,435.87,326.75,45.75,1.0000,0
773,445,447,435.95,346.55,65.44,0.1200,1
774,445,442,435.84,326.86,85.24,1.0000,0
775,446,443,416.02,307.10,45.79,1.0000,0
776,446,445,435.75,307.06,65.55,0.7600,0
777,446,442,415.99,307.21,85.28,1.0000,0
778,447,442,416.19,346.70,85.17,1.0000,0
779,447,443,416.22,346.59,45.68,1.0000,0
780,448,457,475.27,306.75,26.10,1.0000,0
781,449,457,514.76,306.55,26.13,1.0000,0
782,450,457,514.96,346.03,26.02,1.0000,0
783,451,457,475.47,346.24,25.99,1.0000,0
784,448,458,455.51,306.90,45.82,1.0000,0
785,451,458,455.71,346.39,45.71,1.0000,0
786,452,458,455.68,346.50,85.20,1.0000,0
787,453,458,455.48,307.01,85.31,1.0000,0
788,448,460,475.16,287.06,45.89,1.0000,0
789,449,460,514.64,286.86,45.93,1.0000,0
790,453,460,475.12,287.17,85.38,1.0000,0
791,454,460,514.61,286.97,85.42,0.0800,1
792,458,456,475.32,326.66,85.27,0.2400,1
793,458,457,475.36,326.55,45.78,1.0000,0
794,458,461,475.44,346.35,65.47,0.1200,1
795,458,460,475.24,306.86,65.58,0.5600,0
796,459,457,514.85,326.35,45.82,0.8800,0
797,459,461,514.93,346.14,65.51,0.1200,1
798,459,456,514.81,326.45,85.31,1.0000,0
799,460,457,495.00,306.70,45.86,1.0000,0
800,460,459,514.73,306.66,65.62,0.1600,1
801,460,456,494.97,306.81,85.34,1.0000,0
802,461,456,495.17,346.30,85.24,1.0000,0
803,461,457,495.20,346.19,45.75,1.0000,0
804,462,471,554.25,306.35,26.16,1.0000,0
805,463,471,593.74,306.15,26.19,1.0000,0
806,464,471,593.94,345.63,26.08,1.0000,0
807,465,471,554.45,345.83,26.05,1.0000,0
808,462,472,534.49,306.50,45.89,0.9200,0
809,465,472,534.69,345.99,45.78,1.0000,0
810,466,472,534.66,346.10,85.27,0.3600,0
811,467,472,534.46,306.61,85.38,0.9200,0
812,462,474,554.13,286.66,45.96,0.7600,0
813,463,474,593.62,286.46,45.99,0.9600,0
814,467,474,554.10,286.77,85.45,1.0000,0
815,468,474,593.59,286.57,85.48,0.0000,1
816,472,470,554.30,326.25,85.34,0.0400,1
817,472,471,554.33,326.14,45.85,1.0000,0
818,472,475,554.42,345.94,65.54,0.0800,1
819,472,474,554.22,306.46,65.65,0.1600,1
820,473,471,593.82,325.94,45.88,0.6400,0
821,473,475,593.91,345.74,65.57,0.1200,1
822,473,470,593.79,326.05,85.37,1.0000,0
823,474,471,573.98,306.30,45.92,1.0000,0
824,474,473,593.71,306.25,65.68,0.1200,1
825,474,470,573.94,306.41,85.41,0.5200,0
826,475,470,574.15,345.90,85.30,0.3200,0
827,475,471,574.18,345.79,45.81,0.9200,0
828,476,485,633.23,305.94,26.23,1.0000,0
829,477,485,672.71,305.74,26.26,1.0000,0
830,478,485,672.91,345.23,26.15,1.0000,0
831,479,485,633.43,345.43,26.12,1.0000,0
832,476,486,613.47,306.10,45.95,0.8000,0
833,479,486,613.67,345.59,45.84,0.9600,0
834,480,486,613.63,345.70,85.33,0.1200,1
835,481,486,613.43,306.21,85.44,0.4800,0
836,476,488,633.11,286.25,46.03,0.6000,0
837,477,488,672.60,286.05,46.06,1.0000,0
838,481,488,633.08,286.36,85.51,1.0000,0
839,482,488,672.57,286.16,85.55,0.0000,1
840,486,484,633.28,325.85,85.40,0.0000,1
841,486,485,633.31,325.74,45.92,1.0000,0
842,486,489,633.39,345.54,65.61,0.1200,1
843,486,488,633.19,306.05,65.71,0.1200,1
844,487,485,672.80,325.54,45.95,0.4800,0
845,487,489,672.88,345.34,65.64,0.1200,1
846,487,484,672.77,325.65,85.44,0.6800,0
847,488,485,652.95,305.90,45.99,0.8400,0
848,488,487,672.68,305.85,65.75,0.1600,1
849,488,484,652.92,306.01,85.48,0.1200,1
850,489,484,653.12,345.50,85.37,0.2400,1
851,489,485,653.15,345.39,45.88,0.5600,0
852,490,499,712.20,305.54,26.29,1.0000,0
853,491,499,751.69,305.34,26.32,1.0000,0
854,492,499,751.89,344.83,26.22,1.0000,0
855,493,499,712.40,345.03,26.18,1.0000,0
856,490,500,692.44,305.70,46.02,0.6400,0
857,493,500,692.64,345.19,45.91,0.5200,0
858,494,500,692.61,345.30,85.40,0.0800,1
859,495,500,692.41,305.81,85.51,0.1600,1
860,491,501,771.42,305.30,46.08,0.0000,1
861,492,501,771.62,344.78,45.98,0.0000,1
862,496,501,771.39,305.41,85.57,0.0000,1
863,497,501,771.59,344.89,85.46,0.0000,1
864,490,502,712.09,285.85,46.09,0.4400,0
865,491,502,751.57,285.65,46.12,1.0000,0
866,495,502,712.05,285.96,85.58,1.0000,0
867,496,502,751.54,285.76,85.61,0.0000,1
868,500,498,712.25,325.45,85.47,0.0000,1
869,500,499,712.29,325.34,45.98,1.0000,0
870,500,503,712.37,345.14,65.67,0.2000,1
871,500,502,712.17,305.65,65.78,0.1200,1
872,501,499,751.77,325.14,46.01,0.2800,1
873,501,503,751.86,344.94,65.70,0.0800,1
874,501,498,751.74,325.25,85.50,0.8000,0
875,502,499,731.93,305.50,46.05,0.2400,1
876,502,501,751.66,305.45,65.81,0.2000,1
877,502,498,731.90,305.61,85.54,0.1200,1
878,503,498,732.10,345.09,85.43,0.1200,1
879,503,499,732.13,344.99,45.94,0.4400,0
880,504,513,80.79,387.73,25.55,1.0000,0
881,505,513,120.28,387.53,25.58,1.0000,0
882,506,513,120.48,427.02,25.47,1.0000,0
883,507,513,80.99,427.22,25.44,1.0000,0
884,504,514,61.03,387.89,45.28,0.0000,1
885,507,514,61.23,427.37,45.17,0.6400,0
886,508,514,61.20,427.48,84.66,0.0000,1
887,509,514,61.00,388.00,84.77,1.0000,0
888,504,516,80.67,368.04,45.35,1.0000,0
889,505,516,120.16,367.84,45.38,0.9200,0
890,509,516,80.64,368.15,84.84,0.0800,1
891,510,516,120.13,367.95,84.87,1.0000,0
892,514,512,80.84,407.64,84.73,1.0000,0
893,514,513,80.88,407.53,45.24,0.3600,0
894,514,517,80.96,427.33,64.93,0.6800,0
895,514,516,80.76,387.84,65.04,1.0000,0
896,515,513,120.36,407.33,45.27,1.0000,0
897,515,517,120.45,427.13,64.96,0.9600,0
898,515,512,120.33,407.44,84.76,0.5200,0
899,516,513,100.52,387.69,45.31,1.0000,0
900,516,515,120.25,387.64,65.07,0.8400,0
901,516,512,100.49,387.80,84.80,0.5600,0
902,517,512,100.69,427.28,84.69,1.0000,0
903,517,513,100.72,427.17,45.20,0.7200,0
904,518,527,159.77,387.33,25.61,1.0000,0
905,519,527,199.26,387.13,25.65,1.0000,0
906,520,527,199.46,426.62,25.54,1.0000,0
907,521,527,159.97,426.82,25.51,1.0000,0
908,518,528,140.01,387.49,45.34,1.0000,0
909,521,528,140.21,426.97,45.23,1.0000,0
910,522,528,140.18,427.08,84.72,0.8800,0
911,523,528,139.98,387.59,84.83,1.0000,0
912,518,530,159.65,367.64,45.41,1.0000,0
913,519,530,199.14,367.44,45.45,1.0000,0
914,523,530,159.62,367.75,84.90,0.9200,0
915,524,530,199.11,367.55,84.94,1.0000,0
916,528,526,159.82,407.24,84.79,1.0000,0
917,528,527,159.85,407.13,45.30,1.0000,0
918,528,531,159.94,426.93,64.99,0.9200,0
919,528,530,159.74,387.44,65.10,0.8800,0
920,529,527,199.34,406.93,45.34,1.0000,0
921,529,531,199.42,426.73,65.03,0.8800,0
922,529,526,199.31,407.04,84.83,0.9600,0
923,530,527,179.50,387.28,45.38,1.0000,0
924,530,529,199.22,387.24,65.14,1.0000,0
925,530,526,179.46,387.39,84.86,1.0000,0
926,531,526,179.66,426.88,84.76,1.0000,0
927,531,527,179.70,426.77,45.27,1.0000,0
928,532,541,238.74,386.93,25.68,1.0000,0
929,533,541,278.23,386.73,25.71,1.0000,0
930,534,541,278.43,426.22,25.60,1.0000,0
931,535,541,238.95,426.42,25.57,1.0000,0
932,532,542,218.98,387.08,45.41,1.0000,0
933,535,542,219.19,426.57,45.30,1.0000,0
934,536,542,219.15,426.68,84.79,1.0000,0
935,537,542,218.95,387.19,84.90,1.0000,0
936,532,544,238.63,367.24,45.48,1.0000,0
937,533,544,278.12,367.04,45.51,1.0000,0
938,537,544,238.60,367.35,84.97,1.0000,0
939,538,544,278.08,367.15,85.00,1.0000,0
940,542,540,238.80,406.84,84.86,1.0000,0
941,542,541,238.83,406.73,45.37,1.0000,0
942,542,545,238.91,426.53,65.06,1.0000,0
943,542,544,238.71,387.04,65.17,0.6000,0
944,543,541,278.32,406.53,45.40,1.0000,0
945,543,545,278.40,426.33,65.09,0.7200,0
946,543,540,278.28,406.64,84.89,0.0400,1
947,544,541,258.47,386.88,45.44,1.0000,0
948,544,543,278.20,386.84,65.20,0.7200,0
949,544,540,258.44,386.99,84.93,1.0000,0
950,545,540,258.64,426.48,84.82,1.0000,0
951,545,541,258.67,426.37,45.33,1.0000,0
952,546,555,317.72,386.53,25.75,1.0000,0
953,547,555,357.21,386.33,25.78,1.0000,0
954,548,555,357.41,425.81,25.67,1.0000,0
955,549,555,317.92,426.02,25.64,1.0000,0
956,546,556,297.96,386.68,45.47,1.0000,0
957,549,556,298.16,426.17,45.36,1.0000,0
958,550,556,298.13,426.28,84.85,1.0000,0
959,551,556,297.93,386.79,84.96,1.0000,0
960,546,558,317.60,366.84,45.54,1.0000,0
961,547,558,357.09,366.64,45.58,1.0000,0
962,551,558,317.57,366.95,85.03,1.0000,0
963,552,558,357.06,366.75,85.07,1.0000,0
964,556,554,317.77,406.44,84.92,1.0000,0
965,556,555,317.81,406.33,45.44,1.0000,0
966,556,559,317.89,426.12,65.13,0.7200,0
967,556,558,317.69,386.64,65.23,0.6400,0
968,557,555,357.29,406.12,45.47,1.0000,0
969,557,559,357.38,425.92,65.16,0.3200,0
970,557,554,357.26,406.23,84.96,1.0000,0
971,558,555,337.45,386.48,45.51,1.0000,0
972,558,557,357.18,386.44,65.27,0.3600,0
973,558,554,337.42,386.59,85.00,1.0000,0
974,559,554,337.62,426.08,84.89,1.0000,0
975,559,555,337.65,425.97,45.40,1.0000,0
976,560,569,396.70,386.13,25.81,1.0000,0
977,561,569,436.19,385.92,25.84,1.0000,0
978,562,569,436.39,425.41,25.73,1.0000,0
979,563,569,396.90,425.61,25.70,1.0000,0
980,560,570,376.94,386.28,45.54,1.0000,0
981,563,570,377.14,425.77,45.43,1.0000,0
982,564,570,377.11,425.88,84.92,1.0000,0
983,565,570,376.91,386.39,85.03,1.0000,0
984,560,572,396.58,366.44,45.61,0.9200,0
985,561,572,436.07,366.24,45.64,1.0000,0
986,565,572,396.55,366.55,85.10,1.0000,0
987,566,572,436.04,366.34,85.13,1.0000,0
988,570,568,396.75,406.03,84.99,1.0000,0
989,570,569,396.78,405.92,45.50,1.0000,0
990,570,573,396.87,425.72,65.19,0.1600,1
991,570,572,396.67,386.23,65.30,0.1200,1
992,571,569,436.27,405.72,45.53,1.0000,0
993,571,573,436.35,425.52,65.22,0.1200,1
994,571,568,436.24,405.83,85.02,1.0000,0
995,572,569,416.43,386.08,45.57,1.0000,0
996,572,571,436.15,386.03,65.33,0.1600,1
997,572,568,416.39,386.19,85.06,1.0000,0
998,573,568,416.59,425.68,84.95,1.0000,0
999,573,569,416.63,425.57,45.46,1.0000,0
1000,574,583,475.67,385.72,25.88,1.0000,0
1001,575,583,515.16,385.52,25.91,1.0000,0
1002,576,583,515.36,425.01,25.80,1.0000,0
1003,577,583,475.88,425.21,25.77,1.0000,0
1004,574,584,455.91,385.88,45.60,1.0000,0
1005,577,584,456.11,425.37,45.50,1.0000,0
1006,578,584,456.08,425.48,84.98,1.0000,0
1007,579,584,455.88,385.99,85.09,1.0000,0
1008,574,586,475.56,366.03,45.68,1.0000,0
1009,575,586,515.05,365.83,45.71,1.0000,0
1010,579,586,475.53,366.14,85.16,1.0000,0
1011,580,586,515.01,365.94,85.20,0.3600,0
1012,584,582,475.73,405.63,85.06,0.8400,0
1013,584,583,475.76,405.52,45.57,1.0000,0
1014,584,587,475.84,425.32,65.26,0.1200,1
1015,584,586,475.64,385.83,65.37,0.1200,1
1016,585,583,515.25,405.32,45.60,0.8400,0
1017,585,587,515.33,425.12,65.29,0.1200,1
1018,585,582,515.21,405.43,85.09,1.0000,0
1019,586,583,495.40,385.68,45.64,1.0000,0
1020,586,585,515.13,385.63,65.40,0.1200,1
1021,586,582,495.37,385.79,85.13,0.8400,0
1022,587,582,495.57,425.28,85.02,1.0000,0
1023,587,583,495.60,425.17,45.53,1.0000,0
1024,588,597,554.65,385.32,25.94,1.0000,0
1025,589,597,594.14,385.12,25.97,1.0000,0
1026,590,597,594.34,424.61,25.87,1.0000,0
1027,591,597,554.85,424.81,25.83,1.0000,0
1028,588,598,534.89,385.48,45.67,1.0000,0
1029,591,598,535.09,424.97,45.56,1.0000,0
1030,592,598,535.06,425.07,85.05,0.7600,0
1031,593,598,534.86,385.59,85.16,1.0000,0
1032,588,600,554.53,365.63,45.74,0.7600,0
1033,589,600,594.02,365.43,45.77,1.0000,0
1034,593,600,554.50,365.74,85.23,1.0000,0
1035,594,600,593.99,365.54,85.26,0.0000,1
1036,598,596,554.70,405.23,85.12,0.1200,1
1037,598,597,554.74,405.12,45.63,1.0000,0
1038,598,601,554.82,424.92,65.32,0.0800,1
1039,598,600,554.62,385.43,65.43,0.1200,1
1040,599,597,594.22,404.92,45.66,0.5600,0
1041,599,601,594.31,424.72,65.35,0.1600,1
1042,599,596,594.19,405.03,85.15,1.0000,0
1043,600,597,574.38,385.28,45.70,1.0000,0
1044,600,599,594.11,385.23,65.46,0.1200,1
1045,600,596,574.35,385.39,85.19,0.6400,0
1046,601,596,574.55,424.87,85.08,0.5600,0
1047,601,597,574.58,424.76,45.59,0.8400,0
1048,602,611,633.63,384.92,26.01,1.0000,0
1049,603,611,673.12,384.72,26.04,1.0000,0
1050,604,611,673.32,424.21,25.93,1.0000,0
1051,605,611,633.83,424.41,25.90,1.0000,0
1052,602,612,613.87,385.08,45.74,0.6000,0
1053,605,612,614.07,424.56,45.63,1.0000,0
1054,606,612,614.04,424.67,85.11,0.1200,1
1055,607,612,613.83,385.19,85.22,0.2800,1
1056,602,614,633.51,365.23,45.81,0.5200,0
1057,603,614,673.00,365.03,45.84,1.0000,0
1058,607,614,633.48,365.34,85.30,1.0000,0
1059,608,614,672.97,365.14,85.33,0.0000,1
1060,612,610,633.68,404.83,85.19,0.0000,1
1061,612,611,633.71,404.72,45.70,1.0000,0
1062,612,615,633.80,424.52,65.39,0.1200,1
1063,612,614,633.60,385.03,65.50,0.1600,1
1064,613,611,673.20,404.52,45.73,0.4800,0
1065,613,615,673.28,424.32,65.42,0.1600,1
1066,613,610,673.17,404.63,85.22,1.0000,0
1067,614,611,653.36,384.87,45.77,0.9600,0
1068,614,613,673.08,384.83,65.53,0.1600,1
1069,614,610,653.32,384.98,85.26,0.1200,1
1070,615,610,653.52,424.47,85.15,0.4400,0
1071,615,611,653.56,424.36,45.66,0.4800,0
1072,616,625,712.60,384.52,26.07,1.0000,0
1073,617,625,752.09,384.32,26.11,1.0000,0
1074,618,625,752.29,423.81,26.00,1.0000,0
1075,619,625,712.80,424.01,25.96,1.0000,0
1076,616,626,692.84,384.67,45.80,0.4400,0
1077,619,626,693.04,424.16,45.69,0.9200,0
1078,620,626,693.01,424.27,85.18,0.0800,1
1079,621,626,692.81,384.78,85.29,0.1200,1
1080,617,627,771.82,384.27,45.87,0.0000,1
1081,618,627,772.02,423.76,45.76,0.0000,1
1082,622,627,771.79,384.38,85.36,0.0000,1
1083,623,627,771.99,423.87,85.25,0.0000,1
1084,616,628,712.49,364.83,45.87,0.4000,0
1085,617,628,751.98,364.63,45.90,0.9200,0
1086,621,628,712.46,364.94,85.36,1.0000,0
1087,622,628,751.94,364.74,85.39,0.0000,1
1088,626,624,712.66,404.43,85.25,0.0000,1
1089,626,625,712.69,404.32,45.76,1.0000,0
1090,626,629,712.77,424.12,65.45,0.2000,1
1091,626,628,712.57,384.63,65.56,0.1200,1
1092,627,625,752.18,404.12,45.80,0.2800,1
1093,627,629,752.26,423.92,65.49,0.1200,1
1094,627,624,752.14,404.23,85.28,1.0000,0
1095,628,625,732.33,384.47,45.83,0.7600,0
1096,628,627,752.06,384.43,65.59,0.2000,1
1097,628,624,732.30,384.58,85.32,0.0800,1
1098,629,624,732.50,424.07,85.21,0.1600,1
1099,629,625,732.53,423.96,45.72,0.3600,0
1100,630,639,81.19,466.71,25.33,1.0000,0
1101,631,639,120.68,466.51,25.36,1.0000,0
1102,632,639,120.88,506.00,25.25,1.0000,0
1103,633,639,81.39,506.20,25.22,1.0000,0
1104,630,640,61.43,466.86,45.06,0.0000,1
1105,633,640,61.63,506.35,44.95,0.9600,0
1106,634,640,61.60,506.46,84.44,0.0000,1
1107,635,640,61.40,466.97,84.55,1.0000,0
1108,630,642,81.08,447.02,45.13,1.0000,0
1109,631,642,120.56,446.82,45.16,0.4800,0
1110,635,642,81.04,447.13,84.62,0.0400,1
1111,636,642,120.53,446.93,84.65,1.0000,0
1112,640,638,81.25,486.62,84.51,1.0000,0
1113,640,639,81.28,486.51,45.02,0.2800,1
1114,640,643,81.36,506.31,64.71,0.4800,0
1115,640,642,81.16,466.82,64.82,1.0000,0
1116,641,639,120.77,486.31,45.05,1.0000,0
1117,641,643,120.85,506.10,64.74,1.0000,0
1118,641,638,120.73,486.42,84.54,0.5200,0
1119,642,639,100.92,466.66,45.09,1.0000,0
1120,642,641,120.65,466.62,64.85,0.7200,0
1121,642,638,100.89,466.77,84.58,0.4400,0
1122,643,638,101.09,506.26,84.47,1.0000,0
1123,643,639,101.12,506.15,44.98,0.2400,1
1124,644,653,160.17,466.31,25.40,1.0000,0
1125,645,653,199.66,466.11,25.43,1.0000,0
1126,646,653,199.86,505.59,25.32,1.0000,0
1127,647,653,160.37,505.79,25.29,1.0000,0
1128,644,654,140.41,466.46,45.12,0.7600,0
1129,647,654,140.61,505.95,45.02,1.0000,0
1130,648,654,140.58,506.06,84.50,1.0000,0
1131,649,654,140.38,466.57,84.61,1.0000,0
1132,644,656,160.05,446.62,45.20,1.0000,0
1133,645,656,199.54,446.42,45.23,0.8400,0
1134,649,656,160.02,446.73,84.68,0.3200,0
1135,650,656,199.51,446.53,84.72,1.0000,0
1136,654,652,160.22,486.21,84.57,1.0000,0
1137,654,653,160.25,486.11,45.09,0.9200,0
1138,654,657,160.34,505.90,64.78,0.8400,0
1139,654,656,160.14,466.42,64.89,0.8800,0
1140,655,653,199.74,485.90,45.12,1.0000,0
1141,655,657,199.83,505.70,64.81,0.8400,0
1142,655,652,199.71,486.01,84.61,0.6800,0
1143,656,653,179.90,466.26,45.16,1.0000,0
1144,656,655,199.63,466.22,64.92,1.0000,0
1145,656,652,179.87,466.37,84.65,1.0000,0
1146,657,652,180.07,505.86,84.54,1.0000,0
1147,657,653,180.10,505.75,45.05,1.0000,0
1148,658,667,239.15,465.90,25.46,1.0000,0
1149,659,667,278.63,465.70,25.49,1.0000,0
1150,660,667,278.84,505.19,25.39,1.0000,0
1151,661,667,239.35,505.39,25.35,1.0000,0
1152,658,668,219.39,466.06,45.19,1.0000,0
1153,661,668,219.59,505.55,45.08,1.0000,0
1154,662,668,219.55,505.66,84.57,1.0000,0
1155,663,668,219.35,466.17,84.68,1.0000,0
1156,658,670,239.03,446.22,45.26,1.0000,0
1157,659,670,278.52,446.01,45.29,1.0000,0
1158,663,670,239.00,446.32,84.75,1.0000,0
1159,664,670,278.49,446.12,84.78,1.0000,0
1160,668,666,239.20,485.81,84.64,1.0000,0
1161,668,667,239.23,485.70,45.15,1.0000,0
1162,668,671,239.31,505.50,64.84,1.0000,0
1163,668,670,239.11,466.01,64.95,0.5600,0
1164,669,667,278.72,485.50,45.18,1.0000,0
1165,669,671,278.80,505.30,64.87,0.2000,1
1166,669,666,278.69,485.61,84.67,1.0000,0
1167,670,667,258.87,465.86,45.22,1.0000,0
1168,670,669,278.60,465.81,64.98,0.8800,0
1169,670,666,258.84,465.97,84.71,1.0000,0
1170,671,666,259.04,505.46,84.60,1.0000,0
1171,671,667,259.08,505.35,45.11,1.0000,0
1172,672,681,318.12,465.50,25.53,1.0000,0
1173,673,681,357.61,465.30,25.56,1.0000,0
1174,674,681,357.81,504.79,25.45,1.0000,0
1175,675,681,318.32,504.99,25.42,1.0000,0
1176,672,682,298.36,465.66,45.26,1.0000,0
1177,675,682,298.56,505.15,45.15,1.0000,0
1178,676,682,298.53,505.26,84.63,1.0000,0
1179,677,682,298.33,465.77,84.74,1.0000,0
1180,672,684,318.01,445.81,45.33,0.8400,0
1181,673,684,357.49,445.61,45.36,1.0000,0
1182,677,684,317.97,445.92,84.81,1.0000,0
1183,678,684,357.46,445.72,84.85,1.0000,0
1184,682,680,318.17,485.41,84.71,0.9200,0
1185,682,681,318.21,485.30,45.22,1.0000,0
1186,682,685,318.29,505.10,64.91,0.7600,0
1187,682,684,318.09,465.61,65.02,0.3600,0
1188,683,681,357.70,485.10,45.25,1.0000,0
1189,683,685,357.78,504.90,64.94,0.3200,0
1190,683,680,357.66,485.21,84.74,1.0000,0
1191,684,681,337.85,465.46,45.29,1.0000,0
1192,684,683,357.58,465.41,65.05,0.6000,0
1193,684,680,337.82,465.57,84.78,1.0000,0
1194,685,680,338.02,505.06,84.67,1.0000,0
1195,685,681,338.05,504.95,45.18,1.0000,0
1196,686,695,397.10,465.10,25.59,1.0000,0
1197,687,695,436.59,464.90,25.63,1.0000,0
1198,688,695,436.79,504.39,25.52,1.0000,0
1199,689,695,397.30,504.59,25.48,1.0000,0
1200,686,696,377.34,465.26,45.32,1.0000,0
1201,689,696,377.54,504.74,45.21,1.0000,0
1202,690,696,377.51,504.85,84.70,1.0000,0
1203,691,696,377.31,465.37,84.81,1.0000,0
1204,686,698,396.98,445.41,45.39,1.0000,0
1205,687,698,436.47,445.21,45.42,1.0000,0
1206,691,698,396.95,445.52,84.88,1.0000,0
1207,692,698,436.44,445.32,84.91,0.6800,0
1208,696,694,397.15,485.01,84.77,0.9600,0
1209,696,695,397.18,484.90,45.28,1.0000,0
1210,696,699,397.27,504.70,64.97,0.6000,0
1211,696,698,397.07,465.21,65.08,0.2400,1
1212,697,695,436.67,484.70,45.32,1.0000,0
1213,697,699,436.76,504.50,65.00,0.1200,1
1214,697,694,436.64,484.81,84.80,1.0000,0
1215,698,695,416.83,465.06,45.35,1.0000,0
1216,698,697,436.56,465.01,65.11,0.1200,1
1217,698,694,416.80,465.17,84.84,1.0000,0
1218,699,694,417.00,504.65,84.73,1.0000,0
1219,699,695,417.03,504.54,45.24,1.0000,0
1220,700,709,476.08,464.70,25.66,1.0000,0
1221,701,709,515.56,464.50,25.69,1.0000,0
1222,702,709,515.77,503.99,25.58,1.0000,0
1223,703,709,476.28,504.19,25.55,1.0000,0
1224,700,710,456.32,464.86,45.39,1.0000,0
1225,703,710,456.52,504.34,45.28,1.0000,0
1226,704,710,456.48,504.45,84.77,0.9200,0
1227,705,710,456.28,464.96,84.87,1.0000,0
1228,700,712,475.96,445.01,45.46,1.0000,0
1229,701,712,515.45,444.81,45.49,1.0000,0
1230,705,712,475.93,445.12,84.95,1.0000,0
1231,706,712,515.42,444.92,84.98,0.4000,0
1232,710,708,476.13,484.61,84.84,0.4000,0
1233,710,709,476.16,484.50,45.35,1.0000,0
1234,710,713,476.24,504.30,65.04,0.1200,1
1235,710,712,476.04,464.81,65.15,0.1200,1
1236,711,709,515.65,484.30,45.38,0.8800,0
1237,711,713,515.73,504.10,65.07,0.1200,1
1238,711,708,515.62,484.41,84.87,1.0000,0
1239,712,709,495.80,464.65,45.42,1.0000,0
1240,712,711,515.53,464.61,65.18,0.1200,1
1241,712,708,495.77,464.76,84.91,0.8400,0
1242,713,708,495.97,504.25,84.80,1.0000,0
1243,713,709,496.00,504.14,45.31,1.0000,0
1244,714,723,555.05,464.30,25.72,1.0000,0
1245,715,723,594.54,464.10,25.76,1.0000,0
1246,716,723,594.74,503.59,25.65,1.0000,0
1247,717,723,555.25,503.79,25.61,1.0000,0
1248,714,724,535.29,464.45,45.45,1.0000,0
1249,717,724,535.49,503.94,45.34,1.0000,0
1250,718,724,535.46,504.05,84.83,0.5600,0
1251,719,724,535.26,464.56,84.94,1.0000,0
1252,714,726,554.94,444.61,45.52,0.6400,0
1253,715,726,594.42,444.41,45.56,1.0000,0
1254,719,726,554.90,444.72,85.01,1.0000,0
1255,720,726,594.39,444.52,85.04,0.0000,1
1256,724,722,555.10,484.21,84.90,0.0800,1
1257,724,723,555.14,484.10,45.41,1.0000,0
1258,724,727,555.22,503.90,65.10,0.0800,1
1259,724,726,555.02,464.41,65.21,0.1200,1
1260,725,723,594.63,483.90,45.45,0.6800,0
1261,725,727,594.71,503.70,65.14,0.1200,1
1262,725,722,594.59,484.01,84.93,1.0000,0
1263,726,723,574.78,464.25,45.48,1.0000,0
1264,726,725,594.51,464.21,65.25,0.1200,1
1265,726,722,574.75,464.36,84.97,0.1200,1
1266,727,722,574.95,503.85,84.86,0.8400,0
1267,727,723,574.98,503.74,45.38,0.6800,0
1268,728,737,634.03,463.90,25.79,1.0000,0
1269,729,737,673.52,463.70,25.82,1.0000,0
1270,730,737,673.72,503.18,25.71,1.0000,0
1271,731,737,634.23,503.39,25.68,1.0000,0
1272,728,738,614.27,464.05,45.52,0.4800,0
1273,731,738,614.47,503.54,45.41,1.0000,0
1274,732,738,614.44,503.65,84.90,0.1600,1
1275,733,738,614.24,464.16,85.01,0.9600,0
1276,728,740,633.91,444.21,45.59,0.4800,0
1277,729,740,673.40,444.01,45.62,1.0000,0
1278,733,740,633.88,444.32,85.08,1.0000,0
1279,734,740,673.37,444.12,85.11,0.0000,1
1280,738,736,634.08,483.81,84.97,0.0400,1
1281,738,737,634.11,483.70,45.48,1.0000,0
1282,738,741,634.20,503.49,65.17,0.1600,1
1283,738,740,634.00,464.01,65.28,0.1600,1
1284,739,737,673.60,483.49,45.51,0.4000,0
1285,739,741,673.69,503.29,65.20,0.1600,1
1286,739,736,673.57,483.60,85.00,1.0000,0
1287,740,737,653.76,463.85,45.55,0.8800,0
1288,740,739,673.49,463.81,65.31,0.1600,1
1289,740,736,653.72,463.96,85.04,0.0800,1
1290,741,736,653.93,503.45,84.93,0.7200,0
1291,741,737,653.96,503.34,45.44,0.4000,0
1292,742,751,713.01,463.50,25.85,1.0000,0
1293,743,751,752.49,463.29,25.89,1.0000,0
1294,744,751,752.69,502.78,25.78,1.0000,0
1295,745,751,713.21,502.98,25.75,1.0000,0
1296,742,752,693.25,463.65,45.58,0.4000,0
1297,745,752,693.45,503.14,45.47,0.9600,0
1298,746,752,693.41,503.25,84.96,0.0000,1
1299,747,752,693.21,463.76,85.07,0.2000,1
1300,743,753,772.22,463.25,45.65,0.0000,1
1301,744,753,772.42,502.74,45.54,0.0400,1
1302,748,753,772.19,463.36,85.14,0.0000,1
1303,749,753,772.39,502.85,85.03,0.0000,1
1304,742,754,712.89,443.81,45.65,0.4000,0
1305,743,754,752.38,443.61,45.69,1.0000,0
1306,747,754,712.86,443.92,85.14,0.9600,0
1307,748,754,752.35,443.71,85.17,0.0000,1
1308,752,750,713.06,483.40,85.03,0.0000,1
1309,752,751,713.09,483.29,45.54,1.0000,0
1310,752,755,713.17,503.09,65.23,0.1600,1
1311,752,754,712.97,463.60,65.34,0.1600,1
1312,753,751,752.58,483.09,45.58,0.2800,1
1313,753,755,752.66,502.89,65.27,0.1200,1
1314,753,750,752.55,483.20,85.07,1.0000,0
1315,754,751,732.73,463.45,45.62,0.4800,0
1316,754,753,752.46,463.40,65.38,0.2000,1
1317,754,750,732.70,463.56,85.10,0.0800,1
1318,755,750,732.90,503.05,84.99,0.1600,1
1319,755,751,732.93,502.94,45.51,0.3200,0
1320,756,765,81.59,545.68,25.11,1.0000,0
1321,757,765,121.08,545.48,25.15,1.0000,0
1322,758,765,121.28,584.97,25.04,1.0000,0
1323,759,765,81.80,585.17,25.00,1.0000,0
1324,756,766,61.83,545.84,44.84,0.0000,1
1325,759,766,62.04,585.33,44.73,0.8800,0
1326,760,766,62.00,585.44,84.22,0.0000,1
1327,761,766,61.80,545.95,84.33,1.0000,0
1328,756,768,81.48,525.99,44.91,1.0000,0
1329,757,768,120.97,525.79,44.94,0.3600,0
1330,761,768,81.45,526.10,84.40,0.1200,1
1331,762,768,120.93,525.90,84.43,1.0000,0
1332,766,764,81.65,565.59,84.29,1.0000,0
1333,766,765,81.68,565.48,44.80,0.2400,1
1334,766,769,81.76,585.28,64.49,0.2000,1
1335,766,768,81.56,545.79,64.60,1.0000,0
1336,767,765,121.17,565.28,44.83,1.0000,0
1337,767,769,121.25,585.08,64.52,0.8000,0
1338,767,764,121.14,565.39,84.32,0.5200,0
1339,768,765,101.32,545.64,44.87,1.0000,0
1340,768,767,121.05,545.59,64.63,0.8000,0
1341,768,764,101.29,545.75,84.36,0.0800,1
1342,769,764,101.49,585.24,84.25,1.0000,0
1343,769,765,101.52,585.13,44.76,0.2400,1
1344,770,779,160.57,545.28,25.18,1.0000,0
1345,771,779,200.06,545.08,25.21,1.0000,0
1346,772,779,200.26,584.57,25.10,1.0000,0
1347,773,779,160.77,584.77,25.07,1.0000,0
1348,770,780,140.81,545.44,44.91,0.6000,0
1349,773,780,141.01,584.93,44.80,1.0000,0
1350,774,780,140.98,585.04,84.29,0.6800,0
1351,775,780,140.78,545.55,84.39,1.0000,0
1352,770,782,160.45,525.59,44.98,1.0000,0
1353,771,782,199.94,525.39,45.01,0.9600,0
1354,775,782,160.42,525.70,84.47,0.8000,0
1355,776,782,199.91,525.50,84.50,1.0000,0
1356,780,778,160.62,565.19,84.36,1.0000,0
1357,780,779,160.66,565.08,44.87,0.8800,0
1358,780,783,160.74,584.88,64.56,0.7600,0
1359,780,782,160.54,545.39,64.67,0.9600,0
1360,781,779,200.14,564.88,44.90,1.0000,0
1361,781,783,200.23,584.68,64.59,0.7600,0
1362,781,778,200.11,564.99,84.39,0.9200,0
1363,782,779,180.30,545.24,44.94,1.0000,0
1364,782,781,200.03,545.19,64.70,1.0000,0
1365,782,778,180.27,545.35,84.43,1.0000,0
1366,783,778,180.47,584.83,84.32,1.0000,0
1367,783,779,180.50,584.73,44.83,1.0000,0
1368,784,793,239.55,544.88,25.24,1.0000,0
1369,785,793,279.04,544.68,25.28,1.0000,0
1370,786,793,279.24,584.17,25.17,1.0000,0
1371,787,793,239.75,584.37,25.13,1.0000,0
1372,784,794,219.79,545.04,44.97,1.0000,0
1373,787,794,219.99,584.52,44.86,1.0000,0
1374,788,794,219.96,584.63,84.35,1.0000,0
1375,789,794,219.76,545.15,84.46,1.0000,0
1376,784,796,239.43,525.19,45.04,1.0000,0
1377,785,796,278.92,524.99,45.08,1.0000,0
1378,789,796,239.40,525.30,84.53,1.0000,0
1379,790,796,278.89,525.10,84.56,1.0000,0
1380,794,792,239.60,564.79,84.42,1.0000,0
1381,794,793,239.63,564.68,44.93,0.9600,0
1382,794,797,239.72,584.48,64.62,1.0000,0
1383,794,796,239.52,544.99,64.73,0.6000,0
1384,795,793,279.12,564.48,44.97,1.0000,0
1385,795,797,279.20,584.28,64.66,0.6000,0
1386,795,792,279.09,564.59,84.45,1.0000,0
1387,796,793,259.28,544.84,45.00,1.0000,0
1388,796,795,279.00,544.79,64.76,1.0000,0
1389,796,792,259.24,544.94,84.49,1.0000,0
1390,797,792,259.44,584.43,84.38,1.0000,0
1391,797,793,259.48,584.32,44.89,1.0000,0
1392,798,807,318.52,544.48,25.31,1.0000,0
1393,799,807,358.01,544.28,25.34,1.0000,0
1394,800,807,358.21,583.77,25.23,1.0000,0
1395,801,807,318.73,583.97,25.20,1.0000,0
1396,798,808,298.76,544.63,45.04,1.0000,0
1397,801,808,298.97,584.12,44.93,1.0000,0
1398,802,808,298.93,584.23,84.42,1.0000,0
1399,803,808,298.73,544.74,84.53,1.0000,0
1400,798,810,318.41,524.79,45.11,1.0000,0
1401,799,810,357.90,524.59,45.14,1.0000,0
1402,803,810,318.38,524.90,84.60,1.0000,0
1403,804,810,357.86,524.70,84.63,1.0000,0
1404,808,806,318.58,564.39,84.49,1.0000,0
1405,808,807,318.61,564.28,45.00,1.0000,0
1406,808,811,318.69,584.08,64.69,1.0000,0
1407,808,810,318.49,544.59,64.80,0.4800,0
1408,809,807,358.10,564.08,45.03,1.0000,0
1409,809,811,358.18,583.88,64.72,0.3600,0
1410,809,806,358.07,564.19,84.52,1.0000,0
1411,810,807,338.25,544.43,45.07,1.0000,0
1412,810,809,357.98,544.39,64.83,0.8000,0
1413,810,806,338.22,544.54,84.56,1.0000,0
1414,811,806,338.42,584.03,84.45,1.0000,0
1415,811,807,338.45,583.92,44.96,1.0000,0
1416,812,821,397.50,544.08,25.37,1.0000,0
1417,813,821,436.99,543.88,25.41,1.0000,0
1418,814,821,437.19,583.37,25.30,1.0000,0
1419,815,821,397.70,583.57,25.27,1.0000,0
1420,812,822,377.74,544.23,45.10,1.0000,0
1421,815,822,377.94,583.72,44.99,1.0000,0
1422,816,822,377.91,583.83,84.48,0.9600,0
1423,817,822,377.71,544.34,84.59,1.0000,0
1424,812,824,397.38,524.39,45.17,1.0000,0
1425,813,824,436.87,524.19,45.21,1.0000,0
1426,817,824,397.35,524.50,84.66,1.0000,0
1427,818,824,436.84,524.30,84.69,0.9200,0
1428,822,820,397.55,563.99,84.55,1.0000,0
1429,822,821,397.59,563.88,45.06,1.0000,0
1430,822,825,397.67,583.68,64.75,1.0000,0
1431,822,824,397.47,544.19,64.86,0.1600,1
1432,823,821,437.07,563.68,45.10,1.0000,0
1433,823,825,437.16,583.47,64.79,0.2000,1
1434,823,820,437.04,563.79,84.59,1.0000,0
1435,824,821,417.23,544.03,45.13,1.0000,0
1436,824,823,436.96,543.99,64.90,0.1600,1
1437,824,820,417.20,544.14,84.62,1.0000,0
1438,825,820,417.40,583.63,84.51,1.0000,0
1439,825,821,417.43,583.52,45.03,1.0000,0
1440,826,835,476.48,543.68,25.44,1.0000,0
1441,827,835,515.97,543.48,25.47,1.0000,0
1442,828,835,516.17,582.96,25.36,1.0000,0
1443,829,835,476.68,583.16,25.33,1.0000,0
1444,826,836,456.72,543.83,45.17,1.0000,0
1445,829,836,456.92,583.32,45.06,1.0000,0
1446,830,836,456.89,583.43,84.55,1.0000,0
1447,831,836,456.69,543.94,84.66,1.0000,0
1448,826,838,476.36,523.99,45.24,0.8800,0
1449,827,838,515.85,523.79,45.27,1.0000,0
1450,831,838,476.33,524.10,84.73,1.0000,0
1451,832,838,515.82,523.90,84.76,0.0800,1
1452,836,834,476.53,563.58,84.62,0.7600,0
1453,836,835,476.56,563.48,45.13,1.0000,0
1454,836,839,476.65,583.27,64.82,0.2400,1
1455,836,838,476.45,543.79,64.93,0.0800,1
1456,837,835,516.05,563.27,45.16,1.0000,0
1457,837,839,516.13,583.07,64.85,0.1600,1
1458,837,834,516.02,563.38,84.65,1.0000,0
1459,838,835,496.21,543.63,45.20,1.0000,0
1460,838,837,515.93,543.58,64.96,0.1200,1
1461,838,834,496.17,543.74,84.69,0.8800,0
1462,839,834,496.37,583.23,84.58,1.0000,0
1463,839,835,496.41,583.12,45.09,0.9600,0
1464,840,849,555.45,543.27,25.51,1.0000,0
1465,841,849,594.94,543.07,25.54,1.0000,0
1466,842,849,595.14,582.56,25.43,1.0000,0
1467,843,849,555.66,582.76,25.40,1.0000,0
1468,840,850,535.69,543.43,45.23,0.9600,0
1469,843,850,535.89,582.92,45.12,1.0000,0
1470,844,850,535.86,583.03,84.61,0.3600,0
1471,845,850,535.66,543.54,84.72,1.0000,0
1472,840,852,555.34,523.59,45.30,0.5600,0
1473,841,852,594.83,523.38,45.34,1.0000,0
1474,845,852,555.31,523.69,84.79,1.0000,0
1475,846,852,594.79,523.49,84.83,0.0400,1
1476,850,848,555.51,563.18,84.68,0.0400,1
1477,850,849,555.54,563.07,45.19,1.0000,0
1478,850,853,555.62,582.87,64.88,0.1200,1
1479,850,852,555.42,543.38,64.99,0.1200,1
1480,851,849,595.03,562.87,45.23,0.5600,0
1481,851,853,595.11,582.67,64.92,0.1200,1
1482,851,848,594.99,562.98,84.72,1.0000,0
1483,852,849,575.18,543.23,45.27,1.0000,0
1484,852,851,594.91,543.18,65.03,0.1200,1
1485,852,848,575.15,543.34,84.75,0.2000,1
1486,853,848,575.35,582.83,84.65,1.0000,0
1487,853,849,575.38,582.72,45.16,0.7600,0
1488,854,863,634.43,542.87,25.57,1.0000,0
1489,855,863,673.92,542.67,25.60,1.0000,0
1490,856,863,674.12,582.16,25.49,1.0000,0
1491,857,863,634.63,582.36,25.46,1.0000,0
1492,854,864,614.67,543.03,45.30,0.3600,0
1493,857,864,614.87,582.52,45.19,1.0000,0
1494,858,864,614.84,582.63,84.68,0.0800,1
1495,859,864,614.64,543.14,84.79,0.9200,0
1496,854,866,634.31,523.18,45.37,0.3600,0
1497,855,866,673.80,522.98,45.40,1.0000,0
1498,859,866,634.28,523.29,84.86,1.0000,0
1499,860,866,673.77,523.09,84.89,0.1200,1
1500,864,862,634.48,562.78,84.75,0.0000,1
1501,864,863,634.52,562.67,45.26,1.0000,0
1502,864,867,634.60,582.47,64.95,0.1200,1
1503,864,866,634.40,542.98,65.06,0.1200,1
1504,865,863,674.00,562.47,45.29,0.2800,1
1505,865,867,674.09,582.27,64.98,0.1600,1
1506,865,862,673.97,562.58,84.78,1.0000,0
1507,866,863,654.16,542.83,45.33,1.0000,0
1508,866,865,673.89,542.78,65.09,0.1200,1
1509,866,862,654.13,542.94,84.82,0.0800,1
1510,867,862,654.33,582.43,84.71,1.0000,0
1511,867,863,654.36,582.32,45.22,0.3200,0
1512,868,877,713.41,542.47,25.64,1.0000,0
1513,869,877,752.90,542.27,25.67,1.0000,0
1514,870,877,753.10,581.76,25.56,1.0000,0
1515,871,877,713.61,581.96,25.53,1.0000,0
1516,868,878,693.65,542.63,45.36,0.3200,0
1517,871,878,693.85,582.11,45.25,0.9200,0
1518,872,878,693.82,582.22,84.74,0.0800,1
1519,873,878,693.61,542.74,84.85,0.2800,1
1520,869,879,772.62,542.23,45.43,0.0000,1
1521,870,879,772.82,581.71,45.32,0.0000,1
1522,874,879,772.59,542.33,84.92,0.0000,1
1523,875,879,772.79,581.82,84.81,0.0000,1
1524,868,880,713.29,522.78,45.44,0.3200,0
1525,869,880,752.78,522.58,45.47,0.8400,0
1526,873,880,713.26,522.89,84.92,0.9200,0
1527,874,880,752.75,522.69,84.96,0.0000,1
1528,878,876,713.46,562.38,84.81,0.0000,1
1529,878,877,713.49,562.27,45.33,1.0000,0
1530,878,881,713.58,582.07,65.02,0.1600,1
1531,878,880,713.38,542.58,65.12,0.1600,1
1532,879,877,752.98,562.07,45.36,0.2400,1
1533,879,881,753.06,581.87,65.05,0.1200,1
1534,879,876,752.95,562.18,84.85,0.8800,0
1535,880,877,733.14,542.43,45.40,0.8400,0
1536,880,879,752.86,542.38,65.16,0.2000,1
1537,880,876,733.10,542.54,84.89,0.1200,1
1538,881,876,733.30,582.02,84.78,0.6000,0
1539,881,877,733.34,581.91,45.29,0.2400,1
1540,882,891,82.00,624.66,24.89,1.0000,0
1541,883,891,121.48,624.46,24.93,1.0000,0
1542,884,891,121.69,663.95,24.82,1.0000,0
1543,885,891,82.20,664.15,24.78,1.0000,0
1544,882,892,62.24,624.82,44.62,0.0000,1
1545,885,892,62.44,664.30,44.51,0.7600,0
1546,886,892,62.41,664.41,84.00,0.0000,1
1547,887,892,62.20,624.93,84.11,1.0000,0
1548,882,894,81.88,604.97,44.69,1.0000,0
1549,883,894,121.37,604.77,44.73,0.4800,0
1550,887,894,81.85,605.08,84.18,0.0800,1
1551,888,894,121.34,604.88,84.21,1.0000,0
1552,892,890,82.05,644.57,84.07,1.0000,0
1553,892,891,82.08,644.46,44.58,0.1200,1
1554,892,895,82.17,664.26,64.27,0.0800,1
1555,892,894,81.96,624.77,64.38,0.4000,0
1556,893,891,121.57,644.26,44.62,1.0000,0
1557,893,895,121.65,664.06,64.31,0.1200,1
1558,893,890,121.54,644.37,84.11,0.5200,0
1559,894,891,101.72,624.61,44.65,1.0000,0
1560,894,893,121.45,624.57,64.42,0.1600,1
1561,894,890,101.69,624.72,84.14,0.2400,1
1562,895,890,101.89,664.21,84.03,1.0000,0
1563,895,891,101.93,664.10,44.55,0.1200,1
1564,896,905,160.97,624.26,24.96,1.0000,0
1565,897,905,200.46,624.06,24.99,1.0000,0
1566,898,905,200.66,663.55,24.88,1.0000,0
1567,899,905,161.17,663.75,24.85,1.0000,0
1568,896,906,141.21,624.41,44.69,0.3200,0
1569,899,906,141.41,663.90,44.58,1.0000,0
1570,900,906,141.38,664.01,84.07,0.3200,0
1571,901,906,141.18,624.52,84.18,1.0000,0
1572,896,908,160.86,604.57,44.76,1.0000,0
1573,897,908,200.34,604.37,44.79,1.0000,0
1574,901,908,160.82,604.68,84.25,0.8400,0
1575,902,908,200.31,604.48,84.28,1.0000,0
1576,906,904,161.03,644.17,84.14,1.0000,0
1577,906,905,161.06,644.06,44.65,0.6000,0
1578,906,909,161.14,663.86,64.34,0.2000,1
1579,906,908,160.94,624.37,64.45,0.0800,1
1580,907,905,200.55,643.86,44.68,1.0000,0
1581,907,909,200.63,663.66,64.37,0.0800,1
1582,907,904,200.51,643.97,84.17,0.8800,0
1583,908,905,180.70,624.21,44.72,1.0000,0
1584,908,907,200.43,624.17,64.48,0.4800,0
1585,908,904,180.67,624.32,84.21,0.9600,0
1586,909,904,180.87,663.81,84.10,1.0000,0
1587,909,905,180.90,663.70,44.61,0.9200,0
1588,910,919,239.95,623.86,25.02,1.0000,0
1589,911,919,279.44,623.66,25.06,1.0000,0
1590,912,919,279.64,663.14,24.95,1.0000,0
1591,913,919,240.15,663.35,24.92,1.0000,0
1592,910,920,220.19,624.01,44.75,1.0000,0
1593,913,920,220.39,663.50,44.64,1.0000,0
1594,914,920,220.36,663.61,84.13,0.9600,0
1595,915,920,220.16,624.12,84.24,1.0000,0
1596,910,922,239.83,604.17,44.82,1.0000,0
1597,911,922,279.32,603.97,44.86,1.0000,0
1598,915,922,239.80,604.28,84.31,1.0000,0
1599,916,922,279.29,604.08,84.35,1.0000,0
1600,920,918,240.00,643.77,84.20,1.0000,0
1601,920,919,240.03,643.66,44.71,0.9600,0
1602,920,923,240.12,663.46,64.40,0.1600,1
1603,920,922,239.92,623.97,64.51,0.5600,0
1604,921,919,279.52,643.46,44.75,1.0000,0
1605,921,923,279.61,663.25,64.44,0.1600,1
1606,921,918,279.49,643.56,84.24,1.0000,0
1607,922,919,259.68,623.81,44.79,1.0000,0
1608,922,921,279.41,623.77,64.55,1.0000,0
1609,922,918,259.65,623.92,84.27,1.0000,0
1610,923,918,259.85,663.41,84.17,1.0000,0
1611,923,919,259.88,663.30,44.68,1.0000,0
1612,924,933,318.93,623.46,25.09,1.0000,0
1613,925,933,358.41,623.26,25.12,1.0000,0
1614,926,933,358.62,662.74,25.01,1.0000,0
1615,927,933,319.13,662.94,24.98,1.0000,0
1616,924,934,299.17,623.61,44.82,1.0000,0
1617,927,934,299.37,663.10,44.71,1.0000,0
1618,928,934,299.33,663.21,84.20,0.9600,0
1619,929,934,299.13,623.72,84.31,1.0000,0
1620,924,936,318.81,603.77,44.89,1.0000,0
1621,925,936,358.30,603.57,44.92,1.0000,0
1622,929,936,318.78,603.88,84.38,1.0000,0
1623,930,936,358.27,603.68,84.41,1.0000,0
1624,934,932,318.98,643.36,84.27,1.0000,0
1625,934,933,319.01,643.25,44.78,1.0000,0
1626,934,937,319.10,663.05,64.47,0.1600,1
1627,934,936,318.89,623.57,64.58,0.8000,0
1628,935,933,358.50,643.05,44.81,1.0000,0
1629,935,937,358.58,662.85,64.50,0.2800,1
1630,935,932,358.47,643.16,84.30,1.0000,0
1631,936,933,338.65,623.41,44.85,1.0000,0
1632,936,935,358.38,623.36,64.61,1.0000,0
1633,936,932,338.62,623.52,84.34,1.0000,0
1634,937,932,338.82,663.01,84.23,1.0000,0
1635,937,933,338.86,662.90,44.74,1.0000,0
1636,938,947,397.90,623.05,25.16,1.0000,0
1637,939,947,437.39,622.85,25.19,1.0000,0
1638,940,947,437.59,662.34,25.08,1.0000,0
1639,941,947,398.10,662.54,25.05,1.0000,0
1640,938,948,378.14,623.21,44.88,1.0000,0
1641,941,948,378.34,662.70,44.77,1.0000,0
1642,942,948,378.31,662.81,84.26,0.7600,0
1643,943,948,378.11,623.32,84.37,1.0000,0
1644,938,950,397.79,603.36,44.95,1.0000,0
1645,939,950,437.27,603.16,44.99,1.0000,0
1646,943,950,397.75,603.47,84.44,1.0000,0
1647,944,950,437.24,603.27,84.48,0.9600,0
1648,948,946,397.96,642.96,84.33,1.0000,0
1649,948,947,397.99,642.85,44.85,1.0000,0
1650,948,951,398.07,662.65,64.54,0.8400,0
1651,948,950,397.87,623.16,64.64,0.4800,0
1652,949,947,437.48,642.65,44.88,1.0000,0
1653,949,951,437.56,662.45,64.57,0.2000,1
1654,949,946,437.44,642.76,84.37,1.0000,0
1655,950,947,417.63,623.01,44.92,1.0000,0
1656,950,949,437.36,622.96,64.68,0.6800,0
1657,950,946,417.60,623.12,84.41,0.9200,0
1658,951,946,417.80,662.61,84.30,1.0000,0
1659,951,947,417.83,662.50,44.81,0.8400,0
1660,952,961,476.88,622.65,25.22,1.0000,0
1661,953,961,516.37,622.45,25.25,1.0000,0
1662,954,961,516.57,661.94,25.14,1.0000,0
1663,955,961,477.08,662.14,25.11,1.0000,0
1664,952,962,457.12,622.81,44.95,1.0000,0
1665,955,962,457.32,662.30,44.84,1.0000,0
1666,956,962,457.29,662.41,84.33,0.0400,1
1667,957,962,457.09,622.92,84.44,1.0000,0
1668,952,964,476.76,602.96,45.02,1.0000,0
1669,953,964,516.25,602.76,45.05,1.0000,0
1670,957,964,476.73,603.07,84.51,1.0000,0
1671,958,964,516.22,602.87,84.54,0.3200,0
1672,962,960,476.93,642.56,84.40,0.6000,0
1673,962,961,476.96,642.45,44.91,1.0000,0
1674,962,965,477.05,662.25,64.60,0.2800,1
1675,962,964,476.85,622.76,64.71,0.1200,1
1676,963,961,516.45,642.25,44.94,0.9200,0
1677,963,965,516.54,662.05,64.63,0.1200,1
1678,963,960,516.42,642.36,84.43,1.0000,0
1679,964,961,496.61,622.61,44.98,1.0000,0
1680,964,963,516.34,622.56,64.74,0.1200,1
1681,964,960,496.58,622.72,84.47,0.6000,0
1682,965,960,496.78,662.20,84.36,1.0000,0
1683,965,961,496.81,662.10,44.87,0.7200,0
1684,966,975,555.86,622.25,25.29,1.0000,0
1685,967,975,595.34,622.05,25.32,1.0000,0
1686,968,975,595.55,661.54,25.21,1.0000,0
1687,969,975,556.06,661.74,25.18,1.0000,0
1688,966,976,536.10,622.41,45.01,0.8800,0
1689,969,976,536.30,661.89,44.91,1.0000,0
1690,970,976,536.26,662.00,84.39,0.3200,0
1691,971,976,536.06,622.52,84.50,1.0000,0
1692,966,978,555.74,602.56,45.09,0.3200,0
1693,967,978,595.23,602.36,45.12,1.0000,0
1694,971,978,555.71,602.67,84.57,1.0000,0
1695,972,978,595.20,602.47,84.61,0.1600,1
1696,976,974,555.91,642.16,84.47,0.2400,1
1697,976,975,555.94,642.05,44.98,1.0000,0
1698,976,979,556.02,661.85,64.67,0.0800,1
1699,976,978,555.82,622.36,64.78,0.1200,1
1700,977,975,595.43,641.85,45.01,0.2400,1
1701,977,979,595.51,661.65,64.70,0.1600,1
1702,977,974,595.40,641.96,84.50,1.0000,0
1703,978,975,575.58,622.21,45.05,1.0000,0
1704,978,977,595.31,622.16,64.81,0.1200,1
1705,978,974,575.55,622.31,84.54,0.1600,1
1706,979,974,575.75,661.80,84.43,1.0000,0
1707,979,975,575.78,661.69,44.94,0.2800,1
1708,980,989,634.83,621.85,25.35,1.0000,0
1709,981,989,674.32,621.65,25.38,1.0000,0
1710,982,989,674.52,661.14,25.28,1.0000,0
1711,983,989,635.03,661.34,25.24,1.0000,0
1712,980,990,615.07,622.00,45.08,0.4000,0
1713,983,990,615.27,661.49,44.97,1.0000,0
1714,984,990,615.24,661.60,84.46,0.0800,1
1715,985,990,615.04,622.11,84.57,1.0000,0
1716,980,992,634.72,602.16,45.15,0.3200,0
1717,981,992,674.20,601.96,45.18,1.0000,0
1718,985,992,634.68,602.27,84.64,0.6800,0
1719,986,992,674.17,602.07,84.67,0.0000,1
1720,990,988,634.88,641.76,84.53,0.0400,1
1721,990,989,634.92,641.65,45.04,1.0000,0
1722,990,993,635.00,661.45,64.73,0.1200,1
1723,990,992,634.80,621.96,64.84,0.1600,1
1724,991,989,674.41,641.45,45.07,0.2400,1
1725,991,993,674.49,661.25,64.76,0.1200,1
1726,991,988,674.37,641.56,84.56,1.0000,0
1727,992,989,654.56,621.80,45.11,1.0000,0
1728,992,991,674.29,621.76,64.87,0.1200,1
1729,992,988,654.53,621.91,84.60,0.0000,1
1730,993,988,654.73,661.40,84.49,1.0000,0
1731,993,989,654.76,661.29,45.00,0.2000,1
1732,994,1003,713.81,621.45,25.42,1.0000,0
1733,995,1003,753.30,621.25,25.45,1.0000,0
1734,996,1003,753.50,660.74,25.34,1.0000,0
1735,997,1003,714.01,660.94,25.31,1.0000,0
1736,994,1004,694.05,621.60,45.15,0.2400,1
1737,997,1004,694.25,661.09,45.04,1.0000,0
1738,998,1004,694.22,661.20,84.52,0.0800,1
1739,999,1004,694.02,621.71,84.63,0.8000,0
1740,995,1005,773.03,621.20,45.21,0.0000,1
1741,996,1005,773.23,660.69,45.10,0.0400,1
1742,1000,1005,772.99,621.31,84.70,0.0000,1
1743,1001,1005,773.19,660.80,84.59,0.0000,1
1744,994,1006,713.69,601.76,45.22,0.2400,1
1745,995,1006,753.18,601.56,45.25,1.0000,0
1746,999,1006,713.66,601.87,84.71,1.0000,0
1747,1000,1006,753.15,601.67,84.74,0.0400,1
1748,1004,1002,713.86,641.36,84.60,0.0000,1
1749,1004,1003,713.89,641.25,45.11,1.0000,0
1750,1004,1007,713.98,661.05,64.80,0.1200,1
1751,1004,1006,713.78,621.56,64.91,0.1200,1
1752,1005,1003,753.38,641.05,45.14,0.1600,1
1753,1005,1007,753.47,660.84,64.83,0.1200,1
1754,1005,1002,753.35,641.16,84.63,1.0000,0
1755,1006,1003,733.54,621.40,45.18,0.8000,0
1756,1006,1005,753.27,621.36,64.94,0.2000,1
1757,1006,1002,733.51,621.51,84.67,0.0800,1
1758,1007,1002,733.71,661.00,84.56,0.2000,1
1759,1007,1003,733.74,660.89,45.07,0.1600,1
1760,1008,1017,82.40,703.64,24.68,1.0000,0
1761,1009,1017,121.89,703.44,24.71,1.0000,0
1762,1010,1017,122.09,742.92,24.60,1.0000,0
1763,1011,1017,82.60,743.13,24.57,0.9200,0
1764,1008,1018,62.64,703.79,44.40,0.0000,1
1765,1011,1018,62.84,743.28,44.29,0.0000,1
1766,1012,1018,62.81,743.39,83.78,0.0000,1
1767,1013,1018,62.61,703.90,83.89,1.0000,0
1768,1008,1020,82.28,683.95,44.47,1.0000,0
1769,1009,1020,121.77,683.75,44.51,0.3600,0
1770,1013,1020,82.25,684.06,83.96,0.0800,1
1771,1014,1020,121.74,683.86,84.00,1.0000,0
1772,1010,1021,122.17,762.72,44.29,0.0000,1
1773,1011,1021,82.68,762.92,44.26,0.0000,1
1774,1012,1021,82.65,763.03,83.74,0.0000,1
1775,1015,1021,122.14,762.83,83.78,0.0000,1
1776,1018,1016,82.45,723.55,83.85,1.0000,0
1777,1018,1017,82.48,723.44,44.37,0.0400,1
1778,1018,1021,82.57,743.23,64.05,0.0800,1
1779,1018,1020,82.37,703.75,64.16,0.0800,1
1780,1019,1017,121.97,723.23,44.40,1.0000,0
1781,1019,1021,122.06,743.03,64.09,0.0000,1
1782,1019,1016,121.94,723.34,83.89,0.5600,0
1783,1020,1017,102.13,703.59,44.44,1.0000,0
1784,1020,1019,121.85,703.55,64.20,0.1600,1
1785,1020,1016,102.09,703.70,83.92,0.1600,1
1786,1021,1016,102.30,743.19,83.82,0.8000,0
1787,1021,1017,102.33,743.08,44.33,0.1200,1
1788,1022,1031,161.37,703.24,24.74,1.0000,0
1789,1023,1031,200.86,703.03,24.77,1.0000,0
1790,1024,1031,201.06,742.52,24.66,1.0000,0
1791,1025,1031,161.58,742.72,24.63,1.0000,0
1792,1022,1032,141.61,703.39,44.47,0.6800,0
1793,1025,1032,141.82,742.88,44.36,0.8400,0
1794,1026,1032,141.78,742.99,83.85,0.8000,0
1795,1027,1032,141.58,703.50,83.96,1.0000,0
1796,1022,1034,161.26,683.55,44.54,1.0000,0
1797,1023,1034,200.75,683.35,44.57,0.9200,0
1798,1027,1034,161.23,683.66,84.03,0.6000,0
1799,1028,1034,200.71,683.45,84.06,1.0000,0
1800,1024,1035,201.15,762.32,44.35,0.0000,1
1801,1025,1035,161.66,762.52,44.32,0.0000,1
1802,1026,1035,161.63,762.63,83.81,0.0000,1
1803,1029,1035,201.12,762.43,83.84,0.0000,1
1804,1032,1030,161.43,723.14,83.92,1.0000,0
1805,1032,1031,161.46,723.03,44.43,0.1600,1
1806,1032,1035,161.54,742.83,64.12,0.0800,1
1807,1032,1034,161.34,703.34,64.23,0.0800,1
1808,1033,1031,200.95,722.83,44.46,1.0000,0
1809,1033,1035,201.03,742.63,64.15,0.0000,1
1810,1033,1030,200.92,722.94,83.95,0.9600,0
1811,1034,1031,181.10,703.19,44.50,1.0000,0
1812,1034,1033,200.83,703.14,64.26,0.0800,1
1813,1034,1030,181.07,703.30,83.99,0.8000,0
1814,1035,1030,181.27,742.79,83.88,0.8800,0
1815,1035,1031,181.30,742.68,44.39,0.8000,0
1816,1036,1045,240.35,702.83,24.81,1.0000,0
1817,1037,1045,279.84,702.63,24.84,1.0000,0
1818,1038,1045,280.04,742.12,24.73,1.0000,0
1819,1039,1045,240.55,742.32,24.70,1.0000,0
1820,1036,1046,220.59,702.99,44.53,1.0000,0
1821,1039,1046,220.79,742.48,44.43,0.8800,0
1822,1040,1046,220.76,742.59,83.91,1.0000,0
1823,1041,1046,220.56,703.10,84.02,1.0000,0
1824,1036,1048,240.23,683.14,44.61,1.0000,0
1825,1037,1048,279.72,682.94,44.64,0.5200,0
1826,1041,1048,240.20,683.25,84.09,0.6800,0
1827,1042,1048,279.69,683.05,84.13,1.0000,0
1828,1038,1049,280.13,761.92,44.42,0.0000,1
1829,1039,1049,240.64,762.12,44.39,0.0000,1
1830,1040,1049,240.60,762.23,83.88,0.0000,1
1831,1043,1049,280.09,762.03,83.91,0.0000,1
1832,1046,1044,240.40,722.74,83.98,1.0000,0
1833,1046,1045,240.44,722.63,44.50,0.9600,0
1834,1046,1049,240.52,742.43,64.19,0.1200,1
1835,1046,1048,240.32,702.94,64.30,0.0800,1
1836,1047,1045,279.92,722.43,44.53,1.0000,0
1837,1047,1049,280.01,742.23,64.22,0.0400,1
1838,1047,1044,279.89,722.54,84.02,0.9600,0
1839,1048,1045,260.08,702.79,44.57,1.0000,0
1840,1048,1047,279.81,702.74,64.33,0.1200,1
1841,1048,1044,260.05,702.90,84.06,0.8800,0
1842,1049,1044,260.25,742.39,83.95,0.8800,0
1843,1049,1045,260.28,742.28,44.46,0.8800,0
1844,1050,1059,319.33,702.43,24.87,1.0000,0
1845,1051,1059,358.82,702.23,24.90,1.0000,0
1846,1052,1059,359.02,741.72,24.80,1.0000,0
1847,1053,1059,319.53,741.92,24.76,1.0000,0
1848,1050,1060,299.57,702.59,44.60,0.9600,0
1849,1053,1060,299.77,742.08,44.49,0.9200,0
1850,1054,1060,299.74,742.18,83.98,0.9600,0
1851,1055,1060,299.54,702.70,84.09,1.0000,0
1852,1050,1062,319.21,682.74,44.67,1.0000,0
1853,1051,1062,358.70,682.54,44.70,1.0000,0
1854,1055,1062,319.18,682.85,84.16,1.0000,0
1855,1056,1062,358.67,682.65,84.19,1.0000,0
1856,1052,1063,359.10,761.52,44.49,0.0000,1
1857,1053,1063,319.61,761.72,44.45,0.0000,1
1858,1054,1063,319.58,761.83,83.94,0.0000,1
1859,1057,1063,359.07,761.63,83.97,0.0000,1
1860,1060,1058,319.38,722.34,84.05,1.0000,0
1861,1060,1059,319.41,722.23,44.56,1.0000,0
1862,1060,1063,319.50,742.03,64.25,0.1200,1
1863,1060,1062,319.30,702.54,64.36,0.0800,1
1864,1061,1059,358.90,722.03,44.59,1.0000,0
1865,1061,1063,358.99,741.83,64.28,0.0400,1
1866,1061,1058,358.87,722.14,84.08,0.9600,0
1867,1062,1059,339.06,702.39,44.63,1.0000,0
1868,1062,1061,358.78,702.34,64.39,0.0800,1
1869,1062,1058,339.02,702.50,84.12,0.7200,0
1870,1063,1058,339.22,741.98,84.01,0.9200,0
1871,1063,1059,339.26,741.87,44.52,0.8000,0
1872,1064,1073,398.30,702.03,24.94,1.0000,0
1873,1065,1073,437.79,701.83,24.97,1.0000,0
1874,1066,1073,437.99,741.32,24.86,1.0000,0
1875,1067,1073,398.51,741.52,24.83,1.0000,0
1876,1064,1074,378.54,702.19,44.67,0.9200,0
1877,1067,1074,378.75,741.67,44.56,0.8800,0
1878,1068,1074,378.71,741.78,84.04,0.9200,0
1879,1069,1074,378.51,702.30,84.15,1.0000,0
1880,1064,1076,398.19,682.34,44.74,1.0000,0
1881,1065,1076,437.68,682.14,44.77,1.0000,0
1882,1069,1076,398.16,682.45,84.22,1.0000,0
1883,1070,1076,437.64,682.25,84.26,0.8400,0
1884,1066,1077,438.08,761.12,44.55,0.0000,1
1885,1067,1077,398.59,761.32,44.52,0.0000,1
1886,1068,1077,398.56,761.43,84.01,0.0000,1
1887,1071,1077,438.05,761.23,84.04,0.0000,1
1888,1074,1072,398.36,721.94,84.12,0.9200,0
1889,1074,1073,398.39,721.83,44.63,1.0000,0
1890,1074,1077,398.47,741.63,64.32,0.0000,1
1891,1074,1076,398.27,702.14,64.43,0.1200,1
1892,1075,1073,437.88,721.63,44.66,0.8800,0
1893,1075,1077,437.96,741.43,64.35,0.0400,1
1894,1075,1072,437.85,721.74,84.15,1.0000,0
1895,1076,1073,418.03,701.98,44.70,1.0000,0
1896,1076,1075,437.76,701.94,64.46,0.0800,1
1897,1076,1072,418.00,702.09,84.19,0.4800,0
1898,1077,1072,418.20,741.58,84.08,0.8800,0
1899,1077,1073,418.23,741.47,44.59,0.5600,0
1900,1078,1087,477.28,701.63,25.00,1.0000,0
1901,1079,1087,516.77,701.43,25.04,1.0000,0
1902,1080,1087,516.97,740.92,24.93,1.0000,0
1903,1081,1087,477.48,741.12,24.89,1.0000,0
1904,1078,1088,457.52,701.78,44.73,0.7200,0
1905,1081,1088,457.72,741.27,44.62,0.8800,0
1906,1082,1088,457.69,741.38,84.11,0.4400,0
1907,1083,1088,457.49,701.89,84.22,1.0000,0
1908,1078,1090,477.16,681.94,44.80,0.7200,0
1909,1079,1090,516.65,681.74,44.83,1.0000,0
1910,1083,1090,477.13,682.05,84.29,1.0000,0
1911,1084,1090,516.62,681.85,84.32,0.3200,0
1912,1080,1091,517.05,760.72,44.62,0.0000,1
1913,1081,1091,477.57,760.92,44.58,0.0000,1
1914,1082,1091,477.53,761.03,84.07,0.0000,1
1915,1085,1091,517.02,760.82,84.10,0.0000,1
1916,1088,1086,477.33,721.54,84.18,0.2800,1
1917,1088,1087,477.37,721.43,44.69,1.0000,0
1918,1088,1091,477.45,741.23,64.38,0.0400,1
1919,1088,1090,477.25,701.74,64.49,0.0800,1
1920,1089,1087,516.85,721.23,44.73,0.2800,1
1921,1089,1091,516.94,741.03,64.41,0.0800,1
1922,1089,1086,516.82,721.34,84.21,1.0000,0
1923,1090,1087,497.01,701.58,44.76,1.0000,0
1924,1090,1089,516.74,701.54,64.52,0.0800,1
1925,1090,1086,496.98,701.69,84.25,0.1600,1
1926,1091,1086,497.18,741.18,84.14,0.8800,0
1927,1091,1087,497.21,741.07,44.65,0.4800,0
1928,1092,1101,556.26,701.23,25.07,1.0000,0
1929,1093,1101,595.75,701.03,25.10,1.0000,0
1930,1094,1101,595.95,740.51,24.99,1.0000,0
1931,1095,1101,556.46,740.72,24.96,1.0000,0
1932,1092,1102,536.50,701.38,44.80,0.5600,0
1933,1095,1102,536.70,740.87,44.69,0.8400,0
1934,1096,1102,536.67,740.98,84.18,0.1600,1
1935,1097,1102,536.47,701.49,84.28,1.0000,0
1936,1092,1104,556.14,681.54,44.87,0.5200,0
1937,1093,1104,595.63,681.34,44.90,1.0000,0
1938,1097,1104,556.11,681.65,84.36,1.0000,0
1939,1098,1104,595.60,681.45,84.39,0.3200,0
1940,1094,1105,596.03,760.31,44.68,0.0000,1
1941,1095,1105,556.54,760.51,44.65,0.0000,1
1942,1096,1105,556.51,760.62,84.14,0.0000,1
1943,1099,1105,596.00,760.42,84.17,0.0000,1
1944,1102,1100,556.31,721.14,84.25,0.0800,1
1945,1102,1101,556.34,721.03,44.76,1.0000,0
1946,1102,1105,556.43,740.82,64.45,0.0000,1
1947,1102,1104,556.23,701.34,64.56,0.0800,1
1948,1103,1101,595.83,720.83,44.79,0.1600,1
1949,1103,1105,595.91,740.62,64.48,0.0800,1
1950,1103,1100,595.80,720.93,84.28,0.5600,0
1951,1104,1101,575.99,701.18,44.83,1.0000,0
1952,1104,1103,595.71,701.14,64.59,0.1200,1
1953,1104,1100,575.95,701.29,84.32,0.1200,1
1954,1105,1100,576.15,740.78,84.21,0.8800,0
1955,1105,1101,576.19,740.67,44.72,0.1600,1
1956,1106,1115,635.23,700.83,25.13,1.0000,0
1957,1107,1115,674.72,700.62,25.17,1.0000,0
1958,1108,1115,674.92,740.11,25.06,1.0000,0
1959,1109,1115,635.44,740.31,25.02,1.0000,0
1960,1106,1116,615.47,700.98,44.86,0.2400,1
1961,1109,1116,615.68,740.47,44.75,0.8400,0
1962,1110,1116,615.64,740.58,84.24,0.1200,1
1963,1111,1116,615.44,701.09,84.35,1.0000,0
1964,1106,1118,635.12,681.14,44.93,0.1200,1
1965,1107,1118,674.61,680.94,44.97,1.0000,0
1966,1111,1118,635.09,681.25,84.42,1.0000,0
1967,1112,1118,674.57,681.05,84.45,0.0000,1
1968,1108,1119,675.01,759.91,44.75,0.0000,1
1969,1109,1119,635.52,760.11,44.71,0.0000,1
1970,1110,1119,635.49,760.22,84.20,0.0000,1
1971,1113,1119,674.98,760.02,84.24,0.0000,1
1972,1116,1114,635.29,720.73,84.31,0.0400,1
1973,1116,1115,635.32,720.62,44.82,1.0000,0
1974,1116,1119,635.40,740.42,64.51,0.0000,1
1975,1116,1118,635.20,700.94,64.62,0.1200,1
1976,1117,1115,674.81,720.42,44.86,0.1200,1
1977,1117,1119,674.89,740.22,64.55,0.0400,1
1978,1117,1114,674.77,720.53,84.34,1.0000,0
1979,1118,1115,654.96,700.78,44.89,1.0000,0
1980,1118,1117,674.69,700.73,64.66,0.1200,1
1981,1118,1114,654.93,700.89,84.38,0.0800,1
1982,1119,1114,655.13,740.38,84.27,0.8000,0
1983,1119,1115,655.16,740.27,44.79,0.1200,1
1984,1120,1129,714.21,700.42,25.20,1.0000,0
1985,1121,1129,753.70,700.22,25.23,1.0000,0
1986,1122,1129,753.90,739.71,25.12,0.9200,0
1987,1123,1129,714.41,739.91,25.09,1.0000,0
1988,1120,1130,694.45,700.58,44.93,0.1600,1
1989,1123,1130,694.65,740.07,44.82,0.0400,1
1990,1124,1130,694.62,740.18,84.31,0.0800,1
1991,1125,1130,694.42,700.69,84.42,1.0000,0
1992,1121,1131,773.43,700.18,44.99,0.0000,1
1993,1122,1131,773.63,739.67,44.88,0.0000,1
1994,1126,1131,773.40,700.29,84.48,0.0000,1
1995,1127,1131,773.60,739.78,84.37,0.0000,1
1996,1120,1132,714.09,680.73,45.00,0.1600,1
1997,1121,1132,753.58,680.53,45.03,1.0000,0
1998,1125,1132,714.06,680.84,84.49,1.0000,0
1999,1126,1132,753.55,680.64,84.52,0.0000,1
2000,1122,1133,753.98,759.51,44.81,0.0000,1
2001,1123,1133,714.50,759.71,44.78,0.0000,1
2002,1124,1133,714.46,759.82,84.27,0.0000,1
2003,1127,1133,753.95,759.62,84.30,0.0000,1
2004,1130,1128,714.26,720.33,84.38,0.0000,1
2005,1130,1129,714.30,720.22,44.89,0.6400,0
2006,1130,1133,714.38,740.02,64.58,0.0000,1
2007,1130,1132,714.18,700.53,64.69,0.1200,1
2008,1131,1129,753.78,720.02,44.92,0.1200,1
2009,1131,1133,753.87,739.82,64.61,0.0800,1
2010,1131,1128,753.75,720.13,84.41,1.0000,0
2011,1132,1129,733.94,700.38,44.96,0.7200,0
2012,1132,1131,753.67,700.33,64.72,0.1600,1
2013,1132,1128,733.91,700.49,84.45,0.0800,1
2014,1133,1128,734.11,739.98,84.34,0.0000,1
2015,1133,1129,734.14,739.87,44.85,0.1200,1
2016,1134,1143,79.12,72.05,105.40,1.0000,0
2017,1135,1143,118.61,71.84,105.43,0.9200,0
2018,1136,1143,118.81,111.33,105.32,1.0000,0
2019,1137,1143,79.32,111.53,105.29,1.0000,0
2020,1134,1144,59.36,72.20,125.13,1.0000,0
2021,1137,1144,59.56,111.69,125.02,1.0000,0
2022,1138,1144,59.53,111.80,164.51,0.8800,0
2023,1139,1144,59.33,72.31,164.62,1.0000,0
2024,1134,1146,79.00,52.36,125.20,1.0000,0
2025,1135,1146,118.49,52.16,125.23,1.0000,0
2026,1139,1146,78.97,52.47,164.69,1.0000,0
2027,1140,1146,118.46,52.26,164.72,1.0000,0
2028,1144,1142,79.17,91.95,164.58,1.0000,0
2029,1144,1143,79.20,91.84,125.09,1.0000,0
2030,1144,1147,79.29,111.64,144.78,1.0000,0
2031,1144,1146,79.09,72.15,144.89,1.0000,0
2032,1145,1143,118.69,91.64,125.12,1.0000,0
2033,1145,1147,118.78,111.44,144.81,1.0000,0
2034,1145,1142,118.66,91.75,164.61,1.0000,0
2035,1146,1143,98.85,72.00,125.16,1.0000,0
2036,1146,1145,118.58,71.95,144.92,1.0000,0
2037,1146,1142,98.82,72.11,164.65,1.0000,0
2038,1147,1142,99.02,111.60,164.54,1.0000,0
2039,1147,1143,99.05,111.49,125.05,1.0000,0
2040,1148,1157,158.10,71.64,105.47,1.0000,0
2041,1149,1157,197.58,71.44,105.50,1.0000,0
2042,1150,1157,197.79,110.93,105.39,1.0000,0
2043,1151,1157,158.30,111.13,105.36,1.0000,0
2044,1148,1158,138.34,71.80,125.19,1.0000,0
2045,1151,1158,138.54,111.29,125.08,1.0000,0
2046,1152,1158,138.50,111.40,164.57,1.0000,0
2047,1153,1158,138.30,71.91,164.68,1.0000,0
2048,1148,1160,157.98,51.95,125.27,1.0000,0
2049,1149,1160,197.47,51.75,125.30,1.0000,0
2050,1153,1160,157.95,52.06,164.75,1.0000,0
2051,1154,1160,197.44,51.86,164.79,1.0000,0
2052,1158,1156,158.15,91.55,164.64,1.0000,0
2053,1158,1157,158.18,91.44,125.16,1.0000,0
2054,1158,1161,158.27,111.24,144.85,1.0000,0
2055,1158,1160,158.06,71.75,144.95,1.0000,0
2056,1159,1157,197.67,91.24,125.19,1.0000,0
2057,1159,1161,197.75,111.04,144.88,1.0000,0
2058,1159,1156,197.64,91.35,164.68,1.0000,0
2059,1160,1157,177.82,71.60,125.23,1.0000,0
2060,1160,1159,197.55,71.55,144.99,1.0000,0
2061,1160,1156,177.79,71.71,164.72,1.0000,0
2062,1161,1156,177.99,111.20,164.61,1.0000,0
2063,1161,1157,178.03,111.09,125.12,1.0000,0
2064,1162,1171,237.07,71.24,105.53,1.0000,0
2065,1163,1171,276.56,71.04,105.56,1.0000,0
2066,1164,1171,276.76,110.53,105.46,1.0000,0
2067,1165,1171,237.27,110.73,105.42,1.0000,0
2068,1162,1172,217.31,71.40,125.26,1.0000,0
2069,1165,1172,217.51,110.89,125.15,1.0000,0
2070,1166,1172,217.48,110.99,164.64,1.0000,0
2071,1167,1172,217.28,71.51,164.75,1.0000,0
2072,1162,1174,236.96,51.55,125.33,1.0000,0
2073,1163,1174,276.44,51.35,125.36,1.0000,0
2074,1167,1174,236.92,51.66,164.82,0.8000,0
2075,1168,1174,276.41,51.46,164.85,1.0000,0
2076,1172,1170,237.13,91.15,164.71,1.0000,0
2077,1172,1171,237.16,91.04,125.22,1.0000,0
2078,1172,1175,237.24,110.84,144.91,1.0000,0
2079,1172,1174,237.04,71.35,145.02,1.0000,0
2080,1173,1171,276.65,90.84,125.25,1.0000,0
2081,1173,1175,276.73,110.64,144.94,1.0000,0
2082,1173,1170,276.61,90.95,164.74,1.0000,0
2083,1174,1171,256.80,71.20,125.29,1.0000,0
2084,1174,1173,276.53,71.15,145.05,1.0000,0
2085,1174,1170,256.77,71.31,164.78,1.0000,0
2086,1175,1170,256.97,110.79,164.67,1.0000,0
2087,1175,1171,257.00,110.68,125.18,1.0000,0
2088,1176,1185,316.05,70.84,105.60,1.0000,0
2089,1177,1185,355.54,70.64,105.63,1.0000,0
2090,1178,1185,355.74,110.13,105.52,1.0000,0
2091,1179,1185,316.25,110.33,105.49,1.0000,0
2092,1176,1186,296.29,71.00,125.33,1.0000,0
2093,1179,1186,296.49,110.48,125.22,1.0000,0
2094,1180,1186,296.46,110.59,164.70,1.0000,0
2095,1181,1186,296.26,71.11,164.81,1.0000,0
2096,1176,1188,315.93,51.15,125.40,1.0000,0
2097,1177,1188,355.42,50.95,125.43,1.0000,0
2098,1181,1188,315.90,51.26,164.88,1.0000,0
2099,1182,1188,355.39,51.06,164.92,1.0000,0
2100,1186,1184,316.10,90.75,164.78,1.0000,0
2101,1186,1185,316.13,90.64,125.29,1.0000,0
2102,1186,1189,316.22,110.44,144.98,1.0000,0
2103,1186,1188,316.02,70.95,145.09,1.0000,0
2104,1187,1185,355.62,90.44,125.32,1.0000,0
2105,1187,1189,355.71,110.24,145.01,1.0000,0
2106,1187,1184,355.59,90.55,164.81,1.0000,0
2107,1188,1185,335.78,70.79,125.36,1.0000,0
2108,1188,1187,355.51,70.75,145.12,1.0000,0
2109,1188,1184,335.75,70.90,164.85,1.0000,0
2110,1189,1184,335.95,110.39,164.74,1.0000,0
2111,1189,1185,335.98,110.28,125.25,1.0000,0
2112,1190,1199,395.03,70.44,105.66,1.0000,0
2113,1191,1199,434.51,70.24,105.70,1.0000,0
2114,1192,1199,434.72,109.73,105.59,1.0000,0
2115,1193,1199,395.23,109.93,105.55,1.0000,0
2116,1190,1200,375.27,70.59,125.39,1.0000,0
2117,1193,1200,375.47,110.08,125.28,1.0000,0
2118,1194,1200,375.43,110.19,164.77,1.0000,0
2119,1195,1200,375.23,70.70,164.88,1.0000,0
2120,1190,1202,394.91,50.75,125.46,1.0000,0
2121,1191,1202,434.40,50.55,125.49,1.0000,0
2122,1195,1202,394.88,50.86,164.95,1.0000,0
2123,1196,1202,434.37,50.66,164.98,1.0000,0
2124,1200,1198,395.08,90.35,164.84,1.0000,0
2125,1200,1199,395.11,90.24,125.35,1.0000,0
2126,1200,1203,395.19,110.04,145.04,1.0000,0
2127,1200,1202,394.99,70.55,145.15,1.0000,0
2128,1201,1199,434.60,90.04,125.38,1.0000,0
2129,1201,1203,434.68,109.84,145.07,1.0000,0
2130,1201,1198,434.57,90.15,164.87,1.0000,0
2131,1202,1199,414.75,70.39,125.42,1.0000,0
2132,1202,1201,434.48,70.35,145.18,1.0000,0
2133,1202,1198,414.72,70.50,164.91,1.0000,0
2134,1203,1198,414.92,109.99,164.80,1.0000,0
2135,1203,1199,414.96,109.88,125.31,1.0000,0
2136,1204,1213,474.00,70.04,105.73,1.0000,0
2137,1205,1213,513.49,69.84,105.76,1.0000,0
2138,1206,1213,513.69,109.32,105.65,0.4000,0
2139,1207,1213,474.20,109.53,105.62,1.0000,0
2140,1204,1214,454.24,70.19,125.46,1.0000,0
2141,1207,1214,454.44,109.68,125.35,1.0000,0
2142,1208,1214,454.41,109.79,164.84,1.0000,0
2143,1209,1214,454.21,70.30,164.94,1.0000,0
2144,1204,1216,473.89,50.35,125.53,0.7600,0
2145,1205,1216,513.37,50.15,125.56,1.0000,0
2146,1209,1216,473.85,50.46,165.02,1.0000,0
2147,1210,1216,513.34,50.26,165.05,0.7200,0
2148,1214,1212,474.05,89.95,164.91,0.9200,0
2149,1214,1213,474.09,89.84,125.42,1.0000,0
2150,1214,1217,474.17,109.63,145.11,0.9600,0
2151,1214,1216,473.97,70.15,145.22,1.0000,0
2152,1215,1213,513.58,89.64,125.45,0.6800,0
2153,1215,1217,513.66,109.43,145.14,0.6800,0
2154,1215,1212,513.54,89.74,164.94,1.0000,0
2155,1216,1213,493.73,69.99,125.49,0.9200,0
2156,1216,1215,513.46,69.95,145.25,0.8400,0
2157,1216,1212,493.70,70.10,164.98,1.0000,0
2158,1217,1212,493.90,109.59,164.87,0.9600,0
2159,1217,1213,493.93,109.48,125.38,0.9600,0
2160,1218,1227,552.98,69.64,105.79,0.8800,0
2161,1219,1227,592.47,69.44,105.83,0.6800,0
2162,1220,1227,592.67,108.92,105.72,0.2400,1
2163,1221,1227,553.18,109.12,105.68,0.5200,0
2164,1218,1228,533.22,69.79,125.52,1.0000,0
2165,1221,1228,533.42,109.28,125.41,0.7200,0
2166,1222,1228,533.39,109.39,164.90,1.0000,0
2167,1223,1228,533.19,69.90,165.01,1.0000,0
2168,1218,1230,552.86,49.95,125.59,0.0000,1
2169,1219,1230,592.35,49.75,125.63,1.0000,0
2170,1223,1230,552.83,50.06,165.08,1.0000,0
2171,1224,1230,592.32,49.86,165.11,0.1200,1
2172,1228,1226,553.03,89.54,164.97,0.2000,1
2173,1228,1227,553.06,89.43,125.48,1.0000,0
2174,1228,1231,553.15,109.23,145.17,0.2400,1
2175,1228,1230,552.95,69.75,145.28,0.9600,0
2176,1229,1227,592.55,89.23,125.52,0.0000,1
2177,1229,1231,592.64,109.03,145.21,0.1200,1
2178,1229,1226,592.52,89.34,165.00,1.0000,0
2179,1230,1227,572.71,69.59,125.55,0.1200,1
2180,1230,1229,592.44,69.54,145.31,0.5200,0
2181,1230,1226,572.68,69.70,165.04,0.8800,0
2182,1231,1226,572.88,109.19,164.93,0.1600,1
2183,1231,1227,572.91,109.08,125.44,0.2000,1
2184,1232,1241,631.96,69.23,105.86,0.2400,1
2185,1233,1241,671.44,69.03,105.89,0.1200,1
2186,1234,1241,671.65,108.52,105.78,0.1200,1
2187,1235,1241,632.16,108.72,105.75,0.1200,1
2188,1232,1242,612.20,69.39,125.59,0.5600,0
2189,1235,1242,612.40,108.88,125.48,0.1200,1
2190,1236,1242,612.36,108.99,164.97,0.2000,1
2191,1237,1242,612.16,69.50,165.08,0.3600,0
2192,1232,1244,631.84,49.54,125.66,0.0000,1
2193,1233,1244,671.33,49.34,125.69,1.0000,0
2194,1237,1244,631.81,49.65,165.15,1.0000,0
2195,1238,1244,671.30,49.45,165.18,0.0000,1
2196,1242,1240,632.01,89.14,165.04,0.0400,1
2197,1242,1241,632.04,89.03,125.55,1.0000,0
2198,1242,1245,632.12,108.83,145.24,0.2000,1
2199,1242,1244,631.92,69.34,145.35,0.5200,0
2200,1243,1241,671.53,88.83,125.58,0.0000,1
2201,1243,1245,671.61,108.63,145.27,0.1200,1
2202,1243,1240,671.50,88.94,165.07,1.0000,0
2203,1244,1241,651.68,69.19,125.62,0.0400,1
2204,1244,1243,671.41,69.14,145.38,0.1200,1
2205,1244,1240,651.65,69.30,165.11,0.0800,1
2206,1245,1240,651.85,108.79,165.00,0.0400,1
2207,1245,1241,651.88,108.68,125.51,0.0800,1
2208,1246,1255,710.93,68.83,105.92,0.1200,1
2209,1247,1255,750.42,68.63,105.96,0.1200,1
2210,1248,1255,750.62,108.12,105.85,0.1600,1
2211,1249,1255,711.13,108.32,105.82,0.1200,1
2212,1246,1256,691.17,68.99,125.65,0.0800,1
2213,1249,1256,691.37,108.48,125.54,0.0800,1
2214,1250,1256,691.34,108.59,165.03,0.0800,1
2215,1251,1256,691.14,69.10,165.14,0.0800,1
2216,1247,1257,770.15,68.59,125.72,0.0000,1
2217,1248,1257,770.35,108.07,125.61,0.0000,1
2218,1252,1257,770.12,68.70,165.21,0.0000,1
2219,1253,1257,770.32,108.18,165.10,0.0000,1
2220,1246,1258,710.82,49.14,125.72,0.0000,1
2221,1247,1258,750.30,48.94,125.76,1.0000,0
2222,1251,1258,710.78,49.25,165.21,1.0000,0
2223,1252,1258,750.27,49.05,165.24,0.0000,1
2224,1256,1254,710.98,88.74,165.10,0.0000,1
2225,1256,1255,711.02,88.63,125.61,1.0000,0
2226,1256,1259,711.10,108.43,145.30,0.1600,1
2227,1256,1258,710.90,68.94,145.41,0.1200,1
2228,1257,1255,750.51,88.43,125.65,0.0000,1
2229,1257,1259,750.59,108.23,145.34,0.1200,1
2230,1257,1254,750.47,88.54,165.14,1.0000,0
2231,1258,1255,730.66,68.79,125.69,0.0800,1
2232,1258,1257,750.39,68.74,145.45,0.1200,1
2233,1258,1254,730.63,68.90,165.17,0.0800,1
2234,1259,1254,730.83,108.38,165.06,0.0800,1
2235,1259,1255,730.86,108.28,125.58,0.0800,1
2236,1260,1269,79.52,151.02,105.18,1.0000,0
2237,1261,1269,119.01,150.82,105.21,1.0000,0
2238,1262,1269,119.21,190.31,105.11,1.0000,0
2239,1263,1269,79.72,190.51,105.07,1.0000,0
2240,1260,1270,59.76,151.18,124.91,1.0000,0
2241,1263,1270,59.96,190.66,124.80,1.0000,0
2242,1264,1270,59.93,190.77,164.29,1.0000,0
2243,1265,1270,59.73,151.29,164.40,1.0000,0
2244,1260,1272,79.41,131.33,124.98,1.0000,0
2245,1261,1272,118.89,131.13,125.01,0.9200,0
2246,1265,1272,79.37,131.44,164.47,1.0000,0
2247,1266,1272,118.86,131.24,164.50,1.0000,0
2248,1270,1268,79.57,170.93,164.36,1.0000,0
2249,1270,1269,79.61,170.82,124.87,0.8400,0
2250,1270,1273,79.69,190.62,144.56,1.0000,0
2251,1270,1272,79.49,151.13,144.67,0.0400,1
2252,1271,1269,119.09,170.62,124.90,1.0000,0
2253,1271,1273,119.18,190.42,144.59,1.0000,0
2254,1271,1268,119.06,170.73,164.39,1.0000,0
2255,1272,1269,99.25,150.98,124.94,1.0000,0
2256,1272,1271,118.98,150.93,144.70,1.0000,0
2257,1272,1268,99.22,151.09,164.43,1.0000,0
2258,1273,1268,99.42,190.57,164.32,1.0000,0
2259,1273,1269,99.45,190.46,124.83,0.8800,0
2260,1274,1283,158.50,150.62,105.25,1.0000,0
2261,1275,1283,197.99,150.42,105.28,0.9600,0
2262,1276,1283,198.19,189.91,105.17,1.0000,0
2263,1277,1283,158.70,190.11,105.14,0.9600,0
2264,1274,1284,138.74,150.78,124.98,1.0000,0
2265,1277,1284,138.94,190.26,124.87,1.0000,0
2266,1278,1284,138.91,190.37,164.36,1.0000,0
2267,1279,1284,138.71,150.88,164.46,1.0000,0
2268,1274,1286,158.38,130.93,125.05,1.0000,0
2269,1275,1286,197.87,130.73,125.08,1.0000,0
2270,1279,1286,158.35,131.04,164.54,1.0000,0
2271,1280,1286,197.84,130.84,164.57,1.0000,0
2272,1284,1282,158.55,170.53,164.43,1.0000,0
2273,1284,1283,158.58,170.42,124.94,1.0000,0
2274,1284,1287,158.67,190.22,144.63,1.0000,0
2275,1284,1286,158.47,150.73,144.74,1.0000,0
2276,1285,1283,198.07,170.22,124.97,1.0000,0
2277,1285,1287,198.16,190.02,144.66,1.0000,0
2278,1285,1282,198.04,170.33,164.46,1.0000,0
2279,1286,1283,178.23,150.57,125.01,1.0000,0
2280,1286,1285,197.95,150.53,144.77,1.0000,0
2281,1286,1282,178.19,150.68,164.50,1.0000,0
2282,1287,1282,178.39,190.17,164.39,1.0000,0
2283,1287,1283,178.43,190.06,124.90,1.0000,0
2284,1288,1297,237.47,150.22,105.31,1.0000,0
2285,1289,1297,276.96,150.02,105.35,1.0000,0
2286,1290,1297,277.16,189.51,105.24,1.0000,0
2287,1291,1297,237.68,189.71,105.20,0.9600,0
2288,1288,1298,217.71,150.37,125.04,1.0000,0
2289,1291,1298,217.92,189.86,124.93,0.0000,1
2290,1292,1298,217.88,189.97,164.42,1.0000,0
2291,1293,1298,217.68,150.48,164.53,1.0000,0
2292,1288,1300,237.36,130.53,125.11,1.0000,0
2293,1289,1300,276.85,130.33,125.14,1.0000,0
2294,1293,1300,237.33,130.64,164.60,1.0000,0
2295,1294,1300,276.81,130.44,164.63,1.0000,0
2296,1298,1296,237.53,170.13,164.49,1.0000,0
2297,1298,1297,237.56,170.02,125.00,1.0000,0
2298,1298,1301,237.64,189.82,144.69,1.0000,0
2299,1298,1300,237.44,150.33,144.80,1.0000,0
2300,1299,1297,277.05,169.82,125.04,1.0000,0
2301,1299,1301,277.13,189.62,144.73,1.0000,0
2302,1299,1296,277.02,169.93,164.52,0.8800,0
2303,1300,1297,257.20,150.17,125.07,0.0000,1
2304,1300,1299,276.93,150.13,144.83,1.0000,0
2305,1300,1296,257.17,150.28,164.56,1.0000,0
2306,1301,1296,257.37,189.77,164.45,1.0000,0
2307,1301,1297,257.40,189.66,124.96,1.0000,0
2308,1302,1311,316.45,149.82,105.38,1.0000,0
2309,1303,1311,355.94,149.62,105.41,0.9600,0
2310,1304,1311,356.14,189.10,105.30,1.0000,0
2311,1305,1311,316.65,189.31,105.27,0.9600,0
2312,1302,1312,296.69,149.97,125.11,1.0000,0
2313,1305,1312,296.89,189.46,125.00,1.0000,0
2314,1306,1312,296.86,189.57,164.49,1.0000,0
2315,1307,1312,296.66,150.08,164.60,1.0000,0
2316,1302,1314,316.33,130.13,125.18,1.0000,0
2317,1303,1314,355.82,129.93,125.21,1.0000,0
2318,1307,1314,316.30,130.24,164.67,1.0000,0
2319,1308,1314,355.79,130.04,164.70,1.0000,0
2320,1312,1310,316.50,169.73,164.56,1.0000,0
2321,1312,1311,316.54,169.62,125.07,1.0000,0
2322,1312,1315,316.62,189.41,144.76,1.0000,0
2323,1312,1314,316.42,149.93,144.87,1.0000,0
2324,1313,1311,356.02,169.41,125.10,1.0000,0
2325,1313,1315,356.11,189.21,144.79,1.0000,0
2326,1313,1310,355.99,169.52,164.59,1.0000,0
2327,1314,1311,336.18,149.77,125.14,1.0000,0
2328,1314,1313,355.91,149.73,144.90,1.0000,0
2329,1314,1310,336.15,149.88,164.63,1.0000,0
2330,1315,1310,336.35,189.37,164.52,1.0000,0
2331,1315,1311,336.38,189.26,125.03,1.0000,0
2332,1316,1325,395.43,149.42,105.44,0.8000,0
2333,1317,1325,434.92,149.21,105.48,0.4000,0
2334,1318,1325,435.12,188.70,105.37,0.4000,0
2335,1319,1325,395.63,188.90,105.33,0.8400,0
2336,1316,1326,375.67,149.57,125.17,1.0000,0
2337,1319,1326,375.87,189.06,125.06,1.0000,0
2338,1320,1326,375.84,189.17,164.55,1.0000,0
2339,1321,1326,375.64,149.68,164.66,1.0000,0
2340,1316,1328,395.31,129.73,125.24,1.0000,0
2341,1317,1328,434.80,129.53,125.28,1.0000,0
2342,1321,1328,395.28,129.84,164.73,1.0000,0
2343,1322,1328,434.77,129.63,164.76,1.0000,0
2344,1326,1324,395.48,169.32,164.62,1.0000,0
2345,1326,1325,395.51,169.21,125.13,1.0000,0
2346,1326,1329,395.60,189.01,144.82,1.0000,0
2347,1326,1328,395.40,149.52,144.93,1.0000,0
2348,1327,1325,435.00,169.01,125.17,1.0000,0
2349,1327,1329,435.08,188.81,144.86,1.0000,0
2350,1327,1324,434.97,169.12,164.66,1.0000,0
2351,1328,1325,415.16,149.37,125.20,1.0000,0
2352,1328,1327,434.88,149.32,144.97,1.0000,0
2353,1328,1324,415.12,149.48,164.69,1.0000,0
2354,1329,1324,415.32,188.97,164.58,1.0000,0
2355,1329,1325,415.36,188.86,125.10,1.0000,0
2356,1330,1339,474.40,149.01,105.51,0.6800,0
2357,1331,1339,513.89,148.81,105.54,0.7600,0
2358,1332,1339,514.09,188.30,105.43,0.1200,1
2359,1333,1339,474.61,188.50,105.40,0.0400,1
2360,1330,1340,454.64,149.17,125.24,1.0000,0
2361,1333,1340,454.85,188.66,125.13,1.0000,0
2362,1334,1340,454.81,188.77,164.62,1.0000,0
2363,1335,1340,454.61,149.28,164.73,1.0000,0
2364,1330,1342,474.29,129.32,125.31,0.2800,1
2365,1331,1342,513.78,129.12,125.34,1.0000,0
2366,1335,1342,474.26,129.43,164.80,1.0000,0
2367,1336,1342,513.74,129.23,164.83,0.2400,1
2368,1340,1338,474.46,168.92,164.69,0.8000,0
2369,1340,1339,474.49,168.81,125.20,1.0000,0
2370,1340,1343,474.57,188.61,144.89,1.0000,0
2371,1340,1342,474.37,149.12,145.00,0.8000,0
2372,1341,1339,513.98,168.61,125.23,0.2800,1
2373,1341,1343,514.06,188.41,144.92,0.3600,0
2374,1341,1338,513.94,168.72,164.72,1.0000,0
2375,1342,1339,494.13,148.97,125.27,1.0000,0
2376,1342,1341,513.86,148.92,145.03,0.7600,0
2377,1342,1338,494.10,149.08,164.76,1.0000,0
2378,1343,1338,494.30,188.57,164.65,1.0000,0
2379,1343,1339,494.33,188.46,125.16,1.0000,0
2380,1344,1353,553.38,148.61,105.57,0.2400,1
2381,1345,1353,592.87,148.41,105.61,0.2400,1
2382,1346,1353,593.07,187.90,105.50,0.0800,1
2383,1347,1353,553.58,188.10,105.47,0.0800,1
2384,1344,1354,533.62,148.77,125.30,0.6000,0
2385,1347,1354,533.82,188.26,125.19,0.2800,1
2386,1348,1354,533.79,188.36,164.68,0.6400,0
2387,1349,1354,533.59,148.88,164.79,0.8000,0
2388,1344,1356,553.26,128.92,125.37,0.0400,1
2389,1345,1356,592.75,128.72,125.41,1.0000,0
2390,1349,1356,553.23,129.03,164.86,1.0000,0
2391,1350,1356,592.72,128.83,164.90,0.0000,1
2392,1354,1352,553.43,168.52,164.75,0.2800,1
2393,1354,1353,553.47,168.41,125.26,1.0000,0
2394,1354,1357,553.55,188.21,144.95,0.2000,1
2395,1354,1356,553.35,148.72,145.06,0.3600,0
2396,1355,1353,592.95,168.21,125.30,0.0000,1
2397,1355,1357,593.04,188.01,144.99,0.1200,1
2398,1355,1352,592.92,168.32,164.79,1.0000,0
2399,1356,1353,573.11,148.57,125.34,0.2400,1
2400,1356,1355,592.84,148.52,145.10,0.0800,1
2401,1356,1352,573.08,148.68,164.82,0.8000,0
2402,1357,1352,573.28,188.16,164.72,0.2000,1
2403,1357,1353,573.31,188.05,125.23,0.1600,1
2404,1358,1367,632.36,148.21,105.64,0.1200,1
2405,1359,1367,671.85,148.01,105.67,0.1200,1
2406,1360,1367,672.05,187.50,105.56,0.1200,1
2407,1361,1367,632.56,187.70,105.53,0.1200,1
2408,1358,1368,612.60,148.37,125.37,0.1200,1
2409,1361,1368,612.80,187.85,125.26,0.0400,1
2410,1362,1368,612.77,187.96,164.75,0.0800,1
2411,1363,1368,612.57,148.48,164.86,0.1600,1
2412,1358,1370,632.24,128.52,125.44,0.0000,1
2413,1359,1370,671.73,128.32,125.47,1.0000,0
2414,1363,1370,632.21,128.63,164.93,1.0000,0
2415,1364,1370,671.70,128.43,164.96,0.0000,1
2416,1368,1366,632.41,168.12,164.82,0.0000,1
2417,1368,1367,632.44,168.01,125.33,1.0000,0
2418,1368,1371,632.53,187.81,145.02,0.1200,1
2419,1368,1370,632.33,148.32,145.13,0.1200,1
2420,1369,1367,671.93,167.81,125.36,0.0000,1
2421,1369,1371,672.01,187.61,145.05,0.1200,1
2422,1369,1366,671.90,167.92,164.85,1.0000,0
2423,1370,1367,652.09,148.16,125.40,0.0800,1
2424,1370,1369,671.81,148.12,145.16,0.1200,1
2425,1370,1366,652.05,148.27,164.89,0.1200,1
2426,1371,1366,652.25,187.76,164.78,0.0400,1
2427,1371,1367,652.29,187.65,125.29,0.0800,1
2428,1372,1381,711.33,147.81,105.71,0.1200,1
2429,1373,1381,750.82,147.61,105.74,0.0800,1
2430,1374,1381,751.02,187.10,105.63,0.1600,1
2431,1375,1381,711.54,187.30,105.60,0.1200,1
2432,1372,1382,691.57,147.96,125.43,0.0800,1
2433,1375,1382,691.77,187.45,125.32,0.0800,1
2434,1376,1382,691.74,187.56,164.81,0.0800,1
2435,1377,1382,691.54,148.07,164.92,0.0800,1
2436,1373,1383,770.55,147.56,125.50,0.0000,1
2437,1374,1383,770.75,187.05,125.39,0.0000,1
2438,1378,1383,770.52,147.67,164.99,0.0000,1
2439,1379,1383,770.72,187.16,164.88,0.0000,1
2440,1372,1384,711.22,128.12,125.50,0.0000,1
2441,1373,1384,750.71,127.92,125.54,1.0000,0
2442,1377,1384,711.19,128.23,164.99,1.0000,0
2443,1378,1384,750.67,128.03,165.03,0.0000,1
2444,1382,1380,711.39,167.72,164.88,0.0000,1
2445,1382,1381,711.42,167.61,125.40,1.0000,0
2446,1382,1385,711.50,187.41,145.09,0.1600,1
2447,1382,1384,711.30,147.92,145.19,0.1200,1
2448,1383,1381,750.91,167.41,125.43,0.0000,1
2449,1383,1385,750.99,187.21,145.12,0.0800,1
2450,1383,1380,750.87,167.52,164.92,1.0000,0
2451,1384,1381,731.06,147.76,125.47,0.0800,1
2452,1384,1383,750.79,147.72,145.23,0.1600,1
2453,1384,1380,731.03,147.87,164.96,0.2000,1
2454,1385,1380,731.23,187.36,164.85,0.0800,1
2455,1385,1381,731.26,187.25,125.36,0.1200,1
2456,1386,1395,79.92,230.00,104.96,1.0000,0
2457,1387,1395,119.41,229.80,105.00,1.0000,0
2458,1388,1395,119.61,269.29,104.89,1.0000,0
2459,1389,1395,80.12,269.49,104.85,1.0000,0
2460,1386,1396,60.16,230.15,124.69,0.0400,1
2461,1389,1396,60.36,269.64,124.58,1.0000,0
2462,1390,1396,60.33,269.75,164.07,0.0400,1
2463,1391,1396,60.13,230.26,164.18,1.0000,0
2464,1386,1398,79.81,210.31,124.76,1.0000,0
2465,1387,1398,119.30,210.11,124.80,1.0000,0
2466,1391,1398,79.77,210.42,164.25,0.9200,0
2467,1392,1398,119.26,210.22,164.28,1.0000,0
2468,1396,1394,79.98,249.91,164.14,1.0000,0
2469,1396,1395,80.01,249.80,124.65,0.3200,0
2470,1396,1399,80.09,269.60,144.34,1.0000,0
2471,1396,1398,79.89,230.11,144.45,1.0000,0
2472,1397,1395,119.50,249.60,124.69,1.0000,0
2473,1397,1399,119.58,269.39,144.38,1.0000,0
2474,1397,1394,119.46,249.71,164.17,0.9600,0
2475,1398,1395,99.65,229.95,124.72,1.0000,0
2476,1398,1397,119.38,229.91,144.49,0.9200,0
2477,1398,1394,99.62,230.06,164.21,1.0000,0
2478,1399,1394,99.82,269.55,164.10,1.0000,0
2479,1399,1395,99.85,269.44,124.62,1.0000,0
2480,1400,1409,158.90,229.60,105.03,1.0000,0
2481,1401,1409,198.39,229.40,105.06,0.8400,0
2482,1402,1409,198.59,268.88,104.95,1.0000,0
2483,1403,1409,159.10,269.08,104.92,1.0000,0
2484,1400,1410,139.14,229.75,124.76,1.0000,0
2485,1403,1410,139.34,269.24,124.65,1.0000,0
2486,1404,1410,139.31,269.35,164.14,1.0000,0
2487,1405,1410,139.11,229.86,164.25,1.0000,0
2488,1400,1412,158.78,209.91,124.83,1.0000,0
2489,1401,1412,198.27,209.71,124.86,1.0000,0
2490,1405,1412,158.75,210.02,164.32,1.0000,0
2491,1406,1412,198.24,209.82,164.35,1.0000,0
2492,1410,1408,158.95,249.50,164.21,1.0000,0
2493,1410,1409,158.98,249.40,124.72,0.9600,0
2494,1410,1413,159.07,269.19,144.41,1.0000,0
2495,1410,1412,158.87,229.71,144.52,1.0000,0
2496,1411,1409,198.47,249.19,124.75,1.0000,0
2497,1411,1413,198.56,268.99,144.44,0.7600,0
2498,1411,1408,198.44,249.30,164.24,0.8400,0
2499,1412,1409,178.63,229.55,124.79,1.0000,0
2500,1412,1411,198.36,229.51,144.55,1.0000,0
2501,1412,1408,178.60,229.66,164.28,1.0000,0
2502,1413,1408,178.80,269.15,164.17,1.0000,0
2503,1413,1409,178.83,269.04,124.68,1.0000,0
2504,1414,1423,237.88,229.19,105.09,1.0000,0
2505,1415,1423,277.36,228.99,105.13,0.9200,0
2506,1416,1423,277.57,268.48,105.02,0.9600,0
2507,1417,1423,238.08,268.68,104.99,0.8000,0
2508,1414,1424,218.12,229.35,124.82,1.0000,0
2509,1417,1424,218.32,268.84,124.71,1.0000,0
2510,1418,1424,218.29,268.95,164.20,1.0000,0
2511,1419,1424,218.08,229.46,164.31,1.0000,0
2512,1414,1426,237.76,209.51,124.89,1.0000,0
2513,1415,1426,277.25,209.30,124.93,1.0000,0
2514,1419,1426,237.73,209.61,164.38,1.0000,0
2515,1420,1426,277.22,209.41,164.41,1.0000,0
2516,1424,1422,237.93,249.10,164.27,1.0000,0
2517,1424,1423,237.96,248.99,124.78,0.7600,0
2518,1424,1427,238.05,268.79,144.47,1.0000,0
2519,1424,1426,237.84,229.30,144.58,1.0000,0
2520,1425,1423,277.45,248.79,124.82,1.0000,0
2521,1425,1427,277.53,268.59,144.51,1.0000,0
2522,1425,1422,277.42,248.90,164.31,0.8400,0
2523,1426,1423,257.60,229.15,124.86,1.0000,0
2524,1426,1425,277.33,229.10,144.62,1.0000,0
2525,1426,1422,257.57,229.26,164.34,1.0000,0
2526,1427,1422,257.77,268.75,164.23,1.0000,0
2527,1427,1423,257.81,268.64,124.75,1.0000,0
2528,1428,1437,316.85,228.79,105.16,1.0000,0
2529,1429,1437,356.34,228.59,105.19,0.4800,0
2530,1430,1437,356.54,268.08,105.08,0.6800,0
2531,1431,1437,317.05,268.28,105.05,0.6800,0
2532,1428,1438,297.09,228.95,124.89,1.0000,0
2533,1431,1438,297.29,268.44,124.78,1.0000,0
2534,1432,1438,297.26,268.55,164.27,1.0000,0
2535,1433,1438,297.06,229.06,164.38,1.0000,0
2536,1428,1440,316.74,209.10,124.96,1.0000,0
2537,1429,1440,356.22,208.90,124.99,1.0000,0
2538,1433,1440,316.70,209.21,164.45,1.0000,0
2539,1434,1440,356.19,209.01,164.48,1.0000,0
2540,1438,1436,316.91,248.70,164.34,1.0000,0
2541,1438,1437,316.94,248.59,124.85,1.0000,0
2542,1438,1441,317.02,268.39,144.54,1.0000,0
2543,1438,1440,316.82,228.90,144.65,1.0000,0
2544,1439,1437,356.43,248.39,124.88,1.0000,0
2545,1439,1441,356.51,268.19,144.57,0.9600,0
2546,1439,1436,356.39,248.50,164.37,1.0000,0
2547,1440,1437,336.58,228.75,124.92,1.0000,0
2548,1440,1439,356.31,228.70,144.68,1.0000,0
2549,1440,1436,336.55,228.86,164.41,1.0000,0
2550,1441,1436,336.75,268.35,164.30,1.0000,0
2551,1441,1437,336.78,268.24,124.81,1.0000,0
2552,1442,1451,395.83,228.39,105.23,0.4000,0
2553,1443,1451,435.32,228.19,105.26,0.1200,1
2554,1444,1451,435.52,267.68,105.15,0.2000,1
2555,1445,1451,396.03,267.88,105.12,0.7600,0
2556,1442,1452,376.07,228.55,124.95,1.0000,0
2557,1445,1452,376.27,268.03,124.84,1.0000,0
2558,1446,1452,376.24,268.14,164.33,1.0000,0
2559,1447,1452,376.04,228.66,164.44,1.0000,0
2560,1442,1454,395.71,208.70,125.02,1.0000,0
2561,1443,1454,435.20,208.50,125.06,0.9600,0
2562,1447,1454,395.68,208.81,164.51,1.0000,0
2563,1448,1454,435.17,208.61,164.55,1.0000,0
2564,1452,1450,395.88,248.30,164.40,1.0000,0
2565,1452,1451,395.91,248.19,124.92,1.0000,0
2566,1452,1455,396.00,267.99,144.60,1.0000,0
2567,1452,1454,395.80,228.50,144.71,0.8400,0
2568,1453,1451,435.40,247.99,124.95,0.9600,0
2569,1453,1455,435.49,267.79,144.64,0.8000,0
2570,1453,1450,435.37,248.10,164.44,0.9600,0
2571,1454,1451,415.56,228.35,124.99,1.0000,0
2572,1454,1453,435.29,228.30,144.75,1.0000,0
2573,1454,1450,415.53,228.46,164.47,1.0000,0
2574,1455,1450,415.73,267.94,164.37,1.0000,0
2575,1455,1451,415.76,267.83,124.88,1.0000,0
2576,1456,1465,474.81,227.99,105.29,0.1200,1
2577,1457,1465,514.29,227.79,105.32,0.1200,1
2578,1458,1465,514.50,267.28,105.21,0.1200,1
2579,1459,1465,475.01,267.48,105.18,0.1200,1
2580,1456,1466,455.05,228.15,125.02,1.0000,0
2581,1459,1466,455.25,267.63,124.91,1.0000,0
2582,1460,1466,455.21,267.74,164.40,1.0000,0
2583,1461,1466,455.01,228.25,164.51,1.0000,0
2584,1456,1468,474.69,208.30,125.09,0.5200,0
2585,1457,1468,514.18,208.10,125.12,1.0000,0
2586,1461,1468,474.66,208.41,164.58,1.0000,0
2587,1462,1468,514.15,208.21,164.61,0.4000,0
2588,1466,1464,474.86,247.90,164.47,0.8000,0
2589,1466,1465,474.89,247.79,124.98,1.0000,0
2590,1466,1469,474.97,267.59,144.67,0.8800,0
2591,1466,1468,474.77,228.10,144.78,0.4800,0
2592,1467,1465,514.38,247.59,125.01,0.1200,1
2593,1467,1469,514.46,267.39,144.70,0.3600,0
2594,1467,1464,514.35,247.70,164.50,1.0000,0
2595,1468,1465,494.53,227.94,125.05,1.0000,0
2596,1468,1467,514.26,227.90,144.81,0.7200,0
2597,1468,1464,494.50,228.05,164.54,0.8400,0
2598,1469,1464,494.70,267.54,164.43,1.0000,0
2599,1469,1465,494.74,267.43,124.94,0.8400,0
2600,1470,1479,553.78,227.59,105.36,0.0800,1
2601,1471,1479,593.27,227.39,105.39,0.1200,1
2602,1472,1479,593.47,266.88,105.28,0.0800,1
2603,1473,1479,553.98,267.08,105.25,0.0800,1
2604,1470,1480,534.02,227.74,125.08,0.9600,0
2605,1473,1480,534.22,267.23,124.98,0.6000,0
2606,1474,1480,534.19,267.34,164.46,0.8800,0
2607,1475,1480,533.99,227.85,164.57,0.9200,0
2608,1470,1482,553.67,207.90,125.16,0.0000,1
2609,1471,1482,593.15,207.70,125.19,1.0000,0
2610,1475,1482,553.63,208.01,164.64,1.0000,0
2611,1476,1482,593.12,207.81,164.68,0.0400,1
2612,1480,1478,553.84,247.50,164.53,0.4400,0
2613,1480,1479,553.87,247.39,125.05,1.0000,0
2614,1480,1483,553.95,267.19,144.74,0.1200,1
2615,1480,1482,553.75,227.70,144.85,0.3200,0
2616,1481,1479,593.36,247.19,125.08,0.0000,1
2617,1481,1483,593.44,266.99,144.77,0.1200,1
2618,1481,1478,593.32,247.30,164.57,1.0000,0
2619,1482,1479,573.51,227.54,125.12,0.4400,0
2620,1482,1481,593.24,227.50,144.88,0.2000,1
2621,1482,1478,573.48,227.65,164.61,0.6000,0
2622,1483,1478,573.68,267.14,164.50,0.0800,1
2623,1483,1479,573.71,267.03,125.01,0.1200,1
2624,1484,1493,632.76,227.19,105.42,0.1200,1
2625,1485,1493,672.25,226.99,105.45,0.1200,1
2626,1486,1493,672.45,266.47,105.35,0.1600,1
2627,1487,1493,632.96,266.67,105.31,0.1200,1
2628,1484,1494,613.00,227.34,125.15,0.2800,1
2629,1487,1494,613.20,266.83,125.04,0.1200,1
2630,1488,1494,613.17,266.94,164.53,0.1200,1
2631,1489,1494,612.97,227.45,164.64,0.0800,1
2632,1484,1496,632.64,207.50,125.22,0.0000,1
2633,1485,1496,672.13,207.30,125.25,0.8800,0
2634,1489,1496,632.61,207.61,164.71,1.0000,0
2635,1490,1496,672.10,207.41,164.74,0.0000,1
2636,1494,1492,632.81,247.10,164.60,0.0000,1
2637,1494,1493,632.84,246.99,125.11,1.0000,0
2638,1494,1497,632.93,266.78,144.80,0.1200,1
2639,1494,1496,632.73,227.30,144.91,0.1200,1
2640,1495,1493,672.33,246.78,125.14,0.0000,1
2641,1495,1497,672.42,266.58,144.83,0.1200,1
2642,1495,1492,672.30,246.89,164.63,1.0000,0
2643,1496,1493,652.49,227.14,125.18,0.0800,1
2644,1496,1495,672.22,227.10,144.94,0.1600,1
2645,1496,1492,652.46,227.25,164.67,0.1200,1
2646,1497,1492,652.66,266.74,164.56,0.0800,1
2647,1497,1493,652.69,266.63,125.07,0.0800,1
2648,1498,1507,711.74,226.79,105.49,0.1600,1
2649,1499,1507,751.22,226.58,105.52,0.0800,1
2650,1500,1507,751.43,266.07,105.41,0.1600,1
2651,1501,1507,711.94,266.27,105.38,0.1200,1
2652,1498,1508,691.98,226.94,125.22,0.1200,1
2653,1501,1508,692.18,266.43,125.11,0.0800,1
2654,1502,1508,692.14,266.54,164.59,0.0800,1
2655,1503,1508,691.94,227.05,164.70,0.1200,1
2656,1499,1509,770.95,226.54,125.28,0.0000,1
2657,1500,1509,771.15,266.03,125.17,0.0000,1
2658,1504,1509,770.92,226.65,164.77,0.0000,1
2659,1505,1509,771.12,266.14,164.66,0.0000,1
2660,1498,1510,711.62,207.10,125.29,0.0000,1
2661,1499,1510,751.11,206.90,125.32,1.0000,0
2662,1503,1510,711.59,207.21,164.77,1.0000,0
2663,1504,1510,751.08,207.00,164.81,0.0000,1
2664,1508,1506,711.79,246.69,164.67,0.0000,1
2665,1508,1507,711.82,246.58,125.18,1.0000,0
2666,1508,1511,711.90,266.38,144.87,0.2000,1
2667,1508,1510,711.70,226.89,144.98,0.1200,1
2668,1509,1507,751.31,246.38,125.21,0.0000,1
2669,1509,1511,751.39,266.18,144.90,0.0400,1
2670,1509,1506,751.28,246.49,164.70,0.9200,0
2671,1510,1507,731.46,226.74,125.25,0.0800,1
2672,1510,1509,751.19,226.69,145.01,0.2000,1
2673,1510,1506,731.43,226.85,164.74,0.1200,1
2674,1511,1506,731.63,266.34,164.63,0.1200,1
2675,1511,1507,731.66,266.23,125.14,0.1200,1
2676,1512,1521,80.33,308.97,104.75,1.0000,0
2677,1513,1521,119.81,308.77,104.78,1.0000,0
2678,1514,1521,120.01,348.26,104.67,1.0000,0
2679,1515,1521,80.53,348.46,104.64,1.0000,0
2680,1512,1522,60.56,309.13,124.47,0.0000,1
2681,1515,1522,60.77,348.62,124.36,1.0000,0
2682,1516,1522,60.73,348.73,163.85,0.0000,1
2683,1517,1522,60.53,309.24,163.96,1.0000,0
2684,1512,1524,80.21,289.28,124.54,1.0000,0
2685,1513,1524,119.70,289.08,124.58,1.0000,0
2686,1517,1524,80.18,289.39,164.03,0.4400,0
2687,1518,1524,119.66,289.19,164.07,1.0000,0
2688,1522,1520,80.38,328.88,163.92,1.0000,0
2689,1522,1521,80.41,328.77,124.43,0.4000,0
2690,1522,1525,80.49,348.57,144.12,0.8400,0
2691,1522,1524,80.29,309.08,144.23,1.0000,0
2692,1523,1521,119.90,328.57,124.47,1.0000,0
2693,1523,1525,119.98,348.37,144.16,1.0000,0
2694,1523,1520,119.87,328.68,163.96,0.8800,0
2695,1524,1521,100.05,308.93,124.51,1.0000,0
2696,1524,1523,119.78,308.88,144.27,0.8800,0
2697,1524,1520,100.02,309.04,163.99,0.9200,0
2698,1525,1520,100.22,348.53,163.89,1.0000,0
2699,1525,1521,100.25,348.42,124.40,0.4800,0
2700,1526,1535,159.30,308.57,104.81,1.0000,0
2701,1527,1535,198.79,308.37,104.84,0.9600,0
2702,1528,1535,198.99,347.86,104.73,1.0000,0
2703,1529,1535,159.50,348.06,104.70,0.9200,0
2704,1526,1536,139.54,308.73,124.54,1.0000,0
2705,1529,1536,139.74,348.22,124.43,1.0000,0
2706,1530,1536,139.71,348.33,163.92,1.0000,0
2707,1531,1536,139.51,308.84,164.03,1.0000,0
2708,1526,1538,159.19,288.88,124.61,1.0000,0
2709,1527,1538,198.67,288.68,124.64,1.0000,0
2710,1531,1538,159.15,288.99,164.10,1.0000,0
2711,1532,1538,198.64,288.79,164.13,1.0000,0
2712,1536,1534,159.35,328.48,163.99,1.0000,0
2713,1536,1535,159.39,328.37,124.50,0.9600,0
2714,1536,1539,159.47,348.17,144.19,1.0000,0
2715,1536,1538,159.27,308.68,144.30,0.9600,0
2716,1537,1535,198.87,328.17,124.53,1.0000,0
2717,1537,1539,198.96,347.97,144.22,0.8000,0
2718,1537,1534,198.84,328.28,164.02,1.0000,0
2719,1538,1535,179.03,308.53,124.57,1.0000,0
2720,1538,1537,198.76,308.48,144.33,1.0000,0
2721,1538,1534,179.00,308.64,164.06,1.0000,0
2722,1539,1534,179.20,348.12,163.95,1.0000,0
2723,1539,1535,179.23,348.02,124.46,1.0000,0
2724,1540,1549,238.28,308.17,104.88,1.0000,0
2725,1541,1549,277.77,307.97,104.91,0.9200,0
2726,1542,1549,277.97,347.46,104.80,1.0000,0
2727,1543,1549,238.48,347.66,104.77,1.0000,0
2728,1540,1550,218.52,308.33,124.60,1.0000,0
2729,1543,1550,218.72,347.81,124.49,1.0000,0
2730,1544,1550,218.69,347.92,163.98,1.0000,0
2731,1545,1550,218.49,308.44,164.09,1.0000,0
2732,1540,1552,238.16,288.48,124.68,1.0000,0
2733,1541,1552,277.65,288.28,124.71,1.0000,0
2734,1545,1552,238.13,288.59,164.16,1.0000,0
2735,1546,1552,277.62,288.39,164.20,1.0000,0
2736,1550,1548,238.33,328.08,164.05,1.0000,0
2737,1550,1549,238.36,327.97,124.57,1.0000,0
2738,1550,1553,238.45,347.77,144.26,1.0000,0
2739,1550,1552,238.25,308.28,144.36,0.8000,0
2740,1551,1549,277.85,327.77,124.60,1.0000,0
2741,1551,1553,277.94,347.57,144.29,0.8400,0
2742,1551,1548,277.82,327.88,164.09,1.0000,0
2743,1552,1549,258.01,308.13,124.64,1.0000,0
2744,1552,1551,277.73,308.08,144.40,1.0000,0
2745,1552,1548,257.97,308.23,164.13,1.0000,0
2746,1553,1548,258.18,347.72,164.02,1.0000,0
2747,1553,1549,258.21,347.61,124.53,1.0000,0
2748,1554,1563,317.25,307.77,104.94,1.0000,0
2749,1555,1563,356.74,307.57,104.97,0.7200,0
2750,1556,1563,356.94,347.06,104.87,1.0000,0
2751,1557,1563,317.46,347.26,104.83,0.8400,0
2752,1554,1564,297.49,307.92,124.67,1.0000,0
2753,1557,1564,297.70,347.41,124.56,1.0000,0
2754,1558,1564,297.66,347.52,164.05,1.0000,0
2755,1559,1564,297.46,308.03,164.16,1.0000,0
2756,1554,1566,317.14,288.08,124.74,1.0000,0
2757,1555,1566,356.63,287.88,124.77,1.0000,0
2758,1559,1566,317.11,288.19,164.23,1.0000,0
2759,1560,1566,356.59,287.99,164.26,1.0000,0
2760,1564,1562,317.31,327.68,164.12,1.0000,0
2761,1564,1563,317.34,327.57,124.63,1.0000,0
2762,1564,1567,317.42,347.37,144.32,1.0000,0
2763,1564,1566,317.22,307.88,144.43,0.6000,0
2764,1565,1563,356.83,327.37,124.66,1.0000,0
2765,1565,1567,356.91,347.17,144.35,0.5200,0
2766,1565,1562,356.80,327.48,164.15,1.0000,0
2767,1566,1563,336.98,307.72,124.70,1.0000,0
2768,1566,1565,356.71,307.68,144.46,0.6400,0
2769,1566,1562,336.95,307.83,164.19,1.0000,0
2770,1567,1562,337.15,347.32,164.08,1.0000,0
2771,1567,1563,337.18,347.21,124.59,1.0000,0
2772,1568,1577,396.23,307.37,105.01,0.6000,0
2773,1569,1577,435.72,307.17,105.04,0.0800,1
2774,1570,1577,435.92,346.66,104.93,0.3600,0
2775,1571,1577,396.43,346.86,104.90,0.2800,1
2776,1568,1578,376.47,307.52,124.74,1.0000,0
2777,1571,1578,376.67,347.01,124.63,1.0000,0
2778,1572,1578,376.64,347.12,164.11,1.0000,0
2779,1573,1578,376.44,307.63,164.22,1.0000,0
2780,1568,1580,396.11,287.68,124.81,1.0000,0
2781,1569,1580,435.60,287.48,124.84,1.0000,0
2782,1573,1580,396.08,287.79,164.29,1.0000,0
2783,1574,1580,435.57,287.59,164.33,0.9200,0
2784,1578,1576,396.28,327.28,164.19,1.0000,0
2785,1578,1577,396.32,327.17,124.70,1.0000,0
2786,1578,1581,396.40,346.97,144.39,0.4000,0
2787,1578,1580,396.20,307.48,144.50,0.6400,0
2788,1579,1577,435.80,326.97,124.73,0.9600,0
2789,1579,1581,435.89,346.76,144.42,0.0400,1
2790,1579,1576,435.77,327.08,164.22,1.0000,0
2791,1580,1577,415.96,307.32,124.77,1.0000,0
2792,1580,1579,435.69,307.28,144.53,1.0000,0
2793,1580,1576,415.93,307.43,164.26,1.0000,0
2794,1581,1576,416.13,346.92,164.15,1.0000,0
2795,1581,1577,416.16,346.81,124.66,1.0000,0
2796,1582,1591,475.21,306.97,105.07,0.1200,1
2797,1583,1591,514.70,306.77,105.11,0.0800,1
2798,1584,1591,514.90,346.25,105.00,0.0800,1
2799,1585,1591,475.41,346.45,104.96,0.0800,1
2800,1582,1592,455.45,307.12,124.80,1.0000,0
2801,1585,1592,455.65,346.61,124.69,1.0000,0
2802,1586,1592,455.62,346.72,164.18,1.0000,0
2803,1587,1592,455.42,307.23,164.29,1.0000,0
2804,1582,1594,475.09,287.28,124.87,0.3600,0
2805,1583,1594,514.58,287.08,124.90,1.0000,0
2806,1587,1594,475.06,287.39,164.36,1.0000,0
2807,1588,1594,514.55,287.19,164.39,0.2800,1
2808,1592,1590,475.26,326.87,164.25,0.6000,0
2809,1592,1591,475.29,326.77,124.76,0.8800,0
2810,1592,1595,475.38,346.56,144.45,0.0800,1
2811,1592,1594,475.18,307.08,144.56,0.4400,0
2812,1593,1591,514.78,326.56,124.79,0.1600,1
2813,1593,1595,514.87,346.36,144.48,0.0800,1
2814,1593,1590,514.75,326.67,164.28,1.0000,0
2815,1594,1591,494.94,306.92,124.83,1.0000,0
2816,1594,1593,514.66,306.87,144.59,0.9200,0
2817,1594,1590,494.90,307.03,164.32,1.0000,0
2818,1595,1590,495.10,346.52,164.21,1.0000,0
2819,1595,1591,495.14,346.41,124.72,1.0000,0
2820,1596,1605,554.18,306.56,105.14,0.0800,1
2821,1597,1605,593.67,306.36,105.17,0.1200,1
2822,1598,1605,593.87,345.85,105.06,0.0800,1
2823,1599,1605,554.39,346.05,105.03,0.0800,1
2824,1596,1606,534.42,306.72,124.87,1.0000,0
2825,1599,1606,534.63,346.21,124.76,0.8000,0
2826,1600,1606,534.59,346.32,164.25,0.2400,1
2827,1601,1606,534.39,306.83,164.35,1.0000,0
2828,1596,1608,554.07,286.88,124.94,0.4000,0
2829,1597,1608,593.56,286.67,124.97,1.0000,0
2830,1601,1608,554.04,286.98,164.43,1.0000,0
2831,1602,1608,593.52,286.78,164.46,0.0000,1
2832,1606,1604,554.24,326.47,164.32,0.2000,1
2833,1606,1605,554.27,326.36,124.83,1.0000,0
2834,1606,1609,554.35,346.16,144.52,0.8400,0
2835,1606,1608,554.15,306.67,144.63,0.4800,0
2836,1607,1605,593.76,326.16,124.86,0.0000,1
2837,1607,1609,593.84,345.96,144.55,0.0800,1
2838,1607,1604,593.73,326.27,164.35,1.0000,0
2839,1608,1605,573.91,306.52,124.90,0.5200,0
2840,1608,1607,593.64,306.47,144.66,0.3200,0
2841,1608,1604,573.88,306.63,164.39,0.6000,0
2842,1609,1604,574.08,346.12,164.28,0.7600,0
2843,1609,1605,574.11,346.01,124.79,0.1200,1
2844,1610,1619,633.16,306.16,105.20,0.1200,1
2845,1611,1619,672.65,305.96,105.24,0.1200,1
2846,1612,1619,672.85,345.45,105.13,0.1200,1
2847,1613,1619,633.36,345.65,105.09,0.1200,1
2848,1610,1620,613.40,306.32,124.93,0.2000,1
2849,1613,1620,613.60,345.81,124.82,0.0800,1
2850,1614,1620,613.57,345.92,164.31,0.0800,1
2851,1615,1620,613.37,306.43,164.42,0.7200,0
2852,1610,1622,633.04,286.47,125.00,0.0000,1
2853,1611,1622,672.53,286.27,125.04,1.0000,0
2854,1615,1622,633.01,286.58,164.49,1.0000,0
2855,1616,1622,672.50,286.38,164.52,0.0000,1
2856,1620,1618,633.21,326.07,164.38,0.0000,1
2857,1620,1619,633.25,325.96,124.89,1.0000,0
2858,1620,1623,633.33,345.76,144.58,0.1600,1
2859,1620,1622,633.13,306.27,144.69,0.0800,1
2860,1621,1619,672.73,325.76,124.93,0.0000,1
2861,1621,1623,672.82,345.56,144.62,0.0800,1
2862,1621,1618,672.70,325.87,164.41,1.0000,0
2863,1622,1619,652.89,306.12,124.96,0.1200,1
2864,1622,1621,672.62,306.07,144.72,0.1600,1
2865,1622,1618,652.86,306.23,164.45,0.0800,1
2866,1623,1618,653.06,345.71,164.34,0.0800,1
2867,1623,1619,653.09,345.61,124.85,0.0800,1
2868,1624,1633,712.14,305.76,105.27,0.1600,1
2869,1625,1633,751.63,305.56,105.30,0.0800,1
2870,1626,1633,751.83,345.05,105.19,0.1600,1
2871,1627,1633,712.34,345.25,105.16,0.0800,1
2872,1624,1634,692.38,305.92,125.00,0.0800,1
2873,1627,1634,692.58,345.40,124.89,0.1200,1
2874,1628,1634,692.55,345.51,164.38,0.0800,1
2875,1629,1634,692.35,306.03,164.49,0.1200,1
2876,1625,1635,771.35,305.52,125.06,0.0000,1
2877,1626,1635,771.55,345.00,124.95,0.0000,1
2878,1630,1635,771.32,305.62,164.55,0.0000,1
2879,1631,1635,771.52,345.11,164.44,0.0000,1
2880,1624,1636,712.02,286.07,125.07,0.0000,1
2881,1625,1636,751.51,285.87,125.10,1.0000,0
2882,1629,1636,711.99,286.18,164.56,1.0000,0
2883,1630,1636,751.48,285.98,164.59,0.0000,1
2884,1634,1632,712.19,325.67,164.45,0.0000,1
2885,1634,1633,712.22,325.56,124.96,1.0000,0
2886,1634,1637,712.31,345.36,144.65,0.2000,1
2887,1634,1636,712.11,305.87,144.76,0.1200,1
2888,1635,1633,751.71,325.36,124.99,0.0000,1
2889,1635,1637,751.79,345.16,144.68,0.0800,1
2890,1635,1632,751.68,325.47,164.48,0.7200,0
2891,1636,1633,731.87,305.72,125.03,0.1200,1
2892,1636,1635,751.59,305.67,144.79,0.3600,0
2893,1636,1632,731.83,305.83,164.52,0.1200,1
2894,1637,1632,732.03,345.31,164.41,0.1200,1
2895,1637,1633,732.07,345.20,124.92,0.1200,1
2896,1638,1647,80.73,387.95,104.53,0.7600,0
2897,1639,1647,120.22,387.75,104.56,1.0000,0
2898,1640,1647,120.42,427.24,104.45,0.1600,1
2899,1641,1647,80.93,427.44,104.42,0.9600,0
2900,1638,1648,60.97,388.11,124.25,0.0000,1
2901,1641,1648,61.17,427.59,124.15,0.9600,0
2902,1642,1648,61.14,427.70,163.63,0.0000,1
2903,1643,1648,60.93,388.22,163.74,1.0000,0
2904,1638,1650,80.61,368.26,124.33,1.0000,0
2905,1639,1650,120.10,368.06,124.36,0.8800,0
2906,1643,1650,80.58,368.37,163.81,0.1600,1
2907,1644,1650,120.07,368.17,163.85,1.0000,0
2908,1648,1646,80.78,407.86,163.71,1.0000,0
2909,1648,1647,80.81,407.75,124.22,0.0800,1
2910,1648,1651,80.90,427.55,143.91,0.4800,0
2911,1648,1650,80.69,388.06,144.02,1.0000,0
2912,1649,1647,120.30,407.55,124.25,1.0000,0
2913,1649,1651,120.38,427.35,143.94,1.0000,0
2914,1649,1646,120.27,407.66,163.74,0.5600,0
2915,1650,1647,100.45,387.90,124.29,1.0000,0
2916,1650,1649,120.18,387.86,144.05,0.9200,0
2917,1650,1646,100.42,388.01,163.78,0.4800,0
2918,1651,1646,100.62,427.50,163.67,1.0000,0
2919,1651,1647,100.66,427.39,124.18,0.8000,0
2920,1652,1661,159.70,387.55,104.59,1.0000,0
2921,1653,1661,199.19,387.35,104.62,0.9600,0
2922,1654,1661,199.39,426.84,104.52,0.8400,0
2923,1655,1661,159.90,427.04,104.48,0.4800,0
2924,1652,1662,139.94,387.70,124.32,1.0000,0
2925,1655,1662,140.14,427.19,124.21,1.0000,0
2926,1656,1662,140.11,427.30,163.70,0.9200,0
2927,1657,1662,139.91,387.81,163.81,1.0000,0
2928,1652,1664,159.59,367.86,124.39,1.0000,0
2929,1653,1664,199.08,367.66,124.42,1.0000,0
2930,1657,1664,159.55,367.97,163.88,1.0000,0
2931,1658,1664,199.04,367.77,163.91,0.6800,0
2932,1662,1660,159.76,407.46,163.77,1.0000,0
2933,1662,1661,159.79,407.35,124.28,1.0000,0
2934,1662,1665,159.87,427.15,143.97,0.8800,0
2935,1662,1664,159.67,387.66,144.08,0.9200,0
2936,1663,1661,199.28,407.15,124.31,1.0000,0
2937,1663,1665,199.36,426.95,144.00,0.7200,0
2938,1663,1660,199.24,407.26,163.80,1.0000,0
2939,1664,1661,179.43,387.50,124.35,1.0000,0
2940,1664,1663,199.16,387.46,144.11,1.0000,0
2941,1664,1660,179.40,387.61,163.84,1.0000,0
2942,1665,1660,179.60,427.10,163.73,1.0000,0
2943,1665,1661,179.63,426.99,124.24,1.0000,0
2944,1666,1675,238.68,387.15,104.66,1.0000,0
2945,1667,1675,278.17,386.95,104.69,0.9600,0
2946,1668,1675,278.37,426.43,104.58,1.0000,0
2947,1669,1675,238.88,426.64,104.55,0.9600,0
2948,1666,1676,218.92,387.30,124.39,1.0000,0
2949,1669,1676,219.12,426.79,124.28,1.0000,0
2950,1670,1676,219.09,426.90,163.77,1.0000,0
2951,1671,1676,218.89,387.41,163.87,1.0000,0
2952,1666,1678,238.56,367.46,124.46,1.0000,0
2953,1667,1678,278.05,367.26,124.49,1.0000,0
2954,1671,1678,238.53,367.57,163.95,1.0000,0
2955,1672,1678,278.02,367.37,163.98,1.0000,0
2956,1676,1674,238.73,407.06,163.84,1.0000,0
2957,1676,1675,238.76,406.95,124.35,1.0000,0
2958,1676,1679,238.85,426.74,144.04,1.0000,0
2959,1676,1678,238.65,387.26,144.15,0.8000,0
2960,1677,1675,278.25,406.75,124.38,1.0000,0
2961,1677,1679,278.34,426.54,144.07,0.4400,0
2962,1677,1674,278.22,406.85,163.87,1.0000,0
2963,1678,1675,258.41,387.10,124.42,1.0000,0
2964,1678,1677,278.14,387.06,144.18,1.0000,0
2965,1678,1674,258.38,387.21,163.91,1.0000,0
2966,1679,1674,258.58,426.70,163.80,1.0000,0
2967,1679,1675,258.61,426.59,124.31,1.0000,0
2968,1680,1689,317.66,386.75,104.72,0.8800,0
2969,1681,1689,357.14,386.54,104.76,0.2800,1
2970,1682,1689,357.35,426.03,104.65,0.8800,0
2971,1683,1689,317.86,426.23,104.61,0.8400,0
2972,1680,1690,297.90,386.90,124.45,1.0000,0
2973,1683,1690,298.10,426.39,124.34,1.0000,0
2974,1684,1690,298.07,426.50,163.83,1.0000,0
2975,1685,1690,297.86,387.01,163.94,1.0000,0
2976,1680,1692,317.54,367.06,124.52,1.0000,0
2977,1681,1692,357.03,366.86,124.55,1.0000,0
2978,1685,1692,317.51,367.17,164.01,1.0000,0
2979,1686,1692,357.00,366.97,164.04,1.0000,0
2980,1690,1688,317.71,406.65,163.90,0.8000,0
2981,1690,1689,317.74,406.54,124.41,1.0000,0
2982,1690,1693,317.83,426.34,144.10,1.0000,0
2983,1690,1692,317.62,386.86,144.21,0.4000,0
2984,1691,1689,357.23,406.34,124.45,1.0000,0
2985,1691,1693,357.31,426.14,144.14,0.2000,1
2986,1691,1688,357.20,406.45,163.93,1.0000,0
2987,1692,1689,337.38,386.70,124.48,1.0000,0
2988,1692,1691,357.11,386.65,144.24,0.9600,0
2989,1692,1688,337.35,386.81,163.97,1.0000,0
2990,1693,1688,337.55,426.30,163.86,1.0000,0
2991,1693,1689,337.59,426.19,124.37,1.0000,0
2992,1694,1703,396.63,386.34,104.79,0.5600,0
2993,1695,1703,436.12,386.14,104.82,0.0800,1
2994,1696,1703,436.32,425.63,104.71,0.3200,0
2995,1697,1703,396.83,425.83,104.68,0.1600,1
2996,1694,1704,376.87,386.50,124.52,1.0000,0
2997,1697,1704,377.07,425.99,124.41,1.0000,0
2998,1698,1704,377.04,426.10,163.90,1.0000,0
2999,1699,1704,376.84,386.61,164.01,1.0000,0
3000,1694,1706,396.52,366.65,124.59,1.0000,0
3001,1695,1706,436.00,366.45,124.62,1.0000,0
3002,1699,1706,396.48,366.76,164.08,1.0000,0
3003,1700,1706,435.97,366.56,164.11,0.9200,0
3004,1704,1702,396.69,406.25,163.97,1.0000,0
3005,1704,1703,396.72,406.14,124.48,1.0000,0
3006,1704,1707,396.80,425.94,144.17,0.6000,0
3007,1704,1706,396.60,386.45,144.28,0.0800,1
3008,1705,1703,436.21,405.94,124.51,1.0000,0
3009,1705,1707,436.29,425.74,144.20,0.0400,1
3010,1705,1702,436.17,406.05,164.00,1.0000,0
3011,1706,1703,416.36,386.30,124.55,1.0000,0
3012,1706,1705,436.09,386.25,144.31,0.2800,1
3013,1706,1702,416.33,386.41,164.04,1.0000,0
3014,1707,1702,416.53,425.90,163.93,1.0000,0
3015,1707,1703,416.56,425.79,124.44,1.0000,0
3016,1708,1717,475.61,385.94,104.85,0.0800,1
3017,1709,1717,515.10,385.74,104.89,0.0800,1
3018,1710,1717,515.30,425.23,104.78,0.0800,1
3019,1711,1717,475.81,425.43,104.74,0.0400,1
3020,1708,1718,455.85,386.10,124.58,1.0000,0
3021,1711,1718,456.05,425.59,124.47,1.0000,0
3022,1712,1718,456.02,425.70,163.96,1.0000,0
3023,1713,1718,455.82,386.21,164.07,1.0000,0
3024,1708,1720,475.49,366.25,124.65,0.8800,0
3025,1709,1720,514.98,366.05,124.69,1.0000,0
3026,1713,1720,475.46,366.36,164.14,1.0000,0
3027,1714,1720,514.95,366.16,164.17,0.6400,0
3028,1718,1716,475.66,405.85,164.03,0.7600,0
3029,1718,1717,475.69,405.74,124.54,1.0000,0
3030,1718,1721,475.78,425.54,144.23,0.0800,1
3031,1718,1720,475.58,386.05,144.34,0.0400,1
3032,1719,1717,515.18,405.54,124.58,0.4800,0
3033,1719,1721,515.27,425.34,144.27,0.0800,1
3034,1719,1716,515.15,405.65,164.07,1.0000,0
3035,1720,1717,495.34,385.90,124.61,1.0000,0
3036,1720,1719,515.07,385.85,144.38,0.0800,1
3037,1720,1716,495.31,386.01,164.10,1.0000,0
3038,1721,1716,495.51,425.49,163.99,1.0000,0
3039,1721,1717,495.54,425.39,124.51,0.6400,0
3040,1722,1731,554.59,385.54,104.92,0.0800,1
3041,1723,1731,594.07,385.34,104.95,0.0800,1
3042,1724,1731,594.28,424.83,104.84,0.1200,1
3043,1725,1731,554.79,425.03,104.81,0.0800,1
3044,1722,1732,534.83,385.70,124.65,0.4800,0
3045,1725,1732,535.03,425.18,124.54,1.0000,0
3046,1726,1732,534.99,425.29,164.03,0.7600,0
3047,1727,1732,534.79,385.81,164.14,1.0000,0
3048,1722,1734,554.47,365.85,124.72,0.0000,1
3049,1723,1734,593.96,365.65,124.75,1.0000,0
3050,1727,1734,554.44,365.96,164.21,1.0000,0
3051,1728,1734,593.93,365.76,164.24,0.2800,1
3052,1732,1730,554.64,405.45,164.10,0.2400,1
3053,1732,1731,554.67,405.34,124.61,1.0000,0
3054,1732,1735,554.76,425.14,144.30,0.1200,1
3055,1732,1734,554.55,385.65,144.41,0.0800,1
3056,1733,1731,594.16,405.14,124.64,0.0000,1
3057,1733,1735,594.24,424.94,144.33,0.1200,1
3058,1733,1730,594.13,405.25,164.13,1.0000,0
3059,1734,1731,574.31,385.50,124.68,1.0000,0
3060,1734,1733,594.04,385.45,144.44,0.1200,1
3061,1734,1730,574.28,385.60,164.17,0.3600,0
3062,1735,1730,574.48,425.09,164.06,1.0000,0
3063,1735,1731,574.52,424.98,124.57,0.2000,1
3064,1736,1745,633.56,385.14,104.98,0.1200,1
3065,1737,1745,673.05,384.94,105.02,0.1200,1
3066,1738,1745,673.25,424.43,104.91,0.1600,1
3067,1739,1745,633.76,424.63,104.88,0.1200,1
3068,1736,1746,613.80,385.29,124.71,0.0800,1
3069,1739,1746,614.00,424.78,124.60,0.3200,0
3070,1740,1746,613.97,424.89,164.09,0.0800,1
3071,1741,1746,613.77,385.40,164.20,0.6000,0
3072,1736,1748,633.45,365.45,124.78,0.0000,1
3073,1737,1748,672.93,365.25,124.82,1.0000,0
3074,1741,1748,633.41,365.56,164.27,1.0000,0
3075,1742,1748,672.90,365.36,164.31,0.0000,1
3076,1746,1744,633.62,405.05,164.16,0.0000,1
3077,1746,1745,633.65,404.94,124.67,1.0000,0
3078,1746,1749,633.73,424.74,144.36,0.1200,1
3079,1746,1748,633.53,385.25,144.47,0.0800,1
3080,1747,1745,673.14,404.74,124.71,0.0000,1
3081,1747,1749,673.22,424.54,144.40,0.0800,1
3082,1747,1744,673.10,404.85,164.20,1.0000,0
3083,1748,1745,653.29,385.09,124.75,0.6000,0
3084,1748,1747,673.02,385.05,144.51,0.2000,1
3085,1748,1744,653.26,385.20,164.23,0.0800,1
3086,1749,1744,653.46,424.69,164.13,0.6400,0
3087,1749,1745,653.49,424.58,124.64,0.0800,1
3088,1750,1759,712.54,384.74,105.05,0.2400,1
3089,1751,1759,752.03,384.54,105.08,0.0400,1
3090,1752,1759,752.23,424.03,104.97,0.1600,1
3091,1753,1759,712.74,424.23,104.94,0.0800,1
3092,1750,1760,692.78,384.89,124.78,0.0800,1
3093,1753,1760,692.98,424.38,124.67,0.1200,1
3094,1754,1760,692.95,424.49,164.16,0.0800,1
3095,1755,1760,692.75,385.00,164.27,0.1200,1
3096,1751,1761,771.76,384.49,124.84,0.0000,1
3097,1752,1761,771.96,423.98,124.73,0.0000,1
3098,1756,1761,771.72,384.60,164.33,0.0000,1
3099,1757,1761,771.92,424.09,164.22,0.0000,1
3100,1750,1762,712.42,365.05,124.85,0.0000,1
3101,1751,1762,751.91,364.85,124.88,1.0000,0
3102,1755,1762,712.39,365.16,164.34,1.0000,0
3103,1756,1762,751.88,364.96,164.37,0.0000,1
3104,1760,1758,712.59,404.65,164.23,0.0000,1
3105,1760,1759,712.62,404.54,124.74,1.0000,0
3106,1760,1763,712.71,424.34,144.43,0.1600,1
3107,1760,1762,712.51,384.85,144.54,0.0800,1
3108,1761,1759,752.11,404.34,124.77,0.0000,1
3109,1761,1763,752.20,424.13,144.46,0.0400,1
3110,1761,1758,752.08,404.45,164.26,0.9200,0
3111,1762,1759,732.27,384.69,124.81,0.1600,1
3112,1762,1761,752.00,384.65,144.57,0.4800,0
3113,1762,1758,732.24,384.80,164.30,0.1200,1
3114,1763,1758,732.44,424.29,164.19,0.1600,1
3115,1763,1759,732.47,424.18,124.70,0.1200,1
3116,1764,1773,81.13,466.93,104.31,0.0800,1
3117,1765,1773,120.62,466.73,104.34,0.4000,0
3118,1766,1773,120.82,506.21,104.23,0.1600,1
3119,1767,1773,81.33,506.42,104.20,0.8000,0
3120,1764,1774,61.37,467.08,124.04,0.0000,1
3121,1767,1774,61.57,506.57,123.93,0.9600,0
3122,1768,1774,61.54,506.68,163.42,0.0000,1
3123,1769,1774,61.34,467.19,163.52,1.0000,0
3124,1764,1776,81.01,447.24,124.11,1.0000,0
3125,1765,1776,120.50,447.04,124.14,0.5600,0
3126,1769,1776,80.98,447.35,163.60,0.3600,0
3127,1770,1776,120.47,447.15,163.63,1.0000,0
3128,1774,1772,81.18,486.84,163.49,1.0000,0
3129,1774,1773,81.21,486.73,124.00,0.2400,1
3130,1774,1777,81.30,506.52,143.69,0.6000,0
3131,1774,1776,81.10,467.04,143.80,1.0000,0
3132,1775,1773,120.70,486.52,124.03,1.0000,0
3133,1775,1777,120.79,506.32,143.72,1.0000,0
3134,1775,1772,120.67,486.63,163.52,0.2000,1
3135,1776,1773,100.86,466.88,124.07,1.0000,0
3136,1776,1775,120.58,466.84,143.83,0.6000,0
3137,1776,1772,100.82,466.99,163.56,0.7200,0
3138,1777,1772,101.03,506.48,163.45,1.0000,0
3139,1777,1773,101.06,506.37,123.96,0.0800,1
3140,1778,1787,160.11,466.53,104.37,0.1200,1
3141,1779,1787,199.59,466.32,104.41,0.1600,1
3142,1780,1787,199.79,505.81,104.30,0.2400,1
3143,1781,1787,160.31,506.01,104.26,0.1200,1
3144,1778,1788,140.35,466.68,124.10,0.6000,0
3145,1781,1788,140.55,506.17,123.99,1.0000,0
3146,1782,1788,140.51,506.28,163.48,0.6800,0
3147,1783,1788,140.31,466.79,163.59,1.0000,0
3148,1778,1790,159.99,446.84,124.17,1.0000,0
3149,1779,1790,199.48,446.64,124.21,0.9200,0
3150,1783,1790,159.96,446.95,163.66,0.8800,0
3151,1784,1790,199.44,446.74,163.69,1.0000,0
3152,1788,1786,160.16,486.43,163.55,1.0000,0
3153,1788,1787,160.19,486.32,124.06,1.0000,0
3154,1788,1791,160.27,506.12,143.75,0.6000,0
3155,1788,1790,160.07,466.63,143.86,0.9200,0
3156,1789,1787,199.68,486.12,124.10,1.0000,0
3157,1789,1791,199.76,505.92,143.79,0.7200,0
3158,1789,1786,199.65,486.23,163.58,1.0000,0
3159,1790,1787,179.83,466.48,124.13,1.0000,0
3160,1790,1789,199.56,466.43,143.90,1.0000,0
3161,1790,1786,179.80,466.59,163.62,1.0000,0
3162,1791,1786,180.00,506.08,163.51,1.0000,0
3163,1791,1787,180.03,505.97,124.03,1.0000,0
3164,1792,1801,239.08,466.12,104.44,0.3200,0
3165,1793,1801,278.57,465.92,104.47,0.2000,1
3166,1794,1801,278.77,505.41,104.36,0.0800,1
3167,1795,1801,239.28,505.61,104.33,0.0400,1
3168,1792,1802,219.32,466.28,124.17,1.0000,0
3169,1795,1802,219.52,505.77,124.06,1.0000,0
3170,1796,1802,219.49,505.88,163.55,0.9600,0
3171,1797,1802,219.29,466.39,163.66,1.0000,0
3172,1792,1804,238.97,446.43,124.24,1.0000,0
3173,1793,1804,278.45,446.23,124.27,1.0000,0
3174,1797,1804,238.93,446.54,163.73,1.0000,0
3175,1798,1804,278.42,446.34,163.76,1.0000,0
3176,1802,1800,239.13,486.03,163.62,1.0000,0
3177,1802,1801,239.17,485.92,124.13,1.0000,0
3178,1802,1805,239.25,505.72,143.82,1.0000,0
3179,1802,1804,239.05,466.23,143.93,0.2000,1
3180,1803,1801,278.65,485.72,124.16,1.0000,0
3181,1803,1805,278.74,505.52,143.85,0.1200,1
3182,1803,1800,278.62,485.83,163.65,1.0000,0
3183,1804,1801,258.81,466.08,124.20,1.0000,0
3184,1804,1803,278.54,466.03,143.96,1.0000,0
3185,1804,1800,258.78,466.19,163.69,1.0000,0
3186,1805,1800,258.98,505.68,163.58,1.0000,0
3187,1805,1801,259.01,505.57,124.09,0.9200,0
3188,1806,1815,318.06,465.72,104.50,0.6400,0
3189,1807,1815,357.55,465.52,104.54,0.2400,1
3190,1808,1815,357.75,505.01,104.43,0.1200,1
3191,1809,1815,318.26,505.21,104.40,0.0800,1
3192,1806,1816,298.30,465.88,124.23,1.0000,0
3193,1809,1816,298.50,505.37,124.12,1.0000,0
3194,1810,1816,298.47,505.47,163.61,1.0000,0
3195,1811,1816,298.27,465.99,163.72,1.0000,0
3196,1806,1818,317.94,446.03,124.30,1.0000,0
3197,1807,1818,357.43,445.83,124.34,1.0000,0
3198,1811,1818,317.91,446.14,163.79,1.0000,0
3199,1812,1818,357.40,445.94,163.82,0.5200,0
3200,1816,1814,318.11,485.63,163.68,1.0000,0
3201,1816,1815,318.14,485.52,124.19,1.0000,0
3202,1816,1819,318.23,505.32,143.88,1.0000,0
3203,1816,1818,318.03,465.83,143.99,0.1200,1
3204,1817,1815,357.63,485.32,124.23,1.0000,0
3205,1817,1819,357.72,505.12,143.92,0.0800,1
3206,1817,1814,357.60,485.43,163.72,0.8800,0
3207,1818,1815,337.79,465.68,124.27,1.0000,0
3208,1818,1817,357.51,465.63,144.03,0.9200,0
3209,1818,1814,337.75,465.79,163.75,1.0000,0
3210,1819,1814,337.96,505.27,163.64,1.0000,0
3211,1819,1815,337.99,505.16,124.16,1.0000,0
3212,1820,1829,397.03,465.32,104.57,0.2400,1
3213,1821,1829,436.52,465.12,104.60,0.0400,1
3214,1822,1829,436.72,504.61,104.49,0.3200,0
3215,1823,1829,397.24,504.81,104.46,0.0800,1
3216,1820,1830,377.27,465.48,124.30,1.0000,0
3217,1823,1830,377.48,504.96,124.19,1.0000,0
3218,1824,1830,377.44,505.07,163.68,1.0000,0
3219,1825,1830,377.24,465.59,163.79,1.0000,0
3220,1820,1832,396.92,445.63,124.37,1.0000,0
3221,1821,1832,436.41,445.43,124.40,1.0000,0
3222,1825,1832,396.89,445.74,163.86,1.0000,0
3223,1826,1832,436.37,445.54,163.89,0.8800,0
3224,1830,1828,397.09,485.23,163.75,1.0000,0
3225,1830,1829,397.12,485.12,124.26,1.0000,0
3226,1830,1833,397.20,504.92,143.95,0.8400,0
3227,1830,1832,397.00,465.43,144.06,0.0400,1
3228,1831,1829,436.61,484.92,124.29,0.7600,0
3229,1831,1833,436.69,504.72,143.98,0.0800,1
3230,1831,1828,436.58,485.03,163.78,1.0000,0
3231,1832,1829,416.76,465.27,124.33,1.0000,0
3232,1832,1831,436.49,465.23,144.09,0.3200,0
3233,1832,1828,416.73,465.38,163.82,1.0000,0
3234,1833,1828,416.93,504.87,163.71,1.0000,0
3235,1833,1829,416.96,504.76,124.22,0.8400,0
3236,1834,1843,476.01,464.92,104.64,0.0800,1
3237,1835,1843,515.50,464.72,104.67,0.1200,1
3238,1836,1843,515.70,504.21,104.56,0.1600,1
3239,1837,1843,476.21,504.41,104.53,0.0800,1
3240,1834,1844,456.25,465.07,124.36,1.0000,0
3241,1837,1844,456.45,504.56,124.25,1.0000,0
3242,1838,1844,456.42,504.67,163.74,0.8000,0
3243,1839,1844,456.22,465.18,163.85,1.0000,0
3244,1834,1846,475.90,445.23,124.43,0.7200,0
3245,1835,1846,515.38,445.03,124.47,1.0000,0
3246,1839,1846,475.86,445.34,163.92,1.0000,0
3247,1840,1846,515.35,445.14,163.96,0.3600,0
3248,1844,1842,476.06,484.83,163.81,0.8000,0
3249,1844,1843,476.10,484.72,124.33,1.0000,0
3250,1844,1847,476.18,504.52,144.01,0.0800,1
3251,1844,1846,475.98,465.03,144.12,0.0800,1
3252,1845,1843,515.58,484.52,124.36,0.6400,0
3253,1845,1847,515.67,504.32,144.05,0.0400,1
3254,1845,1842,515.55,484.63,163.85,0.6400,0
3255,1846,1843,495.74,464.87,124.40,1.0000,0
3256,1846,1845,515.47,464.83,144.16,0.0800,1
3257,1846,1842,495.71,464.98,163.88,0.6800,0
3258,1847,1842,495.91,504.47,163.78,1.0000,0
3259,1847,1843,495.94,504.36,124.29,0.4000,0
3260,1848,1857,554.99,464.52,104.70,0.0800,1
3261,1849,1857,594.48,464.32,104.73,0.0800,1
3262,1850,1857,594.68,503.80,104.62,0.0800,1
3263,1851,1857,555.19,504.01,104.59,0.1200,1
3264,1848,1858,535.23,464.67,124.43,0.4400,0
3265,1851,1858,535.43,504.16,124.32,1.0000,0
3266,1852,1858,535.40,504.27,163.81,0.3200,0
3267,1853,1858,535.20,464.78,163.92,1.0000,0
3268,1848,1860,554.87,444.83,124.50,0.4000,0
3269,1849,1860,594.36,444.63,124.53,1.0000,0
3270,1853,1860,554.84,444.94,163.99,1.0000,0
3271,1854,1860,594.33,444.74,164.02,0.0000,1
3272,1858,1856,555.04,484.43,163.88,0.0400,1
3273,1858,1857,555.07,484.32,124.39,1.0000,0
3274,1858,1861,555.16,504.11,144.08,0.1200,1
3275,1858,1860,554.96,464.63,144.19,0.0800,1
3276,1859,1857,594.56,484.12,124.42,0.0000,1
3277,1859,1861,594.65,503.91,144.11,0.0800,1
3278,1859,1856,594.53,484.22,163.91,1.0000,0
3279,1860,1857,574.72,464.47,124.46,0.7200,0
3280,1860,1859,594.44,464.43,144.22,0.1200,1
3281,1860,1856,574.68,464.58,163.95,0.1600,1
3282,1861,1856,574.88,504.07,163.84,1.0000,0
3283,1861,1857,574.92,503.96,124.35,0.1200,1
3284,1862,1871,633.96,464.12,104.77,0.1200,1
3285,1863,1871,673.45,463.91,104.80,0.0800,1
3286,1864,1871,673.65,503.40,104.69,0.1600,1
3287,1865,1871,634.17,503.60,104.66,0.0800,1
3288,1862,1872,614.20,464.27,124.49,0.0800,1
3289,1865,1872,614.41,503.76,124.39,0.8000,0
3290,1866,1872,614.37,503.87,163.87,0.1200,1
3291,1867,1872,614.17,464.38,163.98,0.9600,0
3292,1862,1874,633.85,444.43,124.57,0.0000,1
3293,1863,1874,673.34,444.23,124.60,1.0000,0
3294,1867,1874,633.82,444.54,164.05,1.0000,0
3295,1868,1874,673.30,444.33,164.09,0.0000,1
3296,1872,1870,634.02,484.02,163.94,0.0000,1
3297,1872,1871,634.05,483.91,124.46,1.0000,0
3298,1872,1875,634.13,503.71,144.15,0.1200,1
3299,1872,1874,633.93,464.23,144.26,0.0800,1
3300,1873,1871,673.54,483.71,124.49,0.0000,1
3301,1873,1875,673.62,503.51,144.18,0.1200,1
3302,1873,1870,673.51,483.82,163.98,1.0000,0
3303,1874,1871,653.69,464.07,124.53,0.1200,1
3304,1874,1873,673.42,464.02,144.29,0.1200,1
3305,1874,1870,653.66,464.18,164.02,0.0800,1
3306,1875,1870,653.86,503.67,163.91,0.2800,1
3307,1875,1871,653.89,503.56,124.42,0.0800,1
3308,1876,1885,712.94,463.71,104.83,0.1600,1
3309,1877,1885,752.43,463.51,104.86,0.0800,1
3310,1878,1885,752.63,503.00,104.76,0.1600,1
3311,1879,1885,713.14,503.20,104.72,0.1200,1
3312,1876,1886,693.18,463.87,124.56,0.0800,1
3313,1879,1886,693.38,503.36,124.45,0.4400,0
3314,1880,1886,693.35,503.47,163.94,0.0800,1
3315,1881,1886,693.15,463.98,164.05,0.1600,1
3316,1877,1887,772.16,463.47,124.63,0.0000,1
3317,1878,1887,772.36,502.96,124.52,0.0000,1
3318,1882,1887,772.13,463.58,164.11,0.0000,1
3319,1883,1887,772.33,503.07,164.00,0.0000,1
3320,1876,1888,712.82,444.02,124.63,0.0000,1
3321,1877,1888,752.31,443.82,124.66,1.0000,0
3322,1881,1888,712.79,444.13,164.12,1.0000,0
3323,1882,1888,752.28,443.93,164.15,0.0000,1
3324,1886,1884,712.99,483.62,164.01,0.0400,1
3325,1886,1885,713.03,483.51,124.52,1.0000,0
3326,1886,1889,713.11,503.31,144.21,0.1600,1
3327,1886,1888,712.91,463.82,144.32,0.1200,1
3328,1887,1885,752.51,483.31,124.55,0.0000,1
3329,1887,1889,752.60,503.11,144.24,0.0800,1
3330,1887,1884,752.48,483.42,164.04,0.9600,0
3331,1888,1885,732.67,463.67,124.59,0.1600,1
3332,1888,1887,752.40,463.62,144.35,0.2000,1
3333,1888,1884,732.64,463.78,164.08,0.1200,1
3334,1889,1884,732.84,503.27,163.97,0.1600,1
3335,1889,1885,732.87,503.16,124.48,0.1200,1
3336,1890,1899,81.53,545.90,104.09,0.1200,1
3337,1891,1899,121.02,545.70,104.12,0.6000,0
3338,1892,1899,121.22,585.19,104.01,0.1200,1
3339,1893,1899,81.73,585.39,103.98,0.9600,0
3340,1890,1900,61.77,546.06,123.82,0.0000,1
3341,1893,1900,61.97,585.55,123.71,1.0000,0
3342,1894,1900,61.94,585.66,163.20,0.0000,1
3343,1895,1900,61.74,546.17,163.31,1.0000,0
3344,1890,1902,81.41,526.21,123.89,1.0000,0
3345,1891,1902,120.90,526.01,123.92,0.7200,0
3346,1895,1902,81.38,526.32,163.38,0.0400,1
3347,1896,1902,120.87,526.12,163.41,1.0000,0
3348,1900,1898,81.58,565.81,163.27,1.0000,0
3349,1900,1899,81.61,565.70,123.78,0.0000,1
3350,1900,1903,81.70,585.50,143.47,0.0800,1
3351,1900,1902,81.50,546.01,143.58,1.0000,0
3352,1901,1899,121.10,565.50,123.81,1.0000,0
3353,1901,1903,121.19,585.30,143.50,0.6400,0
3354,1901,1898,121.07,565.61,163.30,0.3200,0
3355,1902,1899,101.26,545.86,123.85,1.0000,0
3356,1902,1901,120.99,545.81,143.61,0.3600,0
3357,1902,1898,101.23,545.97,163.34,0.0800,1
3358,1903,1898,101.43,585.46,163.23,1.0000,0
3359,1903,1899,101.46,585.35,123.74,0.0800,1
3360,1904,1913,160.51,545.50,104.16,0.0800,1
3361,1905,1913,200.00,545.30,104.19,0.1200,1
3362,1906,1913,200.20,584.79,104.08,0.4800,0
3363,1907,1913,160.71,584.99,104.05,0.3200,0
3364,1904,1914,140.75,545.66,123.88,0.4400,0
3365,1907,1914,140.95,585.14,123.77,1.0000,0
3366,1908,1914,140.92,585.25,163.26,0.8000,0
3367,1909,1914,140.71,545.77,163.37,1.0000,0
3368,1904,1916,160.39,525.81,123.95,1.0000,0
3369,1905,1916,199.88,525.61,123.99,0.8400,0
3370,1909,1916,160.36,525.92,163.44,0.9200,0
3371,1910,1916,199.85,525.72,163.48,1.0000,0
3372,1914,1912,160.56,565.41,163.33,1.0000,0
3373,1914,1913,160.59,565.30,123.84,0.6800,0
3374,1914,1917,160.68,585.10,143.53,0.8800,0
3375,1914,1916,160.47,545.61,143.64,0.8800,0
3376,1915,1913,200.08,565.10,123.88,1.0000,0
3377,1915,1917,200.16,584.90,143.57,0.7600,0
3378,1915,1912,200.05,565.21,163.37,1.0000,0
3379,1916,1913,180.24,545.46,123.92,1.0000,0
3380,1916,1915,199.96,545.41,143.68,0.9200,0
3381,1916,1912,180.20,545.57,163.40,0.9600,0
3382,1917,1912,180.40,585.05,163.30,1.0000,0
3383,1917,1913,180.44,584.94,123.81,0.9200,0
3384,1918,1927,239.48,545.10,104.22,0.2000,1
3385,1919,1927,278.97,544.90,104.25,0.0400,1
3386,1920,1927,279.17,584.39,104.14,0.3200,0
3387,1921,1927,239.68,584.59,104.11,0.0400,1
3388,1918,1928,219.72,545.26,123.95,1.0000,0
3389,1921,1928,219.92,584.74,123.84,1.0000,0
3390,1922,1928,219.89,584.85,163.33,1.0000,0
3391,1923,1928,219.69,545.36,163.44,1.0000,0
3392,1918,1930,239.37,525.41,124.02,1.0000,0
3393,1919,1930,278.86,525.21,124.05,1.0000,0
3394,1923,1930,239.33,525.52,163.51,0.9600,0
3395,1924,1930,278.82,525.32,163.54,1.0000,0
3396,1928,1926,239.54,565.01,163.40,1.0000,0
3397,1928,1927,239.57,564.90,123.91,1.0000,0
3398,1928,1931,239.65,584.70,143.60,1.0000,0
3399,1928,1930,239.45,545.21,143.71,0.2800,1
3400,1929,1927,279.06,564.70,123.94,1.0000,0
3401,1929,1931,279.14,584.50,143.63,0.4400,0
3402,1929,1926,279.02,564.81,163.43,1.0000,0
3403,1930,1927,259.21,545.05,123.98,1.0000,0
3404,1930,1929,278.94,545.01,143.74,1.0000,0
3405,1930,1926,259.18,545.16,163.47,1.0000,0
3406,1931,1926,259.38,584.65,163.36,1.0000,0
3407,1931,1927,259.41,584.54,123.87,0.8400,0
3408,1932,1941,318.46,544.70,104.29,0.0800,1
3409,1933,1941,357.95,544.50,104.32,0.0800,1
3410,1934,1941,358.15,583.99,104.21,0.1200,1
3411,1935,1941,318.66,584.19,104.18,0.0400,1
3412,1932,1942,298.70,544.85,124.01,1.0000,0
3413,1935,1942,298.90,584.34,123.90,1.0000,0
3414,1936,1942,298.87,584.45,163.39,1.0000,0
3415,1937,1942,298.67,544.96,163.50,1.0000,0
3416,1932,1944,318.34,525.01,124.09,1.0000,0
3417,1933,1944,357.83,524.81,124.12,1.0000,0
3418,1937,1944,318.31,525.12,163.57,1.0000,0
3419,1938,1944,357.80,524.92,163.61,1.0000,0
3420,1942,1940,318.51,564.61,163.46,1.0000,0
3421,1942,1941,318.54,564.50,123.98,1.0000,0
3422,1942,1945,318.63,584.30,143.67,1.0000,0
3423,1942,1944,318.43,544.81,143.77,0.0800,1
3424,1943,1941,358.03,564.30,124.01,1.0000,0
3425,1943,1945,358.12,584.10,143.70,0.2000,1
3426,1943,1940,358.00,564.41,163.50,1.0000,0
3427,1944,1941,338.19,544.65,124.05,1.0000,0
3428,1944,1943,357.92,544.61,143.81,0.8000,0
3429,1944,1940,338.16,544.76,163.54,1.0000,0
3430,1945,1940,338.36,584.25,163.43,1.0000,0
3431,1945,1941,338.39,584.14,123.94,0.8800,0
3432,1946,1955,397.44,544.30,104.35,0.0800,1
3433,1947,1955,436.93,544.10,104.38,0.0400,1
3434,1948,1955,437.13,583.58,104.28,0.0800,1
3435,1949,1955,397.64,583.78,104.24,0.0800,1
3436,1946,1956,377.68,544.45,124.08,1.0000,0
3437,1949,1956,377.88,583.94,123.97,1.0000,0
3438,1950,1956,377.85,584.05,163.46,0.7600,0
3439,1951,1956,377.64,544.56,163.57,1.0000,0
3440,1946,1958,397.32,524.61,124.15,0.9600,0
3441,1947,1958,436.81,524.41,124.18,1.0000,0
3442,1951,1958,397.29,524.72,163.64,1.0000,0
3443,1952,1958,436.78,524.52,163.67,0.8400,0
3444,1956,1954,397.49,564.20,163.53,1.0000,0
3445,1956,1955,397.52,564.10,124.04,1.0000,0
3446,1956,1959,397.61,583.89,143.73,1.0000,0
3447,1956,1958,397.40,544.41,143.84,0.0800,1
3448,1957,1955,437.01,563.89,124.07,1.0000,0
3449,1957,1959,437.09,583.69,143.76,0.1200,1
3450,1957,1954,436.98,564.00,163.56,1.0000,0
3451,1958,1955,417.16,544.25,124.11,1.0000,0
3452,1958,1957,436.89,544.21,143.87,0.7600,0
3453,1958,1954,417.13,544.36,163.60,0.9200,0
3454,1959,1954,417.33,583.85,163.49,1.0000,0
3455,1959,1955,417.37,583.74,124.00,0.8000,0
3456,1960,1969,476.41,543.90,104.42,0.0800,1
3457,1961,1969,515.90,543.69,104.45,0.1200,1
3458,1962,1969,516.10,583.18,104.34,0.1600,1
3459,1963,1969,476.61,583.38,104.31,0.0800,1
3460,1960,1970,456.65,544.05,124.15,0.6800,0
3461,1963,1970,456.85,583.54,124.04,1.0000,0
3462,1964,1970,456.82,583.65,163.52,0.8000,0
3463,1965,1970,456.62,544.16,163.63,1.0000,0
3464,1960,1972,476.30,524.21,124.22,0.4400,0
3465,1961,1972,515.79,524.01,124.25,1.0000,0
3466,1965,1972,476.26,524.32,163.70,0.8800,0
3467,1966,1972,515.75,524.11,163.74,0.0400,1
3468,1970,1968,476.47,563.80,163.60,0.8000,0
3469,1970,1969,476.50,563.69,124.11,1.0000,0
3470,1970,1973,476.58,583.49,143.80,0.6400,0
3471,1970,1972,476.38,544.00,143.91,0.1200,1
3472,1971,1969,515.99,563.49,124.14,0.3200,0
3473,1971,1973,516.07,583.29,143.83,0.0800,1
3474,1971,1968,515.95,563.60,163.63,1.0000,0
3475,1972,1969,496.14,543.85,124.18,1.0000,0
3476,1972,1971,515.87,543.80,143.94,0.0800,1
3477,1972,1968,496.11,543.96,163.67,0.6800,0
3478,1973,1968,496.31,583.45,163.56,1.0000,0
3479,1973,1969,496.34,583.34,124.07,0.7600,0
3480,1974,1983,555.39,543.49,104.48,0.1200,1
3481,1975,1983,594.88,543.29,104.52,0.0800,1
3482,1976,1983,595.08,582.78,104.41,0.1200,1
3483,1977,1983,555.59,582.98,104.37,0.0800,1
3484,1974,1984,535.63,543.65,124.21,0.1200,1
3485,1977,1984,535.83,583.14,124.10,1.0000,0
3486,1978,1984,535.80,583.25,163.59,0.1600,1
3487,1979,1984,535.60,543.76,163.70,1.0000,0
3488,1974,1986,555.27,523.80,124.28,0.0400,1
3489,1975,1986,594.76,523.60,124.31,1.0000,0
3490,1979,1986,555.24,523.91,163.77,1.0000,0
3491,1980,1986,594.73,523.71,163.80,0.0400,1
3492,1984,1982,555.44,563.40,163.66,0.0400,1
3493,1984,1983,555.47,563.29,124.17,1.0000,0
3494,1984,1987,555.56,583.09,143.86,0.1200,1
3495,1984,1986,555.36,543.60,143.97,0.0400,1
3496,1985,1983,594.96,563.09,124.20,0.0000,1
3497,1985,1987,595.05,582.89,143.89,0.1200,1
3498,1985,1982,594.93,563.20,163.69,1.0000,0
3499,1986,1983,575.12,543.45,124.24,1.0000,0
3500,1986,1985,594.85,543.40,144.00,0.0800,1
3501,1986,1982,575.09,543.56,163.73,0.1200,1
3502,1987,1982,575.29,583.05,163.62,1.0000,0
3503,1987,1983,575.32,582.94,124.13,0.1600,1
3504,1988,1997,634.37,543.09,104.55,0.1200,1
3505,1989,1997,673.85,542.89,104.58,0.1200,1
3506,1990,1997,674.06,582.38,104.47,0.1600,1
3507,1991,1997,634.57,582.58,104.44,0.1200,1
3508,1988,1998,614.61,543.25,124.28,0.0800,1
3509,1991,1998,614.81,582.74,124.17,0.8000,0
3510,1992,1998,614.77,582.84,163.66,0.0800,1
3511,1993,1998,614.57,543.36,163.76,0.8000,0
3512,1988,2000,634.25,523.40,124.35,0.0400,1
3513,1989,2000,673.74,523.20,124.38,1.0000,0
3514,1993,2000,634.22,523.51,163.84,1.0000,0
3515,1994,2000,673.71,523.31,163.87,0.0000,1
3516,1998,1996,634.42,563.00,163.73,0.0000,1
3517,1998,1997,634.45,562.89,124.24,1.0000,0
3518,1998,2001,634.54,582.69,143.93,0.1200,1
3519,1998,2000,634.33,543.20,144.04,0.0800,1
3520,1999,1997,673.94,562.69,124.27,0.0000,1
3521,1999,2001,674.02,582.49,143.96,0.1200,1
3522,1999,1996,673.91,562.80,163.76,1.0000,0
3523,2000,1997,654.09,543.05,124.31,0.8000,0
3524,2000,1999,673.82,543.00,144.07,0.1200,1
3525,2000,1996,654.06,543.16,163.80,0.0800,1
3526,2001,1996,654.26,582.64,163.69,0.9600,0
3527,2001,1997,654.30,582.53,124.20,0.1200,1
3528,2002,2011,713.34,542.69,104.61,0.1600,1
3529,2003,2011,752.83,542.49,104.65,0.0400,1
3530,2004,2011,753.03,581.98,104.54,0.1600,1
3531,2005,2011,713.54,582.18,104.50,0.1200,1
3532,2002,2012,693.58,542.85,124.34,0.0800,1
3533,2005,2012,693.78,582.33,124.23,0.2000,1
3534,2006,2012,693.75,582.44,163.72,0.1200,1
3535,2007,2012,693.55,542.95,163.83,0.2800,1
3536,2003,2013,772.56,542.44,124.41,0.0000,1
3537,2004,2013,772.76,581.93,124.30,0.0000,1
3538,2008,2013,772.53,542.55,163.90,0.0000,1
3539,2009,2013,772.73,582.04,163.79,0.0000,1
3540,2002,2014,713.23,523.00,124.41,0.0000,1
3541,2003,2014,752.71,522.80,124.45,0.9200,0
3542,2007,2014,713.19,523.11,163.90,0.8800,0
3543,2008,2014,752.68,522.91,163.93,0.0400,1
3544,2012,2010,713.40,562.60,163.79,0.0000,1
3545,2012,2011,713.43,562.49,124.30,1.0000,0
3546,2012,2015,713.51,582.29,143.99,0.1600,1
3547,2012,2014,713.31,542.80,144.10,0.0800,1
3548,2013,2011,752.92,562.29,124.34,0.0000,1
3549,2013,2015,753.00,582.09,144.03,0.0800,1
3550,2013,2010,752.88,562.40,163.82,1.0000,0
3551,2014,2011,733.07,542.64,124.37,0.1600,1
3552,2014,2013,752.80,542.60,144.13,0.2000,1
3553,2014,2010,733.04,542.75,163.86,0.1200,1
3554,2015,2010,733.24,582.24,163.75,0.2400,1
3555,2015,2011,733.27,582.13,124.26,0.0800,1
3556,2016,2025,81.93,624.88,103.87,0.2000,1
3557,2017,2025,121.42,624.68,103.90,0.7600,0
3558,2018,2025,121.62,664.17,103.79,0.1600,1
3559,2019,2025,82.13,664.37,103.76,0.8000,0
3560,2016,2026,62.17,625.03,123.60,0.0000,1
3561,2019,2026,62.37,664.52,123.49,1.0000,0
3562,2020,2026,62.34,664.63,162.98,0.0000,1
3563,2021,2026,62.14,625.14,163.09,1.0000,0
3564,2016,2028,81.82,605.19,123.67,1.0000,0
3565,2017,2028,121.30,604.99,123.70,0.3200,0
3566,2021,2028,81.78,605.30,163.16,0.2000,1
3567,2022,2028,121.27,605.10,163.19,1.0000,0
3568,2026,2024,81.98,644.79,163.05,1.0000,0
3569,2026,2025,82.02,644.68,123.56,0.2000,1
3570,2026,2029,82.10,664.48,143.25,0.0800,1
3571,2026,2028,81.90,624.99,143.36,0.8400,0
3572,2027,2025,121.50,644.48,123.59,0.8400,0
3573,2027,2029,121.59,664.28,143.28,0.1600,1
3574,2027,2024,121.47,644.59,163.08,0.2800,1
3575,2028,2025,101.66,624.83,123.63,1.0000,0
3576,2028,2027,121.39,624.79,143.39,0.0800,1
3577,2028,2024,101.63,624.94,163.12,0.6800,0
3578,2029,2024,101.83,664.43,163.01,1.0000,0
3579,2029,2025,101.86,664.32,123.52,0.0800,1
3580,2030,2039,160.91,624.48,103.94,0.4000,0
3581,2031,2039,200.40,624.28,103.97,0.0800,1
3582,2032,2039,200.60,663.77,103.86,0.4400,0
3583,2033,2039,161.11,663.97,103.83,0.3200,0
3584,2030,2040,141.15,624.63,123.66,0.1200,1
3585,2033,2040,141.35,664.12,123.56,1.0000,0
3586,2034,2040,141.32,664.23,163.04,0.3200,0
3587,2035,2040,141.12,624.74,163.15,1.0000,0
3588,2030,2042,160.79,604.79,123.74,1.0000,0
3589,2031,2042,200.28,604.59,123.77,1.0000,0
3590,2035,2042,160.76,604.90,163.22,1.0000,0
3591,2036,2042,200.25,604.70,163.26,1.0000,0
3592,2040,2038,160.96,644.39,163.12,1.0000,0
3593,2040,2039,160.99,644.28,123.63,0.4800,0
3594,2040,2043,161.08,664.08,143.32,0.0800,1
3595,2040,2042,160.88,624.59,143.43,0.0800,1
3596,2041,2039,200.48,644.08,123.66,1.0000,0
3597,2041,2043,200.57,663.87,143.35,0.0800,1
3598,2041,2038,200.45,644.19,163.15,0.8800,0
3599,2042,2039,180.64,624.43,123.70,1.0000,0
3600,2042,2041,200.36,624.39,143.46,0.1200,1
3601,2042,2038,180.60,624.54,163.19,0.9200,0
3602,2043,2038,180.81,664.03,163.08,1.0000,0
3603,2043,2039,180.84,663.92,123.59,0.7600,0
3604,2044,2053,239.89,624.08,104.00,0.6400,0
3605,2045,2053,279.37,623.88,104.03,0.0400,1
3606,2046,2053,279.57,663.36,103.93,0.4400,0
3607,2047,2053,240.09,663.56,103.89,0.2400,1
3608,2044,2054,220.13,624.23,123.73,0.9200,0
3609,2047,2054,220.33,663.72,123.62,1.0000,0
3610,2048,2054,220.29,663.83,163.11,0.9200,0
3611,2049,2054,220.09,624.34,163.22,1.0000,0
3612,2044,2056,239.77,604.39,123.80,1.0000,0
3613,2045,2056,279.26,604.19,123.83,1.0000,0
3614,2049,2056,239.74,604.50,163.29,1.0000,0
3615,2050,2056,279.22,604.30,163.32,1.0000,0
3616,2054,2052,239.94,643.98,163.18,1.0000,0
3617,2054,2053,239.97,643.88,123.69,0.8000,0
3618,2054,2057,240.05,663.67,143.38,0.3200,0
3619,2054,2056,239.85,624.19,143.49,0.4800,0
3620,2055,2053,279.46,643.67,123.72,1.0000,0
3621,2055,2057,279.54,663.47,143.41,0.1200,1
3622,2055,2052,279.43,643.78,163.21,1.0000,0
3623,2056,2053,259.61,624.03,123.76,1.0000,0
3624,2056,2055,279.34,623.98,143.52,0.9600,0
3625,2056,2052,259.58,624.14,163.25,1.0000,0
3626,2057,2052,259.78,663.63,163.14,1.0000,0
3627,2057,2053,259.81,663.52,123.65,1.0000,0
3628,2058,2067,318.86,623.67,104.07,0.4000,0
3629,2059,2067,358.35,623.47,104.10,0.0400,1
3630,2060,2067,358.55,662.96,103.99,0.2000,1
3631,2061,2067,319.06,663.16,103.96,0.1200,1
3632,2058,2068,299.10,623.83,123.80,0.9600,0
3633,2061,2068,299.30,663.32,123.69,1.0000,0
3634,2062,2068,299.27,663.43,163.18,0.9600,0
3635,2063,2068,299.07,623.94,163.28,1.0000,0
3636,2058,2070,318.75,603.99,123.87,1.0000,0
3637,2059,2070,358.23,603.78,123.90,1.0000,0
3638,2063,2070,318.71,604.09,163.36,0.8000,0
3639,2064,2070,358.20,603.89,163.39,1.0000,0
3640,2068,2066,318.91,643.58,163.25,1.0000,0
3641,2068,2067,318.95,643.47,123.76,1.0000,0
3642,2068,2071,319.03,663.27,143.45,0.1200,1
3643,2068,2070,318.83,623.78,143.56,0.7200,0
3644,2069,2067,358.43,643.27,123.79,1.0000,0
3645,2069,2071,358.52,663.07,143.48,0.2400,1
3646,2069,2066,358.40,643.38,163.28,1.0000,0
3647,2070,2067,338.59,623.63,123.83,1.0000,0
3648,2070,2069,358.32,623.58,143.59,1.0000,0
3649,2070,2066,338.56,623.74,163.32,1.0000,0
3650,2071,2066,338.76,663.23,163.21,1.0000,0
3651,2071,2067,338.79,663.12,123.72,0.7200,0
3652,2072,2081,397.84,623.27,104.13,0.2800,1
3653,2073,2081,437.33,623.07,104.17,0.0800,1
3654,2074,2081,437.53,662.56,104.06,0.0400,1
3655,2075,2081,398.04,662.76,104.02,0.0800,1
3656,2072,2082,378.08,623.43,123.86,0.8800,0
3657,2075,2082,378.28,662.92,123.75,1.0000,0
3658,2076,2082,378.25,663.03,163.24,0.8800,0
3659,2077,2082,378.05,623.54,163.35,1.0000,0
3660,2072,2084,397.72,603.58,123.93,1.0000,0
3661,2073,2084,437.21,603.38,123.96,1.0000,0
3662,2077,2084,397.69,603.69,163.42,1.0000,0
3663,2078,2084,437.18,603.49,163.45,1.0000,0
3664,2082,2080,397.89,643.18,163.31,0.8800,0
3665,2082,2081,397.92,643.07,123.82,1.0000,0
3666,2082,2085,398.01,662.87,143.51,0.8000,0
3667,2082,2084,397.81,623.38,143.62,0.2000,1
3668,2083,2081,437.41,642.87,123.86,0.8400,0
3669,2083,2085,437.50,662.67,143.55,0.2800,1
3670,2083,2080,437.38,642.98,163.34,1.0000,0
3671,2084,2081,417.57,623.23,123.89,1.0000,0
3672,2084,2083,437.29,623.18,143.65,0.9200,0
3673,2084,2080,417.53,623.34,163.38,0.7200,0
3674,2085,2080,417.74,662.82,163.27,1.0000,0
3675,2085,2081,417.77,662.72,123.78,0.3200,0
3676,2086,2095,476.82,622.87,104.20,0.0800,1
3677,2087,2095,516.30,622.67,104.23,0.0800,1
3678,2088,2095,516.50,662.16,104.12,0.1200,1
3679,2089,2095,477.02,662.36,104.09,0.0800,1
3680,2086,2096,457.05,623.03,123.93,0.7200,0
3681,2089,2096,457.26,662.51,123.82,1.0000,0
3682,2090,2096,457.22,662.62,163.31,0.6000,0
3683,2091,2096,457.02,623.14,163.42,1.0000,0
3684,2086,2098,476.70,603.18,124.00,0.7200,0
3685,2087,2098,516.19,602.98,124.03,1.0000,0
3686,2091,2098,476.67,603.29,163.49,1.0000,0
3687,2092,2098,516.15,603.09,163.52,0.3600,0
3688,2096,2094,476.87,642.78,163.38,0.2800,1
3689,2096,2095,476.90,642.67,123.89,1.0000,0
3690,2096,2099,476.98,662.47,143.58,0.5600,0
3691,2096,2098,476.78,622.98,143.69,0.1600,1
3692,2097,2095,516.39,642.47,123.92,0.4800,0
3693,2097,2099,516.47,662.27,143.61,0.0800,1
3694,2097,2094,516.36,642.58,163.41,1.0000,0
3695,2098,2095,496.54,622.83,123.96,1.0000,0
3696,2098,2097,516.27,622.78,143.72,0.6800,0
3697,2098,2094,496.51,622.94,163.45,0.4400,0
3698,2099,2094,496.71,662.42,163.34,1.0000,0
3699,2099,2095,496.74,662.31,123.85,0.2400,1
3700,2100,2109,555.79,622.47,104.26,0.0800,1
3701,2101,2109,595.28,622.27,104.30,0.1200,1
3702,2102,2109,595.48,661.76,104.19,0.0800,1
3703,2103,2109,555.99,661.96,104.15,0.1600,1
3704,2100,2110,536.03,622.63,123.99,0.2800,1
3705,2103,2110,536.23,662.11,123.88,1.0000,0
3706,2104,2110,536.20,662.22,163.37,0.4800,0
3707,2105,2110,536.00,622.73,163.48,1.0000,0
3708,2100,2112,555.68,602.78,124.06,0.0400,1
3709,2101,2112,595.16,602.58,124.10,1.0000,0
3710,2105,2112,555.64,602.89,163.55,1.0000,0
3711,2106,2112,595.13,602.69,163.58,0.0400,1
3712,2110,2108,555.84,642.38,163.44,0.0400,1
3713,2110,2109,555.88,642.27,123.95,1.0000,0
3714,2110,2113,555.96,662.07,143.64,0.1200,1
3715,2110,2112,555.76,622.58,143.75,0.0800,1
3716,2111,2109,595.36,642.07,123.99,0.1600,1
3717,2111,2113,595.45,661.87,143.68,0.0800,1
3718,2111,2108,595.33,642.18,163.48,1.0000,0
3719,2112,2109,575.52,622.42,124.02,1.0000,0
3720,2112,2111,595.25,622.38,143.79,0.2400,1
3721,2112,2108,575.49,622.53,163.51,0.1200,1
3722,2113,2108,575.69,662.02,163.40,1.0000,0
3723,2113,2109,575.72,661.91,123.92,0.1200,1
3724,2114,2123,634.77,622.07,104.33,0.1200,1
3725,2115,2123,674.26,621.87,104.36,0.1200,1
3726,2116,2123,674.46,661.36,104.25,0.1200,1
3727,2117,2123,634.97,661.56,104.22,0.1200,1
3728,2114,2124,615.01,622.22,124.06,0.0800,1
3729,2117,2124,615.21,661.71,123.95,1.0000,0
3730,2118,2124,615.18,661.82,163.44,0.0800,1
3731,2119,2124,614.98,622.33,163.55,1.0000,0
3732,2114,2126,634.65,602.38,124.13,0.0400,1
3733,2115,2126,674.14,602.18,124.16,1.0000,0
3734,2119,2126,634.62,602.49,163.62,1.0000,0
3735,2120,2126,674.11,602.29,163.65,0.0000,1
3736,2124,2122,634.82,641.98,163.51,0.0000,1
3737,2124,2123,634.85,641.87,124.02,1.0000,0
3738,2124,2127,634.94,661.67,143.71,0.1200,1
3739,2124,2126,634.74,622.18,143.82,0.1200,1
3740,2125,2123,674.34,641.67,124.05,0.0000,1
3741,2125,2127,674.43,661.47,143.74,0.1200,1
3742,2125,2122,674.31,641.78,163.54,1.0000,0
3743,2126,2123,654.50,622.02,124.09,0.8400,0
3744,2126,2125,674.22,621.98,143.85,0.1200,1
3745,2126,2122,654.46,622.13,163.58,0.0800,1
3746,2127,2122,654.67,661.62,163.47,0.6800,0
3747,2127,2123,654.70,661.51,123.98,0.0800,1
3748,2128,2137,713.74,621.67,104.39,0.1600,1
3749,2129,2137,753.23,621.47,104.43,0.1200,1
3750,2130,2137,753.43,660.95,104.32,0.1600,1
3751,2131,2137,713.95,661.15,104.29,0.1200,1
3752,2128,2138,693.98,621.82,124.12,0.0800,1
3753,2131,2138,694.19,661.31,124.01,0.6400,0
3754,2132,2138,694.15,661.42,163.50,0.0800,1
3755,2133,2138,693.95,621.93,163.61,0.4400,0
3756,2129,2139,772.96,621.42,124.19,0.0000,1
3757,2130,2139,773.16,660.91,124.08,0.0000,1
3758,2134,2139,772.93,621.53,163.68,0.0000,1
3759,2135,2139,773.13,661.02,163.57,0.0000,1
3760,2128,2140,713.63,601.98,124.19,0.0000,1
3761,2129,2140,753.12,601.78,124.23,1.0000,0
3762,2133,2140,713.60,602.09,163.68,1.0000,0
3763,2134,2140,753.08,601.89,163.72,0.0400,1
3764,2138,2136,713.80,641.57,163.57,0.0000,1
3765,2138,2137,713.83,641.47,124.08,1.0000,0
3766,2138,2141,713.91,661.26,143.77,0.1600,1
3767,2138,2140,713.71,621.78,143.88,0.1200,1
3768,2139,2137,753.32,641.26,124.12,0.0000,1
3769,2139,2141,753.40,661.06,143.81,0.0800,1
3770,2139,2136,753.29,641.37,163.61,1.0000,0
3771,2140,2137,733.47,621.62,124.16,0.7200,0
3772,2140,2139,753.20,621.58,143.92,0.1600,1
3773,2140,2136,733.44,621.73,163.64,0.0400,1
3774,2141,2136,733.64,661.22,163.53,0.1600,1
3775,2141,2137,733.67,661.11,124.05,0.0800,1
3776,2142,2151,82.33,703.86,103.65,0.1600,1
3777,2143,2151,121.82,703.65,103.69,0.4400,0
3778,2144,2151,122.02,743.14,103.58,0.8000,0
3779,2145,2151,82.53,743.34,103.54,0.0000,1
3780,2142,2152,62.57,704.01,123.38,0.0000,1
3781,2145,2152,62.77,743.50,123.27,0.0000,1
3782,2146,2152,62.74,743.61,162.76,0.0000,1
3783,2147,2152,62.54,704.12,162.87,0.9600,0
3784,2142,2154,82.22,684.17,123.45,1.0000,0
3785,2143,2154,121.71,683.97,123.48,0.2000,1
3786,2147,2154,82.19,684.28,162.94,0.0400,1
3787,2148,2154,121.67,684.07,162.97,1.0000,0
3788,2144,2155,122.11,762.94,123.27,0.0000,1
3789,2145,2155,82.62,763.14,123.23,0.0000,1
3790,2146,2155,82.59,763.25,162.72,0.0000,1
3791,2149,2155,122.08,763.05,162.75,0.0000,1
3792,2152,2150,82.39,723.76,162.83,1.0000,0
3793,2152,2151,82.42,723.65,123.34,0.0400,1
3794,2152,2155,82.50,743.45,143.03,0.4400,0
3795,2152,2154,82.30,703.97,143.14,0.1600,1
3796,2153,2151,121.91,723.45,123.38,1.0000,0
3797,2153,2155,121.99,743.25,143.06,0.0400,1
3798,2153,2150,121.87,723.56,162.86,0.2400,1
3799,2154,2151,102.06,703.81,123.41,1.0000,0
3800,2154,2153,121.79,703.76,143.17,0.3600,0
3801,2154,2150,102.03,703.92,162.90,0.1200,1
3802,2155,2150,102.23,743.41,162.79,0.8400,0
3803,2155,2151,102.26,743.30,123.30,0.6400,0
3804,2156,2165,161.31,703.45,103.72,0.4800,0
3805,2157,2165,200.80,703.25,103.75,0.4400,0
3806,2158,2165,201.00,742.74,103.64,0.8000,0
3807,2159,2165,161.51,742.94,103.61,0.7600,0
3808,2156,2166,141.55,703.61,123.45,0.7200,0
3809,2159,2166,141.75,743.10,123.34,0.8800,0
3810,2160,2166,141.72,743.21,162.83,0.9200,0
3811,2161,2166,141.52,703.72,162.93,1.0000,0
3812,2156,2168,161.19,683.76,123.52,1.0000,0
3813,2157,2168,200.68,683.56,123.55,1.0000,0
3814,2161,2168,161.16,683.87,163.01,0.5200,0
3815,2162,2168,200.65,683.67,163.04,0.6800,0
3816,2158,2169,201.08,762.54,123.33,0.0000,1
3817,2159,2169,161.60,762.74,123.30,0.0000,1
3818,2160,2169,161.56,762.85,162.79,0.0000,1
3819,2163,2169,201.05,762.65,162.82,0.0000,1
3820,2166,2164,161.36,723.36,162.90,1.0000,0
3821,2166,2165,161.39,723.25,123.41,0.8400,0
3822,2166,2169,161.48,743.05,143.10,0.5600,0
3823,2166,2168,161.28,703.56,143.21,0.0800,1
3824,2167,2165,200.88,723.05,123.44,1.0000,0
3825,2167,2169,200.97,742.85,143.13,0.4400,0
3826,2167,2164,200.85,723.16,162.93,0.6800,0
3827,2168,2165,181.04,703.41,123.48,1.0000,0
3828,2168,2167,200.77,703.36,143.24,0.2400,1
3829,2168,2164,181.01,703.52,162.97,0.7600,0
3830,2169,2164,181.21,743.01,162.86,0.8800,0
3831,2169,2165,181.24,742.90,123.37,0.7200,0
3832,2170,2179,240.29,703.05,103.78,0.4000,0
3833,2171,2179,279.78,702.85,103.82,0.1200,1
3834,2172,2179,279.98,742.34,103.71,0.8400,0
3835,2173,2179,240.49,742.54,103.67,0.6000,0
3836,2170,2180,220.53,703.21,123.51,0.9200,0
3837,2173,2180,220.73,742.70,123.40,0.9200,0
3838,2174,2180,220.70,742.81,162.89,0.9600,0
3839,2175,2180,220.49,703.32,163.00,1.0000,0
3840,2170,2182,240.17,683.36,123.58,1.0000,0
3841,2171,2182,279.66,683.16,123.62,0.9200,0
3842,2175,2182,240.14,683.47,163.07,1.0000,0
3843,2176,2182,279.63,683.27,163.10,1.0000,0
3844,2172,2183,280.06,762.14,123.40,0.0000,1
3845,2173,2183,240.57,762.34,123.36,0.0000,1
3846,2174,2183,240.54,762.45,162.85,0.0000,1
3847,2177,2183,280.03,762.25,162.89,0.0000,1
3848,2180,2178,240.34,722.96,162.96,1.0000,0
3849,2180,2179,240.37,722.85,123.47,0.9600,0
3850,2180,2183,240.46,742.65,143.16,0.6400,0
3851,2180,2182,240.25,703.16,143.27,0.0800,1
3852,2181,2179,279.86,722.65,123.51,1.0000,0
3853,2181,2183,279.94,742.45,143.20,0.4000,0
3854,2181,2178,279.83,722.76,162.99,1.0000,0
3855,2182,2179,260.02,703.01,123.54,1.0000,0
3856,2182,2181,279.74,702.96,143.31,0.0800,1
3857,2182,2178,259.98,703.12,163.03,0.7600,0
3858,2183,2178,260.18,742.60,162.92,0.9200,0
3859,2183,2179,260.22,742.50,123.44,0.9200,0
3860,2184,2193,319.26,702.65,103.85,0.6000,0
3861,2185,2193,358.75,702.45,103.88,0.2000,1
3862,2186,2193,358.95,741.94,103.77,0.4000,0
3863,2187,2193,319.46,742.14,103.74,0.5200,0
3864,2184,2194,299.50,702.81,123.58,0.8000,0
3865,2187,2194,299.70,742.29,123.47,0.9200,0
3866,2188,2194,299.67,742.40,162.96,1.0000,0
3867,2189,2194,299.47,702.92,163.07,1.0000,0
3868,2184,2196,319.15,682.96,123.65,1.0000,0
3869,2185,2196,358.64,682.76,123.68,1.0000,0
3870,2189,2196,319.12,683.07,163.14,1.0000,0
3871,2190,2196,358.60,682.87,163.17,0.6800,0
3872,2186,2197,359.04,761.74,123.46,0.0000,1
3873,2187,2197,319.55,761.94,123.43,0.0000,1
3874,2188,2197,319.52,762.05,162.92,0.0000,1
3875,2191,2197,359.01,761.85,162.95,0.0000,1
3876,2194,2192,319.32,722.56,163.03,1.0000,0
3877,2194,2193,319.35,722.45,123.54,1.0000,0
3878,2194,2197,319.43,742.25,143.23,0.3600,0
3879,2194,2196,319.23,702.76,143.34,0.0800,1
3880,2195,2193,358.84,722.25,123.57,1.0000,0
3881,2195,2197,358.92,742.05,143.26,0.0400,1
3882,2195,2192,358.80,722.36,163.06,0.4800,0
3883,2196,2193,338.99,702.61,123.61,1.0000,0
3884,2196,2195,358.72,702.56,143.37,0.0400,1
3885,2196,2192,338.96,702.71,163.10,1.0000,0
3886,2197,2192,339.16,742.20,162.99,0.8800,0
3887,2197,2193,339.19,742.09,123.50,0.5600,0
3888,2198,2207,398.24,702.25,103.91,0.1200,1
3889,2199,2207,437.73,702.05,103.95,0.0400,1
3890,2200,2207,437.93,741.54,103.84,0.2800,1
3891,2201,2207,398.44,741.74,103.81,0.0800,1
3892,2198,2208,378.48,702.40,123.64,0.7600,0
3893,2201,2208,378.68,741.89,123.53,0.9200,0
3894,2202,2208,378.65,742.00,163.02,0.9600,0
3895,2203,2208,378.45,702.51,163.13,1.0000,0
3896,2198,2210,398.12,682.56,123.71,0.6400,0
3897,2199,2210,437.61,682.36,123.75,1.0000,0
3898,2203,2210,398.09,682.67,163.20,1.0000,0
3899,2204,2210,437.58,682.47,163.23,0.8000,0
3900,2200,2211,438.01,761.34,123.53,0.0000,1
3901,2201,2211,398.53,761.54,123.50,0.0000,1
3902,2202,2211,398.49,761.65,162.98,0.0000,1
3903,2205,2211,437.98,761.44,163.02,0.0000,1
3904,2208,2206,398.29,722.16,163.09,0.5600,0
3905,2208,2207,398.32,722.05,123.60,1.0000,0
3906,2208,2211,398.41,741.85,143.29,0.2400,1
3907,2208,2210,398.21,702.36,143.40,0.0400,1
3908,2209,2207,437.81,721.85,123.64,0.8400,0
3909,2209,2211,437.90,741.65,143.33,0.0400,1
3910,2209,2206,437.78,721.96,163.13,1.0000,0
3911,2210,2207,417.97,702.20,123.68,1.0000,0
3912,2210,2209,437.70,702.16,143.44,0.0800,1
3913,2210,2206,417.94,702.31,163.16,0.4400,0
3914,2211,2206,418.14,741.80,163.05,0.8800,0
3915,2211,2207,418.17,741.69,123.57,0.4000,0
3916,2212,2221,477.22,701.85,103.98,0.0800,1
3917,2213,2221,516.71,701.65,104.01,0.0800,1
3918,2214,2221,516.91,741.14,103.90,0.0400,1
3919,2215,2221,477.42,741.34,103.87,0.0400,1
3920,2212,2222,457.46,702.00,123.71,0.4000,0
3921,2215,2222,457.66,741.49,123.60,0.8800,0
3922,2216,2222,457.63,741.60,163.09,0.6800,0
3923,2217,2222,457.42,702.11,163.20,1.0000,0
3924,2212,2224,477.10,682.16,123.78,0.5600,0
3925,2213,2224,516.59,681.96,123.81,1.0000,0
3926,2217,2224,477.07,682.27,163.27,1.0000,0
3927,2218,2224,516.56,682.07,163.30,0.0800,1
3928,2214,2225,516.99,760.93,123.59,0.0000,1
3929,2215,2225,477.50,761.13,123.56,0.0000,1
3930,2216,2225,477.47,761.24,163.05,0.0000,1
3931,2219,2225,516.96,761.04,163.08,0.0000,1
3932,2222,2220,477.27,721.76,163.16,0.1600,1
3933,2222,2221,477.30,721.65,123.67,1.0000,0
3934,2222,2225,477.39,741.45,143.36,0.0400,1
3935,2222,2224,477.18,701.96,143.47,0.1200,1
3936,2223,2221,516.79,721.45,123.70,0.3200,0
3937,2223,2225,516.87,741.24,143.39,0.0400,1
3938,2223,2220,516.76,721.56,163.19,1.0000,0
3939,2224,2221,496.94,701.80,123.74,1.0000,0
3940,2224,2223,516.67,701.76,143.50,0.5600,0
3941,2224,2220,496.91,701.91,163.23,0.2800,1
3942,2225,2220,497.11,741.40,163.12,0.8800,0
3943,2225,2221,497.15,741.29,123.63,0.2800,1
3944,2226,2235,556.19,701.45,104.05,0.1200,1
3945,2227,2235,595.68,701.25,104.08,0.0800,1
3946,2228,2235,595.88,740.73,103.97,0.0000,1
3947,2229,2235,556.39,740.93,103.94,0.0400,1
3948,2226,2236,536.43,701.60,123.77,0.2400,1
3949,2229,2236,536.63,741.09,123.66,0.8400,0
3950,2230,2236,536.60,741.20,163.15,0.0800,1
3951,2231,2236,536.40,701.71,163.26,1.0000,0
3952,2226,2238,556.08,681.76,123.84,0.2000,1
3953,2227,2238,595.57,681.56,123.88,1.0000,0
3954,2231,2238,556.04,681.87,163.33,0.5600,0
3955,2232,2238,595.53,681.67,163.37,0.0000,1
3956,2228,2239,595.97,760.53,123.66,0.0000,1
3957,2229,2239,556.48,760.73,123.63,0.0000,1
3958,2230,2239,556.45,760.84,163.11,0.0000,1
3959,2233,2239,595.93,760.64,163.15,0.0000,1
3960,2236,2234,556.25,721.35,163.22,0.1600,1
3961,2236,2235,556.28,721.24,123.74,1.0000,0
3962,2236,2239,556.36,741.04,143.42,0.0400,1
3963,2236,2238,556.16,701.56,143.53,0.0800,1
3964,2237,2235,595.77,721.04,123.77,0.0400,1
3965,2237,2239,595.85,740.84,143.46,0.0400,1
3966,2237,2234,595.73,721.15,163.26,0.9200,0
3967,2238,2235,575.92,701.40,123.81,1.0000,0
3968,2238,2237,595.65,701.35,143.57,0.2000,1
3969,2238,2234,575.89,701.51,163.29,0.1200,1
3970,2239,2234,576.09,741.00,163.19,0.8800,0
3971,2239,2235,576.12,740.89,123.70,0.1200,1
3972,2240,2249,635.17,701.04,104.11,0.1200,1
3973,2241,2249,674.66,700.84,104.14,0.1600,1
3974,2242,2249,674.86,740.33,104.03,0.0000,1
3975,2243,2249,635.37,740.53,104.00,0.0400,1
3976,2240,2250,615.41,701.20,123.84,0.1200,1
3977,2243,2250,615.61,740.69,123.73,0.8400,0
3978,2244,2250,615.58,740.80,163.22,0.0800,1
3979,2245,2250,615.38,701.31,163.33,1.0000,0
3980,2240,2252,635.05,681.36,123.91,0.0000,1
3981,2241,2252,674.54,681.15,123.94,1.0000,0
3982,2245,2252,635.02,681.46,163.40,1.0000,0
3983,2246,2252,674.51,681.26,163.43,0.0000,1
3984,2242,2253,674.94,760.13,123.72,0.0000,1
3985,2243,2253,635.46,760.33,123.69,0.0000,1
3986,2244,2253,635.42,760.44,163.18,0.0000,1
3987,2247,2253,674.91,760.24,163.21,0.0000,1
3988,2250,2248,635.22,720.95,163.29,0.0400,1
3989,2250,2249,635.25,720.84,123.80,1.0000,0
3990,2250,2253,635.34,740.64,143.49,0.0000,1
3991,2250,2252,635.14,701.15,143.60,0.1200,1
3992,2251,2249,674.74,720.64,123.83,0.0000,1
3993,2251,2253,674.83,740.44,143.52,0.0400,1
3994,2251,2248,674.71,720.75,163.32,1.0000,0
3995,2252,2249,654.90,701.00,123.87,1.0000,0
3996,2252,2251,674.63,700.95,143.63,0.0800,1
3997,2252,2248,654.87,701.11,163.36,0.0800,1
3998,2253,2248,655.07,740.60,163.25,0.8400,0
3999,2253,2249,655.10,740.49,123.76,0.0800,1
4000,2254,2263,714.15,700.64,104.18,0.1600,1
4001,2255,2263,753.63,700.44,104.21,0.0800,1
4002,2256,2263,753.84,739.93,104.10,0.0000,1
4003,2257,2263,714.35,740.13,104.07,0.0800,1
4004,2254,2264,694.39,700.80,123.90,0.0800,1
4005,2257,2264,694.59,740.29,123.80,0.0000,1
4006,2258,2264,694.56,740.40,163.28,0.0800,1
4007,2259,2264,694.35,700.91,163.39,0.7200,0
4008,2255,2265,773.36,700.40,123.97,0.0000,1
4009,2256,2265,773.56,739.88,123.86,0.0000,1
4010,2260,2265,773.33,700.51,163.46,0.0000,1
4011,2261,2265,773.53,739.99,163.35,0.0000,1
4012,2254,2266,714.03,680.95,123.98,0.0000,1
4013,2255,2266,753.52,680.75,124.01,1.0000,0
4014,2259,2266,714.00,681.06,163.46,1.0000,0
4015,2260,2266,753.49,680.86,163.50,0.0000,1
4016,2256,2267,753.92,759.73,123.79,0.0000,1
4017,2257,2267,714.43,759.93,123.76,0.0000,1
4018,2258,2267,714.40,760.04,163.25,0.0000,1
4019,2261,2267,753.89,759.84,163.28,0.0000,1
4020,2264,2262,714.20,720.55,163.35,0.0000,1
4021,2264,2263,714.23,720.44,123.87,1.0000,0
4022,2264,2267,714.32,740.24,143.56,0.0000,1
4023,2264,2266,714.11,700.75,143.67,0.1200,1
4024,2265,2263,753.72,720.24,123.90,0.0000,1
4025,2265,2267,753.80,740.04,143.59,0.0800,1
4026,2265,2262,753.69,720.35,163.39,1.0000,0
4027,2266,2263,733.87,700.60,123.94,0.2400,1
4028,2266,2265,753.60,700.55,143.70,0.1600,1
4029,2266,2262,733.84,700.71,163.43,0.0800,1
4030,2267,2262,734.04,740.19,163.32,0.0000,1
4031,2267,2263,734.08,740.09,123.83,0.0800,1
4032,2268,2277,79.06,72.26,184.38,1.0000,0
4033,2269,2277,118.54,72.06,184.41,1.0000,0
4034,2270,2277,118.74,111.55,184.30,1.0000,0
4035,2271,2277,79.26,111.75,184.27,1.0000,0
4036,2268,2278,59.30,72.42,204.11,1.0000,0
4037,2271,2278,59.50,111.91,204.00,1.0000,0
4038,2272,2278,59.46,112.02,243.49,1.0000,0
4039,2273,2278,59.26,72.53,243.59,1.0000,0
4040,2268,2280,78.94,52.57,204.18,1.0000,0
4041,2269,2280,118.43,52.37,204.21,0.9600,0
4042,2273,2280,78.91,52.68,243.67,1.0000,0
4043,2274,2280,118.40,52.48,243.70,1.0000,0
4044,2278,2276,79.11,92.17,243.56,1.0000,0
4045,2278,2277,79.14,92.06,204.07,1.0000,0
4046,2278,2281,79.22,111.86,223.76,1.0000,0
4047,2278,2280,79.02,72.37,223.87,1.0000,0
4048,2279,2277,118.63,91.86,204.10,1.0000,0
4049,2279,2281,118.71,111.66,223.79,1.0000,0
4050,2279,2276,118.60,91.97,243.59,0.9200,0
4051,2280,2277,98.78,72.22,204.14,1.0000,0
4052,2280,2279,118.51,72.17,223.90,1.0000,0
4053,2280,2276,98.75,72.33,243.63,1.0000,0
4054,2281,2276,98.95,111.82,243.52,1.0000,0
4055,2281,2277,98.98,111.71,204.03,1.0000,0
4056,2282,2291,158.03,71.86,184.44,1.0000,0
4057,2283,2291,197.52,71.66,184.48,0.8800,0
4058,2284,2291,197.72,111.15,184.37,1.0000,0
4059,2285,2291,158.23,111.35,184.33,1.0000,0
4060,2282,2292,138.27,72.02,204.17,1.0000,0
4061,2285,2292,138.47,111.51,204.06,1.0000,0
4062,2286,2292,138.44,111.62,243.55,1.0000,0
4063,2287,2292,138.24,72.13,243.66,1.0000,0
4064,2282,2294,157.92,52.17,204.24,1.0000,0
4065,2283,2294,197.40,51.97,204.28,1.0000,0
4066,2287,2294,157.88,52.28,243.73,1.0000,0
4067,2288,2294,197.37,52.08,243.76,1.0000,0
4068,2292,2290,158.08,91.77,243.62,1.0000,0
4069,2292,2291,158.12,91.66,204.13,1.0000,0
4070,2292,2295,158.20,111.46,223.82,1.0000,0
4071,2292,2294,158.00,71.97,223.93,1.0000,0
4072,2293,2291,197.60,91.46,204.17,1.0000,0
4073,2293,2295,197.69,111.26,223.86,1.0000,0
4074,2293,2290,197.57,91.57,243.65,1.0000,0
4075,2294,2291,177.76,71.82,204.20,1.0000,0
4076,2294,2293,197.49,71.77,223.96,1.0000,0
4077,2294,2290,177.73,71.93,243.69,1.0000,0
4078,2295,2290,177.93,111.41,243.58,1.0000,0
4079,2295,2291,177.96,111.31,204.09,1.0000,0
4080,2296,2305,237.01,71.46,184.51,1.0000,0
4081,2297,2305,276.50,71.26,184.54,1.0000,0
4082,2298,2305,276.70,110.75,184.43,1.0000,0
4083,2299,2305,237.21,110.95,184.40,1.0000,0
4084,2296,2306,217.25,71.62,204.24,1.0000,0
4085,2299,2306,217.45,111.10,204.13,1.0000,0
4086,2300,2306,217.42,111.21,243.62,1.0000,0
4087,2301,2306,217.22,71.73,243.73,1.0000,0
4088,2296,2308,236.89,51.77,204.31,1.0000,0
4089,2297,2308,276.38,51.57,204.34,1.0000,0
4090,2301,2308,236.86,51.88,243.80,1.0000,0
4091,2302,2308,276.35,51.68,243.83,1.0000,0
4092,2306,2304,237.06,91.37,243.69,1.0000,0
4093,2306,2305,237.09,91.26,204.20,1.0000,0
4094,2306,2309,237.18,111.06,223.89,1.0000,0
4095,2306,2308,236.98,71.57,224.00,0.9600,0
4096,2307,2305,276.58,91.06,204.23,1.0000,0
4097,2307,2309,276.67,110.86,223.92,1.0000,0
4098,2307,2304,276.55,91.17,243.72,1.0000,0
4099,2308,2305,256.74,71.42,204.27,1.0000,0
4100,2308,2307,276.46,71.37,224.03,1.0000,0
4101,2308,2304,256.70,71.52,243.76,0.0000,1
4102,2309,2304,256.91,111.01,243.65,1.0000,0
4103,2309,2305,256.94,110.90,204.16,1.0000,0
4104,2310,2319,315.99,71.06,184.57,1.0000,0
4105,2311,2319,355.47,70.86,184.61,1.0000,0
4106,2312,2319,355.67,110.35,184.50,1.0000,0
4107,2313,2319,316.19,110.55,184.47,1.0000,0
4108,2310,2320,296.23,71.21,204.30,1.0000,0
4109,2313,2320,296.43,110.70,204.19,1.0000,0
4110,2314,2320,296.39,110.81,243.68,1.0000,0
4111,2315,2320,296.19,71.32,243.79,1.0000,0
4112,2310,2322,315.87,51.37,204.37,1.0000,0
4113,2311,2322,355.36,51.17,204.41,1.0000,0
4114,2315,2322,315.84,51.48,243.86,1.0000,0
4115,2316,2322,355.32,51.28,243.89,1.0000,0
4116,2320,2318,316.04,90.97,243.75,1.0000,0
4117,2320,2319,316.07,90.86,204.26,1.0000,0
4118,2320,2323,316.15,110.66,223.95,1.0000,0
4119,2320,2322,315.95,71.17,224.06,1.0000,0
4120,2321,2319,355.56,90.66,204.30,1.0000,0
4121,2321,2323,355.64,110.46,223.99,1.0000,0
4122,2321,2318,355.53,90.77,243.79,1.0000,0
4123,2322,2319,335.71,71.01,204.34,1.0000,0
4124,2322,2321,355.44,70.97,224.10,1.0000,0
4125,2322,2318,335.68,71.12,243.82,1.0000,0
4126,2323,2318,335.88,110.61,243.71,1.0000,0
4127,2323,2319,335.91,110.50,204.23,1.0000,0
4128,2324,2333,394.96,70.66,184.64,1.0000,0
4129,2325,2333,434.45,70.46,184.67,1.0000,0
4130,2326,2333,434.65,109.95,184.56,1.0000,0
4131,2327,2333,395.16,110.15,184.53,1.0000,0
4132,2324,2334,375.20,70.81,204.37,1.0000,0
4133,2327,2334,375.40,110.30,204.26,1.0000,0
4134,2328,2334,375.37,110.41,243.75,1.0000,0
4135,2329,2334,375.17,70.92,243.86,1.0000,0
4136,2324,2336,394.85,50.97,204.44,1.0000,0
4137,2325,2336,434.33,50.77,204.47,1.0000,0
4138,2329,2336,394.81,51.08,243.93,1.0000,0
4139,2330,2336,434.30,50.88,243.96,1.0000,0
4140,2334,2332,395.01,90.57,243.82,1.0000,0
4141,2334,2333,395.05,90.46,204.33,1.0000,0
4142,2334,2337,395.13,110.26,224.02,1.0000,0
4143,2334,2336,394.93,70.77,224.13,1.0000,0
4144,2335,2333,434.53,90.26,204.36,1.0000,0
4145,2335,2337,434.62,110.05,224.05,1.0000,0
4146,2335,2332,434.50,90.37,243.85,1.0000,0
4147,2336,2333,414.69,70.61,204.40,1.0000,0
4148,2336,2335,434.42,70.57,224.16,1.0000,0
4149,2336,2332,414.66,70.72,243.89,1.0000,0
4150,2337,2332,414.86,110.21,243.78,1.0000,0
4151,2337,2333,414.89,110.10,204.29,1.0000,0
4152,2338,2347,473.94,70.26,184.71,1.0000,0
4153,2339,2347,513.43,70.06,184.74,1.0000,0
4154,2340,2347,513.63,109.54,184.63,1.0000,0
4155,2341,2347,474.14,109.74,184.60,1.0000,0
4156,2338,2348,454.18,70.41,204.43,1.0000,0
4157,2341,2348,454.38,109.90,204.32,1.0000,0
4158,2342,2348,454.35,110.01,243.81,1.0000,0
4159,2343,2348,454.15,70.52,243.92,1.0000,0
4160,2338,2350,473.82,50.57,204.50,1.0000,0
4161,2339,2350,513.31,50.37,204.54,1.0000,0
4162,2343,2350,473.79,50.68,243.99,1.0000,0
4163,2344,2350,513.28,50.48,244.03,0.8400,0
4164,2348,2346,473.99,90.16,243.88,1.0000,0
4165,2348,2347,474.02,90.06,204.39,1.0000,0
4166,2348,2351,474.11,109.85,224.08,1.0000,0
4167,2348,2350,473.91,70.37,224.19,1.0000,0
4168,2349,2347,513.51,89.85,204.43,0.9200,0
4169,2349,2351,513.60,109.65,224.12,0.8400,0
4170,2349,2346,513.48,89.96,243.92,1.0000,0
4171,2350,2347,493.67,70.21,204.47,1.0000,0
4172,2350,2349,513.39,70.16,224.23,1.0000,0
4173,2350,2346,493.63,70.32,243.95,1.0000,0
4174,2351,2346,493.84,109.81,243.85,1.0000,0
4175,2351,2347,493.87,109.70,204.36,1.0000,0
4176,2352,2361,552.91,69.85,184.77,1.0000,0
4177,2353,2361,592.40,69.65,184.80,1.0000,0
4178,2354,2361,592.60,109.14,184.69,0.3600,0
4179,2355,2361,553.12,109.34,184.66,0.6800,0
4180,2352,2362,533.15,70.01,204.50,1.0000,0
4181,2355,2362,533.36,109.50,204.39,1.0000,0
4182,2356,2362,533.32,109.61,243.88,1.0000,0
4183,2357,2362,533.12,70.12,243.99,1.0000,0
4184,2352,2364,552.80,50.17,204.57,0.8000,0
4185,2353,2364,592.29,49.96,204.60,1.0000,0
4186,2357,2364,552.77,50.27,244.06,1.0000,0
4187,2358,2364,592.25,50.07,244.09,0.0800,1
4188,2362,2360,552.97,89.76,243.95,0.5600,0
4189,2362,2361,553.00,89.65,204.46,1.0000,0
4190,2362,2365,553.08,109.45,224.15,0.6800,0
4191,2362,2364,552.88,69.96,224.26,1.0000,0
4192,2363,2361,592.49,89.45,204.49,0.2000,1
4193,2363,2365,592.57,109.25,224.18,0.4000,0
4194,2363,2360,592.46,89.56,243.98,1.0000,0
4195,2364,2361,572.64,69.81,204.53,0.3200,0
4196,2364,2363,592.37,69.76,224.29,1.0000,0
4197,2364,2360,572.61,69.92,244.02,0.3200,0
4198,2365,2360,572.81,109.41,243.91,0.4000,0
4199,2365,2361,572.84,109.30,204.42,0.2800,1
4200,2366,2375,631.89,69.45,184.84,0.9200,0
4201,2367,2375,671.38,69.25,184.87,0.3600,0
4202,2368,2375,671.58,108.74,184.76,0.4800,0
4203,2369,2375,632.09,108.94,184.73,0.1200,1
4204,2366,2376,612.13,69.61,204.56,0.9600,0
4205,2369,2376,612.33,109.10,204.45,0.1600,1
4206,2370,2376,612.30,109.21,243.94,0.4000,0
4207,2371,2376,612.10,69.72,244.05,0.2400,1
4208,2366,2378,631.77,49.76,204.64,0.0800,1
4209,2367,2378,671.26,49.56,204.67,1.0000,0
4210,2371,2378,631.74,49.87,244.12,1.0000,0
4211,2372,2378,671.23,49.67,244.16,0.0800,1
4212,2376,2374,631.94,89.36,244.01,0.0000,1
4213,2376,2375,631.98,89.25,204.53,1.0000,0
4214,2376,2379,632.06,109.05,224.22,0.3600,0
4215,2376,2378,631.86,69.56,224.32,0.5200,0
4216,2377,2375,671.46,89.05,204.56,0.0800,1
4217,2377,2379,671.55,108.85,224.25,0.1200,1
4218,2377,2374,671.43,89.16,244.05,1.0000,0
4219,2378,2375,651.62,69.41,204.60,0.0400,1
4220,2378,2377,671.35,69.36,224.36,1.0000,0
4221,2378,2374,651.59,69.52,244.09,0.0400,1
4222,2379,2374,651.79,109.00,243.98,0.0800,1
4223,2379,2375,651.82,108.90,204.49,0.0800,1
4224,2380,2389,710.87,69.05,184.90,0.9600,0
4225,2381,2389,750.36,68.85,184.93,0.1200,1
4226,2382,2389,750.56,108.34,184.83,0.4800,0
4227,2383,2389,711.07,108.54,184.79,0.1200,1
4228,2380,2390,691.11,69.21,204.63,0.1200,1
4229,2383,2390,691.31,108.69,204.52,0.0400,1
4230,2384,2390,691.28,108.80,244.01,0.1200,1
4231,2385,2390,691.08,69.32,244.12,0.0800,1
4232,2381,2391,770.08,68.80,204.70,0.0000,1
4233,2382,2391,770.29,108.29,204.59,0.0000,1
4234,2386,2391,770.05,68.91,244.18,0.0000,1
4235,2387,2391,770.25,108.40,244.07,0.0000,1
4236,2380,2392,710.75,49.36,204.70,0.0000,1
4237,2381,2392,750.24,49.16,204.73,1.0000,0
4238,2385,2392,710.72,49.47,244.19,0.9600,0
4239,2386,2392,750.21,49.27,244.22,0.0000,1
4240,2390,2388,710.92,88.96,244.08,0.0400,1
4241,2390,2389,710.95,88.85,204.59,1.0000,0
4242,2390,2393,711.04,108.65,224.28,0.4400,0
4243,2390,2392,710.84,69.16,224.39,0.2800,1
4244,2391,2389,750.44,88.65,204.62,0.1200,1
4245,2391,2393,750.53,108.45,224.31,0.0800,1
4246,2391,2388,750.41,88.76,244.11,1.0000,0
4247,2392,2389,730.60,69.01,204.66,0.0800,1
4248,2392,2391,750.32,68.96,224.42,0.9200,0
4249,2392,2388,730.56,69.12,244.15,0.1200,1
4250,2393,2388,730.76,108.60,244.04,0.0400,1
4251,2393,2389,730.80,108.49,204.55,0.1200,1
4252,2394,2403,79.46,151.24,184.16,1.0000,0
4253,2395,2403,118.95,151.04,184.19,1.0000,0
4254,2396,2403,119.15,190.53,184.08,1.0000,0
4255,2397,2403,79.66,190.73,184.05,1.0000,0
4256,2394,2404,59.70,151.40,203.89,1.0000,0
4257,2397,2404,59.90,190.88,203.78,1.0000,0
4258,2398,2404,59.87,190.99,243.27,1.0000,0
4259,2399,2404,59.66,151.51,243.38,1.0000,0
4260,2394,2406,79.34,131.55,203.96,1.0000,0
4261,2395,2406,118.83,131.35,203.99,1.0000,0
4262,2399,2406,79.31,131.66,243.45,1.0000,0
4263,2400,2406,118.80,131.46,243.48,1.0000,0
4264,2404,2402,79.51,171.15,243.34,1.0000,0
4265,2404,2403,79.54,171.04,203.85,1.0000,0
4266,2404,2407,79.63,190.84,223.54,1.0000,0
4267,2404,2406,79.43,151.35,223.65,1.0000,0
4268,2405,2403,119.03,170.84,203.88,1.0000,0
4269,2405,2407,119.11,190.64,223.57,1.0000,0
4270,2405,2402,119.00,170.95,243.37,1.0000,0
4271,2406,2403,99.19,151.19,203.92,1.0000,0
4272,2406,2405,118.91,151.15,223.68,1.0000,0
4273,2406,2402,99.15,151.30,243.41,1.0000,0
4274,2407,2402,99.35,190.79,243.30,1.0000,0
4275,2407,2403,99.39,190.68,203.81,1.0000,0
4276,2408,2417,158.43,150.84,184.23,1.0000,0
4277,2409,2417,197.92,150.64,184.26,1.0000,0
4278,2410,2417,198.12,190.13,184.15,1.0000,0
4279,2411,2417,158.63,190.33,184.12,1.0000,0
4280,2408,2418,138.67,150.99,203.95,1.0000,0
4281,2411,2418,138.87,190.48,203.84,1.0000,0
4282,2412,2418,138.84,190.59,243.33,1.0000,0
4283,2413,2418,138.64,151.10,243.44,1.0000,0
4284,2408,2420,158.32,131.15,204.02,1.0000,0
4285,2409,2420,197.81,130.95,204.06,1.0000,0
4286,2413,2420,158.29,131.26,243.51,1.0000,0
4287,2414,2420,197.77,131.06,243.55,1.0000,0
4288,2418,2416,158.49,170.75,243.40,1.0000,0
4289,2418,2417,158.52,170.64,203.91,1.0000,0
4290,2418,2421,158.60,190.44,223.60,1.0000,0
4291,2418,2420,158.40,150.95,223.71,1.0000,0
4292,2419,2417,198.01,170.44,203.95,1.0000,0
4293,2419,2421,198.09,190.24,223.64,1.0000,0
4294,2419,2416,197.97,170.55,243.44,1.0000,0
4295,2420,2417,178.16,150.79,203.99,1.0000,0
4296,2420,2419,197.89,150.75,223.75,1.0000,0
4297,2420,2416,178.13,150.90,243.47,1.0000,0
4298,2421,2416,178.33,190.39,243.37,1.0000,0
4299,2421,2417,178.36,190.28,203.88,1.0000,0
4300,2422,2431,237.41,150.44,184.29,1.0000,0
4301,2423,2431,276.90,150.24,184.32,1.0000,0
4302,2424,2431,277.10,189.72,184.21,1.0000,0
4303,2425,2431,237.61,189.93,184.18,1.0000,0
4304,2422,2432,217.65,150.59,204.02,1.0000,0
4305,2425,2432,217.85,190.08,203.91,1.0000,0
4306,2426,2432,217.82,190.19,243.40,1.0000,0
4307,2427,2432,217.62,150.70,243.51,1.0000,0
4308,2422,2434,237.29,130.75,204.09,1.0000,0
4309,2423,2434,276.78,130.55,204.12,1.0000,0
4310,2427,2434,237.26,130.86,243.58,1.0000,0
4311,2428,2434,276.75,130.66,243.61,1.0000,0
4312,2432,2430,237.46,170.35,243.47,1.0000,0
4313,2432,2431,237.49,170.24,203.98,1.0000,0
4314,2432,2435,237.58,190.03,223.67,1.0000,0
4315,2432,2434,237.38,150.55,223.78,1.0000,0
4316,2433,2431,276.98,170.04,204.01,1.0000,0
4317,2433,2435,277.07,189.83,223.70,1.0000,0
4318,2433,2430,276.95,170.14,243.50,1.0000,0
4319,2434,2431,257.14,150.39,204.05,1.0000,0
4320,2434,2433,276.87,150.35,223.81,1.0000,0
4321,2434,2430,257.11,150.50,243.54,1.0000,0
4322,2435,2430,257.31,189.99,243.43,1.0000,0
4323,2435,2431,257.34,189.88,203.94,1.0000,0
4324,2436,2445,316.39,150.04,184.36,1.0000,0
4325,2437,2445,355.88,149.83,184.39,1.0000,0
4326,2438,2445,356.08,189.32,184.28,1.0000,0
4327,2439,2445,316.59,189.52,184.25,1.0000,0
4328,2436,2446,296.63,150.19,204.08,1.0000,0
4329,2439,2446,296.83,189.68,203.97,1.0000,0
4330,2440,2446,296.80,189.79,243.46,1.0000,0
4331,2441,2446,296.59,150.30,243.57,1.0000,0
4332,2436,2448,316.27,130.35,204.15,1.0000,0
4333,2437,2448,355.76,130.15,204.19,1.0000,0
4334,2441,2448,316.24,130.46,243.64,1.0000,0
4335,2442,2448,355.73,130.25,243.68,1.0000,0
4336,2446,2444,316.44,169.94,243.53,1.0000,0
4337,2446,2445,316.47,169.83,204.05,1.0000,0
4338,2446,2449,316.56,189.63,223.74,1.0000,0
4339,2446,2448,316.35,150.15,223.84,1.0000,0
4340,2447,2445,355.96,169.63,204.08,0.5600,0
4341,2447,2449,356.04,189.43,223.77,1.0000,0
4342,2447,2444,355.93,169.74,243.57,1.0000,0
4343,2448,2445,336.12,149.99,204.12,1.0000,0
4344,2448,2447,355.84,149.94,223.88,1.0000,0
4345,2448,2444,336.08,150.10,243.61,1.0000,0
4346,2449,2444,336.28,189.59,243.50,1.0000,0
4347,2449,2445,336.32,189.48,204.01,1.0000,0
4348,2450,2459,395.36,149.63,184.42,1.0000,0
4349,2451,2459,434.85,149.43,184.45,0.7200,0
4350,2452,2459,435.05,188.92,184.34,1.0000,0
4351,2453,2459,395.56,189.12,184.31,0.9200,0
4352,2450,2460,375.60,149.79,204.15,1.0000,0
4353,2453,2460,375.80,189.28,204.04,1.0000,0
4354,2454,2460,375.77,189.39,243.53,1.0000,0
4355,2455,2460,375.57,149.90,243.64,1.0000,0
4356,2450,2462,395.25,129.94,204.22,1.0000,0
4357,2451,2462,434.74,129.74,204.25,1.0000,0
4358,2455,2462,395.21,130.05,243.71,1.0000,0
4359,2456,2462,434.70,129.85,243.74,1.0000,0
4360,2460,2458,395.42,169.54,243.60,1.0000,0
4361,2460,2459,395.45,169.43,204.11,1.0000,0
4362,2460,2463,395.53,189.23,223.80,1.0000,0
4363,2460,2462,395.33,149.74,223.91,1.0000,0
4364,2461,2459,434.94,169.23,204.14,1.0000,0
4365,2461,2463,435.02,189.03,223.83,1.0000,0
4366,2461,2458,434.90,169.34,243.63,1.0000,0
4367,2462,2459,415.09,149.59,204.18,1.0000,0
4368,2462,2461,434.82,149.54,223.94,1.0000,0
4369,2462,2458,415.06,149.70,243.67,1.0000,0
4370,2463,2458,415.26,189.19,243.56,1.0000,0
4371,2463,2459,415.29,189.08,204.07,1.0000,0
4372,2464,2473,474.34,149.23,184.49,0.8800,0
4373,2465,2473,513.83,149.03,184.52,0.2400,1
4374,2466,2473,514.03,188.52,184.41,0.6000,0
4375,2467,2473,474.54,188.72,184.38,0.4400,0
4376,2464,2474,454.58,149.39,204.21,1.0000,0
4377,2467,2474,454.78,188.88,204.11,1.0000,0
4378,2468,2474,454.75,188.99,243.59,1.0000,0
4379,2469,2474,454.55,149.50,243.70,1.0000,0
4380,2464,2476,474.22,129.54,204.29,0.7200,0
4381,2465,2476,513.71,129.34,204.32,1.0000,0
4382,2469,2476,474.19,129.65,243.77,1.0000,0
4383,2470,2476,513.68,129.45,243.81,0.5200,0
4384,2474,2472,474.39,169.14,243.67,1.0000,0
4385,2474,2473,474.42,169.03,204.18,0.9600,0
4386,2474,2477,474.51,188.83,223.87,1.0000,0
4387,2474,2476,474.31,149.34,223.98,0.8000,0
4388,2475,2473,513.91,168.83,204.21,0.7600,0
4389,2475,2477,514.00,188.63,223.90,0.6800,0
4390,2475,2472,513.88,168.94,243.70,1.0000,0
4391,2476,2473,494.07,149.19,204.25,1.0000,0
4392,2476,2475,513.80,149.14,224.01,1.0000,0
4393,2476,2472,494.04,149.30,243.74,1.0000,0
4394,2477,2472,494.24,188.78,243.63,1.0000,0
4395,2477,2473,494.27,188.68,204.14,1.0000,0
4396,2478,2487,553.32,148.83,184.55,1.0000,0
4397,2479,2487,592.81,148.63,184.58,0.6400,0
4398,2480,2487,593.01,188.12,184.48,0.1600,1
4399,2481,2487,553.52,188.32,184.44,0.0800,1
4400,2478,2488,533.56,148.99,204.28,0.3200,0
4401,2481,2488,533.76,188.47,204.17,0.8400,0
4402,2482,2488,533.73,188.58,243.66,0.4800,0
4403,2483,2488,533.52,149.10,243.77,0.9200,0
4404,2478,2490,553.20,129.14,204.35,0.1200,1
4405,2479,2490,592.69,128.94,204.38,1.0000,0
4406,2483,2490,553.17,129.25,243.84,1.0000,0
4407,2484,2490,592.66,129.05,243.87,0.2000,1
4408,2488,2486,553.37,168.74,243.73,0.2800,1
4409,2488,2487,553.40,168.63,204.24,1.0000,0
4410,2488,2491,553.49,188.43,223.93,0.9600,0
4411,2488,2490,553.28,148.94,224.04,0.2000,1
4412,2489,2487,592.89,168.43,204.27,0.1200,1
4413,2489,2491,592.97,188.23,223.96,0.2000,1
4414,2489,2486,592.86,168.54,243.76,1.0000,0
4415,2490,2487,573.04,148.79,204.31,0.5600,0
4416,2490,2489,592.77,148.74,224.07,0.2400,1
4417,2490,2486,573.01,148.89,243.80,0.4400,0
4418,2491,2486,573.21,188.38,243.69,1.0000,0
4419,2491,2487,573.25,188.27,204.20,0.4800,0
4420,2492,2501,632.29,148.43,184.62,0.4800,0
4421,2493,2501,671.78,148.23,184.65,0.1200,1
4422,2494,2501,671.98,187.72,184.54,0.5200,0
4423,2495,2501,632.49,187.92,184.51,0.1200,1
4424,2492,2502,612.53,148.58,204.35,0.0800,1
4425,2495,2502,612.73,188.07,204.24,0.1200,1
4426,2496,2502,612.70,188.18,243.73,0.0800,1
4427,2497,2502,612.50,148.69,243.83,0.3600,0
4428,2492,2504,632.18,128.74,204.42,0.0000,1
4429,2493,2504,671.67,128.54,204.45,1.0000,0
4430,2497,2504,632.14,128.85,243.91,1.0000,0
4431,2498,2504,671.63,128.65,243.94,0.0400,1
4432,2502,2500,632.35,168.34,243.80,0.0000,1
4433,2502,2501,632.38,168.23,204.31,1.0000,0
4434,2502,2505,632.46,188.03,224.00,0.1200,1
4435,2502,2504,632.26,148.54,224.11,0.4000,0
4436,2503,2501,671.87,168.03,204.34,0.0000,1
4437,2503,2505,671.95,187.83,224.03,0.1200,1
4438,2503,2500,671.83,168.14,243.83,1.0000,0
4439,2504,2501,652.02,148.38,204.38,0.0800,1
4440,2504,2503,671.75,148.34,224.14,0.4000,0
4441,2504,2500,651.99,148.49,243.87,0.2400,1
4442,2505,2500,652.19,187.98,243.76,0.0800,1
4443,2505,2501,652.22,187.87,204.27,0.0800,1
4444,2506,2515,711.27,148.03,184.68,0.4000,0
4445,2507,2515,750.76,147.83,184.72,0.0800,1
4446,2508,2515,750.96,187.32,184.61,0.6400,0
4447,2509,2515,711.47,187.52,184.57,0.1200,1
4448,2506,2516,691.51,148.18,204.41,0.1200,1
4449,2509,2516,691.71,187.67,204.30,0.0400,1
4450,2510,2516,691.68,187.78,243.79,0.1200,1
4451,2511,2516,691.48,148.29,243.90,0.0800,1
4452,2507,2517,770.49,147.78,204.48,0.0000,1
4453,2508,2517,770.69,187.27,204.37,0.0000,1
4454,2512,2517,770.45,147.89,243.97,0.0000,1
4455,2513,2517,770.65,187.38,243.86,0.0000,1
4456,2506,2518,711.15,128.34,204.48,0.0000,1
4457,2507,2518,750.64,128.14,204.51,1.0000,0
4458,2511,2518,711.12,128.45,243.97,1.0000,0
4459,2512,2518,750.61,128.25,244.00,0.0400,1
4460,2516,2514,711.32,167.94,243.86,0.0400,1
4461,2516,2515,711.35,167.83,204.37,1.0000,0
4462,2516,2519,711.44,187.63,224.06,0.4400,0
4463,2516,2518,711.24,148.14,224.17,0.1200,1
4464,2517,2515,750.84,167.63,204.41,0.0000,1
4465,2517,2519,750.93,187.42,224.10,0.0800,1
4466,2517,2514,750.81,167.74,243.89,0.8800,0
4467,2518,2515,731.00,147.98,204.44,0.0800,1
4468,2518,2517,750.73,147.94,224.20,0.5600,0
4469,2518,2514,730.97,148.09,243.93,0.1200,1
4470,2519,2514,731.17,187.58,243.82,0.0800,1
4471,2519,2515,731.20,187.47,204.33,0.1200,1
4472,2520,2529,79.86,230.22,183.94,0.9200,0
4473,2521,2529,119.35,230.02,183.97,1.0000,0
4474,2522,2529,119.55,269.50,183.86,1.0000,0
4475,2523,2529,80.06,269.70,183.83,1.0000,0
4476,2520,2530,60.10,230.37,203.67,0.6800,0
4477,2523,2530,60.30,269.86,203.56,1.0000,0
4478,2524,2530,60.27,269.97,243.05,0.7600,0
4479,2525,2530,60.07,230.48,243.16,1.0000,0
4480,2520,2532,79.74,210.53,203.74,1.0000,0
4481,2521,2532,119.23,210.33,203.77,1.0000,0
4482,2525,2532,79.71,210.64,243.23,1.0000,0
4483,2526,2532,119.20,210.44,243.26,1.0000,0
4484,2530,2528,79.91,250.12,243.12,1.0000,0
4485,2530,2529,79.94,250.02,203.63,0.7600,0
4486,2530,2533,80.03,269.81,223.32,1.0000,0
4487,2530,2532,79.83,230.33,223.43,1.0000,0
4488,2531,2529,119.43,249.81,203.66,1.0000,0
4489,2531,2533,119.52,269.61,223.35,1.0000,0
4490,2531,2528,119.40,249.92,243.15,1.0000,0
4491,2532,2529,99.59,230.17,203.70,1.0000,0
4492,2532,2531,119.32,230.13,223.46,1.0000,0
4493,2532,2528,99.55,230.28,243.19,1.0000,0
4494,2533,2528,99.76,269.77,243.08,1.0000,0
4495,2533,2529,99.79,269.66,203.59,0.0000,1
4496,2534,2543,158.84,229.82,184.01,1.0000,0
4497,2535,2543,198.32,229.61,184.04,1.0000,0
4498,2536,2543,198.52,269.10,183.93,1.0000,0
4499,2537,2543,159.04,269.30,183.90,1.0000,0
4500,2534,2544,139.08,229.97,203.73,1.0000,0
4501,2537,2544,139.28,269.46,203.63,1.0000,0
4502,2538,2544,139.24,269.57,243.11,1.0000,0
4503,2539,2544,139.04,230.08,243.22,1.0000,0
4504,2534,2546,158.72,210.13,203.81,1.0000,0
4505,2535,2546,198.21,209.93,203.84,1.0000,0
4506,2539,2546,158.69,210.24,243.29,1.0000,0
4507,2540,2546,198.18,210.03,243.33,1.0000,0
4508,2544,2542,158.89,249.72,243.18,1.0000,0
4509,2544,2543,158.92,249.61,203.70,1.0000,0
4510,2544,2547,159.00,269.41,223.39,1.0000,0
4511,2544,2546,158.80,229.92,223.50,1.0000,0
4512,2545,2543,198.41,249.41,203.73,1.0000,0
4513,2545,2547,198.49,269.21,223.42,1.0000,0
4514,2545,2542,198.38,249.52,243.22,1.0000,0
4515,2546,2543,178.56,229.77,203.77,1.0000,0
4516,2546,2545,198.29,229.72,223.53,1.0000,0
4517,2546,2542,178.53,229.88,243.26,1.0000,0
4518,2547,2542,178.73,269.37,243.15,1.0000,0
4519,2547,2543,178.76,269.26,203.66,1.0000,0
4520,2548,2557,237.81,229.41,184.07,1.0000,0
4521,2549,2557,277.30,229.21,184.10,1.0000,0
4522,2550,2557,277.50,268.70,184.00,1.0000,0
4523,2551,2557,238.01,268.90,183.96,1.0000,0
4524,2548,2558,218.05,229.57,203.80,1.0000,0
4525,2551,2558,218.25,269.06,203.69,1.0000,0
4526,2552,2558,218.22,269.17,243.18,1.0000,0
4527,2553,2558,218.02,229.68,243.29,1.0000,0
4528,2548,2560,237.70,209.72,203.87,1.0000,0
4529,2549,2560,277.18,209.52,203.90,1.0000,0
4530,2553,2560,237.66,209.83,243.36,1.0000,0
4531,2554,2560,277.15,209.63,243.39,1.0000,0
4532,2558,2556,237.86,249.32,243.25,1.0000,0
4533,2558,2557,237.90,249.21,203.76,1.0000,0
4534,2558,2561,237.98,269.01,223.45,1.0000,0
4535,2558,2560,237.78,229.52,223.56,1.0000,0
4536,2559,2557,277.38,249.01,203.79,1.0000,0
4537,2559,2561,277.47,268.81,223.48,1.0000,0
4538,2559,2556,277.35,249.12,243.28,1.0000,0
4539,2560,2557,257.54,229.37,203.83,1.0000,0
4540,2560,2559,277.27,229.32,223.59,1.0000,0
4541,2560,2556,257.51,229.48,243.32,1.0000,0
4542,2561,2556,257.71,268.97,243.21,1.0000,0
4543,2561,2557,257.74,268.86,203.72,1.0000,0
4544,2562,2571,316.79,229.01,184.14,1.0000,0
4545,2563,2571,356.28,228.81,184.17,1.0000,0
4546,2564,2571,356.48,268.30,184.06,1.0000,0
4547,2565,2571,316.99,268.50,184.03,1.0000,0
4548,2562,2572,297.03,229.17,203.87,1.0000,0
4549,2565,2572,297.23,268.66,203.76,1.0000,0
4550,2566,2572,297.20,268.76,243.24,1.0000,0
4551,2567,2572,297.00,229.28,243.35,1.0000,0
4552,2562,2574,316.67,209.32,203.94,1.0000,0
4553,2563,2574,356.16,209.12,203.97,1.0000,0
4554,2567,2574,316.64,209.43,243.42,1.0000,0
4555,2568,2574,356.13,209.23,243.46,1.0000,0
4556,2572,2570,316.84,248.92,243.32,1.0000,0
4557,2572,2571,316.87,248.81,203.83,1.0000,0
4558,2572,2575,316.96,268.61,223.52,1.0000,0
4559,2572,2574,316.76,229.12,223.63,1.0000,0
4560,2573,2571,356.36,248.61,203.86,1.0000,0
4561,2573,2575,356.45,268.41,223.55,1.0000,0
4562,2573,2570,356.33,248.72,243.35,1.0000,0
4563,2574,2571,336.52,228.97,203.90,1.0000,0
4564,2574,2573,356.24,228.92,223.66,1.0000,0
4565,2574,2570,336.48,229.08,243.39,1.0000,0
4566,2575,2570,336.69,268.56,243.28,1.0000,0
4567,2575,2571,336.72,268.45,203.79,1.0000,0
4568,2576,2585,395.77,228.61,184.20,1.0000,0
4569,2577,2585,435.25,228.41,184.24,0.4000,0
4570,2578,2585,435.45,267.90,184.13,1.0000,0
4571,2579,2585,395.97,268.10,184.09,0.8000,0
4572,2576,2586,376.01,228.77,203.93,1.0000,0
4573,2579,2586,376.21,268.25,203.82,1.0000,0
4574,2580,2586,376.17,268.36,243.31,1.0000,0
4575,2581,2586,375.97,228.87,243.42,1.0000,0
4576,2576,2588,395.65,208.92,204.00,1.0000,0
4577,2577,2588,435.14,208.72,204.03,1.0000,0
4578,2581,2588,395.62,209.03,243.49,1.0000,0
4579,2582,2588,435.10,208.83,243.52,1.0000,0
4580,2586,2584,395.82,248.52,243.38,1.0000,0
4581,2586,2585,395.85,248.41,203.89,1.0000,0
4582,2586,2589,395.93,268.21,223.58,1.0000,0
4583,2586,2588,395.73,228.72,223.69,1.0000,0
4584,2587,2585,435.34,248.21,203.93,0.9200,0
4585,2587,2589,435.42,268.01,223.61,1.0000,0
4586,2587,2584,435.31,248.32,243.41,1.0000,0
4587,2588,2585,415.49,228.56,203.96,1.0000,0
4588,2588,2587,435.22,228.52,223.72,1.0000,0
4589,2588,2584,415.46,228.67,243.45,1.0000,0
4590,2589,2584,415.66,268.16,243.34,1.0000,0
4591,2589,2585,415.69,268.05,203.85,1.0000,0
4592,2590,2599,474.74,228.21,184.27,0.6000,0
4593,2591,2599,514.23,228.01,184.30,0.0800,1
4594,2592,2599,514.43,267.50,184.19,0.8000,0
4595,2593,2599,474.94,267.70,184.16,0.2400,1
4596,2590,2600,454.98,228.36,204.00,1.0000,0
4597,2593,2600,455.18,267.85,203.89,1.0000,0
4598,2594,2600,455.15,267.96,243.38,1.0000,0
4599,2595,2600,454.95,228.47,243.48,1.0000,0
4600,2590,2602,474.63,208.52,204.07,0.9600,0
4601,2591,2602,514.11,208.32,204.10,1.0000,0
4602,2595,2602,474.59,208.63,243.56,1.0000,0
4603,2596,2602,514.08,208.43,243.59,0.6000,0
4604,2600,2598,474.79,248.12,243.45,0.9200,0
4605,2600,2599,474.83,248.01,203.96,1.0000,0
4606,2600,2603,474.91,267.81,223.65,1.0000,0
4607,2600,2602,474.71,228.32,223.76,0.9600,0
4608,2601,2599,514.31,247.81,203.99,0.4800,0
4609,2601,2603,514.40,267.61,223.68,0.6400,0
4610,2601,2598,514.28,247.92,243.48,0.7600,0
4611,2602,2599,494.47,228.16,204.03,1.0000,0
4612,2602,2601,514.20,228.12,223.79,0.9600,0
4613,2602,2598,494.44,228.27,243.52,1.0000,0
4614,2603,2598,494.64,267.76,243.41,1.0000,0
4615,2603,2599,494.67,267.65,203.92,0.7600,0
4616,2604,2613,553.72,227.81,184.33,0.1200,1
4617,2605,2613,593.21,227.61,184.37,0.2400,1
4618,2606,2613,593.41,267.09,184.26,0.1200,1
4619,2607,2613,553.92,267.30,184.22,0.0800,1
4620,2604,2614,533.96,227.96,204.06,0.3600,0
4621,2607,2614,534.16,267.45,203.95,1.0000,0
4622,2608,2614,534.13,267.56,243.44,0.8000,0
4623,2609,2614,533.93,228.07,243.55,0.9200,0
4624,2604,2616,553.60,208.12,204.13,0.2000,1
4625,2605,2616,593.09,207.92,204.17,1.0000,0
4626,2609,2616,553.57,208.23,243.62,1.0000,0
4627,2610,2616,593.06,208.03,243.65,0.0000,1
4628,2614,2612,553.77,247.72,243.51,0.2800,1
4629,2614,2613,553.80,247.61,204.02,1.0000,0
4630,2614,2617,553.89,267.40,223.71,0.9600,0
4631,2614,2616,553.69,227.92,223.82,0.1200,1
4632,2615,2613,593.29,247.41,204.06,0.0000,1
4633,2615,2617,593.38,267.20,223.75,0.0800,1
4634,2615,2612,593.26,247.51,243.54,1.0000,0
4635,2616,2613,573.45,227.76,204.09,0.8800,0
4636,2616,2615,593.17,227.72,223.86,0.7600,0
4637,2616,2612,573.41,227.87,243.58,0.4400,0
4638,2617,2612,573.62,267.36,243.47,0.4400,0
4639,2617,2613,573.65,267.25,203.99,0.0800,1
4640,2618,2627,632.70,227.41,184.40,0.1200,1
4641,2619,2627,672.18,227.20,184.43,0.0800,1
4642,2620,2627,672.38,266.69,184.32,0.1200,1
4643,2621,2627,632.90,266.89,184.29,0.0800,1
4644,2618,2628,612.93,227.56,204.13,0.1600,1
4645,2621,2628,613.14,267.05,204.02,0.1200,1
4646,2622,2628,613.10,267.16,243.51,0.0800,1
4647,2623,2628,612.90,227.67,243.62,0.2000,1
4648,2618,2630,632.58,207.72,204.20,0.0400,1
4649,2619,2630,672.07,207.52,204.23,1.0000,0
4650,2623,2630,632.55,207.83,243.69,1.0000,0
4651,2624,2630,672.03,207.62,243.72,0.0800,1
4652,2628,2626,632.75,247.31,243.58,0.0000,1
4653,2628,2627,632.78,247.20,204.09,1.0000,0
4654,2628,2631,632.86,267.00,223.78,0.2400,1
4655,2628,2630,632.66,227.52,223.89,0.0800,1
4656,2629,2627,672.27,247.00,204.12,0.0000,1
4657,2629,2631,672.35,266.80,223.81,0.0800,1
4658,2629,2626,672.24,247.11,243.61,1.0000,0
4659,2630,2627,652.42,227.36,204.16,0.2400,1
4660,2630,2629,672.15,227.31,223.92,0.5600,0
4661,2630,2626,652.39,227.47,243.65,0.0400,1
4662,2631,2626,652.59,266.96,243.54,0.0800,1
4663,2631,2627,652.62,266.85,204.05,0.1200,1
4664,2632,2641,711.67,227.00,184.46,0.1600,1
4665,2633,2641,751.16,226.80,184.50,0.0400,1
4666,2634,2641,751.36,266.29,184.39,0.1600,1
4667,2635,2641,711.87,266.49,184.36,0.1200,1
4668,2632,2642,691.91,227.16,204.19,0.1200,1
4669,2635,2642,692.11,266.65,204.08,0.0800,1
4670,2636,2642,692.08,266.76,243.57,0.0800,1
4671,2637,2642,691.88,227.27,243.68,0.1200,1
4672,2633,2643,770.89,226.76,204.26,0.0000,1
4673,2634,2643,771.09,266.25,204.15,0.0000,1
4674,2638,2643,770.86,226.87,243.75,0.0000,1
4675,2639,2643,771.06,266.36,243.64,0.0000,1
4676,2632,2644,711.56,207.31,204.26,0.0000,1
4677,2633,2644,751.04,207.11,204.30,1.0000,0
4678,2637,2644,711.52,207.42,243.75,1.0000,0
4679,2638,2644,751.01,207.22,243.78,0.0000,1
4680,2642,2640,711.72,246.91,243.64,0.0000,1
4681,2642,2641,711.76,246.80,204.15,1.0000,0
4682,2642,2645,711.84,266.60,223.84,0.1200,1
4683,2642,2644,711.64,227.11,223.95,0.1200,1
4684,2643,2641,751.24,246.60,204.19,0.0400,1
4685,2643,2645,751.33,266.40,223.88,0.0800,1
4686,2643,2640,751.21,246.71,243.68,1.0000,0
4687,2644,2641,731.40,226.96,204.23,0.0800,1
4688,2644,2643,751.13,226.91,223.99,0.6000,0
4689,2644,2640,731.37,227.07,243.71,0.1600,1
4690,2645,2640,731.57,266.56,243.60,0.0800,1
4691,2645,2641,731.60,266.45,204.12,0.1200,1
4692,2646,2655,80.26,309.19,183.72,1.0000,0
4693,2647,2655,119.75,308.99,183.76,1.0000,0
4694,2648,2655,119.95,348.48,183.65,1.0000,0
4695,2649,2655,80.46,348.68,183.61,1.0000,0
4696,2646,2656,60.50,309.35,203.45,0.4400,0
4697,2649,2656,60.70,348.84,203.34,1.0000,0
4698,2650,2656,60.67,348.95,242.83,0.6400,0
4699,2651,2656,60.47,309.46,242.94,1.0000,0
4700,2646,2658,80.14,289.50,203.52,1.0000,0
4701,2647,2658,119.63,289.30,203.55,1.0000,0
4702,2651,2658,80.11,289.61,243.01,1.0000,0
4703,2652,2658,119.60,289.41,243.04,1.0000,0
4704,2656,2654,80.31,329.10,242.90,1.0000,0
4705,2656,2655,80.35,328.99,203.41,0.8000,0
4706,2656,2659,80.43,348.79,223.10,0.9200,0
4707,2656,2658,80.23,309.30,223.21,1.0000,0
4708,2657,2655,119.83,328.79,203.45,0.8800,0
4709,2657,2659,119.92,348.59,223.13,1.0000,0
4710,2657,2654,119.80,328.90,242.93,0.9200,0
4711,2658,2655,99.99,309.15,203.48,1.0000,0
4712,2658,2657,119.72,309.10,223.24,1.0000,0
4713,2658,2654,99.96,309.26,242.97,1.0000,0
4714,2659,2654,100.16,348.74,242.86,1.0000,0
4715,2659,2655,100.19,348.64,203.37,0.9200,0
4716,2660,2669,159.24,308.79,183.79,1.0000,0
4717,2661,2669,198.73,308.59,183.82,1.0000,0
4718,2662,2669,198.93,348.08,183.71,1.0000,0
4719,2663,2669,159.44,348.28,183.68,1.0000,0
4720,2660,2670,139.48,308.95,203.52,1.0000,0
4721,2663,2670,139.68,348.43,203.41,1.0000,0
4722,2664,2670,139.65,348.54,242.90,1.0000,0
4723,2665,2670,139.45,309.06,243.00,1.0000,0
4724,2660,2672,159.12,289.10,203.59,1.0000,0
4725,2661,2672,198.61,288.90,203.62,1.0000,0
4726,2665,2672,159.09,289.21,243.08,1.0000,0
4727,2666,2672,198.58,289.01,243.11,1.0000,0
4728,2670,2668,159.29,328.70,242.97,1.0000,0
4729,2670,2669,159.32,328.59,203.48,1.0000,0
4730,2670,2673,159.41,348.39,223.17,1.0000,0
4731,2670,2672,159.21,308.90,223.28,1.0000,0
4732,2671,2669,198.81,328.39,203.51,1.0000,0
4733,2671,2673,198.89,348.19,223.20,1.0000,0
4734,2671,2668,198.78,328.50,243.00,1.0000,0
4735,2672,2669,178.97,308.75,203.55,1.0000,0
4736,2672,2671,198.69,308.70,223.31,1.0000,0
4737,2672,2668,178.93,308.86,243.04,1.0000,0
4738,2673,2668,179.13,348.34,242.93,1.0000,0
4739,2673,2669,179.17,348.23,203.44,1.0000,0
4740,2674,2683,238.21,308.39,183.85,1.0000,0
4741,2675,2683,277.70,308.19,183.89,1.0000,0
4742,2676,2683,277.90,347.68,183.78,1.0000,0
4743,2677,2683,238.41,347.88,183.74,1.0000,0
4744,2674,2684,218.45,308.55,203.58,1.0000,0
4745,2677,2684,218.65,348.03,203.47,1.0000,0
4746,2678,2684,218.62,348.14,242.96,1.0000,0
4747,2679,2684,218.42,308.65,243.07,0.0000,1
4748,2674,2686,238.10,288.70,203.65,1.0000,0
4749,2675,2686,277.59,288.50,203.69,1.0000,0
4750,2679,2686,238.07,288.81,243.14,1.0000,0
4751,2680,2686,277.55,288.61,243.17,1.0000,0
4752,2684,2682,238.27,328.30,243.03,0.0400,1
4753,2684,2683,238.30,328.19,203.54,1.0000,0
4754,2684,2687,238.38,347.99,223.23,1.0000,0
4755,2684,2686,238.18,308.50,223.34,1.0000,0
4756,2685,2683,277.79,327.99,203.58,1.0000,0
4757,2685,2687,277.87,347.79,223.27,0.9600,0
4758,2685,2682,277.75,328.10,243.06,1.0000,0
4759,2686,2683,257.94,308.34,203.61,1.0000,0
4760,2686,2685,277.67,308.30,223.37,1.0000,0
4761,2686,2682,257.91,308.45,243.10,1.0000,0
4762,2687,2682,258.11,347.94,242.99,1.0000,0
4763,2687,2683,258.14,347.83,203.50,1.0000,0
4764,2688,2697,317.19,307.99,183.92,1.0000,0
4765,2689,2697,356.68,307.79,183.95,0.8800,0
4766,2690,2697,356.88,347.28,183.84,1.0000,0
4767,2691,2697,317.39,347.48,183.81,1.0000,0
4768,2688,2698,297.43,308.14,203.65,1.0000,0
4769,2691,2698,297.63,347.63,203.54,1.0000,0
4770,2692,2698,297.60,347.74,243.03,1.0000,0
4771,2693,2698,297.40,308.25,243.14,1.0000,0
4772,2688,2700,317.07,288.30,203.72,1.0000,0
4773,2689,2700,356.56,288.10,203.75,1.0000,0
4774,2693,2700,317.04,288.41,243.21,1.0000,0
4775,2694,2700,356.53,288.21,243.24,0.9600,0
4776,2698,2696,317.24,327.90,243.10,1.0000,0
4777,2698,2697,317.27,327.79,203.61,1.0000,0
4778,2698,2701,317.36,347.59,223.30,1.0000,0
4779,2698,2700,317.16,308.10,223.41,1.0000,0
4780,2699,2697,356.76,327.59,203.64,1.0000,0
4781,2699,2701,356.85,347.39,223.33,1.0000,0
4782,2699,2696,356.73,327.70,243.13,1.0000,0
4783,2700,2697,336.92,307.94,203.68,1.0000,0
4784,2700,2699,356.65,307.90,223.44,1.0000,0
4785,2700,2696,336.89,308.05,243.17,1.0000,0
4786,2701,2696,337.09,347.54,243.06,1.0000,0
4787,2701,2697,337.12,347.43,203.57,1.0000,0
4788,2702,2711,396.17,307.59,183.98,1.0000,0
4789,2703,2711,435.66,307.39,184.02,0.6000,0
4790,2704,2711,435.86,346.87,183.91,1.0000,0
4791,2705,2711,396.37,347.07,183.88,0.9600,0
4792,2702,2712,376.41,307.74,203.71,1.0000,0
4793,2705,2712,376.61,347.23,203.60,1.0000,0
4794,2706,2712,376.58,347.34,243.09,1.0000,0
4795,2707,2712,376.37,307.85,243.20,1.0000,0
4796,2702,2714,396.05,287.90,203.78,1.0000,0
4797,2703,2714,435.54,287.70,203.82,1.0000,0
4798,2707,2714,396.02,288.01,243.27,1.0000,0
4799,2708,2714,435.51,287.81,243.30,0.9600,0
4800,2712,2710,396.22,327.49,243.16,1.0000,0
4801,2712,2711,396.25,327.39,203.67,1.0000,0
4802,2712,2715,396.34,347.18,223.36,0.9600,0
4803,2712,2714,396.13,307.70,223.47,0.9200,0
4804,2713,2711,435.74,327.18,203.71,1.0000,0
4805,2713,2715,435.82,346.98,223.40,0.5200,0
4806,2713,2710,435.71,327.29,243.20,1.0000,0
4807,2714,2711,415.90,307.54,203.75,1.0000,0
4808,2714,2713,435.62,307.50,223.51,1.0000,0
4809,2714,2710,415.86,307.65,243.23,1.0000,0
4810,2715,2710,416.06,347.14,243.12,1.0000,0
4811,2715,2711,416.10,347.03,203.64,1.0000,0
4812,2716,2725,475.14,307.19,184.05,0.8400,0
4813,2717,2725,514.63,306.98,184.08,0.0400,1
4814,2718,2725,514.83,346.47,183.97,0.9600,0
4815,2719,2725,475.34,346.67,183.94,0.1600,1
4816,2716,2726,455.38,307.34,203.78,1.0000,0
4817,2719,2726,455.58,346.83,203.67,1.0000,0
4818,2720,2726,455.55,346.94,243.16,1.0000,0
4819,2721,2726,455.35,307.45,243.27,1.0000,0
4820,2716,2728,475.03,287.50,203.85,0.9200,0
4821,2717,2728,514.52,287.29,203.88,1.0000,0
4822,2721,2728,474.99,287.61,243.34,1.0000,0
4823,2722,2728,514.48,287.40,243.37,0.8400,0
4824,2726,2724,475.20,327.09,243.23,0.6400,0
4825,2726,2725,475.23,326.98,203.74,1.0000,0
4826,2726,2729,475.31,346.78,223.43,1.0000,0
4827,2726,2728,475.11,307.29,223.54,0.8800,0
4828,2727,2725,514.72,326.78,203.77,0.7600,0
4829,2727,2729,514.80,346.58,223.46,0.1200,1
4830,2727,2724,514.68,326.89,243.26,1.0000,0
4831,2728,2725,494.87,307.14,203.81,1.0000,0
4832,2728,2727,514.60,307.09,223.57,1.0000,0
4833,2728,2724,494.84,307.25,243.30,0.9600,0
4834,2729,2724,495.04,346.74,243.19,1.0000,0
4835,2729,2725,495.07,346.63,203.70,1.0000,0
4836,2730,2739,554.12,306.78,184.12,0.7200,0
4837,2731,2739,593.61,306.58,184.15,0.0800,1
4838,2732,2739,593.81,346.07,184.04,0.2400,1
4839,2733,2739,554.32,346.27,184.01,0.0800,1
4840,2730,2740,534.36,306.94,203.84,0.9600,0
4841,2733,2740,534.56,346.43,203.73,1.0000,0
4842,2734,2740,534.53,346.54,243.22,0.3200,0
4843,2735,2740,534.33,307.05,243.33,1.0000,0
4844,2730,2742,554.00,287.09,203.91,0.0800,1
4845,2731,2742,593.49,286.89,203.95,1.0000,0
4846,2735,2742,553.97,287.20,243.40,1.0000,0
4847,2736,2742,593.46,287.00,243.44,0.0000,1
4848,2740,2738,554.17,326.69,243.29,0.3600,0
4849,2740,2739,554.20,326.58,203.80,1.0000,0
4850,2740,2743,554.29,346.38,223.49,0.7600,0
4851,2740,2742,554.09,306.89,223.60,0.2000,1
4852,2741,2739,593.69,326.38,203.84,0.0800,1
4853,2741,2743,593.78,346.18,223.53,0.0800,1
4854,2741,2738,593.66,326.49,243.33,1.0000,0
4855,2742,2739,573.85,306.74,203.88,0.7200,0
4856,2742,2741,593.58,306.69,223.64,1.0000,0
4857,2742,2738,573.82,306.85,243.36,0.0800,1
4858,2743,2738,574.02,346.34,243.26,1.0000,0
4859,2743,2739,574.05,346.23,203.77,0.1200,1
4860,2744,2753,633.10,306.38,184.18,0.1600,1
4861,2745,2753,672.59,306.18,184.21,0.0800,1
4862,2746,2753,672.79,345.67,184.10,0.1200,1
4863,2747,2753,633.30,345.87,184.07,0.0800,1
4864,2744,2754,613.34,306.54,203.91,0.5600,0
4865,2747,2754,613.54,346.03,203.80,0.4000,0
4866,2748,2754,613.51,346.13,243.29,0.0800,1
4867,2749,2754,613.30,306.65,243.40,0.9200,0
4868,2744,2756,632.98,286.69,203.98,0.0000,1
4869,2745,2756,672.47,286.49,204.01,1.0000,0
4870,2749,2756,632.95,286.80,243.47,1.0000,0
4871,2750,2756,672.44,286.60,243.50,0.0000,1
4872,2754,2752,633.15,326.29,243.36,0.3600,0
4873,2754,2753,633.18,326.18,203.87,1.0000,0
4874,2754,2757,633.27,345.98,223.56,0.8800,0
4875,2754,2756,633.06,306.49,223.67,0.6400,0
4876,2755,2753,672.67,325.98,203.90,0.0400,1
4877,2755,2757,672.75,345.78,223.59,0.0800,1
4878,2755,2752,672.64,326.09,243.39,1.0000,0
4879,2756,2753,652.82,306.34,203.94,0.1600,1
4880,2756,2755,672.55,306.29,223.70,0.7200,0
4881,2756,2752,652.79,306.45,243.43,0.0400,1
4882,2757,2752,652.99,345.93,243.32,0.2000,1
4883,2757,2753,653.03,345.82,203.83,0.0800,1
4884,2758,2767,712.07,305.98,184.25,0.1200,1
4885,2759,2767,751.56,305.78,184.28,0.0400,1
4886,2760,2767,751.76,345.27,184.17,0.1600,1
4887,2761,2767,712.27,345.47,184.14,0.0800,1
4888,2758,2768,692.31,306.14,203.97,0.0800,1
4889,2761,2768,692.51,345.62,203.86,0.1200,1
4890,2762,2768,692.48,345.73,243.35,0.0800,1
4891,2763,2768,692.28,306.24,243.46,0.1200,1
4892,2759,2769,771.29,305.73,204.04,0.0000,1
4893,2760,2769,771.49,345.22,203.93,0.0000,1
4894,2764,2769,771.26,305.84,243.53,0.0000,1
4895,2765,2769,771.46,345.33,243.42,0.0000,1
4896,2758,2770,711.96,286.29,204.05,0.0000,1
4897,2759,2770,751.45,286.09,204.08,1.0000,0
4898,2763,2770,711.92,286.40,243.53,1.0000,0
4899,2764,2770,751.41,286.20,243.57,0.0000,1
4900,2768,2766,712.13,325.89,243.42,0.0000,1
4901,2768,2767,712.16,325.78,203.94,1.0000,0
4902,2768,2771,712.24,345.58,223.63,0.5600,0
4903,2768,2770,712.04,306.09,223.73,0.0800,1
4904,2769,2767,751.65,325.58,203.97,0.0400,1
4905,2769,2771,751.73,345.38,223.66,0.0400,1
4906,2769,2766,751.61,325.69,243.46,1.0000,0
4907,2770,2767,731.80,305.93,204.01,0.1200,1
4908,2770,2769,751.53,305.89,223.77,0.6000,0
4909,2770,2766,731.77,306.04,243.50,0.1600,1
4910,2771,2766,731.97,345.53,243.39,0.1200,1
4911,2771,2767,732.00,345.42,203.90,0.1200,1
4912,2772,2781,80.66,388.17,183.50,0.8000,0
4913,2773,2781,120.15,387.97,183.54,1.0000,0
4914,2774,2781,120.35,427.46,183.43,0.8000,0
4915,2775,2781,80.86,427.66,183.39,1.0000,0
4916,2772,2782,60.90,388.32,203.23,0.0400,1
4917,2775,2782,61.10,427.81,203.12,1.0000,0
4918,2776,2782,61.07,427.92,242.61,0.0400,1
4919,2777,2782,60.87,388.43,242.72,1.0000,0
4920,2772,2784,80.55,368.48,203.30,1.0000,0
4921,2773,2784,120.03,368.28,203.34,0.9200,0
4922,2777,2784,80.51,368.59,242.79,0.6000,0
4923,2778,2784,120.00,368.39,242.82,0.6800,0
4924,2782,2780,80.71,408.08,242.68,1.0000,0
4925,2782,2781,80.75,407.97,203.19,0.5600,0
4926,2782,2785,80.83,427.77,222.88,0.8000,0
4927,2782,2784,80.63,388.28,222.99,1.0000,0
4928,2783,2781,120.24,407.77,203.23,1.0000,0
4929,2783,2785,120.32,427.57,222.92,1.0000,0
4930,2783,2780,120.20,407.88,242.72,0.9600,0
4931,2784,2781,100.39,388.12,203.26,0.0400,1
4932,2784,2783,120.12,388.08,223.03,1.0000,0
4933,2784,2780,100.36,388.23,242.75,0.7200,0
4934,2785,2780,100.56,427.72,242.64,1.0000,0
4935,2785,2781,100.59,427.61,203.16,0.9200,0
4936,2786,2795,159.64,387.77,183.57,1.0000,0
4937,2787,2795,199.13,387.57,183.60,1.0000,0
4938,2788,2795,199.33,427.06,183.49,0.9600,0
4939,2789,2795,159.84,427.26,183.46,1.0000,0
4940,2786,2796,139.88,387.92,203.30,1.0000,0
4941,2789,2796,140.08,427.41,203.19,1.0000,0
4942,2790,2796,140.05,427.52,242.68,1.0000,0
4943,2791,2796,139.85,388.03,242.79,1.0000,0
4944,2786,2798,159.52,368.08,203.37,1.0000,0
4945,2787,2798,199.01,367.88,203.40,1.0000,0
4946,2791,2798,159.49,368.19,242.86,1.0000,0
4947,2792,2798,198.98,367.99,242.89,1.0000,0
4948,2796,2794,159.69,407.68,242.75,1.0000,0
4949,2796,2795,159.72,407.57,203.26,0.9200,0
4950,2796,2799,159.81,427.37,222.95,1.0000,0
4951,2796,2798,159.61,387.88,223.06,1.0000,0
4952,2797,2795,199.21,407.37,203.29,1.0000,0
4953,2797,2799,199.30,427.16,222.98,1.0000,0
4954,2797,2794,199.18,407.48,242.78,1.0000,0
4955,2798,2795,179.37,387.72,203.33,1.0000,0
4956,2798,2797,199.10,387.68,223.09,1.0000,0
4957,2798,2794,179.34,387.83,242.82,1.0000,0
4958,2799,2794,179.54,427.32,242.71,1.0000,0
4959,2799,2795,179.57,427.21,203.22,1.0000,0
4960,2800,2809,238.62,387.37,183.63,1.0000,0
4961,2801,2809,278.10,387.17,183.67,1.0000,0
4962,2802,2809,278.30,426.65,183.56,1.0000,0
4963,2803,2809,238.82,426.85,183.53,0.9600,0
4964,2800,2810,218.86,387.52,203.36,1.0000,0
4965,2803,2810,219.06,427.01,203.25,1.0000,0
4966,2804,2810,219.02,427.12,242.74,1.0000,0
4967,2805,2810,218.82,387.63,242.85,1.0000,0
4968,2800,2812,238.50,367.68,203.43,1.0000,0
4969,2801,2812,277.99,367.48,203.47,1.0000,0
4970,2805,2812,238.47,367.79,242.92,1.0000,0
4971,2806,2812,277.96,367.59,242.96,1.0000,0
4972,2810,2808,238.67,407.27,242.81,1.0000,0
4973,2810,2809,238.70,407.16,203.32,1.0000,0
4974,2810,2813,238.78,426.96,223.01,1.0000,0
4975,2810,2812,238.58,387.48,223.12,1.0000,0
4976,2811,2809,278.19,406.96,203.36,0.6800,0
4977,2811,2813,278.27,426.76,223.05,1.0000,0
4978,2811,2808,278.16,407.07,242.85,0.9200,0
4979,2812,2809,258.34,387.32,203.40,1.0000,0
4980,2812,2811,278.07,387.27,223.16,1.0000,0
4981,2812,2808,258.31,387.43,242.88,1.0000,0
4982,2813,2808,258.51,426.92,242.78,1.0000,0
4983,2813,2809,258.54,426.81,203.29,1.0000,0
4984,2814,2823,317.59,386.96,183.70,1.0000,0
4985,2815,2823,357.08,386.76,183.73,1.0000,0
4986,2816,2823,357.28,426.25,183.62,1.0000,0
4987,2817,2823,317.79,426.45,183.59,1.0000,0
4988,2814,2824,297.83,387.12,203.43,1.0000,0
4989,2817,2824,298.03,426.61,203.32,1.0000,0
4990,2818,2824,298.00,426.72,242.81,1.0000,0
4991,2819,2824,297.80,387.23,242.92,1.0000,0
4992,2814,2826,317.48,367.28,203.50,1.0000,0
4993,2815,2826,356.96,367.07,203.53,1.0000,0
4994,2819,2826,317.44,367.38,242.99,1.0000,0
4995,2820,2826,356.93,367.18,243.02,1.0000,0
4996,2824,2822,317.64,406.87,242.88,1.0000,0
4997,2824,2823,317.68,406.76,203.39,0.6000,0
4998,2824,2827,317.76,426.56,223.08,1.0000,0
4999,2824,2826,317.56,387.07,223.19,1.0000,0
5000,2825,2823,357.16,406.56,203.42,0.8800,0
5001,2825,2827,357.25,426.36,223.11,1.0000,0
5002,2825,2822,357.13,406.67,242.91,1.0000,0
5003,2826,2823,337.32,386.92,203.46,1.0000,0
5004,2826,2825,357.05,386.87,223.22,1.0000,0
5005,2826,2822,337.29,387.03,242.95,1.0000,0
5006,2827,2822,337.49,426.52,242.84,1.0000,0
5007,2827,2823,337.52,426.41,203.35,1.0000,0
5008,2828,2837,396.57,386.56,183.77,1.0000,0
5009,2829,2837,436.06,386.36,183.80,0.6400,0
5010,2830,2837,436.26,425.85,183.69,1.0000,0
5011,2831,2837,396.77,426.05,183.66,0.8800,0
5012,2828,2838,376.81,386.72,203.49,1.0000,0
5013,2831,2838,377.01,426.21,203.38,1.0000,0
5014,2832,2838,376.98,426.32,242.87,1.0000,0
5015,2833,2838,376.78,386.83,242.98,1.0000,0
5016,2828,2840,396.45,366.87,203.56,1.0000,0
5017,2829,2840,435.94,366.67,203.60,1.0000,0
5018,2833,2840,396.42,366.98,243.05,1.0000,0
5019,2834,2840,435.91,366.78,243.09,1.0000,0
5020,2838,2836,396.62,406.47,242.94,1.0000,0
5021,2838,2837,396.65,406.36,203.46,1.0000,0
5022,2838,2841,396.74,426.16,223.15,1.0000,0
5023,2838,2840,396.54,386.67,223.25,0.8800,0
5024,2839,2837,436.14,406.16,203.49,0.6800,0
5025,2839,2841,436.23,425.96,223.18,0.4000,0
5026,2839,2836,436.11,406.27,242.98,1.0000,0
5027,2840,2837,416.30,386.52,203.53,1.0000,0
5028,2840,2839,436.03,386.47,223.29,1.0000,0
5029,2840,2836,416.26,386.63,243.02,1.0000,0
5030,2841,2836,416.47,426.11,242.91,1.0000,0
5031,2841,2837,416.50,426.01,203.42,1.0000,0
5032,2842,2851,475.55,386.16,183.83,1.0000,0
5033,2843,2851,515.03,385.96,183.86,0.0400,1
5034,2844,2851,515.23,425.45,183.75,1.0000,0
5035,2845,2851,475.75,425.65,183.72,0.2000,1
5036,2842,2852,455.79,386.32,203.56,1.0000,0
5037,2845,2852,455.99,425.80,203.45,1.0000,0
5038,2846,2852,455.95,425.91,242.94,1.0000,0
5039,2847,2852,455.75,386.43,243.05,1.0000,0
5040,2842,2854,475.43,366.47,203.63,1.0000,0
5041,2843,2854,514.92,366.27,203.66,1.0000,0
5042,2847,2854,475.40,366.58,243.12,1.0000,0
5043,2848,2854,514.89,366.38,243.15,0.6400,0
5044,2852,2850,475.60,406.07,243.01,0.9600,0
5045,2852,2851,475.63,405.96,203.52,1.0000,0
5046,2852,2855,475.71,425.76,223.21,1.0000,0
5047,2852,2854,475.51,386.27,223.32,0.2400,1
5048,2853,2851,515.12,405.76,203.55,0.6800,0
5049,2853,2855,515.20,425.56,223.24,0.0800,1
5050,2853,2850,515.09,405.87,243.04,1.0000,0
5051,2854,2851,495.27,386.12,203.59,1.0000,0
5052,2854,2853,515.00,386.07,223.35,0.8800,0
5053,2854,2850,495.24,386.23,243.08,1.0000,0
5054,2855,2850,495.44,425.71,242.97,1.0000,0
5055,2855,2851,495.47,425.60,203.48,0.9600,0
5056,2856,2865,554.52,385.76,183.90,0.9200,0
5057,2857,2865,594.01,385.56,183.93,0.0800,1
5058,2858,2865,594.21,425.05,183.82,0.6000,0
5059,2859,2865,554.72,425.25,183.79,0.0400,1
5060,2856,2866,534.76,385.91,203.62,0.3600,0
5061,2859,2866,534.96,425.40,203.52,1.0000,0
5062,2860,2866,534.93,425.51,243.00,0.5200,0
5063,2861,2866,534.73,386.02,243.11,1.0000,0
5064,2856,2868,554.41,366.07,203.70,0.5200,0
5065,2857,2868,593.89,365.87,203.73,1.0000,0
5066,2861,2868,554.37,366.18,243.18,0.0400,1
5067,2862,2868,593.86,365.98,243.22,0.1600,1
5068,2866,2864,554.57,405.67,243.08,0.2400,1
5069,2866,2865,554.61,405.56,203.59,1.0000,0
5070,2866,2869,554.69,425.36,223.28,0.7600,0
5071,2866,2868,554.49,385.87,223.39,0.0800,1
5072,2867,2865,594.09,405.36,203.62,0.2400,1
5073,2867,2869,594.18,425.16,223.31,0.0800,1
5074,2867,2864,594.06,405.47,243.11,0.7200,0
5075,2868,2865,574.25,385.71,203.66,1.0000,0
5076,2868,2867,593.98,385.67,223.42,0.5200,0
5077,2868,2864,574.22,385.82,243.15,0.2400,1
5078,2869,2864,574.42,425.31,243.04,1.0000,0
5079,2869,2865,574.45,425.20,203.55,0.4400,0
5080,2870,2879,633.50,385.36,183.96,0.3200,0
5081,2871,2879,672.99,385.16,183.99,0.0800,1
5082,2872,2879,673.19,424.65,183.89,0.4000,0
5083,2873,2879,633.70,424.85,183.85,0.0800,1
5084,2870,2880,613.74,385.51,203.69,0.0400,1
5085,2873,2880,613.94,425.00,203.58,0.9600,0
5086,2874,2880,613.91,425.11,243.07,0.0800,1
5087,2875,2880,613.71,385.62,243.18,0.7600,0
5088,2870,2882,633.38,365.67,203.76,0.0000,1
5089,2871,2882,672.87,365.47,203.79,1.0000,0
5090,2875,2882,633.35,365.78,243.25,1.0000,0
5091,2876,2882,672.84,365.58,243.28,0.0400,1
5092,2880,2878,633.55,405.27,243.14,0.0000,1
5093,2880,2879,633.58,405.16,203.65,1.0000,0
5094,2880,2883,633.67,424.96,223.34,0.2000,1
5095,2880,2882,633.47,385.47,223.45,0.0800,1
5096,2881,2879,673.07,404.96,203.68,0.0000,1
5097,2881,2883,673.16,424.76,223.37,0.0800,1
5098,2881,2878,673.04,405.07,243.17,1.0000,0
5099,2882,2879,653.23,385.31,203.72,0.5200,0
5100,2882,2881,672.95,385.27,223.48,0.3200,0
5101,2882,2878,653.19,385.42,243.21,0.0400,1
5102,2883,2878,653.40,424.91,243.10,0.9200,0
5103,2883,2879,653.43,424.80,203.61,0.0800,1
5104,2884,2893,712.48,384.96,184.03,0.1600,1
5105,2885,2893,751.96,384.76,184.06,0.0800,1
5106,2886,2893,752.16,424.24,183.95,0.4000,0
5107,2887,2893,712.68,424.44,183.92,0.0800,1
5108,2884,2894,692.71,385.11,203.76,0.1200,1
5109,2887,2894,692.92,424.60,203.65,0.1200,1
5110,2888,2894,692.88,424.71,243.14,0.0800,1
5111,2889,2894,692.68,385.22,243.24,0.1200,1
5112,2885,2895,771.69,384.71,203.82,0.0000,1
5113,2886,2895,771.89,424.20,203.71,0.0000,1
5114,2890,2895,771.66,384.82,243.31,0.0000,1
5115,2891,2895,771.86,424.31,243.20,0.0000,1
5116,2884,2896,712.36,365.27,203.83,0.0000,1
5117,2885,2896,751.85,365.07,203.86,1.0000,0
5118,2889,2896,712.33,365.38,243.32,1.0000,0
5119,2890,2896,751.81,365.18,243.35,0.0400,1
5120,2894,2892,712.53,404.86,243.21,0.0000,1
5121,2894,2893,712.56,404.76,203.72,0.9600,0
5122,2894,2897,712.64,424.55,223.41,0.1600,1
5123,2894,2896,712.44,385.07,223.52,0.0800,1
5124,2895,2893,752.05,404.55,203.75,0.1200,1
5125,2895,2897,752.13,424.35,223.44,0.0400,1
5126,2895,2892,752.02,404.66,243.24,0.6400,0
5127,2896,2893,732.20,384.91,203.79,0.1600,1
5128,2896,2895,751.93,384.87,223.55,1.0000,0
5129,2896,2892,732.17,385.02,243.28,0.0800,1
5130,2897,2892,732.37,424.51,243.17,0.1200,1
5131,2897,2893,732.40,424.40,203.68,0.0400,1
5132,2898,2907,81.06,467.15,183.29,0.1200,1
5133,2899,2907,120.55,466.94,183.32,1.0000,0
5134,2900,2907,120.75,506.43,183.21,0.2000,1
5135,2901,2907,81.27,506.63,183.18,1.0000,0
5136,2898,2908,61.30,467.30,203.01,0.0000,1
5137,2901,2908,61.51,506.79,202.90,1.0000,0
5138,2902,2908,61.47,506.90,242.39,0.2000,1
5139,2903,2908,61.27,467.41,242.50,1.0000,0
5140,2898,2910,80.95,447.46,203.08,0.6800,0
5141,2899,2910,120.44,447.26,203.12,1.0000,0
5142,2903,2910,80.92,447.57,242.57,0.1200,1
5143,2904,2910,120.40,447.36,242.61,1.0000,0
5144,2908,2906,81.12,487.05,242.46,1.0000,0
5145,2908,2907,81.15,486.94,202.98,0.6000,0
5146,2908,2911,81.23,506.74,222.67,0.6800,0
5147,2908,2910,81.03,467.26,222.77,1.0000,0
5148,2909,2907,120.64,486.74,203.01,1.0000,0
5149,2909,2911,120.72,506.54,222.70,1.0000,0
5150,2909,2906,120.60,486.85,242.50,1.0000,0
5151,2910,2907,100.79,467.10,203.05,1.0000,0
5152,2910,2909,120.52,467.05,222.81,1.0000,0
5153,2910,2906,100.76,467.21,242.53,1.0000,0
5154,2911,2906,100.96,506.70,242.43,1.0000,0
5155,2911,2907,100.99,506.59,202.94,0.5200,0
5156,2912,2921,160.04,466.74,183.35,0.5600,0
5157,2913,2921,199.53,466.54,183.38,0.8800,0
5158,2914,2921,199.73,506.03,183.27,0.7600,0
5159,2915,2921,160.24,506.23,183.24,0.8800,0
5160,2912,2922,140.28,466.90,203.08,1.0000,0
5161,2915,2922,140.48,506.39,202.97,1.0000,0
5162,2916,2922,140.45,506.50,242.46,0.8000,0
5163,2917,2922,140.25,467.01,242.57,1.0000,0
5164,2912,2924,159.92,447.05,203.15,1.0000,0
5165,2913,2924,199.41,446.85,203.18,1.0000,0
5166,2917,2924,159.89,447.16,242.64,1.0000,0
5167,2918,2924,199.38,446.96,242.67,1.0000,0
5168,2922,2920,160.09,486.65,242.53,1.0000,0
5169,2922,2921,160.13,486.54,203.04,1.0000,0
5170,2922,2925,160.21,506.34,222.73,1.0000,0
5171,2922,2924,160.01,466.85,222.84,1.0000,0
5172,2923,2921,199.61,486.34,203.07,1.0000,0
5173,2923,2925,199.70,506.14,222.76,1.0000,0
5174,2923,2920,199.58,486.45,242.56,1.0000,0
5175,2924,2921,179.77,466.70,203.11,1.0000,0
5176,2924,2923,199.50,466.65,222.87,1.0000,0
5177,2924,2920,179.74,466.81,242.60,1.0000,0
5178,2925,2920,179.94,506.30,242.49,1.0000,0
5179,2925,2921,179.97,506.19,203.00,1.0000,0
5180,2926,2935,239.02,466.34,183.42,1.0000,0
5181,2927,2935,278.51,466.14,183.45,0.2800,1
5182,2928,2935,278.71,505.63,183.34,0.8400,0
5183,2929,2935,239.22,505.83,183.31,0.4400,0
5184,2926,2936,219.26,466.50,203.14,1.0000,0
5185,2929,2936,219.46,505.99,203.04,1.0000,0
5186,2930,2936,219.43,506.10,242.52,1.0000,0
5187,2931,2936,219.23,466.61,242.63,1.0000,0
5188,2926,2938,238.90,446.65,203.22,1.0000,0
5189,2927,2938,278.39,446.45,203.25,1.0000,0
5190,2931,2938,238.87,446.76,242.70,1.0000,0
5191,2932,2938,278.36,446.56,242.74,1.0000,0
5192,2936,2934,239.07,486.25,242.59,1.0000,0
5193,2936,2935,239.10,486.14,203.11,1.0000,0
5194,2936,2939,239.19,505.94,222.80,1.0000,0
5195,2936,2938,238.99,466.45,222.91,1.0000,0
5196,2937,2935,278.59,485.94,203.14,1.0000,0
5197,2937,2939,278.67,505.74,222.83,1.0000,0
5198,2937,2934,278.56,486.05,242.63,1.0000,0
5199,2938,2935,258.75,466.30,203.18,1.0000,0
5200,2938,2937,278.47,466.25,222.94,1.0000,0
5201,2938,2934,258.71,466.41,242.67,1.0000,0
5202,2939,2934,258.91,505.89,242.56,1.0000,0
5203,2939,2935,258.95,505.78,203.07,1.0000,0
5204,2940,2949,317.99,465.94,183.48,1.0000,0
5205,2941,2949,357.48,465.74,183.51,0.4400,0
5206,2942,2949,357.68,505.23,183.41,0.8400,0
5207,2943,2949,318.19,505.43,183.37,0.0400,1
5208,2940,2950,298.23,466.10,203.21,1.0000,0
5209,2943,2950,298.43,505.58,203.10,1.0000,0
5210,2944,2950,298.40,505.69,242.59,1.0000,0
5211,2945,2950,298.20,466.21,242.70,1.0000,0
5212,2940,2952,317.88,446.25,203.28,1.0000,0
5213,2941,2952,357.37,446.05,203.31,1.0000,0
5214,2945,2952,317.85,446.36,242.77,1.0000,0
5215,2946,2952,357.33,446.16,242.80,0.6000,0
5216,2950,2948,318.05,485.85,242.66,0.9200,0
5217,2950,2949,318.08,485.74,203.17,0.8800,0
5218,2950,2953,318.16,505.54,222.86,1.0000,0
5219,2950,2952,317.96,466.05,222.97,1.0000,0
5220,2951,2949,357.57,485.54,203.20,1.0000,0
5221,2951,2953,357.65,505.34,222.89,0.8400,0
5222,2951,2948,357.53,485.65,242.69,1.0000,0
5223,2952,2949,337.72,465.90,203.24,0.0400,1
5224,2952,2951,357.45,465.85,223.00,1.0000,0
5225,2952,2948,337.69,466.00,242.73,1.0000,0
5226,2953,2948,337.89,505.49,242.62,1.0000,0
5227,2953,2949,337.92,505.38,203.13,0.9600,0
5228,2954,2963,396.97,465.54,183.55,1.0000,0
5229,2955,2963,436.46,465.34,183.58,0.1600,1
5230,2956,2963,436.66,504.83,183.47,0.1600,1
5231,2957,2963,397.17,505.03,183.44,0.0800,1
5232,2954,2964,377.21,465.69,203.28,1.0000,0
5233,2957,2964,377.41,505.18,203.17,1.0000,0
5234,2958,2964,377.38,505.29,242.65,1.0000,0
5235,2959,2964,377.18,465.80,242.76,1.0000,0
5236,2954,2966,396.85,445.85,203.35,1.0000,0
5237,2955,2966,436.34,445.65,203.38,1.0000,0
5238,2959,2966,396.82,445.96,242.83,1.0000,0
5239,2960,2966,436.31,445.76,242.87,1.0000,0
5240,2964,2962,397.02,485.45,242.73,1.0000,0
5241,2964,2963,397.06,485.34,203.24,1.0000,0
5242,2964,2967,397.14,505.14,222.93,1.0000,0
5243,2964,2966,396.94,465.65,223.04,0.4400,0
5244,2965,2963,436.54,485.14,203.27,1.0000,0
5245,2965,2967,436.63,504.94,222.96,0.2800,1
5246,2965,2962,436.51,485.25,242.76,1.0000,0
5247,2966,2963,416.70,465.49,203.31,1.0000,0
5248,2966,2965,436.43,465.45,223.07,1.0000,0
5249,2966,2962,416.67,465.60,242.80,0.9600,0
5250,2967,2962,416.87,505.09,242.69,1.0000,0
5251,2967,2963,416.90,504.98,203.20,1.0000,0
5252,2968,2977,475.95,465.14,183.61,0.9600,0
5253,2969,2977,515.44,464.94,183.65,0.0800,1
5254,2970,2977,515.64,504.43,183.54,0.9200,0
5255,2971,2977,476.15,504.63,183.50,0.1200,1
5256,2968,2978,456.19,465.29,203.34,1.0000,0
5257,2971,2978,456.39,504.78,203.23,1.0000,0
5258,2972,2978,456.36,504.89,242.72,0.9200,0
5259,2973,2978,456.15,465.40,242.83,1.0000,0
5260,2968,2980,475.83,445.45,203.41,0.8400,0
5261,2969,2980,515.32,445.25,203.44,1.0000,0
5262,2973,2980,475.80,445.56,242.90,1.0000,0
5263,2974,2980,515.29,445.36,242.93,0.7600,0
5264,2978,2976,476.00,485.05,242.79,0.8400,0
5265,2978,2977,476.03,484.94,203.30,1.0000,0
5266,2978,2981,476.12,504.74,222.99,0.9600,0
5267,2978,2980,475.92,465.25,223.10,0.1200,1
5268,2979,2977,515.52,484.74,203.34,0.2000,1
5269,2979,2981,515.60,504.53,223.02,0.0400,1
5270,2979,2976,515.49,484.85,242.82,1.0000,0
5271,2980,2977,495.68,465.09,203.37,1.0000,0
5272,2980,2979,515.40,465.05,223.13,0.7600,0
5273,2980,2976,495.64,465.20,242.86,0.7200,0
5274,2981,2976,495.84,504.69,242.75,1.0000,0
5275,2981,2977,495.88,504.58,203.26,0.6000,0
5276,2982,2991,554.92,464.74,183.68,0.6800,0
5277,2983,2991,594.41,464.54,183.71,0.0800,1
5278,2984,2991,594.61,504.02,183.60,0.5200,0
5279,2985,2991,555.12,504.22,183.57,0.1200,1
5280,2982,2992,535.16,464.89,203.41,0.6000,0
5281,2985,2992,535.36,504.38,203.30,1.0000,0
5282,2986,2992,535.33,504.49,242.79,0.4400,0
5283,2987,2992,535.13,465.00,242.89,1.0000,0
5284,2982,2994,554.81,445.05,203.48,0.1600,1
5285,2983,2994,594.30,444.85,203.51,1.0000,0
5286,2987,2994,554.78,445.16,242.97,1.0000,0
5287,2988,2994,594.26,444.96,243.00,0.0800,1
5288,2992,2990,554.98,484.64,242.86,0.0400,1
5289,2992,2991,555.01,484.53,203.37,1.0000,0
5290,2992,2995,555.09,504.33,223.06,0.4800,0
5291,2992,2994,554.89,464.85,223.17,0.0400,1
5292,2993,2991,594.50,484.33,203.40,0.2400,1
5293,2993,2995,594.58,504.13,223.09,0.0400,1
5294,2993,2990,594.46,484.44,242.89,1.0000,0
5295,2994,2991,574.65,464.69,203.44,0.9600,0
5296,2994,2993,594.38,464.64,223.20,0.4000,0
5297,2994,2990,574.62,464.80,242.93,0.0800,1
5298,2995,2990,574.82,504.29,242.82,1.0000,0
5299,2995,2991,574.85,504.18,203.33,0.0800,1
5300,2996,3005,633.90,464.33,183.74,0.4400,0
5301,2997,3005,673.39,464.13,183.78,0.0800,1
5302,2998,3005,673.59,503.62,183.67,0.1200,1
5303,2999,3005,634.10,503.82,183.63,0.1200,1
5304,2996,3006,614.14,464.49,203.47,0.0800,1
5305,2999,3006,614.34,503.98,203.36,1.0000,0
5306,3000,3006,614.31,504.09,242.85,0.0800,1
5307,3001,3006,614.11,464.60,242.96,0.8800,0
5308,2996,3008,633.78,444.65,203.54,0.0000,1
5309,2997,3008,673.27,444.44,203.58,1.0000,0
5310,3001,3008,633.75,444.75,243.03,1.0000,0
5311,3002,3008,673.24,444.55,243.06,0.0400,1
5312,3006,3004,633.95,484.24,242.92,0.0000,1
5313,3006,3005,633.98,484.13,203.43,1.0000,0
5314,3006,3009,634.07,503.93,223.12,0.3200,0
5315,3006,3008,633.87,464.44,223.23,0.0800,1
5316,3007,3005,673.47,483.93,203.47,0.0000,1
5317,3007,3009,673.56,503.73,223.16,0.0800,1
5318,3007,3004,673.44,484.04,242.95,1.0000,0
5319,3008,3005,653.63,464.29,203.50,0.2800,1
5320,3008,3007,673.36,464.24,223.27,0.2000,1
5321,3008,3004,653.60,464.40,242.99,0.0800,1
5322,3009,3004,653.80,503.89,242.88,0.3600,0
5323,3009,3005,653.83,503.78,203.40,0.0800,1
5324,3010,3019,712.88,463.93,183.81,0.1600,1
5325,3011,3019,752.37,463.73,183.84,0.0400,1
5326,3012,3019,752.57,503.22,183.73,0.2000,1
5327,3013,3019,713.08,503.42,183.70,0.0800,1
5328,3010,3020,693.12,464.09,203.54,0.0800,1
5329,3013,3020,693.32,503.58,203.43,0.2800,1
5330,3014,3020,693.29,503.69,242.92,0.0400,1
5331,3015,3020,693.08,464.20,243.03,0.1200,1
5332,3011,3021,772.09,463.69,203.60,0.0000,1
5333,3012,3021,772.29,503.17,203.49,0.0000,1
5334,3016,3021,772.06,463.80,243.09,0.0000,1
5335,3017,3021,772.26,503.28,242.98,0.0000,1
5336,3010,3022,712.76,444.24,203.61,0.0000,1
5337,3011,3022,752.25,444.04,203.64,1.0000,0
5338,3015,3022,712.73,444.35,243.10,1.0000,0
5339,3016,3022,752.22,444.15,243.13,0.0400,1
5340,3020,3018,712.93,483.84,242.99,0.1600,1
5341,3020,3019,712.96,483.73,203.50,1.0000,0
5342,3020,3023,713.05,503.53,223.19,0.1600,1
5343,3020,3022,712.84,464.04,223.30,0.0800,1
5344,3021,3019,752.45,483.53,203.53,0.0000,1
5345,3021,3023,752.53,503.33,223.22,0.0400,1
5346,3021,3018,752.42,483.64,243.02,0.9600,0
5347,3022,3019,732.61,463.89,203.57,0.1200,1
5348,3022,3021,752.33,463.84,223.33,0.2000,1
5349,3022,3018,732.57,464.00,243.06,0.1200,1
5350,3023,3018,732.77,503.48,242.95,0.1600,1
5351,3023,3019,732.81,503.38,203.46,0.1200,1
5352,3024,3033,81.47,546.12,183.07,0.1600,1
5353,3025,3033,120.95,545.92,183.10,1.0000,0
5354,3026,3033,121.16,585.41,182.99,0.3600,0
5355,3027,3033,81.67,585.61,182.96,1.0000,0
5356,3024,3034,61.71,546.28,202.80,0.0400,1
5357,3027,3034,61.91,585.77,202.69,1.0000,0
5358,3028,3034,61.87,585.87,242.17,0.0800,1
5359,3029,3034,61.67,546.39,242.28,1.0000,0
5360,3024,3036,81.35,526.43,202.87,1.0000,0
5361,3025,3036,120.84,526.23,202.90,0.8000,0
5362,3029,3036,81.32,526.54,242.35,0.3200,0
5363,3030,3036,120.81,526.34,242.39,1.0000,0
5364,3034,3032,81.52,566.03,242.25,1.0000,0
5365,3034,3033,81.55,565.92,202.76,0.2000,1
5366,3034,3037,81.63,585.72,222.45,0.2000,1
5367,3034,3036,81.43,546.23,222.56,1.0000,0
5368,3035,3033,121.04,565.72,202.79,1.0000,0
5369,3035,3037,121.12,585.52,222.48,1.0000,0
5370,3035,3032,121.01,565.83,242.28,0.9200,0
5371,3036,3033,101.19,546.08,202.83,1.0000,0
5372,3036,3035,120.92,546.03,222.59,0.7200,0
5373,3036,3032,101.16,546.19,242.32,0.6400,0
5374,3037,3032,101.36,585.67,242.21,1.0000,0
5375,3037,3033,101.40,585.56,202.72,0.1600,1
5376,3038,3047,160.44,545.72,183.13,0.5600,0
5377,3039,3047,199.93,545.52,183.17,0.7600,0
5378,3040,3047,200.13,585.01,183.06,0.6800,0
5379,3041,3047,160.64,585.21,183.02,1.0000,0
5380,3038,3048,140.68,545.88,202.86,0.9200,0
5381,3041,3048,140.88,585.36,202.75,1.0000,0
5382,3042,3048,140.85,585.47,242.24,0.8800,0
5383,3043,3048,140.65,545.98,242.35,1.0000,0
5384,3038,3050,160.33,526.03,202.93,1.0000,0
5385,3039,3050,199.81,525.83,202.96,1.0000,0
5386,3043,3050,160.29,526.14,242.42,0.6400,0
5387,3044,3050,199.78,525.94,242.45,1.0000,0
5388,3048,3046,160.49,565.63,242.31,1.0000,0
5389,3048,3047,160.53,565.52,202.82,1.0000,0
5390,3048,3051,160.61,585.32,222.51,0.9200,0
5391,3048,3050,160.41,545.83,222.62,1.0000,0
5392,3049,3047,200.02,565.32,202.85,1.0000,0
5393,3049,3051,200.10,585.12,222.54,1.0000,0
5394,3049,3046,199.98,565.43,242.34,1.0000,0
5395,3050,3047,180.17,545.67,202.89,1.0000,0
5396,3050,3049,199.90,545.63,222.65,1.0000,0
5397,3050,3046,180.14,545.78,242.38,1.0000,0
5398,3051,3046,180.34,585.27,242.27,1.0000,0
5399,3051,3047,180.37,585.16,202.78,1.0000,0
5400,3052,3061,239.42,545.32,183.20,0.9200,0
5401,3053,3061,278.91,545.12,183.23,0.4800,0
5402,3054,3061,279.11,584.61,183.12,1.0000,0
5403,3055,3061,239.62,584.81,183.09,0.6400,0
5404,3052,3062,219.66,545.47,202.93,1.0000,0
5405,3055,3062,219.86,584.96,202.82,1.0000,0
5406,3056,3062,219.83,585.07,242.31,1.0000,0
5407,3057,3062,219.63,545.58,242.41,1.0000,0
5408,3052,3064,239.30,525.63,203.00,1.0000,0
5409,3053,3064,278.79,525.43,203.03,1.0000,0
5410,3057,3064,239.27,525.74,242.49,1.0000,0
5411,3058,3064,278.76,525.54,242.52,1.0000,0
5412,3062,3060,239.47,565.23,242.38,0.7600,0
5413,3062,3061,239.50,565.12,202.89,1.0000,0
5414,3062,3065,239.59,584.92,222.58,1.0000,0
5415,3062,3064,239.39,545.43,222.69,1.0000,0
5416,3063,3061,278.99,564.92,202.92,1.0000,0
5417,3063,3065,279.08,584.72,222.61,1.0000,0
5418,3063,3060,278.96,565.03,242.41,1.0000,0
5419,3064,3061,259.15,545.27,202.96,1.0000,0
5420,3064,3063,278.88,545.23,222.72,1.0000,0
5421,3064,3060,259.12,545.38,242.45,1.0000,0
5422,3065,3060,259.32,584.87,242.34,1.0000,0
5423,3065,3061,259.35,584.76,202.85,1.0000,0
5424,3066,3075,318.40,544.92,183.26,0.8800,0
5425,3067,3075,357.88,544.72,183.30,0.1600,1
5426,3068,3075,358.09,584.20,183.19,0.8800,0
5427,3069,3075,318.60,584.41,183.15,0.2800,1
5428,3066,3076,298.64,545.07,202.99,1.0000,0
5429,3069,3076,298.84,584.56,202.88,1.0000,0
5430,3070,3076,298.80,584.67,242.37,1.0000,0
5431,3071,3076,298.60,545.18,242.48,1.0000,0
5432,3066,3078,318.28,525.23,203.06,1.0000,0
5433,3067,3078,357.77,525.03,203.10,1.0000,0
5434,3071,3078,318.25,525.34,242.55,1.0000,0
5435,3072,3078,357.74,525.14,242.58,1.0000,0
5436,3076,3074,318.45,564.83,242.44,1.0000,0
5437,3076,3075,318.48,564.72,202.95,1.0000,0
5438,3076,3079,318.56,584.51,222.64,1.0000,0
5439,3076,3078,318.36,545.03,222.75,0.9200,0
5440,3077,3075,357.97,564.52,202.99,1.0000,0
5441,3077,3079,358.05,584.31,222.68,0.9200,0
5442,3077,3074,357.94,564.62,242.47,1.0000,0
5443,3078,3075,338.12,544.87,203.02,1.0000,0
5444,3078,3077,357.85,544.83,222.78,1.0000,0
5445,3078,3074,338.09,544.98,242.51,0.9600,0
5446,3079,3074,338.29,584.47,242.40,1.0000,0
5447,3079,3075,338.32,584.36,202.91,1.0000,0
5448,3080,3089,397.37,544.52,183.33,0.7200,0
5449,3081,3089,436.86,544.31,183.36,0.0400,1
5450,3082,3089,437.06,583.80,183.25,0.5200,0
5451,3083,3089,397.57,584.00,183.22,0.1600,1
5452,3080,3090,377.61,544.67,203.06,1.0000,0
5453,3083,3090,377.81,584.16,202.95,1.0000,0
5454,3084,3090,377.78,584.27,242.44,1.0000,0
5455,3085,3090,377.58,544.78,242.55,1.0000,0
5456,3080,3092,397.26,524.83,203.13,0.7600,0
5457,3081,3092,436.74,524.63,203.16,1.0000,0
5458,3085,3092,397.22,524.94,242.62,1.0000,0
5459,3086,3092,436.71,524.73,242.65,0.4000,0
5460,3090,3088,397.42,564.42,242.51,1.0000,0
5461,3090,3089,397.46,564.31,203.02,1.0000,0
5462,3090,3093,397.54,584.11,222.71,1.0000,0
5463,3090,3092,397.34,544.63,222.82,0.7200,0
5464,3091,3089,436.95,564.11,203.05,1.0000,0
5465,3091,3093,437.03,583.91,222.74,0.3200,0
5466,3091,3088,436.91,564.22,242.54,1.0000,0
5467,3092,3089,417.10,544.47,203.09,1.0000,0
5468,3092,3091,436.83,544.42,222.85,1.0000,0
5469,3092,3088,417.07,544.58,242.58,1.0000,0
5470,3093,3088,417.27,584.07,242.47,1.0000,0
5471,3093,3089,417.30,583.96,202.98,0.9600,0
5472,3094,3103,476.35,544.11,183.39,0.1200,1
5473,3095,3103,515.84,543.91,183.43,0.0800,1
5474,3096,3103,516.04,583.40,183.32,0.2800,1
5475,3097,3103,476.55,583.60,183.29,0.0800,1
5476,3094,3104,456.59,544.27,203.12,0.4800,0
5477,3097,3104,456.79,583.76,203.01,1.0000,0
5478,3098,3104,456.76,583.87,242.50,0.8800,0
5479,3099,3104,456.56,544.38,242.61,1.0000,0
5480,3094,3106,476.23,524.42,203.19,0.9600,0
5481,3095,3106,515.72,524.22,203.23,1.0000,0
5482,3099,3106,476.20,524.53,242.68,1.0000,0
5483,3100,3106,515.69,524.33,242.71,0.2800,1
5484,3104,3102,476.40,564.02,242.57,0.8000,0
5485,3104,3103,476.43,563.91,203.08,1.0000,0
5486,3104,3107,476.52,583.71,222.77,1.0000,0
5487,3104,3106,476.32,544.22,222.88,0.0400,1
5488,3105,3103,515.92,563.71,203.12,0.6800,0
5489,3105,3107,516.01,583.51,222.81,0.1200,1
5490,3105,3102,515.89,563.82,242.61,1.0000,0
5491,3106,3103,496.08,544.07,203.16,1.0000,0
5492,3106,3105,515.81,544.02,222.92,0.9200,0
5493,3106,3102,496.04,544.18,242.64,0.6000,0
5494,3107,3102,496.25,583.67,242.53,1.0000,0
5495,3107,3103,496.28,583.56,203.05,0.5200,0
5496,3108,3117,555.33,543.71,183.46,0.1200,1
5497,3109,3117,594.81,543.51,183.49,0.0400,1
5498,3110,3117,595.01,583.00,183.38,0.1200,1
5499,3111,3117,555.53,583.20,183.35,0.0800,1
5500,3108,3118,535.57,543.87,203.19,0.1200,1
5501,3111,3118,535.77,583.36,203.08,1.0000,0
5502,3112,3118,535.73,583.47,242.57,0.0800,1
5503,3113,3118,535.53,543.98,242.68,1.0000,0
5504,3108,3120,555.21,524.02,203.26,0.0800,1
5505,3109,3120,594.70,523.82,203.29,1.0000,0
5506,3113,3120,555.18,524.13,242.75,1.0000,0
5507,3114,3120,594.67,523.93,242.78,0.0000,1
5508,3118,3116,555.38,563.62,242.64,0.0800,1
5509,3118,3117,555.41,563.51,203.15,1.0000,0
5510,3118,3121,555.49,583.31,222.84,0.8400,0
5511,3118,3120,555.29,543.82,222.95,0.0400,1
5512,3119,3117,594.90,563.31,203.18,0.4000,0
5513,3119,3121,594.98,583.11,222.87,0.1200,1
5514,3119,3116,594.87,563.42,242.67,1.0000,0
5515,3120,3117,575.05,543.67,203.22,1.0000,0
5516,3120,3119,594.78,543.62,222.98,0.4400,0
5517,3120,3116,575.02,543.78,242.71,0.0800,1
5518,3121,3116,575.22,583.26,242.60,1.0000,0
5519,3121,3117,575.25,583.15,203.11,0.0800,1
5520,3122,3131,634.30,543.31,183.53,0.8400,0
5521,3123,3131,673.79,543.11,183.56,0.0800,1
5522,3124,3131,673.99,582.60,183.45,0.1200,1
5523,3125,3131,634.50,582.80,183.42,0.1200,1
5524,3122,3132,614.54,543.47,203.25,0.0800,1
5525,3125,3132,614.74,582.95,203.14,1.0000,0
5526,3126,3132,614.71,583.06,242.63,0.0400,1
5527,3127,3132,614.51,543.58,242.74,1.0000,0
5528,3122,3134,634.19,523.62,203.32,0.0000,1
5529,3123,3134,673.67,523.42,203.36,1.0000,0
5530,3127,3134,634.15,523.73,242.81,1.0000,0
5531,3128,3134,673.64,523.53,242.85,0.0000,1
5532,3132,3130,634.35,563.22,242.70,0.0000,1
5533,3132,3131,634.39,563.11,203.21,1.0000,0
5534,3132,3135,634.47,582.91,222.90,0.2400,1
5535,3132,3134,634.27,543.42,223.01,0.0800,1
5536,3133,3131,673.87,562.91,203.25,0.0000,1
5537,3133,3135,673.96,582.71,222.94,0.0800,1
5538,3133,3130,673.84,563.02,242.74,1.0000,0
5539,3134,3131,654.03,543.27,203.29,0.9200,0
5540,3134,3133,673.76,543.22,223.05,0.2400,1
5541,3134,3130,654.00,543.37,242.77,0.0400,1
5542,3135,3130,654.20,582.86,242.67,1.0000,0
5543,3135,3131,654.23,582.75,203.18,0.0400,1
5544,3136,3145,713.28,542.91,183.59,0.1600,1
5545,3137,3145,752.77,542.71,183.62,0.0000,1
5546,3138,3145,752.97,582.20,183.51,0.2800,1
5547,3139,3145,713.48,582.40,183.48,0.0400,1
5548,3136,3146,693.52,543.06,203.32,0.0400,1
5549,3139,3146,693.72,582.55,203.21,0.1200,1
5550,3140,3146,693.69,582.66,242.70,0.0400,1
5551,3141,3146,693.49,543.17,242.81,0.3600,0
5552,3137,3147,772.50,542.66,203.38,0.0000,1
5553,3138,3147,772.70,582.15,203.27,0.0000,1
5554,3142,3147,772.46,542.77,242.87,0.0000,1
5555,3143,3147,772.66,582.26,242.76,0.0000,1
5556,3136,3148,713.16,523.22,203.39,0.0000,1
5557,3137,3148,752.65,523.02,203.42,1.0000,0
5558,3141,3148,713.13,523.33,242.88,1.0000,0
5559,3142,3148,752.62,523.13,242.91,0.0800,1
5560,3146,3144,713.33,562.82,242.77,0.3200,0
5561,3146,3145,713.36,562.71,203.28,1.0000,0
5562,3146,3149,713.45,582.51,222.97,0.2400,1
5563,3146,3148,713.25,543.02,223.08,0.0800,1
5564,3147,3145,752.85,562.51,203.31,0.0000,1
5565,3147,3149,752.94,582.31,223.00,0.0400,1
5566,3147,3144,752.82,562.62,242.80,1.0000,0
5567,3148,3145,733.01,542.86,203.35,0.1200,1
5568,3148,3147,752.73,542.82,223.11,0.1600,1
5569,3148,3144,732.97,542.97,242.84,0.0800,1
5570,3149,3144,733.18,582.46,242.73,0.1600,1
5571,3149,3145,733.21,582.35,203.24,0.0800,1
5572,3150,3159,81.87,625.10,182.85,0.3200,0
5573,3151,3159,121.36,624.90,182.88,1.0000,0
5574,3152,3159,121.56,664.39,182.77,0.3600,0
5575,3153,3159,82.07,664.59,182.74,1.0000,0
5576,3150,3160,62.11,625.25,202.58,0.0000,1
5577,3153,3160,62.31,664.74,202.47,1.0000,0
5578,3154,3160,62.28,664.85,241.96,0.0000,1
5579,3155,3160,62.08,625.36,242.07,1.0000,0
5580,3150,3162,81.75,605.41,202.65,1.0000,0
5581,3151,3162,121.24,605.21,202.68,0.8800,0
5582,3155,3162,81.72,605.52,242.14,0.6400,0
5583,3156,3162,121.21,605.32,242.17,1.0000,0
5584,3160,3158,81.92,645.01,242.03,1.0000,0
5585,3160,3159,81.95,644.90,202.54,0.2000,1
5586,3160,3163,82.04,664.70,222.23,0.2000,1
5587,3160,3162,81.84,625.21,222.34,1.0000,0
5588,3161,3159,121.44,644.70,202.57,1.0000,0
5589,3161,3163,121.52,664.50,222.26,1.0000,0
5590,3161,3158,121.41,644.81,242.06,0.8800,0
5591,3162,3159,101.60,625.05,202.61,1.0000,0
5592,3162,3161,121.32,625.01,222.37,0.5600,0
5593,3162,3158,101.56,625.16,242.10,0.8800,0
5594,3163,3158,101.76,664.65,241.99,1.0000,0
5595,3163,3159,101.80,664.54,202.50,0.5600,0
5596,3164,3173,160.84,624.70,182.91,0.7200,0
5597,3165,3173,200.33,624.50,182.95,0.9200,0
5598,3166,3173,200.53,663.98,182.84,0.5600,0
5599,3167,3173,161.05,664.18,182.80,0.9200,0
5600,3164,3174,141.08,624.85,202.64,0.8000,0
5601,3167,3174,141.29,664.34,202.53,1.0000,0
5602,3168,3174,141.25,664.45,242.02,0.7600,0
5603,3169,3174,141.05,624.96,242.13,1.0000,0
5604,3164,3176,160.73,605.01,202.71,1.0000,0
5605,3165,3176,200.22,604.81,202.75,1.0000,0
5606,3169,3176,160.70,605.12,242.20,1.0000,0
5607,3170,3176,200.18,604.92,242.23,1.0000,0
5608,3174,3172,160.90,644.60,242.09,1.0000,0
5609,3174,3173,160.93,644.50,202.60,1.0000,0
5610,3174,3177,161.01,664.29,222.29,0.4800,0
5611,3174,3176,160.81,624.81,222.40,1.0000,0
5612,3175,3173,200.42,644.29,202.64,1.0000,0
5613,3175,3177,200.50,664.09,222.33,1.0000,0
5614,3175,3172,200.38,644.40,242.13,1.0000,0
5615,3176,3173,180.57,624.65,202.67,1.0000,0
5616,3176,3175,200.30,624.61,222.44,0.8000,0
5617,3176,3172,180.54,624.76,242.16,1.0000,0
5618,3177,3172,180.74,664.25,242.05,1.0000,0
5619,3177,3173,180.77,664.14,202.57,1.0000,0
5620,3178,3187,239.82,624.30,182.98,0.8800,0
5621,3179,3187,279.31,624.09,183.01,0.0400,1
5622,3180,3187,279.51,663.58,182.90,0.9200,0
5623,3181,3187,240.02,663.78,182.87,1.0000,0
5624,3178,3188,220.06,624.45,202.71,1.0000,0
5625,3181,3188,220.26,663.94,202.60,1.0000,0
5626,3182,3188,220.23,664.05,242.09,1.0000,0
5627,3183,3188,220.03,624.56,242.20,1.0000,0
5628,3178,3190,239.70,604.61,202.78,1.0000,0
5629,3179,3190,279.19,604.40,202.81,0.8000,0
5630,3183,3190,239.67,604.72,242.27,1.0000,0
5631,3184,3190,279.16,604.51,242.30,1.0000,0
5632,3188,3186,239.87,644.20,242.16,1.0000,0
5633,3188,3187,239.91,644.09,202.67,1.0000,0
5634,3188,3191,239.99,663.89,222.36,0.7600,0
5635,3188,3190,239.79,624.40,222.47,0.6400,0
5636,3189,3187,279.39,643.89,202.70,1.0000,0
5637,3189,3191,279.48,663.69,222.39,0.7200,0
5638,3189,3186,279.36,644.00,242.19,1.0000,0
5639,3190,3187,259.55,624.25,202.74,1.0000,0
5640,3190,3189,279.28,624.20,222.50,0.9200,0
5641,3190,3186,259.52,624.36,242.23,1.0000,0
5642,3191,3186,259.72,663.85,242.12,1.0000,0
5643,3191,3187,259.75,663.74,202.63,0.9600,0
5644,3192,3201,318.80,623.89,183.04,0.9600,0
5645,3193,3201,358.29,623.69,183.08,0.5200,0
5646,3194,3201,358.49,663.18,182.97,0.8000,0
5647,3195,3201,319.00,663.38,182.94,0.8400,0
5648,3192,3202,299.04,624.05,202.77,0.9200,0
5649,3195,3202,299.24,663.54,202.66,1.0000,0
5650,3196,3202,299.21,663.65,242.15,0.9600,0
5651,3197,3202,299.01,624.16,242.26,1.0000,0
5652,3192,3204,318.68,604.20,202.84,1.0000,0
5653,3193,3204,358.17,604.00,202.88,1.0000,0
5654,3197,3204,318.65,604.31,242.33,1.0000,0
5655,3198,3204,358.14,604.11,242.37,1.0000,0
5656,3202,3200,318.85,643.80,242.22,1.0000,0
5657,3202,3201,318.88,643.69,202.73,1.0000,0
5658,3202,3205,318.97,663.49,222.42,0.3200,0
5659,3202,3204,318.77,624.00,222.53,1.0000,0
5660,3203,3201,358.37,643.49,202.77,1.0000,0
5661,3203,3205,358.45,663.29,222.46,0.2000,1
5662,3203,3200,358.34,643.60,242.26,0.6000,0
5663,3204,3201,338.53,623.85,202.81,1.0000,0
5664,3204,3203,358.25,623.80,222.57,1.0000,0
5665,3204,3200,338.49,623.96,242.29,1.0000,0
5666,3205,3200,338.69,663.45,242.19,1.0000,0
5667,3205,3201,338.73,663.34,202.70,0.8000,0
5668,3206,3215,397.77,623.49,183.11,1.0000,0
5669,3207,3215,437.26,623.29,183.14,0.0800,1
5670,3208,3215,437.46,662.78,183.03,0.4800,0
5671,3209,3215,397.98,662.98,183.00,0.4000,0
5672,3206,3216,378.01,623.65,202.84,1.0000,0
5673,3209,3216,378.21,663.14,202.73,1.0000,0
5674,3210,3216,378.18,663.24,242.22,0.8800,0
5675,3211,3216,377.98,623.76,242.33,1.0000,0
5676,3206,3218,397.66,603.80,202.91,1.0000,0
5677,3207,3218,437.15,603.60,202.94,1.0000,0
5678,3211,3218,397.63,603.91,242.40,1.0000,0
5679,3212,3218,437.11,603.71,242.43,0.9200,0
5680,3216,3214,397.83,643.40,242.29,1.0000,0
5681,3216,3215,397.86,643.29,202.80,1.0000,0
5682,3216,3219,397.94,663.09,222.49,0.8000,0
5683,3216,3218,397.74,623.60,222.60,0.8400,0
5684,3217,3215,437.35,643.09,202.83,0.9600,0
5685,3217,3219,437.43,662.89,222.52,0.4000,0
5686,3217,3214,437.31,643.20,242.32,1.0000,0
5687,3218,3215,417.50,623.45,202.87,1.0000,0
5688,3218,3217,437.23,623.40,222.63,1.0000,0
5689,3218,3214,417.47,623.56,242.36,0.9600,0
5690,3219,3214,417.67,663.04,242.25,1.0000,0
5691,3219,3215,417.70,662.93,202.76,0.7200,0
5692,3220,3229,476.75,623.09,183.18,0.3200,0
5693,3221,3229,516.24,622.89,183.21,0.1200,1
5694,3222,3229,516.44,662.38,183.10,0.2800,1
5695,3223,3229,476.95,662.58,183.07,0.0800,1
5696,3220,3230,456.99,623.25,202.90,0.7200,0
5697,3223,3230,457.19,662.73,202.79,1.0000,0
5698,3224,3230,457.16,662.84,242.28,0.8000,0
5699,3225,3230,456.96,623.35,242.39,1.0000,0
5700,3220,3232,476.63,603.40,202.97,0.8000,0
5701,3221,3232,516.12,603.20,203.01,1.0000,0
5702,3225,3232,476.60,603.51,242.46,1.0000,0
5703,3226,3232,516.09,603.31,242.50,0.7600,0
5704,3230,3228,476.80,643.00,242.35,0.6800,0
5705,3230,3229,476.84,642.89,202.87,1.0000,0
5706,3230,3233,476.92,662.69,222.56,1.0000,0
5707,3230,3232,476.72,623.20,222.66,0.2400,1
5708,3231,3229,516.32,642.69,202.90,0.4400,0
5709,3231,3233,516.41,662.49,222.59,0.0800,1
5710,3231,3228,516.29,642.80,242.39,1.0000,0
5711,3232,3229,496.48,623.04,202.94,1.0000,0
5712,3232,3231,516.21,623.00,222.70,1.0000,0
5713,3232,3228,496.45,623.15,242.43,0.9200,0
5714,3233,3228,496.65,662.64,242.32,1.0000,0
5715,3233,3229,496.68,662.53,202.83,0.3600,0
5716,3234,3243,555.73,622.69,183.24,0.1200,1
5717,3235,3243,595.22,622.49,183.27,0.0800,1
5718,3236,3243,595.42,661.98,183.16,0.0800,1
5719,3237,3243,555.93,662.18,183.13,0.0800,1
5720,3234,3244,535.97,622.84,202.97,0.2800,1
5721,3237,3244,536.17,662.33,202.86,1.0000,0
5722,3238,3244,536.14,662.44,242.35,0.2800,1
5723,3239,3244,535.93,622.95,242.46,1.0000,0
5724,3234,3246,555.61,603.00,203.04,0.2000,1
5725,3235,3246,595.10,602.80,203.07,1.0000,0
5726,3239,3246,555.58,603.11,242.53,1.0000,0
5727,3240,3246,595.07,602.91,242.56,0.2400,1
5728,3244,3242,555.78,642.60,242.42,0.1600,1
5729,3244,3243,555.81,642.49,202.93,1.0000,0
5730,3244,3247,555.90,662.29,222.62,1.0000,0
5731,3244,3246,555.70,622.80,222.73,0.0800,1
5732,3245,3243,595.30,642.29,202.96,0.2000,1
5733,3245,3247,595.38,662.09,222.65,0.0800,1
5734,3245,3242,595.27,642.40,242.45,1.0000,0
5735,3246,3243,575.46,622.64,203.00,1.0000,0
5736,3246,3245,595.18,622.60,222.76,1.0000,0
5737,3246,3242,575.42,622.75,242.49,0.1200,1
5738,3247,3242,575.62,662.24,242.38,1.0000,0
5739,3247,3243,575.66,662.13,202.89,0.0800,1
5740,3248,3257,634.70,622.29,183.31,0.1200,1
5741,3249,3257,674.19,622.09,183.34,0.1200,1
5742,3250,3257,674.39,661.57,183.23,0.1200,1
5743,3251,3257,634.90,661.78,183.20,0.1600,1
5744,3248,3258,614.94,622.44,203.03,0.0800,1
5745,3251,3258,615.14,661.93,202.93,1.0000,0
5746,3252,3258,615.11,662.04,242.41,0.0800,1
5747,3253,3258,614.91,622.55,242.52,1.0000,0
5748,3248,3260,634.59,602.60,203.11,0.0000,1
5749,3249,3260,674.08,602.40,203.14,1.0000,0
5750,3253,3260,634.56,602.71,242.59,1.0000,0
5751,3254,3260,674.04,602.51,242.63,0.0000,1
5752,3258,3256,634.76,642.20,242.49,0.0000,1
5753,3258,3257,634.79,642.09,203.00,1.0000,0
5754,3258,3261,634.87,661.88,222.69,0.8000,0
5755,3258,3260,634.67,622.40,222.80,0.0400,1
5756,3259,3257,674.28,641.89,203.03,0.2000,1
5757,3259,3261,674.36,661.68,222.72,0.0800,1
5758,3259,3256,674.24,641.99,242.52,1.0000,0
5759,3260,3257,654.43,622.24,203.07,1.0000,0
5760,3260,3259,674.16,622.20,222.83,0.4800,0
5761,3260,3256,654.40,622.35,242.56,0.0800,1
5762,3261,3256,654.60,661.84,242.45,0.9200,0
5763,3261,3257,654.63,661.73,202.96,0.0800,1
5764,3262,3271,713.68,621.89,183.37,0.1600,1
5765,3263,3271,753.17,621.68,183.40,0.1200,1
5766,3264,3271,753.37,661.17,183.30,0.1600,1
5767,3265,3271,713.88,661.37,183.26,0.1200,1
5768,3262,3272,693.92,622.04,203.10,0.0800,1
5769,3265,3272,694.12,661.53,202.99,0.6000,0
5770,3266,3272,694.09,661.64,242.48,0.0400,1
5771,3267,3272,693.89,622.15,242.59,0.2000,1
5772,3263,3273,772.90,621.64,203.17,0.0000,1
5773,3264,3273,773.10,661.13,203.06,0.0000,1
5774,3268,3273,772.86,621.75,242.65,0.0000,1
5775,3269,3273,773.07,661.24,242.54,0.0000,1
5776,3262,3274,713.56,602.20,203.17,0.0000,1
5777,3263,3274,753.05,602.00,203.20,1.0000,0
5778,3267,3274,713.53,602.31,242.66,1.0000,0
5779,3268,3274,753.02,602.10,242.69,0.0400,1
5780,3272,3270,713.73,641.79,242.55,0.0000,1
5781,3272,3271,713.76,641.68,203.06,1.0000,0
5782,3272,3275,713.85,661.48,222.75,0.1600,1
5783,3272,3274,713.65,621.99,222.86,0.0800,1
5784,3273,3271,753.25,641.48,203.09,0.0000,1
5785,3273,3275,753.34,661.28,222.78,0.0400,1
5786,3273,3270,753.22,641.59,242.58,1.0000,0
5787,3274,3271,733.41,621.84,203.13,0.4400,0
5788,3274,3273,753.14,621.79,222.89,0.3200,0
5789,3274,3270,733.38,621.95,242.62,0.0400,1
5790,3275,3270,733.58,661.44,242.51,0.1600,1
5791,3275,3271,733.61,661.33,203.02,0.0800,1
5792,3276,3285,82.27,704.07,182.63,0.5600,0
5793,3277,3285,121.76,703.87,182.66,0.9200,0
5794,3278,3285,121.96,743.36,182.55,0.8000,0
5795,3279,3285,82.47,743.56,182.52,0.3200,0
5796,3276,3286,62.51,704.23,202.36,0.0400,1
5797,3279,3286,62.71,743.72,202.25,0.4400,0
5798,3280,3286,62.68,743.83,241.74,0.0000,1
5799,3281,3286,62.48,704.34,241.85,1.0000,0
5800,3276,3288,82.15,684.39,202.43,1.0000,0
5801,3277,3288,121.64,684.18,202.46,0.5600,0
5802,3281,3288,82.12,684.49,241.92,0.7200,0
5803,3282,3288,121.61,684.29,241.95,1.0000,0
5804,3278,3289,122.04,763.16,202.24,0.0000,1
5805,3279,3289,82.55,763.36,202.21,0.0000,1
5806,3280,3289,82.52,763.47,241.70,0.0000,1
5807,3283,3289,122.01,763.27,241.73,0.0000,1
5808,3286,3284,82.32,723.98,241.81,1.0000,0
5809,3286,3285,82.35,723.87,202.32,0.2400,1
5810,3286,3289,82.44,743.67,222.01,0.8000,0
5811,3286,3288,82.24,704.18,222.12,1.0000,0
5812,3287,3285,121.84,723.67,202.35,1.0000,0
5813,3287,3289,121.93,743.47,222.04,0.8800,0
5814,3287,3284,121.81,723.78,241.84,0.7200,0
5815,3288,3285,102.00,704.03,202.39,1.0000,0
5816,3288,3287,121.73,703.98,222.15,0.4800,0
5817,3288,3284,101.97,704.14,241.88,0.7600,0
5818,3289,3284,102.17,743.63,241.77,0.8800,0
5819,3289,3285,102.20,743.52,202.28,0.9200,0
5820,3290,3299,161.25,703.67,182.70,0.7200,0
5821,3291,3299,200.73,703.47,182.73,1.0000,0
5822,3292,3299,200.94,742.96,182.62,0.8800,0
5823,3293,3299,161.45,743.16,182.59,0.0000,1
5824,3290,3300,141.49,703.83,202.42,0.8000,0
5825,3293,3300,141.69,743.32,202.31,0.8800,0
5826,3294,3300,141.65,743.43,241.80,0.9600,0
5827,3295,3300,141.45,703.94,241.91,1.0000,0
5828,3290,3302,161.13,683.98,202.49,1.0000,0
5829,3291,3302,200.62,683.78,202.53,0.9600,0
5830,3295,3302,161.10,684.09,241.98,0.9600,0
5831,3296,3302,200.59,683.89,242.02,1.0000,0
5832,3292,3303,201.02,762.76,202.31,0.0000,1
5833,3293,3303,161.53,762.96,202.28,0.0000,1
5834,3294,3303,161.50,763.07,241.76,0.0000,1
5835,3297,3303,200.99,762.87,241.80,0.0000,1
5836,3300,3298,161.30,723.58,241.87,1.0000,0
5837,3300,3299,161.33,723.47,202.39,0.8400,0
5838,3300,3303,161.41,743.27,222.07,0.7600,0
5839,3300,3302,161.21,703.78,222.18,1.0000,0
5840,3301,3299,200.82,723.27,202.42,1.0000,0
5841,3301,3303,200.90,743.07,222.11,0.8800,0
5842,3301,3298,200.79,723.38,241.91,1.0000,0
5843,3302,3299,180.97,703.63,202.46,1.0000,0
5844,3302,3301,200.70,703.58,222.22,0.8800,0
5845,3302,3298,180.94,703.74,241.94,1.0000,0
5846,3303,3298,181.14,743.22,241.84,0.9200,0
5847,3303,3299,181.18,743.12,202.35,0.9600,0
5848,3304,3313,240.22,703.27,182.76,0.9200,0
5849,3305,3313,279.71,703.07,182.79,0.7600,0
5850,3306,3313,279.91,742.56,182.68,0.8800,0
5851,3307,3313,240.42,742.76,182.65,0.8800,0
5852,3304,3314,220.46,703.43,202.49,1.0000,0
5853,3307,3314,220.66,742.91,202.38,0.9200,0
5854,3308,3314,220.63,743.02,241.87,0.9600,0
5855,3309,3314,220.43,703.54,241.98,1.0000,0
5856,3304,3316,240.11,683.58,202.56,1.0000,0
5857,3305,3316,279.59,683.38,202.59,1.0000,0
5858,3309,3316,240.07,683.69,242.05,0.5200,0
5859,3310,3316,279.56,683.49,242.08,1.0000,0
5860,3306,3317,280.00,762.36,202.37,0.0000,1
5861,3307,3317,240.51,762.56,202.34,0.0000,1
5862,3308,3317,240.48,762.67,241.83,0.0000,1
5863,3311,3317,279.96,762.47,241.86,0.0000,1
5864,3314,3312,240.28,723.18,241.94,1.0000,0
5865,3314,3313,240.31,723.07,202.45,1.0000,0
5866,3314,3317,240.39,742.87,222.14,0.7200,0
5867,3314,3316,240.19,703.38,222.25,0.8800,0
5868,3315,3313,279.80,722.87,202.48,1.0000,0
5869,3315,3317,279.88,742.67,222.17,0.8800,0
5870,3315,3312,279.76,722.98,241.97,1.0000,0
5871,3316,3313,259.95,703.23,202.52,1.0000,0
5872,3316,3315,279.68,703.18,222.28,0.6400,0
5873,3316,3312,259.92,703.34,242.01,0.9200,0
5874,3317,3312,260.12,742.82,241.90,0.9200,0
5875,3317,3313,260.15,742.71,202.41,0.9200,0
5876,3318,3327,319.20,702.87,182.83,0.9600,0
5877,3319,3327,358.69,702.67,182.86,0.7200,0
5878,3320,3327,358.89,742.16,182.75,0.7600,0
5879,3321,3327,319.40,742.36,182.72,0.7200,0
5880,3318,3328,299.44,703.02,202.55,0.8400,0
5881,3321,3328,299.64,742.51,202.45,0.9200,0
5882,3322,3328,299.61,742.62,241.93,1.0000,0
5883,3323,3328,299.41,703.13,242.04,1.0000,0
5884,3318,3330,319.08,683.18,202.63,1.0000,0
5885,3319,3330,358.57,682.98,202.66,1.0000,0
5886,3323,3330,319.05,683.29,242.11,1.0000,0
5887,3324,3330,358.54,683.09,242.15,1.0000,0
5888,3320,3331,358.97,761.96,202.44,0.0000,1
5889,3321,3331,319.48,762.16,202.41,0.0000,1
5890,3322,3331,319.45,762.27,241.90,0.0000,1
5891,3325,3331,358.94,762.07,241.93,0.0000,1
5892,3328,3326,319.25,722.78,242.00,1.0000,0
5893,3328,3327,319.28,722.67,202.52,0.9600,0
5894,3328,3331,319.37,742.47,222.21,0.7200,0
5895,3328,3330,319.17,702.98,222.32,0.5600,0
5896,3329,3327,358.77,722.47,202.55,1.0000,0
5897,3329,3331,358.86,742.27,222.24,0.2000,1
5898,3329,3326,358.74,722.58,242.04,1.0000,0
5899,3330,3327,338.93,702.82,202.59,1.0000,0
5900,3330,3329,358.66,702.78,222.35,0.6800,0
5901,3330,3326,338.90,702.93,242.08,0.8400,0
5902,3331,3326,339.10,742.42,241.97,0.9200,0
5903,3331,3327,339.13,742.31,202.48,0.9600,0
5904,3332,3341,398.18,702.47,182.89,0.8400,0
5905,3333,3341,437.66,702.27,182.92,0.1200,1
5906,3334,3341,437.87,741.76,182.82,0.6800,0
5907,3335,3341,398.38,741.96,182.78,0.4400,0
5908,3332,3342,378.42,702.62,202.62,0.9600,0
5909,3335,3342,378.62,742.11,202.51,0.8800,0
5910,3336,3342,378.58,742.22,242.00,0.9200,0
5911,3337,3342,378.38,702.73,242.11,1.0000,0
5912,3332,3344,398.06,682.78,202.69,1.0000,0
5913,3333,3344,437.55,682.58,202.72,1.0000,0
5914,3337,3344,398.03,682.89,242.18,1.0000,0
5915,3338,3344,437.52,682.69,242.21,0.9600,0
5916,3334,3345,437.95,761.55,202.51,0.0000,1
5917,3335,3345,398.46,761.76,202.47,0.0000,1
5918,3336,3345,398.43,761.86,241.96,0.0000,1
5919,3339,3345,437.92,761.66,241.99,0.0000,1
5920,3342,3340,398.23,722.38,242.07,1.0000,0
5921,3342,3341,398.26,722.27,202.58,1.0000,0
5922,3342,3345,398.34,742.07,222.27,0.7200,0
5923,3342,3344,398.14,702.58,222.38,0.0800,1
5924,3343,3341,437.75,722.07,202.61,0.9600,0
5925,3343,3345,437.83,741.86,222.30,0.1600,1
5926,3343,3340,437.72,722.18,242.10,1.0000,0
5927,3344,3341,417.90,702.42,202.65,1.0000,0
5928,3344,3343,437.63,702.38,222.41,0.4000,0
5929,3344,3340,417.87,702.53,242.14,0.6800,0
5930,3345,3340,418.07,742.02,242.03,0.8800,0
5931,3345,3341,418.10,741.91,202.54,0.5600,0
5932,3346,3355,477.15,702.07,182.96,0.6800,0
5933,3347,3355,516.64,701.87,182.99,0.0800,1
5934,3348,3355,516.84,741.35,182.88,0.4000,0
5935,3349,3355,477.35,741.55,182.85,0.0800,1
5936,3346,3356,457.39,702.22,202.69,0.4800,0
5937,3349,3356,457.59,741.71,202.58,0.8800,0
5938,3350,3356,457.56,741.82,242.06,0.7200,0
5939,3351,3356,457.36,702.33,242.17,1.0000,0
5940,3346,3358,477.04,682.38,202.76,0.8000,0
5941,3347,3358,516.52,682.18,202.79,1.0000,0
5942,3351,3358,477.00,682.49,242.24,1.0000,0
5943,3352,3358,516.49,682.29,242.28,0.6400,0
5944,3348,3359,516.93,761.15,202.57,0.0000,1
5945,3349,3359,477.44,761.35,202.54,0.0000,1
5946,3350,3359,477.41,761.46,242.03,0.0000,1
5947,3353,3359,516.89,761.26,242.06,0.0000,1
5948,3356,3354,477.20,721.97,242.14,0.3600,0
5949,3356,3355,477.24,721.87,202.65,1.0000,0
5950,3356,3359,477.32,741.66,222.34,0.4400,0
5951,3356,3358,477.12,702.18,222.45,0.0800,1
5952,3357,3355,516.73,721.66,202.68,0.0800,1
5953,3357,3359,516.81,741.46,222.37,0.0400,1
5954,3357,3354,516.69,721.77,242.17,1.0000,0
5955,3358,3355,496.88,702.02,202.72,1.0000,0
5956,3358,3357,516.61,701.98,222.48,0.2800,1
5957,3358,3354,496.85,702.13,242.21,0.1600,1
5958,3359,3354,497.05,741.62,242.10,0.8800,0
5959,3359,3355,497.08,741.51,202.61,0.1600,1
5960,3360,3369,556.13,701.67,183.02,0.1200,1
5961,3361,3369,595.62,701.46,183.06,0.0400,1
5962,3362,3369,595.82,740.95,182.95,0.1600,1
5963,3363,3369,556.33,741.15,182.91,0.0400,1
5964,3360,3370,536.37,701.82,202.75,0.4000,0
5965,3363,3370,536.57,741.31,202.64,0.8800,0
5966,3364,3370,536.54,741.42,242.13,0.2000,1
5967,3365,3370,536.34,701.93,242.24,1.0000,0
5968,3360,3372,556.01,681.98,202.82,0.0400,1
5969,3361,3372,595.50,681.77,202.85,1.0000,0
5970,3365,3372,555.98,682.09,242.31,1.0000,0
5971,3366,3372,595.47,681.88,242.34,0.0000,1
5972,3362,3373,595.90,760.75,202.64,0.0000,1
5973,3363,3373,556.41,760.95,202.60,0.0000,1
5974,3364,3373,556.38,761.06,242.09,0.0000,1
5975,3367,3373,595.87,760.86,242.12,0.0000,1
5976,3370,3368,556.18,721.57,242.20,0.0400,1
5977,3370,3369,556.21,721.46,202.71,1.0000,0
5978,3370,3373,556.30,741.26,222.40,0.0000,1
5979,3370,3372,556.10,701.77,222.51,0.0800,1
5980,3371,3369,595.70,721.26,202.75,0.0400,1
5981,3371,3373,595.79,741.06,222.43,0.0400,1
5982,3371,3368,595.67,721.37,242.23,1.0000,0
5983,3372,3369,575.86,701.62,202.78,1.0000,0
5984,3372,3371,595.59,701.57,222.54,1.0000,0
5985,3372,3368,575.83,701.73,242.27,0.0800,1
5986,3373,3368,576.03,741.22,242.16,0.8400,0
5987,3373,3369,576.06,741.11,202.67,0.0800,1
5988,3374,3383,635.11,701.26,183.09,0.1200,1
5989,3375,3383,674.59,701.06,183.12,0.1200,1
5990,3376,3383,674.79,740.55,183.01,0.0000,1
5991,3377,3383,635.31,740.75,182.98,0.0800,1
5992,3374,3384,615.35,701.42,202.82,0.0800,1
5993,3377,3384,615.55,740.91,202.71,0.7200,0
5994,3378,3384,615.51,741.02,242.20,0.1200,1
5995,3379,3384,615.31,701.53,242.30,1.0000,0
5996,3374,3386,634.99,681.57,202.89,0.0000,1
5997,3375,3386,674.48,681.37,202.92,1.0000,0
5998,3379,3386,634.96,681.68,242.38,1.0000,0
5999,3380,3386,674.45,681.48,242.41,0.0000,1
6000,3376,3387,674.88,760.35,202.70,0.0000,1
6001,3377,3387,635.39,760.55,202.67,0.0000,1
6002,3378,3387,635.36,760.66,242.16,0.0000,1
6003,3381,3387,674.85,760.46,242.19,0.0000,1
6004,3384,3382,635.16,721.17,242.27,0.0000,1
6005,3384,3383,635.19,721.06,202.78,1.0000,0
6006,3384,3387,635.27,740.86,222.47,0.0000,1
6007,3384,3386,635.07,701.37,222.58,0.0400,1
6008,3385,3383,674.68,720.86,202.81,0.0000,1
6009,3385,3387,674.76,740.66,222.50,0.0800,1
6010,3385,3382,674.65,720.97,242.30,1.0000,0
6011,3386,3383,654.83,701.22,202.85,1.0000,0
6012,3386,3385,674.56,701.17,222.61,0.2800,1
6013,3386,3382,654.80,701.33,242.34,0.0400,1
6014,3387,3382,655.00,740.82,242.23,0.8400,0
6015,3387,3383,655.03,740.71,202.74,0.0800,1
6016,3388,3397,714.08,700.86,183.15,0.1200,1
6017,3389,3397,753.57,700.66,183.19,0.0800,1
6018,3390,3397,753.77,740.15,183.08,0.0000,1
6019,3391,3397,714.28,740.35,183.04,0.0800,1
6020,3388,3398,694.32,701.02,202.88,0.0800,1
6021,3391,3398,694.52,740.51,202.77,0.3200,0
6022,3392,3398,694.49,740.61,242.26,0.0800,1
6023,3393,3398,694.29,701.13,242.37,0.9600,0
6024,3389,3399,773.30,700.62,202.95,0.0000,1
6025,3390,3399,773.50,740.10,202.84,0.0000,1
6026,3394,3399,773.27,700.72,242.44,0.0000,1
6027,3395,3399,773.47,740.21,242.33,0.0000,1
6028,3388,3400,713.97,681.17,202.95,0.0000,1
6029,3389,3400,753.45,680.97,202.99,1.0000,0
6030,3393,3400,713.93,681.28,242.44,0.6800,0
6031,3394,3400,753.42,681.08,242.47,0.0000,1
6032,3390,3401,753.86,759.95,202.77,0.0000,1
6033,3391,3401,714.37,760.15,202.73,0.0000,1
6034,3392,3401,714.34,760.26,242.22,0.0000,1
6035,3395,3401,753.82,760.06,242.26,0.0000,1
6036,3398,3396,714.13,720.77,242.33,0.0000,1
6037,3398,3397,714.17,720.66,202.84,0.9200,0
6038,3398,3401,714.25,740.46,222.53,0.1200,1
6039,3398,3400,714.05,700.97,222.64,0.0800,1
6040,3399,3397,753.65,720.46,202.88,0.0000,1
6041,3399,3401,753.74,740.26,222.57,0.0800,1
6042,3399,3396,753.62,720.57,242.36,1.0000,0
6043,3400,3397,733.81,700.82,202.91,0.1200,1
6044,3400,3399,753.54,700.77,222.68,0.1600,1
6045,3400,3396,733.78,700.93,242.40,0.0800,1
6046,3401,3396,733.98,740.41,242.29,0.0000,1
6047,3401,3397,734.01,740.30,202.81,0.0800,1
6048,3402,3411,78.99,72.48,263.36,1.0000,0
6049,3403,3411,118.48,72.28,263.39,1.0000,0
6050,3404,3411,118.68,111.77,263.28,1.0000,0
6051,3405,3411,79.19,111.97,263.25,1.0000,0
6052,3402,3412,59.23,72.64,283.08,1.0000,0
6053,3405,3412,59.43,112.13,282.97,1.0000,0
6054,3406,3412,59.40,112.24,322.46,1.0000,0
6055,3407,3412,59.20,72.75,322.57,1.0000,0
6056,3402,3414,78.87,52.79,283.15,1.0000,0
6057,3403,3414,118.36,52.59,283.19,1.0000,0
6058,3407,3414,78.84,52.90,322.64,1.0000,0
6059,3408,3414,118.33,52.70,322.68,1.0000,0
6060,3412,3410,79.04,92.39,322.53,1.0000,0
6061,3412,3411,79.08,92.28,283.05,1.0000,0
6062,3412,3415,79.16,112.08,302.73,1.0000,0
6063,3412,3414,78.96,72.59,302.84,1.0000,0
6064,3413,3411,118.56,92.08,283.08,1.0000,0
6065,3413,3415,118.65,111.88,302.77,1.0000,0
6066,3413,3410,118.53,92.19,322.57,1.0000,0
6067,3414,3411,98.72,72.44,283.12,1.0000,0
6068,3414,3413,118.45,72.39,302.88,1.0000,0
6069,3414,3410,98.69,72.55,322.60,1.0000,0
6070,3415,3410,98.89,112.03,322.50,1.0000,0
6071,3415,3411,98.92,111.93,283.01,1.0000,0
6072,3416,3425,157.97,72.08,263.42,1.0000,0
6073,3417,3425,197.46,71.88,263.45,1.0000,0
6074,3418,3425,197.66,111.37,263.34,1.0000,0
6075,3419,3425,158.17,111.57,263.31,1.0000,0
6076,3416,3426,138.21,72.24,283.15,1.0000,0
6077,3419,3426,138.41,111.72,283.04,1.0000,0
6078,3420,3426,138.38,111.83,322.53,1.0000,0
6079,3421,3426,138.18,72.35,322.64,1.0000,0
6080,3416,3428,157.85,52.39,283.22,1.0000,0
6081,3417,3428,197.34,52.19,283.25,1.0000,0
6082,3421,3428,157.82,52.50,322.71,1.0000,0
6083,3422,3428,197.31,52.30,322.74,1.0000,0
6084,3426,3424,158.02,91.99,322.60,1.0000,0
6085,3426,3425,158.05,91.88,283.11,1.0000,0
6086,3426,3429,158.14,111.68,302.80,1.0000,0
6087,3426,3428,157.94,72.19,302.91,1.0000,0
6088,3427,3425,197.54,91.68,283.14,1.0000,0
6089,3427,3429,197.62,111.48,302.83,1.0000,0
6090,3427,3424,197.51,91.79,322.63,1.0000,0
6091,3428,3425,177.70,72.04,283.18,1.0000,0
6092,3428,3427,197.42,71.99,302.94,1.0000,0
6093,3428,3424,177.66,72.15,322.67,1.0000,0
6094,3429,3424,177.86,111.63,322.56,1.0000,0
6095,3429,3425,177.90,111.52,283.07,1.0000,0
6096,3430,3439,236.94,71.68,263.49,1.0000,0
6097,3431,3439,276.43,71.48,263.52,1.0000,0
6098,3432,3439,276.63,110.97,263.41,1.0000,0
6099,3433,3439,237.15,111.17,263.38,1.0000,0
6100,3430,3440,217.18,71.83,283.21,1.0000,0
6101,3433,3440,217.38,111.32,283.10,1.0000,0
6102,3434,3440,217.35,111.43,322.59,1.0000,0
6103,3435,3440,217.15,71.94,322.70,1.0000,0
6104,3430,3442,236.83,51.99,283.29,1.0000,0
6105,3431,3442,276.32,51.79,283.32,1.0000,0
6106,3435,3442,236.80,52.10,322.77,1.0000,0
6107,3436,3442,276.28,51.90,322.81,1.0000,0
6108,3440,3438,237.00,91.59,322.66,1.0000,0
6109,3440,3439,237.03,91.48,283.18,1.0000,0
6110,3440,3443,237.11,111.28,302.87,1.0000,0
6111,3440,3442,236.91,71.79,302.97,1.0000,0
6112,3441,3439,276.52,91.28,283.21,1.0000,0
6113,3441,3443,276.60,111.08,302.90,1.0000,0
6114,3441,3438,276.48,91.39,322.70,1.0000,0
6115,3442,3439,256.67,71.63,283.25,1.0000,0
6116,3442,3441,276.40,71.59,303.01,1.0000,0
6117,3442,3438,256.64,71.74,322.74,1.0000,0
6118,3443,3438,256.84,111.23,322.63,1.0000,0
6119,3443,3439,256.87,111.12,283.14,1.0000,0
6120,3444,3453,315.92,71.28,263.55,1.0000,0
6121,3445,3453,355.41,71.08,263.58,1.0000,0
6122,3446,3453,355.61,110.57,263.48,1.0000,0
6123,3447,3453,316.12,110.77,263.44,1.0000,0
6124,3444,3454,296.16,71.43,283.28,1.0000,0
6125,3447,3454,296.36,110.92,283.17,1.0000,0
6126,3448,3454,296.33,111.03,322.66,1.0000,0
6127,3449,3454,296.13,71.54,322.77,0.8400,0
6128,3444,3456,315.80,51.59,283.35,1.0000,0
6129,3445,3456,355.29,51.39,283.38,1.0000,0
6130,3449,3456,315.77,51.70,322.84,1.0000,0
6131,3450,3456,355.26,51.50,322.87,0.9600,0
6132,3454,3452,315.97,91.19,322.73,1.0000,0
6133,3454,3453,316.01,91.08,283.24,1.0000,0
6134,3454,3457,316.09,110.88,302.93,1.0000,0
6135,3454,3456,315.89,71.39,303.04,1.0000,0
6136,3455,3453,355.49,90.88,283.27,1.0000,0
6137,3455,3457,355.58,110.68,302.96,1.0000,0
6138,3455,3452,355.46,90.99,322.76,1.0000,0
6139,3456,3453,335.65,71.23,283.31,1.0000,0
6140,3456,3455,355.38,71.19,303.07,1.0000,0
6141,3456,3452,335.62,71.34,322.80,0.3200,0
6142,3457,3452,335.82,110.83,322.69,1.0000,0
6143,3457,3453,335.85,110.72,283.20,1.0000,0
6144,3458,3467,394.90,70.88,263.62,1.0000,0
6145,3459,3467,434.39,70.68,263.65,1.0000,0
6146,3460,3467,434.59,110.16,263.54,1.0000,0
6147,3461,3467,395.10,110.36,263.51,1.0000,0
6148,3458,3468,375.14,71.03,283.35,1.0000,0
6149,3461,3468,375.34,110.52,283.24,1.0000,0
6150,3462,3468,375.31,110.63,322.72,1.0000,0
6151,3463,3468,375.11,71.14,322.83,0.4400,0
6152,3458,3470,394.78,51.19,283.42,1.0000,0
6153,3459,3470,434.27,50.99,283.45,1.0000,0
6154,3463,3470,394.75,51.30,322.90,1.0000,0
6155,3464,3470,434.24,51.10,322.94,1.0000,0
6156,3468,3466,394.95,90.78,322.80,1.0000,0
6157,3468,3467,394.98,90.68,283.31,1.0000,0
6158,3468,3471,395.07,110.47,303.00,1.0000,0
6159,3468,3470,394.87,70.99,303.11,1.0000,0
6160,3469,3467,434.47,90.47,283.34,1.0000,0
6161,3469,3471,434.55,110.27,303.03,1.0000,0
6162,3469,3466,434.44,90.58,322.83,1.0000,0
6163,3470,3467,414.63,70.83,283.38,1.0000,0
6164,3470,3469,434.35,70.79,303.14,1.0000,0
6165,3470,3466,414.59,70.94,322.87,1.0000,0
6166,3471,3466,414.79,110.43,322.76,0.2000,1
6167,3471,3467,414.83,110.32,283.27,1.0000,0
6168,3472,3481,473.87,70.48,263.68,1.0000,0
6169,3473,3481,513.36,70.27,263.72,1.0000,0
6170,3474,3481,513.56,109.76,263.61,1.0000,0
6171,3475,3481,474.07,109.96,263.57,1.0000,0
6172,3472,3482,454.11,70.63,283.41,1.0000,0
6173,3475,3482,454.31,110.12,283.30,1.0000,0
6174,3476,3482,454.28,110.23,322.79,1.0000,0
6175,3477,3482,454.08,70.74,322.90,1.0000,0
6176,3472,3484,473.76,50.79,283.48,0.5200,0
6177,3473,3484,513.25,50.58,283.51,1.0000,0
6178,3477,3484,473.73,50.90,322.97,1.0000,0
6179,3478,3484,513.21,50.69,323.00,1.0000,0
6180,3482,3480,473.93,90.38,322.86,1.0000,0
6181,3482,3481,473.96,90.27,283.37,1.0000,0
6182,3482,3485,474.04,110.07,303.06,1.0000,0
6183,3482,3484,473.84,70.58,303.17,1.0000,0
6184,3483,3481,513.45,90.07,283.40,1.0000,0
6185,3483,3485,513.53,109.87,303.09,1.0000,0
6186,3483,3480,513.41,90.18,322.89,1.0000,0
6187,3484,3481,493.60,70.43,283.44,1.0000,0
6188,3484,3483,513.33,70.38,303.20,1.0000,0
6189,3484,3480,493.57,70.54,322.93,1.0000,0
6190,3485,3480,493.77,110.03,322.82,1.0000,0
6191,3485,3481,493.80,109.92,283.33,1.0000,0
6192,3486,3495,552.85,70.07,263.75,1.0000,0
6193,3487,3495,592.34,69.87,263.78,1.0000,0
6194,3488,3495,592.54,109.36,263.67,1.0000,0
6195,3489,3495,553.05,109.56,263.64,1.0000,0
6196,3486,3496,533.09,70.23,283.48,1.0000,0
6197,3489,3496,533.29,109.72,283.37,1.0000,0
6198,3490,3496,533.26,109.83,322.86,1.0000,0
6199,3491,3496,533.06,70.34,322.96,1.0000,0
6200,3486,3498,552.73,50.38,283.55,0.8400,0
6201,3487,3498,592.22,50.18,283.58,1.0000,0
6202,3491,3498,552.70,50.49,323.04,1.0000,0
6203,3492,3498,592.19,50.29,323.07,0.4800,0
6204,3496,3494,552.90,89.98,322.93,1.0000,0
6205,3496,3495,552.93,89.87,283.44,1.0000,0
6206,3496,3499,553.02,109.67,303.13,1.0000,0
6207,3496,3498,552.82,70.18,303.24,1.0000,0
6208,3497,3495,592.42,89.67,283.47,0.1200,1
6209,3497,3499,592.51,109.47,303.16,0.6400,0
6210,3497,3494,592.39,89.78,322.96,1.0000,0
6211,3498,3495,572.58,70.03,283.51,0.1600,1
6212,3498,3497,592.31,69.98,303.27,0.9600,0
6213,3498,3494,572.55,70.14,323.00,0.6400,0
6214,3499,3494,572.75,109.63,322.89,0.3600,0
6215,3499,3495,572.78,109.52,283.40,0.3200,0
6216,3500,3509,631.83,69.67,263.81,1.0000,0
6217,3501,3509,671.32,69.47,263.85,0.6800,0
6218,3502,3509,671.52,108.96,263.74,0.4400,0
6219,3503,3509,632.03,109.16,263.70,0.2000,1
6220,3500,3510,612.07,69.83,283.54,0.1600,1
6221,3503,3510,612.27,109.32,283.43,0.6800,0
6222,3504,3510,612.24,109.42,322.92,0.0400,1
6223,3505,3510,612.03,69.94,323.03,0.9200,0
6224,3500,3512,631.71,49.98,283.61,0.0000,1
6225,3501,3512,671.20,49.78,283.65,0.6400,0
6226,3505,3512,631.68,50.09,323.10,1.0000,0
6227,3506,3512,671.17,49.89,323.13,0.0000,1
6228,3510,3508,631.88,89.58,322.99,0.1200,1
6229,3510,3509,631.91,89.47,283.50,1.0000,0
6230,3510,3513,632.00,109.27,303.19,1.0000,0
6231,3510,3512,631.80,69.78,303.30,0.2000,1
6232,3511,3509,671.40,89.27,283.54,0.0000,1
6233,3511,3513,671.48,109.07,303.23,0.0800,1
6234,3511,3508,671.37,89.38,323.02,0.0800,1
6235,3512,3509,651.56,69.63,283.57,0.2000,1
6236,3512,3511,671.28,69.58,303.33,1.0000,0
6237,3512,3508,651.52,69.74,323.06,0.3200,0
6238,3513,3508,651.72,109.22,322.95,0.0800,1
6239,3513,3509,651.76,109.11,283.46,0.0800,1
6240,3514,3523,710.80,69.27,263.88,1.0000,0
6241,3515,3523,750.29,69.07,263.91,0.1600,1
6242,3516,3523,750.49,108.56,263.80,1.0000,0
6243,3517,3523,711.00,108.76,263.77,0.1200,1
6244,3514,3524,691.04,69.43,283.61,0.1200,1
6245,3517,3524,691.24,108.91,283.50,0.0800,1
6246,3518,3524,691.21,109.02,322.99,0.0000,1
6247,3519,3524,691.01,69.53,323.10,0.0800,1
6248,3515,3525,770.02,69.02,283.67,0.0000,1
6249,3516,3525,770.22,108.51,283.56,0.0000,1
6250,3520,3525,769.99,69.13,323.16,0.0000,1
6251,3521,3525,770.19,108.62,323.05,0.0000,1
6252,3514,3526,710.69,49.58,283.68,0.0400,1
6253,3515,3526,750.18,49.38,283.71,0.9600,0
6254,3519,3526,710.66,49.69,323.17,0.5600,0
6255,3520,3526,750.14,49.49,323.20,0.0000,1
6256,3524,3522,710.86,89.18,323.06,0.0000,1
6257,3524,3523,710.89,89.07,283.57,0.6400,0
6258,3524,3527,710.97,108.87,303.26,0.7600,0
6259,3524,3526,710.77,69.38,303.37,0.0800,1
6260,3525,3523,750.38,88.87,283.60,0.0800,1
6261,3525,3527,750.46,108.67,303.29,0.0000,1
6262,3525,3522,750.34,88.98,323.09,0.8800,0
6263,3526,3523,730.53,69.22,283.64,0.0800,1
6264,3526,3525,750.26,69.18,303.40,1.0000,0
6265,3526,3522,730.50,69.33,323.13,0.0400,1
6266,3527,3522,730.70,108.82,323.02,0.2400,1
6267,3527,3523,730.73,108.71,283.53,0.0800,1
6268,3528,3537,79.39,151.46,263.14,1.0000,0
6269,3529,3537,118.88,151.26,263.17,1.0000,0
6270,3530,3537,119.08,190.75,263.06,1.0000,0
6271,3531,3537,79.59,190.95,263.03,1.0000,0
6272,3528,3538,59.63,151.61,282.86,1.0000,0
6273,3531,3538,59.83,191.10,282.76,1.0000,0
6274,3532,3538,59.80,191.21,322.24,1.0000,0
6275,3533,3538,59.60,151.72,322.35,1.0000,0
6276,3528,3540,79.28,131.77,282.94,1.0000,0
6277,3529,3540,118.76,131.57,282.97,1.0000,0
6278,3533,3540,79.24,131.88,322.42,1.0000,0
6279,3534,3540,118.73,131.68,322.46,1.0000,0
6280,3538,3536,79.45,171.37,322.32,1.0000,0
6281,3538,3537,79.48,171.26,282.83,1.0000,0
6282,3538,3541,79.56,191.06,302.52,1.0000,0
6283,3538,3540,79.36,151.57,302.63,1.0000,0
6284,3539,3537,118.97,171.06,282.86,1.0000,0
6285,3539,3541,119.05,190.86,302.55,1.0000,0
6286,3539,3536,118.93,171.17,322.35,1.0000,0
6287,3540,3537,99.12,151.41,282.90,1.0000,0
6288,3540,3539,118.85,151.37,302.66,1.0000,0
6289,3540,3536,99.09,151.52,322.39,1.0000,0
6290,3541,3536,99.29,191.01,322.28,1.0000,0
6291,3541,3537,99.32,190.90,282.79,1.0000,0
6292,3542,3551,158.37,151.06,263.20,1.0000,0
6293,3543,3551,197.86,150.86,263.24,1.0000,0
6294,3544,3551,198.06,190.35,263.13,1.0000,0
6295,3545,3551,158.57,190.55,263.09,1.0000,0
6296,3542,3552,138.61,151.21,282.93,1.0000,0
6297,3545,3552,138.81,190.70,282.82,1.0000,0
6298,3546,3552,138.78,190.81,322.31,1.0000,0
6299,3547,3552,138.58,151.32,322.42,1.0000,0
6300,3542,3554,158.25,131.37,283.00,1.0000,0
6301,3543,3554,197.74,131.17,283.03,1.0000,0
6302,3547,3554,158.22,131.48,322.49,1.0000,0
6303,3548,3554,197.71,131.28,322.52,1.0000,0
6304,3552,3550,158.42,170.97,322.38,1.0000,0
6305,3552,3551,158.45,170.86,282.89,1.0000,0
6306,3552,3555,158.54,190.66,302.58,1.0000,0
6307,3552,3554,158.34,151.17,302.69,1.0000,0
6308,3553,3551,197.94,170.66,282.92,1.0000,0
6309,3553,3555,198.03,190.45,302.61,1.0000,0
6310,3553,3550,197.91,170.77,322.41,1.0000,0
6311,3554,3551,178.10,151.01,282.96,1.0000,0
6312,3554,3553,197.83,150.97,302.72,1.0000,0
6313,3554,3550,178.07,151.12,322.45,1.0000,0
6314,3555,3550,178.27,190.61,322.34,1.0000,0
6315,3555,3551,178.30,190.50,282.85,1.0000,0
6316,3556,3565,237.35,150.66,263.27,1.0000,0
6317,3557,3565,276.83,150.46,263.30,1.0000,0
6318,3558,3565,277.04,189.94,263.19,1.0000,0
6319,3559,3565,237.55,190.14,263.16,1.0000,0
6320,3556,3566,217.59,150.81,283.00,1.0000,0
6321,3559,3566,217.79,190.30,282.89,1.0000,0
6322,3560,3566,217.75,190.41,322.38,1.0000,0
6323,3561,3566,217.55,150.92,322.48,1.0000,0
6324,3556,3568,237.23,130.97,283.07,1.0000,0
6325,3557,3568,276.72,130.77,283.10,1.0000,0
6326,3561,3568,237.20,131.08,322.56,1.0000,0
6327,3562,3568,276.69,130.88,322.59,1.0000,0
6328,3566,3564,237.40,170.56,322.45,1.0000,0
6329,3566,3565,237.43,170.45,282.96,1.0000,0
6330,3566,3569,237.51,190.25,302.65,1.0000,0
6331,3566,3568,237.31,150.77,302.76,1.0000,0
6332,3567,3565,276.92,170.25,282.99,1.0000,0
6333,3567,3569,277.00,190.05,302.68,1.0000,0
6334,3567,3564,276.89,170.36,322.48,0.7200,0
6335,3568,3565,257.07,150.61,283.03,1.0000,0
6336,3568,3567,276.80,150.56,302.79,1.0000,0
6337,3568,3564,257.04,150.72,322.52,1.0000,0
6338,3569,3564,257.24,190.21,322.41,1.0000,0
6339,3569,3565,257.28,190.10,282.92,1.0000,0
6340,3570,3579,316.32,150.25,263.33,1.0000,0
6341,3571,3579,355.81,150.05,263.37,1.0000,0
6342,3572,3579,356.01,189.54,263.26,1.0000,0
6343,3573,3579,316.52,189.74,263.22,1.0000,0
6344,3570,3580,296.56,150.41,283.06,1.0000,0
6345,3573,3580,296.76,189.90,282.95,1.0000,0
6346,3574,3580,296.73,190.01,322.44,1.0000,0
6347,3575,3580,296.53,150.52,322.55,1.0000,0
6348,3570,3582,316.21,130.57,283.13,1.0000,0
6349,3571,3582,355.69,130.36,283.16,1.0000,0
6350,3575,3582,316.17,130.67,322.62,1.0000,0
6351,3576,3582,355.66,130.47,322.65,1.0000,0
6352,3580,3578,316.37,170.16,322.51,1.0000,0
6353,3580,3579,316.41,170.05,283.02,1.0000,0
6354,3580,3583,316.49,189.85,302.71,1.0000,0
6355,3580,3582,316.29,150.36,302.82,1.0000,0
6356,3581,3579,355.90,169.85,283.06,0.7600,0
6357,3581,3583,355.98,189.65,302.75,1.0000,0
6358,3581,3578,355.86,169.96,322.54,0.8400,0
6359,3582,3579,336.05,150.21,283.09,1.0000,0
6360,3582,3581,355.78,150.16,302.85,1.0000,0
6361,3582,3578,336.02,150.32,322.58,1.0000,0
6362,3583,3578,336.22,189.81,322.47,1.0000,0
6363,3583,3579,336.25,189.70,282.98,1.0000,0
6364,3584,3593,395.30,149.85,263.40,1.0000,0
6365,3585,3593,434.79,149.65,263.43,1.0000,0
6366,3586,3593,434.99,189.14,263.32,1.0000,0
6367,3587,3593,395.50,189.34,263.29,1.0000,0
6368,3584,3594,375.54,150.01,283.13,1.0000,0
6369,3587,3594,375.74,189.50,283.02,1.0000,0
6370,3588,3594,375.71,189.61,322.51,1.0000,0
6371,3589,3594,375.51,150.12,322.62,1.0000,0
6372,3584,3596,395.18,130.16,283.20,1.0000,0
6373,3585,3596,434.67,129.96,283.23,1.0000,0
6374,3589,3596,395.15,130.27,322.69,1.0000,0
6375,3590,3596,434.64,130.07,322.72,1.0000,0
6376,3594,3592,395.35,169.76,322.58,1.0000,0
6377,3594,3593,395.38,169.65,283.09,1.0000,0
6378,3594,3597,395.47,189.45,302.78,1.0000,0
6379,3594,3596,395.27,149.96,302.89,1.0000,0
6380,3595,3593,434.87,169.45,283.12,1.0000,0
6381,3595,3597,434.96,189.25,302.81,1.0000,0
6382,3595,3592,434.84,169.56,322.61,1.0000,0
6383,3596,3593,415.03,149.81,283.16,1.0000,0
6384,3596,3595,434.76,149.76,302.92,1.0000,0
6385,3596,3592,415.00,149.92,322.65,1.0000,0
6386,3597,3592,415.20,189.40,322.54,1.0000,0
6387,3597,3593,415.23,189.30,283.05,1.0000,0
6388,3598,3607,474.28,149.45,263.46,0.9200,0
6389,3599,3607,513.76,149.25,263.50,0.8000,0
6390,3600,3607,513.96,188.74,263.39,0.8800,0
6391,3601,3607,474.48,188.94,263.35,0.8800,0
6392,3598,3608,454.52,149.61,283.19,1.0000,0
6393,3601,3608,454.72,189.09,283.08,1.0000,0
6394,3602,3608,454.68,189.20,322.57,1.0000,0
6395,3603,3608,454.48,149.72,322.68,1.0000,0
6396,3598,3610,474.16,129.76,283.26,1.0000,0
6397,3599,3610,513.65,129.56,283.30,1.0000,0
6398,3603,3610,474.13,129.87,322.75,1.0000,0
6399,3604,3610,513.62,129.67,322.78,1.0000,0
6400,3608,3606,474.33,169.36,322.64,1.0000,0
6401,3608,3607,474.36,169.25,283.15,1.0000,0
6402,3608,3611,474.44,189.05,302.84,1.0000,0
6403,3608,3610,474.24,149.56,302.95,1.0000,0
6404,3609,3607,513.85,169.05,283.19,1.0000,0
6405,3609,3611,513.93,188.85,302.88,1.0000,0
6406,3609,3606,513.82,169.16,322.68,1.0000,0
6407,3610,3607,494.00,149.41,283.22,1.0000,0
6408,3610,3609,513.73,149.36,302.99,1.0000,0
6409,3610,3606,493.97,149.52,322.71,1.0000,0
6410,3611,3606,494.17,189.00,322.60,1.0000,0
6411,3611,3607,494.20,188.89,283.12,1.0000,0
6412,3612,3621,553.25,149.05,263.53,1.0000,0
6413,3613,3621,592.74,148.85,263.56,0.8000,0
6414,3614,3621,592.94,188.34,263.45,0.7200,0
6415,3615,3621,553.45,188.54,263.42,0.0800,1
6416,3612,3622,533.49,149.20,283.26,0.8000,0
6417,3615,3622,533.69,188.69,283.15,1.0000,0
6418,3616,3622,533.66,188.80,322.64,0.9600,0
6419,3617,3622,533.46,149.31,322.75,0.9200,0
6420,3612,3624,553.14,129.36,283.33,0.3600,0
6421,3613,3624,592.62,129.16,283.36,1.0000,0
6422,3617,3624,553.10,129.47,322.82,1.0000,0
6423,3618,3624,592.59,129.27,322.85,0.3600,0
6424,3622,3620,553.30,168.96,322.71,0.4000,0
6425,3622,3621,553.34,168.85,283.22,1.0000,0
6426,3622,3625,553.42,188.65,302.91,1.0000,0
6427,3622,3624,553.22,149.16,303.02,0.8000,0
6428,3623,3621,592.83,168.65,283.25,0.3600,0
6429,3623,3625,592.91,188.45,302.94,0.2400,1
6430,3623,3620,592.79,168.76,322.74,1.0000,0
6431,3624,3621,572.98,149.00,283.29,0.5200,0
6432,3624,3623,592.71,148.96,303.05,1.0000,0
6433,3624,3620,572.95,149.11,322.78,0.5200,0
6434,3625,3620,573.15,188.60,322.67,0.9200,0
6435,3625,3621,573.18,188.49,283.18,0.8800,0
6436,3626,3635,632.23,148.65,263.59,1.0000,0
6437,3627,3635,671.72,148.45,263.63,0.3200,0
6438,3628,3635,671.92,187.94,263.52,0.5600,0
6439,3629,3635,632.43,188.14,263.49,0.0800,1
6440,3626,3636,612.47,148.80,283.32,0.3600,0
6441,3629,3636,612.67,188.29,283.21,0.1200,1
6442,3630,3636,612.64,188.40,322.70,0.0800,1
6443,3631,3636,612.44,148.91,322.81,0.8400,0
6444,3626,3638,632.11,128.96,283.39,0.0400,1
6445,3627,3638,671.60,128.76,283.43,1.0000,0
6446,3631,3638,632.08,129.07,322.88,1.0000,0
6447,3632,3638,671.57,128.87,322.92,0.0000,1
6448,3636,3634,632.28,168.56,322.77,0.0400,1
6449,3636,3635,632.31,168.45,283.28,1.0000,0
6450,3636,3639,632.40,188.25,302.97,0.9600,0
6451,3636,3638,632.20,148.76,303.08,0.1200,1
6452,3637,3635,671.80,168.25,283.32,0.0000,1
6453,3637,3639,671.89,188.04,303.01,0.0800,1
6454,3637,3634,671.77,168.36,322.81,1.0000,0
6455,3638,3635,651.96,148.60,283.36,0.0800,1
6456,3638,3637,671.69,148.56,303.12,0.6400,0
6457,3638,3634,651.92,148.71,322.84,0.1200,1
6458,3639,3634,652.13,188.20,322.74,0.2400,1
6459,3639,3635,652.16,188.09,283.25,0.0400,1
6460,3640,3649,711.21,148.25,263.66,1.0000,0
6461,3641,3649,750.69,148.05,263.69,0.1200,1
6462,3642,3649,750.89,187.53,263.58,0.8800,0
6463,3643,3649,711.41,187.73,263.55,0.1200,1
6464,3640,3650,691.45,148.40,283.39,0.0400,1
6465,3643,3650,691.65,187.89,283.28,0.0800,1
6466,3644,3650,691.61,188.00,322.77,0.1200,1
6467,3645,3650,691.41,148.51,322.88,0.0800,1
6468,3641,3651,770.42,148.00,283.45,0.0000,1
6469,3642,3651,770.62,187.49,283.34,0.0000,1
6470,3646,3651,770.39,148.11,322.94,0.5200,0
6471,3647,3651,770.59,187.60,322.83,0.0000,1
6472,3640,3652,711.09,128.56,283.46,0.0400,1
6473,3641,3652,750.58,128.36,283.49,0.6000,0
6474,3645,3652,711.06,128.67,322.95,1.0000,0
6475,3646,3652,750.55,128.47,322.98,0.0800,1
6476,3650,3648,711.26,168.15,322.84,0.0000,1
6477,3650,3649,711.29,168.05,283.35,1.0000,0
6478,3650,3653,711.37,187.84,303.04,0.2000,1
6479,3650,3652,711.17,148.36,303.15,0.0800,1
6480,3651,3649,750.78,167.84,283.38,0.0000,1
6481,3651,3653,750.86,187.64,303.07,0.0800,1
6482,3651,3648,750.75,167.95,322.87,0.4000,0
6483,3652,3649,730.93,148.20,283.42,0.1200,1
6484,3652,3651,750.66,148.16,303.18,0.7200,0
6485,3652,3648,730.90,148.31,322.91,0.0800,1
6486,3653,3648,731.10,187.80,322.80,0.0400,1
6487,3653,3649,731.13,187.69,283.31,0.0800,1
6488,3654,3663,79.79,230.44,262.92,1.0000,0
6489,3655,3663,119.28,230.23,262.95,1.0000,0
6490,3656,3663,119.48,269.72,262.84,1.0000,0
6491,3657,3663,80.00,269.92,262.81,1.0000,0
6492,3654,3664,60.03,230.59,282.65,1.0000,0
6493,3657,3664,60.24,270.08,282.54,1.0000,0
6494,3658,3664,60.20,270.19,322.03,1.0000,0
6495,3659,3664,60.00,230.70,322.13,1.0000,0
6496,3654,3666,79.68,210.75,282.72,1.0000,0
6497,3655,3666,119.17,210.55,282.75,1.0000,0
6498,3659,3666,79.65,210.86,322.21,1.0000,0
6499,3660,3666,119.13,210.65,322.24,1.0000,0
6500,3664,3662,79.85,250.34,322.10,1.0000,0
6501,3664,3663,79.88,250.23,282.61,1.0000,0
6502,3664,3667,79.96,270.03,302.30,1.0000,0
6503,3664,3666,79.76,230.55,302.41,1.0000,0
6504,3665,3663,119.37,250.03,282.64,1.0000,0
6505,3665,3667,119.45,269.83,302.33,1.0000,0
6506,3665,3662,119.34,250.14,322.13,1.0000,0
6507,3666,3663,99.52,230.39,282.68,1.0000,0
6508,3666,3665,119.25,230.34,302.44,1.0000,0
6509,3666,3662,99.49,230.50,322.17,1.0000,0
6510,3667,3662,99.69,269.99,322.06,1.0000,0
6511,3667,3663,99.72,269.88,282.57,1.0000,0
6512,3668,3677,158.77,230.03,262.98,1.0000,0
6513,3669,3677,198.26,229.83,263.02,1.0000,0
6514,3670,3677,198.46,269.32,262.91,1.0000,0
6515,3671,3677,158.97,269.52,262.87,1.0000,0
6516,3668,3678,139.01,230.19,282.71,1.0000,0
6517,3671,3678,139.21,269.68,282.60,1.0000,0
6518,3672,3678,139.18,269.79,322.09,1.0000,0
6519,3673,3678,138.98,230.30,322.20,1.0000,0
6520,3668,3680,158.65,210.34,282.78,1.0000,0
6521,3669,3680,198.14,210.14,282.82,1.0000,0
6522,3673,3680,158.62,210.45,322.27,1.0000,0
6523,3674,3680,198.11,210.25,322.30,1.0000,0
6524,3678,3676,158.82,249.94,322.16,1.0000,0
6525,3678,3677,158.86,249.83,282.67,1.0000,0
6526,3678,3681,158.94,269.63,302.36,1.0000,0
6527,3678,3680,158.74,230.14,302.47,1.0000,0
6528,3679,3677,198.34,249.63,282.71,1.0000,0
6529,3679,3681,198.43,269.43,302.40,1.0000,0
6530,3679,3676,198.31,249.74,322.19,1.0000,0
6531,3680,3677,178.50,229.99,282.74,1.0000,0
6532,3680,3679,198.23,229.94,302.51,1.0000,0
6533,3680,3676,178.47,230.10,322.23,1.0000,0
6534,3681,3676,178.67,269.59,322.12,1.0000,0
6535,3681,3677,178.70,269.48,282.64,1.0000,0
6536,3682,3691,237.75,229.63,263.05,1.0000,0
6537,3683,3691,277.24,229.43,263.08,1.0000,0
6538,3684,3691,277.44,268.92,262.97,1.0000,0
6539,3685,3691,237.95,269.12,262.94,1.0000,0
6540,3682,3692,217.99,229.79,282.78,1.0000,0
6541,3685,3692,218.19,269.28,282.67,1.0000,0
6542,3686,3692,218.16,269.39,322.16,1.0000,0
6543,3687,3692,217.96,229.90,322.27,1.0000,0
6544,3682,3694,237.63,209.94,282.85,1.0000,0
6545,3683,3694,277.12,209.74,282.88,1.0000,0
6546,3687,3694,237.60,210.05,322.34,1.0000,0
6547,3688,3694,277.09,209.85,322.37,1.0000,0
6548,3692,3690,237.80,249.54,322.23,1.0000,0
6549,3692,3691,237.83,249.43,282.74,1.0000,0
6550,3692,3695,237.92,269.23,302.43,1.0000,0
6551,3692,3694,237.72,229.74,302.54,1.0000,0
6552,3693,3691,277.32,249.23,282.77,1.0000,0
6553,3693,3695,277.40,269.03,302.46,1.0000,0
6554,3693,3690,277.29,249.34,322.26,1.0000,0
6555,3694,3691,257.48,229.59,282.81,1.0000,0
6556,3694,3693,277.20,229.54,302.57,1.0000,0
6557,3694,3690,257.44,229.70,322.30,1.0000,0
6558,3695,3690,257.64,269.18,322.19,1.0000,0
6559,3695,3691,257.68,269.07,282.70,1.0000,0
6560,3696,3705,316.72,229.23,263.11,1.0000,0
6561,3697,3705,356.21,229.03,263.15,1.0000,0
6562,3698,3705,356.41,268.52,263.04,1.0000,0
6563,3699,3705,316.93,268.72,263.01,1.0000,0
6564,3696,3706,296.96,229.39,282.84,1.0000,0
6565,3699,3706,297.17,268.87,282.73,1.0000,0
6566,3700,3706,297.13,268.98,322.22,1.0000,0
6567,3701,3706,296.93,229.50,322.33,1.0000,0
6568,3696,3708,316.61,209.54,282.91,1.0000,0
6569,3697,3708,356.10,209.34,282.95,1.0000,0
6570,3701,3708,316.58,209.65,322.40,1.0000,0
6571,3702,3708,356.06,209.45,322.44,1.0000,0
6572,3706,3704,316.78,249.14,322.29,1.0000,0
6573,3706,3705,316.81,249.03,282.80,1.0000,0
6574,3706,3709,316.89,268.83,302.49,1.0000,0
6575,3706,3708,316.69,229.34,302.60,1.0000,0
6576,3707,3705,356.30,248.83,282.84,1.0000,0
6577,3707,3709,356.38,268.63,302.53,1.0000,0
6578,3707,3704,356.26,248.94,322.33,1.0000,0
6579,3708,3705,336.45,229.19,282.88,1.0000,0
6580,3708,3707,356.18,229.14,302.64,1.0000,0
6581,3708,3704,336.42,229.29,322.36,1.0000,0
6582,3709,3704,336.62,268.78,322.25,1.0000,0
6583,3709,3705,336.65,268.67,282.77,1.0000,0
6584,3710,3719,395.70,228.83,263.18,1.0000,0
6585,3711,3719,435.19,228.63,263.21,1.0000,0
6586,3712,3719,435.39,268.12,263.10,1.0000,0
6587,3713,3719,395.90,268.32,263.07,1.0000,0
6588,3710,3720,375.94,228.98,282.91,1.0000,0
6589,3713,3720,376.14,268.47,282.80,1.0000,0
6590,3714,3720,376.11,268.58,322.29,1.0000,0
6591,3715,3720,375.91,229.09,322.40,1.0000,0
6592,3710,3722,395.58,209.14,282.98,1.0000,0
6593,3711,3722,435.07,208.94,283.01,1.0000,0
6594,3715,3722,395.55,209.25,322.47,1.0000,0
6595,3716,3722,435.04,209.05,322.50,1.0000,0
6596,3720,3718,395.75,248.74,322.36,1.0000,0
6597,3720,3719,395.79,248.63,282.87,1.0000,0
6598,3720,3723,395.87,268.43,302.56,1.0000,0
6599,3720,3722,395.67,228.94,302.67,1.0000,0
6600,3721,3719,435.27,248.43,282.90,0.9600,0
6601,3721,3723,435.36,268.23,302.59,1.0000,0
6602,3721,3718,435.24,248.54,322.39,1.0000,0
6603,3722,3719,415.43,228.78,282.94,1.0000,0
6604,3722,3721,435.16,228.74,302.70,1.0000,0
6605,3722,3718,415.40,228.89,322.43,1.0000,0
6606,3723,3718,415.60,268.38,322.32,1.0000,0
6607,3723,3719,415.63,268.27,282.83,1.0000,0
6608,3724,3733,474.68,228.43,263.25,1.0000,0
6609,3725,3733,514.17,228.23,263.28,0.4000,0
6610,3726,3733,514.37,267.72,263.17,0.9600,0
6611,3727,3733,474.88,267.92,263.14,0.9200,0
6612,3724,3734,454.92,228.58,282.97,1.0000,0
6613,3727,3734,455.12,268.07,282.86,1.0000,0
6614,3728,3734,455.09,268.18,322.35,1.0000,0
6615,3729,3734,454.89,228.69,322.46,1.0000,0
6616,3724,3736,474.56,208.74,283.04,1.0000,0
6617,3725,3736,514.05,208.54,283.08,1.0000,0
6618,3729,3736,474.53,208.85,322.53,1.0000,0
6619,3730,3736,514.02,208.65,322.57,0.9600,0
6620,3734,3732,474.73,248.34,322.42,1.0000,0
6621,3734,3733,474.76,248.23,282.94,1.0000,0
6622,3734,3737,474.85,268.03,302.62,1.0000,0
6623,3734,3736,474.65,228.54,302.73,1.0000,0
6624,3735,3733,514.25,248.03,282.97,0.9200,0
6625,3735,3737,514.33,267.82,302.66,0.8800,0
6626,3735,3732,514.22,248.14,322.46,1.0000,0
6627,3736,3733,494.41,228.38,283.01,1.0000,0
6628,3736,3735,514.13,228.34,302.77,1.0000,0
6629,3736,3732,494.37,228.49,322.49,1.0000,0
6630,3737,3732,494.57,267.98,322.39,1.0000,0
6631,3737,3733,494.61,267.87,282.90,0.9600,0
6632,3738,3747,553.65,228.03,263.31,0.8800,0
6633,3739,3747,593.14,227.83,263.34,0.1200,1
6634,3740,3747,593.34,267.31,263.23,0.6000,0
6635,3741,3747,553.86,267.51,263.20,0.0800,1
6636,3738,3748,533.89,228.18,283.04,0.8800,0
6637,3741,3748,534.09,267.67,282.93,0.9600,0
6638,3742,3748,534.06,267.78,322.42,0.9200,0
6639,3743,3748,533.86,228.29,322.53,0.7200,0
6640,3738,3750,553.54,208.34,283.11,0.4800,0
6641,3739,3750,593.03,208.14,283.14,0.6800,0
6642,3743,3750,553.51,208.45,322.60,1.0000,0
6643,3744,3750,592.99,208.25,322.63,0.5600,0
6644,3748,3746,553.71,247.93,322.49,0.8000,0
6645,3748,3747,553.74,247.82,283.00,1.0000,0
6646,3748,3751,553.82,267.62,302.69,1.0000,0
6647,3748,3750,553.62,228.14,302.80,0.3600,0
6648,3749,3747,593.23,247.62,283.03,0.3600,0
6649,3749,3751,593.31,267.42,302.72,0.2800,1
6650,3749,3746,593.19,247.73,322.52,0.8000,0
6651,3750,3747,573.38,227.98,283.07,1.0000,0
6652,3750,3749,593.11,227.93,302.83,1.0000,0
6653,3750,3746,573.35,228.09,322.56,0.7200,0
6654,3751,3746,573.55,267.58,322.45,0.4800,0
6655,3751,3747,573.58,267.47,282.96,0.0800,1
6656,3752,3761,632.63,227.62,263.38,0.2800,1
6657,3753,3761,672.12,227.42,263.41,0.0800,1
6658,3754,3761,672.32,266.91,263.30,0.1200,1
6659,3755,3761,632.83,267.11,263.27,0.0800,1
6660,3752,3762,612.87,227.78,283.10,0.1200,1
6661,3755,3762,613.07,267.27,283.00,0.4000,0
6662,3756,3762,613.04,267.38,322.48,0.0000,1
6663,3757,3762,612.84,227.89,322.59,0.2400,1
6664,3752,3764,632.51,207.94,283.18,0.0000,1
6665,3753,3764,672.00,207.73,283.21,1.0000,0
6666,3757,3764,632.48,208.04,322.66,1.0000,0
6667,3758,3764,671.97,207.84,322.70,0.0800,1
6668,3762,3760,632.68,247.53,322.55,0.0000,1
6669,3762,3761,632.72,247.42,283.07,0.9600,0
6670,3762,3765,632.80,267.22,302.76,0.0800,1
6671,3762,3764,632.60,227.73,302.87,0.0800,1
6672,3763,3761,672.20,247.22,283.10,0.0000,1
6673,3763,3765,672.29,267.02,302.79,0.0800,1
6674,3763,3760,672.17,247.33,322.59,1.0000,0
6675,3764,3761,652.36,227.58,283.14,0.2400,1
6676,3764,3763,672.09,227.53,302.90,0.8800,0
6677,3764,3760,652.33,227.69,322.63,0.1200,1
6678,3765,3760,652.53,267.18,322.52,0.1200,1
6679,3765,3761,652.56,267.07,283.03,0.1200,1
6680,3766,3775,711.61,227.22,263.44,0.2400,1
6681,3767,3775,751.10,227.02,263.47,0.0800,1
6682,3768,3775,751.30,266.51,263.37,0.3200,0
6683,3769,3775,711.81,266.71,263.33,0.0800,1
6684,3766,3776,691.85,227.38,283.17,0.0400,1
6685,3769,3776,692.05,266.87,283.06,0.0800,1
6686,3770,3776,692.02,266.98,322.55,0.0800,1
6687,3771,3776,691.81,227.49,322.66,0.0800,1
6688,3767,3777,770.82,226.98,283.24,0.0000,1
6689,3768,3777,771.02,266.46,283.13,0.0000,1
6690,3772,3777,770.79,227.09,322.72,0.0000,1
6691,3773,3777,770.99,266.57,322.61,0.0000,1
6692,3766,3778,711.49,207.53,283.24,0.0000,1
6693,3767,3778,750.98,207.33,283.27,1.0000,0
6694,3771,3778,711.46,207.64,322.73,1.0000,0
6695,3772,3778,750.95,207.44,322.76,0.0400,1
6696,3776,3774,711.66,247.13,322.62,0.0400,1
6697,3776,3775,711.69,247.02,283.13,1.0000,0
6698,3776,3779,711.78,266.82,302.82,0.4400,0
6699,3776,3778,711.58,227.33,302.93,0.1200,1
6700,3777,3775,751.18,246.82,283.16,0.0400,1
6701,3777,3779,751.26,266.62,302.85,0.0000,1
6702,3777,3774,751.15,246.93,322.65,1.0000,0
6703,3778,3775,731.34,227.18,283.20,0.1200,1
6704,3778,3777,751.06,227.13,302.96,0.6800,0
6705,3778,3774,731.30,227.29,322.69,0.0800,1
6706,3779,3774,731.50,266.77,322.58,0.1200,1
6707,3779,3775,731.54,266.67,283.09,0.1200,1
6708,3780,3789,80.20,309.41,262.70,1.0000,0
6709,3781,3789,119.68,309.21,262.73,1.0000,0
6710,3782,3789,119.89,348.70,262.62,1.0000,0
6711,3783,3789,80.40,348.90,262.59,1.0000,0
6712,3780,3790,60.44,309.57,282.43,0.4000,0
6713,3783,3790,60.64,349.06,282.32,1.0000,0
6714,3784,3790,60.60,349.16,321.81,0.8400,0
6715,3785,3790,60.40,309.68,321.92,1.0000,0
6716,3780,3792,80.08,289.72,282.50,1.0000,0
6717,3781,3792,119.57,289.52,282.53,0.9600,0
6718,3785,3792,80.05,289.83,321.99,1.0000,0
6719,3786,3792,119.54,289.63,322.02,1.0000,0
6720,3790,3788,80.25,329.32,321.88,1.0000,0
6721,3790,3789,80.28,329.21,282.39,0.7600,0
6722,3790,3793,80.37,349.01,302.08,1.0000,0
6723,3790,3792,80.16,309.52,302.19,1.0000,0
6724,3791,3789,119.77,329.01,282.42,1.0000,0
6725,3791,3793,119.85,348.81,302.11,1.0000,0
6726,3791,3788,119.74,329.12,321.91,1.0000,0
6727,3792,3789,99.92,309.37,282.46,1.0000,0
6728,3792,3791,119.65,309.32,302.22,1.0000,0
6729,3792,3788,99.89,309.48,321.95,1.0000,0
6730,3793,3788,100.09,348.96,321.84,1.0000,0
6731,3793,3789,100.13,348.85,282.35,1.0000,0
6732,3794,3803,159.17,309.01,262.77,1.0000,0
6733,3795,3803,198.66,308.81,262.80,1.0000,0
6734,3796,3803,198.86,348.30,262.69,1.0000,0
6735,3797,3803,159.37,348.50,262.66,1.0000,0
6736,3794,3804,139.41,309.17,282.49,1.0000,0
6737,3797,3804,139.61,348.65,282.38,1.0000,0
6738,3798,3804,139.58,348.76,321.87,1.0000,0
6739,3799,3804,139.38,309.27,321.98,1.0000,0
6740,3794,3806,159.06,289.32,282.56,1.0000,0
6741,3795,3806,198.54,289.12,282.60,1.0000,0
6742,3799,3806,159.02,289.43,322.05,1.0000,0
6743,3800,3806,198.51,289.23,322.09,1.0000,0
6744,3804,3802,159.23,328.92,321.94,1.0000,0
6745,3804,3803,159.26,328.81,282.46,1.0000,0
6746,3804,3807,159.34,348.61,302.14,1.0000,0
6747,3804,3806,159.14,309.12,302.25,1.0000,0
6748,3805,3803,198.75,328.61,282.49,1.0000,0
6749,3805,3807,198.83,348.41,302.18,1.0000,0
6750,3805,3802,198.71,328.72,321.98,1.0000,0
6751,3806,3803,178.90,308.96,282.53,1.0000,0
6752,3806,3805,198.63,308.92,302.29,1.0000,0
6753,3806,3802,178.87,309.07,322.01,1.0000,0
6754,3807,3802,179.07,348.56,321.91,1.0000,0
6755,3807,3803,179.10,348.45,282.42,1.0000,0
6756,3808,3817,238.15,308.61,262.83,1.0000,0
6757,3809,3817,277.64,308.41,262.86,1.0000,0
6758,3810,3817,277.84,347.90,262.75,1.0000,0
6759,3811,3817,238.35,348.10,262.72,1.0000,0
6760,3808,3818,218.39,308.76,282.56,1.0000,0
6761,3811,3818,218.59,348.25,282.45,1.0000,0
6762,3812,3818,218.56,348.36,321.94,1.0000,0
6763,3813,3818,218.36,308.87,322.05,1.0000,0
6764,3808,3820,238.03,288.92,282.63,1.0000,0
6765,3809,3820,277.52,288.72,282.66,1.0000,0
6766,3813,3820,238.00,289.03,322.12,1.0000,0
6767,3814,3820,277.49,288.83,322.15,1.0000,0
6768,3818,3816,238.20,328.52,322.01,1.0000,0
6769,3818,3817,238.23,328.41,282.52,1.0000,0
6770,3818,3821,238.32,348.21,302.21,1.0000,0
6771,3818,3820,238.12,308.72,302.32,1.0000,0
6772,3819,3817,277.72,328.21,282.55,1.0000,0
6773,3819,3821,277.81,348.01,302.24,1.0000,0
6774,3819,3816,277.69,328.32,322.04,1.0000,0
6775,3820,3817,257.88,308.56,282.59,1.0000,0
6776,3820,3819,277.61,308.52,302.35,1.0000,0
6777,3820,3816,257.85,308.67,322.08,1.0000,0
6778,3821,3816,258.05,348.16,321.97,1.0000,0
6779,3821,3817,258.08,348.05,282.48,1.0000,0
6780,3822,3831,317.13,308.21,262.90,1.0000,0
6781,3823,3831,356.61,308.01,262.93,1.0000,0
6782,3824,3831,356.82,347.49,262.82,1.0000,0
6783,3825,3831,317.33,347.70,262.79,1.0000,0
6784,3822,3832,297.37,308.36,282.62,1.0000,0
6785,3825,3832,297.57,347.85,282.51,1.0000,0
6786,3826,3832,297.53,347.96,322.00,1.0000,0
6787,3827,3832,297.33,308.47,322.11,1.0000,0
6788,3822,3834,317.01,288.52,282.70,1.0000,0
6789,3823,3834,356.50,288.32,282.73,1.0000,0
6790,3827,3834,316.98,288.63,322.18,1.0000,0
6791,3828,3834,356.47,288.43,322.22,1.0000,0
6792,3832,3830,317.18,328.12,322.07,1.0000,0
6793,3832,3831,317.21,328.01,282.59,1.0000,0
6794,3832,3835,317.29,347.80,302.28,1.0000,0
6795,3832,3834,317.09,308.32,302.38,1.0000,0
6796,3833,3831,356.70,327.81,282.62,1.0000,0
6797,3833,3835,356.78,347.60,302.31,1.0000,0
6798,3833,3830,356.67,327.91,322.11,1.0000,0
6799,3834,3831,336.85,308.16,282.66,1.0000,0
6800,3834,3833,356.58,308.12,302.42,1.0000,0
6801,3834,3830,336.82,308.27,322.15,1.0000,0
6802,3835,3830,337.02,347.76,322.04,1.0000,0
6803,3835,3831,337.06,347.65,282.55,1.0000,0
6804,3836,3845,396.10,307.81,262.96,1.0000,0
6805,3837,3845,435.59,307.60,262.99,0.9600,0
6806,3838,3845,435.79,347.09,262.89,1.0000,0
6807,3839,3845,396.30,347.29,262.85,1.0000,0
6808,3836,3846,376.34,307.96,282.69,1.0000,0
6809,3839,3846,376.54,347.45,282.58,1.0000,0
6810,3840,3846,376.51,347.56,322.07,1.0000,0
6811,3841,3846,376.31,308.07,322.18,1.0000,0
6812,3836,3848,395.99,288.12,282.76,1.0000,0
6813,3837,3848,435.47,287.92,282.79,1.0000,0
6814,3841,3848,395.95,288.23,322.25,1.0000,0
6815,3842,3848,435.44,288.02,322.28,0.7200,0
6816,3846,3844,396.15,327.71,322.14,1.0000,0
6817,3846,3845,396.19,327.60,282.65,1.0000,0
6818,3846,3849,396.27,347.40,302.34,1.0000,0
6819,3846,3848,396.07,307.91,302.45,1.0000,0
6820,3847,3845,435.68,327.40,282.68,1.0000,0
6821,3847,3849,435.76,347.20,302.37,0.8400,0
6822,3847,3844,435.64,327.51,322.17,1.0000,0
6823,3848,3845,415.83,307.76,282.72,1.0000,0
6824,3848,3847,435.56,307.71,302.48,1.0000,0
6825,3848,3844,415.80,307.87,322.21,1.0000,0
6826,3849,3844,416.00,347.36,322.10,1.0000,0
6827,3849,3845,416.03,347.25,282.61,1.0000,0
6828,3850,3859,475.08,307.40,263.03,1.0000,0
6829,3851,3859,514.57,307.20,263.06,0.4400,0
6830,3852,3859,514.77,346.69,262.95,1.0000,0
6831,3853,3859,475.28,346.89,262.92,0.8400,0
6832,3850,3860,455.32,307.56,282.76,1.0000,0
6833,3853,3860,455.52,347.05,282.65,1.0000,0
6834,3854,3860,455.49,347.16,322.13,1.0000,0
6835,3855,3860,455.29,307.67,322.24,1.0000,0
6836,3850,3862,474.96,287.71,282.83,1.0000,0
6837,3851,3862,514.45,287.51,282.86,1.0000,0
6838,3855,3862,474.93,287.82,322.31,1.0000,0
6839,3856,3862,514.42,287.62,322.35,0.9600,0
6840,3860,3858,475.13,327.31,322.21,0.7600,0
6841,3860,3859,475.16,327.20,282.72,1.0000,0
6842,3860,3863,475.25,347.00,302.41,1.0000,0
6843,3860,3862,475.05,307.51,302.52,1.0000,0
6844,3861,3859,514.65,327.00,282.75,1.0000,0
6845,3861,3863,514.74,346.80,302.44,0.2800,1
6846,3861,3858,514.62,327.11,322.24,1.0000,0
6847,3862,3859,494.81,307.36,282.79,1.0000,0
6848,3862,3861,514.54,307.31,302.55,1.0000,0
6849,3862,3858,494.78,307.47,322.28,0.9600,0
6850,3863,3858,494.98,346.96,322.17,1.0000,0
6851,3863,3859,495.01,346.85,282.68,0.9600,0
6852,3864,3873,554.06,307.00,263.09,1.0000,0
6853,3865,3873,593.54,306.80,263.13,0.0800,1
6854,3866,3873,593.75,346.29,263.02,0.9200,0
6855,3867,3873,554.26,346.49,262.98,0.1600,1
6856,3864,3874,534.30,307.16,282.82,1.0000,0
6857,3867,3874,534.50,346.65,282.71,1.0000,0
6858,3868,3874,534.46,346.76,322.20,0.9200,0
6859,3869,3874,534.26,307.27,322.31,0.9600,0
6860,3864,3876,553.94,287.31,282.89,0.7200,0
6861,3865,3876,593.43,287.11,282.92,1.0000,0
6862,3869,3876,553.91,287.42,322.38,1.0000,0
6863,3870,3876,593.40,287.22,322.41,0.3600,0
6864,3874,3872,554.11,326.91,322.27,0.6000,0
6865,3874,3873,554.14,326.80,282.78,1.0000,0
6866,3874,3877,554.22,346.60,302.47,1.0000,0
6867,3874,3876,554.02,307.11,302.58,0.3600,0
6868,3875,3873,593.63,326.60,282.81,0.1200,1
6869,3875,3877,593.71,346.40,302.50,0.0800,1
6870,3875,3872,593.60,326.71,322.30,1.0000,0
6871,3876,3873,573.78,306.96,282.85,0.8000,0
6872,3876,3875,593.51,306.91,302.61,1.0000,0
6873,3876,3872,573.75,307.07,322.34,0.1200,1
6874,3877,3872,573.95,346.55,322.23,1.0000,0
6875,3877,3873,573.98,346.44,282.74,0.0800,1
6876,3878,3887,633.03,306.60,263.16,0.5200,0
6877,3879,3887,672.52,306.40,263.19,0.0800,1
6878,3880,3887,672.72,345.89,263.08,0.4400,0
6879,3881,3887,633.23,346.09,263.05,0.0800,1
6880,3878,3888,613.27,306.76,282.89,0.0800,1
6881,3881,3888,613.47,346.24,282.78,0.8000,0
6882,3882,3888,613.44,346.35,322.27,0.0800,1
6883,3883,3888,613.24,306.87,322.37,1.0000,0
6884,3878,3890,632.92,286.91,282.96,0.0400,1
6885,3879,3890,672.40,286.71,282.99,1.0000,0
6886,3883,3890,632.88,287.02,322.45,1.0000,0
6887,3884,3890,672.37,286.82,322.48,0.0400,1
6888,3888,3886,633.08,326.51,322.34,0.0400,1
6889,3888,3887,633.12,326.40,282.85,1.0000,0
6890,3888,3891,633.20,346.20,302.54,1.0000,0
6891,3888,3890,633.00,306.71,302.65,0.0800,1
6892,3889,3887,672.61,326.20,282.88,0.0400,1
6893,3889,3891,672.69,346.00,302.57,0.0800,1
6894,3889,3886,672.57,326.31,322.37,1.0000,0
6895,3890,3887,652.76,306.56,282.92,0.0800,1
6896,3890,3889,672.49,306.51,302.68,1.0000,0
6897,3890,3886,652.73,306.66,322.41,0.0800,1
6898,3891,3886,652.93,346.15,322.30,0.1200,1
6899,3891,3887,652.96,346.04,282.81,0.1200,1
6900,3892,3901,712.01,306.20,263.22,0.4800,0
6901,3893,3901,751.50,306.00,263.26,0.0800,1
6902,3894,3901,751.70,345.49,263.15,0.4800,0
6903,3895,3901,712.21,345.69,263.11,0.0800,1
6904,3892,3902,692.25,306.35,282.95,0.0800,1
6905,3895,3902,692.45,345.84,282.84,0.1200,1
6906,3896,3902,692.42,345.95,322.33,0.0800,1
6907,3897,3902,692.22,306.46,322.44,0.1200,1
6908,3893,3903,771.23,305.95,283.02,0.0000,1
6909,3894,3903,771.43,345.44,282.91,0.0000,1
6910,3898,3903,771.19,306.06,322.51,0.0000,1
6911,3899,3903,771.39,345.55,322.40,0.0000,1
6912,3892,3904,711.89,286.51,283.02,0.0000,1
6913,3893,3904,751.38,286.31,283.06,0.6800,0
6914,3897,3904,711.86,286.62,322.51,0.9600,0
6915,3898,3904,751.35,286.42,322.54,0.0000,1
6916,3902,3900,712.06,326.11,322.40,0.0400,1
6917,3902,3901,712.09,326.00,282.91,1.0000,0
6918,3902,3905,712.18,345.80,302.60,0.9200,0
6919,3902,3904,711.98,306.31,302.71,0.2400,1
6920,3903,3901,751.58,325.80,282.95,0.0400,1
6921,3903,3905,751.67,345.60,302.64,0.0000,1
6922,3903,3900,751.55,325.91,322.43,0.9600,0
6923,3904,3901,731.74,306.15,282.98,0.1200,1
6924,3904,3903,751.47,306.11,302.74,0.9200,0
6925,3904,3900,731.70,306.26,322.47,0.0800,1
6926,3905,3900,731.91,345.75,322.36,0.1200,1
6927,3905,3901,731.94,345.64,282.87,0.1200,1
6928,3906,3915,80.60,388.39,262.48,0.8400,0
6929,3907,3915,120.09,388.19,262.51,1.0000,0
6930,3908,3915,120.29,427.68,262.40,0.8400,0
6931,3909,3915,80.80,427.88,262.37,1.0000,0
6932,3906,3916,60.84,388.54,282.21,0.6000,0
6933,3909,3916,61.04,428.03,282.10,1.0000,0
6934,3910,3916,61.01,428.14,321.59,0.4400,0
6935,3911,3916,60.81,388.65,321.70,1.0000,0
6936,3906,3918,80.48,368.70,282.28,0.9200,0
6937,3907,3918,119.97,368.50,282.31,0.5600,0
6938,3911,3918,80.45,368.81,321.77,0.9600,0
6939,3912,3918,119.94,368.61,321.80,1.0000,0
6940,3916,3914,80.65,408.30,321.66,1.0000,0
6941,3916,3915,80.68,408.19,282.17,0.9600,0
6942,3916,3919,80.77,427.99,301.86,0.8400,0
6943,3916,3918,80.57,388.50,301.97,1.0000,0
6944,3917,3915,120.17,407.99,282.20,1.0000,0
6945,3917,3919,120.26,427.78,301.89,1.0000,0
6946,3917,3914,120.14,408.10,321.69,1.0000,0
6947,3918,3915,100.33,388.34,282.24,1.0000,0
6948,3918,3917,120.05,388.30,302.00,1.0000,0
6949,3918,3914,100.29,388.45,321.73,1.0000,0
6950,3919,3914,100.50,427.94,321.62,1.0000,0
6951,3919,3915,100.53,427.83,282.13,0.8400,0
6952,3920,3929,159.57,387.99,262.55,1.0000,0
6953,3921,3929,199.06,387.79,262.58,1.0000,0
6954,3922,3929,199.26,427.27,262.47,1.0000,0
6955,3923,3929,159.78,427.47,262.44,1.0000,0
6956,3920,3930,139.81,388.14,282.27,1.0000,0
6957,3923,3930,140.02,427.63,282.17,1.0000,0
6958,3924,3930,139.98,427.74,321.65,1.0000,0
6959,3925,3930,139.78,388.25,321.76,1.0000,0
6960,3920,3932,159.46,368.30,282.35,1.0000,0
6961,3921,3932,198.95,368.10,282.38,1.0000,0
6962,3925,3932,159.43,368.41,321.83,1.0000,0
6963,3926,3932,198.91,368.21,321.87,1.0000,0
6964,3930,3928,159.63,407.89,321.73,1.0000,0
6965,3930,3929,159.66,407.79,282.24,1.0000,0
6966,3930,3933,159.74,427.58,301.93,1.0000,0
6967,3930,3932,159.54,388.10,302.04,1.0000,0
6968,3931,3929,199.15,407.58,282.27,1.0000,0
6969,3931,3933,199.23,427.38,301.96,1.0000,0
6970,3931,3928,199.12,407.69,321.76,1.0000,0
6971,3932,3929,179.30,387.94,282.31,1.0000,0
6972,3932,3931,199.03,387.90,302.07,1.0000,0
6973,3932,3928,179.27,388.05,321.80,1.0000,0
6974,3933,3928,179.47,427.54,321.69,1.0000,0
6975,3933,3929,179.50,427.43,282.20,1.0000,0
6976,3934,3943,238.55,387.59,262.61,1.0000,0
6977,3935,3943,278.04,387.38,262.64,1.0000,0
6978,3936,3943,278.24,426.87,262.54,1.0000,0
6979,3937,3943,238.75,427.07,262.50,1.0000,0
6980,3934,3944,218.79,387.74,282.34,1.0000,0
6981,3937,3944,218.99,427.23,282.23,1.0000,0
6982,3938,3944,218.96,427.34,321.72,1.0000,0
6983,3939,3944,218.76,387.85,321.83,1.0000,0
6984,3934,3946,238.43,367.90,282.41,1.0000,0
6985,3935,3946,277.92,367.69,282.44,1.0000,0
6986,3939,3946,238.40,368.01,321.90,0.8400,0
6987,3940,3946,277.89,367.80,321.93,1.0000,0
6988,3944,3942,238.60,407.49,321.79,1.0000,0
6989,3944,3943,238.64,407.38,282.30,1.0000,0
6990,3944,3947,238.72,427.18,301.99,1.0000,0
6991,3944,3946,238.52,387.69,302.10,1.0000,0
6992,3945,3943,278.12,407.18,282.33,1.0000,0
6993,3945,3947,278.21,426.98,302.02,1.0000,0
6994,3945,3942,278.09,407.29,321.82,1.0000,0
6995,3946,3943,258.28,387.54,282.37,1.0000,0
6996,3946,3945,278.01,387.49,302.13,1.0000,0
6997,3946,3942,258.25,387.65,321.86,1.0000,0
6998,3947,3942,258.45,427.14,321.75,1.0000,0
6999,3947,3943,258.48,427.03,282.26,1.0000,0
7000,3948,3957,317.53,387.18,262.68,1.0000,0
7001,3949,3957,357.02,386.98,262.71,1.0000,0
7002,3950,3957,357.22,426.47,262.60,1.0000,0
7003,3951,3957,317.73,426.67,262.57,1.0000,0
7004,3948,3958,297.77,387.34,282.41,1.0000,0
7005,3951,3958,297.97,426.83,282.30,1.0000,0
7006,3952,3958,297.94,426.94,321.79,1.0000,0
7007,3953,3958,297.74,387.45,321.89,1.0000,0
7008,3948,3960,317.41,367.49,282.48,1.0000,0
7009,3949,3960,356.90,367.29,282.51,1.0000,0
7010,3953,3960,317.38,367.60,321.97,1.0000,0
7011,3954,3960,356.87,367.40,322.00,1.0000,0
7012,3958,3956,317.58,407.09,321.86,1.0000,0
7013,3958,3957,317.61,406.98,282.37,1.0000,0
7014,3958,3961,317.70,426.78,302.06,1.0000,0
7015,3958,3960,317.50,387.29,302.17,1.0000,0
7016,3959,3957,357.10,406.78,282.40,1.0000,0
7017,3959,3961,357.18,426.58,302.09,1.0000,0
7018,3959,3956,357.07,406.89,321.89,1.0000,0
7019,3960,3957,337.26,387.14,282.44,1.0000,0
7020,3960,3959,356.98,387.09,302.20,1.0000,0
7021,3960,3956,337.22,387.25,321.93,1.0000,0
7022,3961,3956,337.42,426.74,321.82,1.0000,0
7023,3961,3957,337.46,426.63,282.33,1.0000,0
7024,3962,3971,396.50,386.78,262.74,1.0000,0
7025,3963,3971,435.99,386.58,262.78,1.0000,0
7026,3964,3971,436.19,426.07,262.67,1.0000,0
7027,3965,3971,396.71,426.27,262.63,1.0000,0
7028,3962,3972,376.74,386.94,282.47,1.0000,0
7029,3965,3972,376.95,426.43,282.36,1.0000,0
7030,3966,3972,376.91,426.53,321.85,1.0000,0
7031,3967,3972,376.71,387.05,321.96,1.0000,0
7032,3962,3974,396.39,367.09,282.54,1.0000,0
7033,3963,3974,435.88,366.89,282.57,1.0000,0
7034,3967,3974,396.36,367.20,322.03,1.0000,0
7035,3968,3974,435.84,367.00,322.06,1.0000,0
7036,3972,3970,396.56,406.69,321.92,1.0000,0
7037,3972,3971,396.59,406.58,282.43,1.0000,0
7038,3972,3975,396.67,426.38,302.12,1.0000,0
7039,3972,3974,396.47,386.89,302.23,1.0000,0
7040,3973,3971,436.08,406.38,282.47,1.0000,0
7041,3973,3975,436.16,426.18,302.16,0.6000,0
7042,3973,3970,436.05,406.49,321.95,1.0000,0
7043,3974,3971,416.23,386.74,282.50,1.0000,0
7044,3974,3973,435.96,386.69,302.26,1.0000,0
7045,3974,3970,416.20,386.85,321.99,1.0000,0
7046,3975,3970,416.40,426.33,321.88,1.0000,0
7047,3975,3971,416.43,426.22,282.39,1.0000,0
7048,3976,3985,475.48,386.38,262.81,1.0000,0
7049,3977,3985,514.97,386.18,262.84,0.5200,0
7050,3978,3985,515.17,425.67,262.73,1.0000,0
7051,3979,3985,475.68,425.87,262.70,0.8400,0
7052,3976,3986,455.72,386.54,282.54,1.0000,0
7053,3979,3986,455.92,426.02,282.43,1.0000,0
7054,3980,3986,455.89,426.13,321.92,1.0000,0
7055,3981,3986,455.69,386.64,322.03,1.0000,0
7056,3976,3988,475.36,366.69,282.61,1.0000,0
7057,3977,3988,514.85,366.49,282.64,1.0000,0
7058,3981,3988,475.33,366.80,322.10,1.0000,0
7059,3982,3988,514.82,366.60,322.13,0.6800,0
7060,3986,3984,475.53,406.29,321.99,0.8800,0
7061,3986,3985,475.57,406.18,282.50,1.0000,0
7062,3986,3989,475.65,425.98,302.19,1.0000,0
7063,3986,3988,475.45,386.49,302.30,0.6000,0
7064,3987,3985,515.05,405.98,282.53,0.9200,0
7065,3987,3989,515.14,425.78,302.22,0.1600,1
7066,3987,3984,515.02,406.09,322.02,1.0000,0
7067,3988,3985,495.21,386.33,282.57,1.0000,0
7068,3988,3987,514.94,386.29,302.33,1.0000,0
7069,3988,3984,495.18,386.44,322.06,1.0000,0
7070,3989,3984,495.38,425.93,321.95,1.0000,0
7071,3989,3985,495.41,425.82,282.46,1.0000,0
7072,3990,3999,554.46,385.98,262.87,1.0000,0
7073,3991,3999,593.95,385.78,262.91,0.0800,1
7074,3992,3999,594.15,425.27,262.80,0.9600,0
7075,3993,3999,554.66,425.47,262.76,0.2000,1
7076,3990,4000,534.70,386.13,282.60,0.2400,1
7077,3993,4000,534.90,425.62,282.49,1.0000,0
7078,3994,4000,534.87,425.73,321.98,0.6800,0
7079,3995,4000,534.67,386.24,322.09,1.0000,0
7080,3990,4002,554.34,366.29,282.67,0.3200,0
7081,3991,4002,593.83,366.09,282.71,1.0000,0
7082,3995,4002,554.31,366.40,322.16,1.0000,0
7083,3996,4002,593.80,366.20,322.19,0.4400,0
7084,4000,3998,554.51,405.89,322.05,0.8000,0
7085,4000,3999,554.54,405.78,282.56,1.0000,0
7086,4000,4003,554.63,425.58,302.25,1.0000,0
7087,4000,4002,554.43,386.09,302.36,0.0800,1
7088,4001,3999,594.03,405.58,282.60,0.0000,1
7089,4001,4003,594.11,425.38,302.29,0.0800,1
7090,4001,3998,594.00,405.69,322.09,1.0000,0
7091,4002,3999,574.19,385.93,282.63,1.0000,0
7092,4002,4001,593.91,385.89,302.40,0.8800,0
7093,4002,3998,574.15,386.04,322.12,0.0400,1
7094,4003,3998,574.35,425.53,322.01,1.0000,0
7095,4003,3999,574.39,425.42,282.53,0.6800,0
7096,4004,4013,633.43,385.58,262.94,1.0000,0
7097,4005,4013,672.92,385.38,262.97,0.0800,1
7098,4006,4013,673.12,424.86,262.86,0.8400,0
7099,4007,4013,633.64,425.07,262.83,0.0800,1
7100,4004,4014,613.67,385.73,282.67,0.0400,1
7101,4007,4014,613.87,425.22,282.56,0.8800,0
7102,4008,4014,613.84,425.33,322.05,0.0800,1
7103,4009,4014,613.64,385.84,322.16,0.3600,0
7104,4004,4016,633.32,365.89,282.74,0.0400,1
7105,4005,4016,672.81,365.69,282.77,1.0000,0
7106,4009,4016,633.29,366.00,322.23,1.0000,0
7107,4010,4016,672.77,365.80,322.26,0.0400,1
7108,4014,4012,633.49,405.49,322.12,0.2000,1
7109,4014,4013,633.52,405.38,282.63,1.0000,0
7110,4014,4017,633.60,425.17,302.32,1.0000,0
7111,4014,4016,633.40,385.69,302.43,0.0800,1
7112,4015,4013,673.01,405.18,282.66,0.0000,1
7113,4015,4017,673.09,424.97,302.35,0.0800,1
7114,4015,4012,672.97,405.28,322.15,1.0000,0
7115,4016,4013,653.16,385.53,282.70,0.3600,0
7116,4016,4015,672.89,385.49,302.46,0.6800,0
7117,4016,4012,653.13,385.64,322.19,0.0800,1
7118,4017,4012,653.33,425.13,322.08,0.9200,0
7119,4017,4013,653.36,425.02,282.59,0.0400,1
7120,4018,4027,712.41,385.18,263.00,0.8000,0
7121,4019,4027,751.90,384.97,263.04,0.0000,1
7122,4020,4027,752.10,424.46,262.93,0.8000,0
7123,4021,4027,712.61,424.66,262.90,0.1200,1
7124,4018,4028,692.65,385.33,282.73,0.0800,1
7125,4021,4028,692.85,424.82,282.62,0.1200,1
7126,4022,4028,692.82,424.93,322.11,0.1200,1
7127,4023,4028,692.62,385.44,322.22,0.1200,1
7128,4019,4029,771.63,384.93,282.80,0.0000,1
7129,4020,4029,771.83,424.42,282.69,0.0000,1
7130,4024,4029,771.60,385.04,322.29,0.0000,1
7131,4025,4029,771.80,424.53,322.18,0.0000,1
7132,4018,4030,712.29,365.49,282.80,0.2400,1
7133,4019,4030,751.78,365.29,282.84,1.0000,0
7134,4023,4030,712.26,365.60,322.29,0.8800,0
7135,4024,4030,751.75,365.39,322.33,0.0400,1
7136,4028,4026,712.46,405.08,322.18,0.0400,1
7137,4028,4027,712.50,404.97,282.69,1.0000,0
7138,4028,4031,712.58,424.77,302.38,0.7200,0
7139,4028,4030,712.38,385.28,302.49,0.0400,1
7140,4029,4027,751.98,404.77,282.73,0.0400,1
7141,4029,4031,752.07,424.57,302.42,0.0400,1
7142,4029,4026,751.95,404.88,322.22,0.6800,0
7143,4030,4027,732.14,385.13,282.77,0.1200,1
7144,4030,4029,751.87,385.08,302.53,1.0000,0
7145,4030,4026,732.11,385.24,322.25,0.1200,1
7146,4031,4026,732.31,424.73,322.15,0.1200,1
7147,4031,4027,732.34,424.62,282.66,0.0800,1
7148,4032,4041,81.00,467.36,262.26,0.7200,0
7149,4033,4041,120.49,467.16,262.30,1.0000,0
7150,4034,4041,120.69,506.65,262.19,0.8800,0
7151,4035,4041,81.20,506.85,262.15,1.0000,0
7152,4032,4042,61.24,467.52,281.99,0.1200,1
7153,4035,4042,61.44,507.01,281.88,1.0000,0
7154,4036,4042,61.41,507.12,321.37,0.0000,1
7155,4037,4042,61.21,467.63,321.48,1.0000,0
7156,4032,4044,80.88,447.68,282.06,1.0000,0
7157,4033,4044,120.37,447.47,282.09,1.0000,0
7158,4037,4044,80.85,447.78,321.55,0.6000,0
7159,4038,4044,120.34,447.58,321.58,1.0000,0
7160,4042,4040,81.05,487.27,321.44,1.0000,0
7161,4042,4041,81.08,487.16,281.95,0.8800,0
7162,4042,4045,81.17,506.96,301.64,0.7200,0
7163,4042,4044,80.97,467.47,301.75,1.0000,0
7164,4043,4041,120.57,486.96,281.99,1.0000,0
7165,4043,4045,120.66,506.76,301.68,1.0000,0
7166,4043,4040,120.54,487.07,321.47,1.0000,0
7167,4044,4041,100.73,467.32,282.02,1.0000,0
7168,4044,4043,120.46,467.27,301.78,1.0000,0
7169,4044,4040,100.70,467.43,321.51,1.0000,0
7170,4045,4040,100.90,506.92,321.40,1.0000,0
7171,4045,4041,100.93,506.81,281.91,0.8800,0
7172,4046,4055,159.98,466.96,262.33,1.0000,0
7173,4047,4055,199.46,466.76,262.36,1.0000,0
7174,4048,4055,199.67,506.25,262.25,0.8400,0
7175,4049,4055,160.18,506.45,262.22,1.0000,0
7176,4046,4056,140.22,467.12,282.06,1.0000,0
7177,4049,4056,140.42,506.61,281.95,1.0000,0
7178,4050,4056,140.39,506.72,321.44,1.0000,0
7179,4051,4056,140.18,467.23,321.54,1.0000,0
7180,4046,4058,159.86,447.27,282.13,1.0000,0
7181,4047,4058,199.35,447.07,282.16,1.0000,0
7182,4051,4058,159.83,447.38,321.62,1.0000,0
7183,4052,4058,199.32,447.18,321.65,1.0000,0
7184,4056,4054,160.03,486.87,321.51,1.0000,0
7185,4056,4055,160.06,486.76,282.02,1.0000,0
7186,4056,4059,160.15,506.56,301.71,1.0000,0
7187,4056,4058,159.94,467.07,301.82,1.0000,0
7188,4057,4055,199.55,486.56,282.05,1.0000,0
7189,4057,4059,199.63,506.36,301.74,1.0000,0
7190,4057,4054,199.52,486.67,321.54,1.0000,0
7191,4058,4055,179.70,466.92,282.09,1.0000,0
7192,4058,4057,199.43,466.87,301.85,1.0000,0
7193,4058,4054,179.67,467.03,321.58,1.0000,0
7194,4059,4054,179.87,506.51,321.47,1.0000,0
7195,4059,4055,179.91,506.41,281.98,1.0000,0
7196,4060,4069,238.95,466.56,262.39,1.0000,0
7197,4061,4069,278.44,466.36,262.43,1.0000,0
7198,4062,4069,278.64,505.85,262.32,0.8800,0
7199,4063,4069,239.15,506.05,262.28,1.0000,0
7200,4060,4070,219.19,466.72,282.12,1.0000,0
7201,4063,4070,219.39,506.20,282.01,1.0000,0
7202,4064,4070,219.36,506.31,321.50,1.0000,0
7203,4065,4070,219.16,466.83,321.61,1.0000,0
7204,4060,4072,238.84,446.87,282.19,1.0000,0
7205,4061,4072,278.32,446.67,282.23,1.0000,0
7206,4065,4072,238.80,446.98,321.68,1.0000,0
7207,4066,4072,278.29,446.78,321.71,1.0000,0
7208,4070,4068,239.01,486.47,321.57,1.0000,0
7209,4070,4069,239.04,486.36,282.08,1.0000,0
7210,4070,4073,239.12,506.16,301.77,1.0000,0
7211,4070,4072,238.92,466.67,301.88,1.0000,0
7212,4071,4069,278.53,486.16,282.12,1.0000,0
7213,4071,4073,278.61,505.96,301.81,1.0000,0
7214,4071,4068,278.49,486.27,321.60,1.0000,0
7215,4072,4069,258.68,466.52,282.15,1.0000,0
7216,4072,4071,278.41,466.47,301.92,1.0000,0
7217,4072,4068,258.65,466.63,321.64,1.0000,0
7218,4073,4068,258.85,506.11,321.53,1.0000,0
7219,4073,4069,258.88,506.00,282.05,1.0000,0
7220,4074,4083,317.93,466.16,262.46,1.0000,0
7221,4075,4083,357.42,465.96,262.49,0.9200,0
7222,4076,4083,357.62,505.45,262.38,1.0000,0
7223,4077,4083,318.13,505.65,262.35,0.8400,0
7224,4074,4084,298.17,466.31,282.19,1.0000,0
7225,4077,4084,298.37,505.80,282.08,0.0400,1
7226,4078,4084,298.34,505.91,321.57,1.0000,0
7227,4079,4084,298.14,466.42,321.68,1.0000,0
7228,4074,4086,317.81,446.47,282.26,1.0000,0
7229,4075,4086,357.30,446.27,282.29,1.0000,0
7230,4079,4086,317.78,446.58,321.75,1.0000,0
7231,4080,4086,357.27,446.38,321.78,0.9600,0
7232,4084,4082,317.98,486.07,321.64,1.0000,0
7233,4084,4083,318.01,485.96,282.15,1.0000,0
7234,4084,4087,318.10,505.76,301.84,1.0000,0
7235,4084,4086,317.90,466.27,301.95,1.0000,0
7236,4085,4083,357.50,485.76,282.18,1.0000,0
7237,4085,4087,357.59,505.56,301.87,0.9200,0
7238,4085,4082,357.47,485.87,321.67,1.0000,0
7239,4086,4083,337.66,466.11,282.22,1.0000,0
7240,4086,4085,357.39,466.07,301.98,1.0000,0
7241,4086,4082,337.63,466.22,321.71,1.0000,0
7242,4087,4082,337.83,505.71,321.60,1.0000,0
7243,4087,4083,337.86,505.60,282.11,1.0000,0
7244,4088,4097,396.91,465.76,262.52,1.0000,0
7245,4089,4097,436.39,465.56,262.56,0.9200,0
7246,4090,4097,436.60,505.05,262.45,0.9600,0
7247,4091,4097,397.11,505.25,262.42,0.1600,1
7248,4088,4098,377.15,465.91,282.25,1.0000,0
7249,4091,4098,377.35,505.40,282.14,1.0000,0
7250,4092,4098,377.31,505.51,321.63,1.0000,0
7251,4093,4098,377.11,466.02,321.74,1.0000,0
7252,4088,4100,396.79,446.07,282.32,1.0000,0
7253,4089,4100,436.28,445.87,282.36,1.0000,0
7254,4093,4100,396.76,446.18,321.81,1.0000,0
7255,4094,4100,436.25,445.98,321.84,1.0000,0
7256,4098,4096,396.96,485.67,321.70,1.0000,0
7257,4098,4097,396.99,485.56,282.21,1.0000,0
7258,4098,4101,397.08,505.36,301.90,1.0000,0
7259,4098,4100,396.87,465.87,302.01,0.8400,0
7260,4099,4097,436.48,485.36,282.25,0.9600,0
7261,4099,4101,436.56,505.15,301.94,0.8000,0
7262,4099,4096,436.45,485.47,321.74,1.0000,0
7263,4100,4097,416.63,465.71,282.29,1.0000,0
7264,4100,4099,436.36,465.67,302.05,1.0000,0
7265,4100,4096,416.60,465.82,321.77,1.0000,0
7266,4101,4096,416.80,505.31,321.66,1.0000,0
7267,4101,4097,416.84,505.20,282.18,0.9600,0
7268,4102,4111,475.88,465.36,262.59,1.0000,0
7269,4103,4111,515.37,465.16,262.62,0.2000,1
7270,4104,4111,515.57,504.64,262.51,0.9600,0
7271,4105,4111,476.08,504.84,262.48,0.1200,1
7272,4102,4112,456.12,465.51,282.32,1.0000,0
7273,4105,4112,456.32,505.00,282.21,1.0000,0
7274,4106,4112,456.29,505.11,321.70,0.9600,0
7275,4107,4112,456.09,465.62,321.81,1.0000,0
7276,4102,4114,475.77,445.67,282.39,1.0000,0
7277,4103,4114,515.25,445.47,282.42,1.0000,0
7278,4107,4114,475.73,445.78,321.88,1.0000,0
7279,4108,4114,515.22,445.58,321.91,0.7600,0
7280,4112,4110,475.94,485.26,321.77,0.6400,0
7281,4112,4111,475.97,485.16,282.28,1.0000,0
7282,4112,4115,476.05,504.95,301.97,1.0000,0
7283,4112,4114,475.85,465.47,302.08,0.5600,0
7284,4113,4111,515.46,484.95,282.31,0.8400,0
7285,4113,4115,515.54,504.75,302.00,0.2800,1
7286,4113,4110,515.42,485.06,321.80,1.0000,0
7287,4114,4111,495.61,465.31,282.35,1.0000,0
7288,4114,4113,515.34,465.27,302.11,1.0000,0
7289,4114,4110,495.58,465.42,321.84,0.8000,0
7290,4115,4110,495.78,504.91,321.73,1.0000,0
7291,4115,4111,495.81,504.80,282.24,0.5600,0
7292,4116,4125,554.86,464.95,262.66,1.0000,0
7293,4117,4125,594.35,464.75,262.69,0.0800,1
7294,4118,4125,594.55,504.24,262.58,1.0000,0
7295,4119,4125,555.06,504.44,262.55,0.0400,1
7296,4116,4126,535.10,465.11,282.38,0.6800,0
7297,4119,4126,535.30,504.60,282.27,1.0000,0
7298,4120,4126,535.27,504.71,321.76,0.8400,0
7299,4121,4126,535.07,465.22,321.87,1.0000,0
7300,4116,4128,554.74,445.27,282.45,0.6000,0
7301,4117,4128,594.23,445.06,282.49,1.0000,0
7302,4121,4128,554.71,445.37,321.94,1.0000,0
7303,4122,4128,594.20,445.17,321.98,0.4000,0
7304,4126,4124,554.91,484.86,321.83,0.1600,1
7305,4126,4125,554.94,484.75,282.35,1.0000,0
7306,4126,4129,555.03,504.55,302.03,1.0000,0
7307,4126,4128,554.83,465.06,302.14,0.0400,1
7308,4127,4125,594.43,484.55,282.38,0.0000,1
7309,4127,4129,594.52,504.35,302.07,0.0400,1
7310,4127,4124,594.40,484.66,321.87,1.0000,0
7311,4128,4125,574.59,464.91,282.42,0.8800,0
7312,4128,4127,594.32,464.86,302.18,0.8000,0
7313,4128,4124,574.56,465.02,321.90,0.0800,1
7314,4129,4124,574.76,504.51,321.80,1.0000,0
7315,4129,4125,574.79,504.40,282.31,0.0400,1
7316,4130,4139,633.84,464.55,262.72,0.9200,0
7317,4131,4139,673.32,464.35,262.75,0.0800,1
7318,4132,4139,673.53,503.84,262.64,0.8000,0
7319,4133,4139,634.04,504.04,262.61,0.0800,1
7320,4130,4140,614.08,464.71,282.45,0.0800,1
7321,4133,4140,614.28,504.20,282.34,1.0000,0
7322,4134,4140,614.24,504.31,321.83,0.0400,1
7323,4135,4140,614.04,464.82,321.94,0.9600,0
7324,4130,4142,633.72,444.86,282.52,0.0000,1
7325,4131,4142,673.21,444.66,282.55,1.0000,0
7326,4135,4142,633.69,444.97,322.01,1.0000,0
7327,4136,4142,673.18,444.77,322.04,0.0400,1
7328,4140,4138,633.89,484.46,321.90,0.0400,1
7329,4140,4139,633.92,484.35,282.41,1.0000,0
7330,4140,4143,634.00,504.15,302.10,0.6000,0
7331,4140,4142,633.80,464.66,302.21,0.0400,1
7332,4141,4139,673.41,484.15,282.44,0.0000,1
7333,4141,4143,673.49,503.95,302.13,0.0800,1
7334,4141,4138,673.38,484.26,321.93,1.0000,0
7335,4142,4139,653.56,464.51,282.48,0.2400,1
7336,4142,4141,673.29,464.46,302.24,0.7600,0
7337,4142,4138,653.53,464.62,321.97,0.0800,1
7338,4143,4138,653.73,504.11,321.86,0.1600,1
7339,4143,4139,653.76,504.00,282.37,0.0400,1
7340,4144,4153,712.81,464.15,262.79,0.8800,0
7341,4145,4153,752.30,463.95,262.82,0.0800,1
7342,4146,4153,752.50,503.44,262.71,0.5600,0
7343,4147,4153,713.01,503.64,262.68,0.0400,1
7344,4144,4154,693.05,464.31,282.51,0.0800,1
7345,4147,4154,693.25,503.80,282.41,0.2400,1
7346,4148,4154,693.22,503.90,321.89,0.0800,1
7347,4149,4154,693.02,464.42,322.00,0.1200,1
7348,4145,4155,772.03,463.91,282.58,0.0000,1
7349,4146,4155,772.23,503.39,282.47,0.0000,1
7350,4150,4155,772.00,464.01,322.07,0.0000,1
7351,4151,4155,772.20,503.50,321.96,0.0000,1
7352,4144,4156,712.70,444.46,282.59,0.0400,1
7353,4145,4156,752.18,444.26,282.62,1.0000,0
7354,4149,4156,712.66,444.57,322.07,1.0000,0
7355,4150,4156,752.15,444.37,322.11,0.0800,1
7356,4154,4152,712.86,484.06,321.96,0.0400,1
7357,4154,4153,712.90,483.95,282.48,1.0000,0
7358,4154,4157,712.98,503.75,302.17,0.6800,0
7359,4154,4156,712.78,464.26,302.28,0.0400,1
7360,4155,4153,752.39,483.75,282.51,0.0800,1
7361,4155,4157,752.47,503.55,302.20,0.0000,1
7362,4155,4152,752.35,483.86,322.00,0.9200,0
7363,4156,4153,732.54,464.11,282.55,0.1200,1
7364,4156,4155,752.27,464.06,302.31,0.6400,0
7365,4156,4152,732.51,464.22,322.04,0.1200,1
7366,4157,4152,732.71,503.70,321.93,0.1600,1
7367,4157,4153,732.74,503.59,282.44,0.0800,1
7368,4158,4167,81.40,546.34,262.04,0.6800,0
7369,4159,4167,120.89,546.14,262.08,1.0000,0
7370,4160,4167,121.09,585.63,261.97,0.5600,0
7371,4161,4167,81.60,585.83,261.94,1.0000,0
7372,4158,4168,61.64,546.50,281.77,0.0800,1
7373,4161,4168,61.84,585.98,281.66,1.0000,0
7374,4162,4168,61.81,586.09,321.15,0.1200,1
7375,4163,4168,61.61,546.61,321.26,1.0000,0
7376,4158,4170,81.29,526.65,281.84,1.0000,0
7377,4159,4170,120.77,526.45,281.88,1.0000,0
7378,4163,4170,81.25,526.76,321.33,0.4800,0
7379,4164,4170,120.74,526.56,321.36,1.0000,0
7380,4168,4166,81.45,566.25,321.22,1.0000,0
7381,4168,4167,81.49,566.14,281.73,0.5600,0
7382,4168,4171,81.57,585.94,301.42,0.2800,1
7383,4168,4170,81.37,546.45,301.53,1.0000,0
7384,4169,4167,120.97,565.94,281.77,1.0000,0
7385,4169,4171,121.06,585.74,301.46,1.0000,0
7386,4169,4166,120.94,566.05,321.26,1.0000,0
7387,4170,4167,101.13,546.30,281.81,1.0000,0
7388,4170,4169,120.86,546.25,301.57,1.0000,0
7389,4170,4166,101.10,546.40,321.29,0.9600,0
7390,4171,4166,101.30,585.89,321.18,1.0000,0
7391,4171,4167,101.33,585.78,281.70,0.7600,0
7392,4172,4181,160.38,545.94,262.11,0.8800,0
7393,4173,4181,199.87,545.74,262.14,1.0000,0
7394,4174,4181,200.07,585.23,262.03,0.9200,0
7395,4175,4181,160.58,585.43,262.00,1.0000,0
7396,4172,4182,140.62,546.09,281.84,0.9600,0
7397,4175,4182,140.82,585.58,281.73,1.0000,0
7398,4176,4182,140.79,585.69,321.22,1.0000,0
7399,4177,4182,140.59,546.20,321.33,1.0000,0
7400,4172,4184,160.26,526.25,281.91,1.0000,0
7401,4173,4184,199.75,526.05,281.94,0.7600,0
7402,4177,4184,160.23,526.36,321.40,1.0000,0
7403,4178,4184,199.72,526.16,321.43,1.0000,0
7404,4182,4180,160.43,565.85,321.29,0.6800,0
7405,4182,4181,160.46,565.74,281.80,1.0000,0
7406,4182,4185,160.55,585.54,301.49,0.8800,0
7407,4182,4184,160.35,546.05,301.60,1.0000,0
7408,4183,4181,199.95,565.54,281.83,1.0000,0
7409,4183,4185,200.04,585.34,301.52,1.0000,0
7410,4183,4180,199.92,565.65,321.32,1.0000,0
7411,4184,4181,180.11,545.89,281.87,1.0000,0
7412,4184,4183,199.83,545.85,301.63,1.0000,0
7413,4184,4180,180.07,546.00,321.36,1.0000,0
7414,4185,4180,180.28,585.49,321.25,1.0000,0
7415,4185,4181,180.31,585.38,281.76,1.0000,0
7416,4186,4195,239.35,545.54,262.18,1.0000,0
7417,4187,4195,278.84,545.34,262.21,1.0000,0
7418,4188,4195,279.04,584.82,262.10,1.0000,0
7419,4189,4195,239.56,585.03,262.07,1.0000,0
7420,4186,4196,219.59,545.69,281.90,0.0000,1
7421,4189,4196,219.80,585.18,281.79,1.0000,0
7422,4190,4196,219.76,585.29,321.28,1.0000,0
7423,4191,4196,219.56,545.80,321.39,1.0000,0
7424,4186,4198,239.24,525.85,281.97,1.0000,0
7425,4187,4198,278.73,525.65,282.01,1.0000,0
7426,4191,4198,239.21,525.96,321.46,1.0000,0
7427,4192,4198,278.69,525.76,321.50,1.0000,0
7428,4196,4194,239.41,565.45,321.35,1.0000,0
7429,4196,4195,239.44,565.34,281.86,1.0000,0
7430,4196,4199,239.52,585.14,301.55,1.0000,0
7431,4196,4198,239.32,545.65,301.66,1.0000,0
7432,4197,4195,278.93,565.14,281.90,1.0000,0
7433,4197,4199,279.01,584.93,301.59,1.0000,0
7434,4197,4194,278.90,565.25,321.39,1.0000,0
7435,4198,4195,259.08,545.49,281.94,1.0000,0
7436,4198,4197,278.81,545.45,301.70,1.0000,0
7437,4198,4194,259.05,545.60,321.42,1.0000,0
7438,4199,4194,259.25,585.09,321.32,1.0000,0
7439,4199,4195,259.28,584.98,281.83,1.0000,0
7440,4200,4209,318.33,545.14,262.24,1.0000,0
7441,4201,4209,357.82,544.94,262.27,0.6400,0
7442,4202,4209,358.02,584.42,262.16,1.0000,0
7443,4203,4209,318.53,584.62,262.13,0.9600,0
7444,4200,4210,298.57,545.29,281.97,1.0000,0
7445,4203,4210,298.77,584.78,281.86,1.0000,0
7446,4204,4210,298.74,584.89,321.35,1.0000,0
7447,4205,4210,298.54,545.40,321.46,1.0000,0
7448,4200,4212,318.22,525.45,282.04,0.8400,0
7449,4201,4212,357.70,525.25,282.07,1.0000,0
7450,4205,4212,318.18,525.56,321.53,1.0000,0
7451,4206,4212,357.67,525.36,321.56,0.9600,0
7452,4210,4208,318.38,565.04,321.42,1.0000,0
7453,4210,4209,318.42,564.93,281.93,1.0000,0
7454,4210,4213,318.50,584.73,301.62,1.0000,0
7455,4210,4212,318.30,545.25,301.73,1.0000,0
7456,4211,4209,357.90,564.73,281.96,0.6400,0
7457,4211,4213,357.99,584.53,301.65,1.0000,0
7458,4211,4208,357.87,564.84,321.45,1.0000,0
7459,4212,4209,338.06,545.09,282.00,1.0000,0
7460,4212,4211,357.79,545.04,301.76,1.0000,0
7461,4212,4208,338.03,545.20,321.49,1.0000,0
7462,4213,4208,338.23,584.69,321.38,1.0000,0
7463,4213,4209,338.26,584.58,281.89,1.0000,0
7464,4214,4223,397.31,544.73,262.31,1.0000,0
7465,4215,4223,436.80,544.53,262.34,0.2800,1
7466,4216,4223,437.00,584.02,262.23,1.0000,0
7467,4217,4223,397.51,584.22,262.20,0.3600,0
7468,4214,4224,377.55,544.89,282.03,1.0000,0
7469,4217,4224,377.75,584.38,281.92,1.0000,0
7470,4218,4224,377.72,584.49,321.41,1.0000,0
7471,4219,4224,377.52,545.00,321.52,1.0000,0
7472,4214,4226,397.19,525.05,282.11,0.8800,0
7473,4215,4226,436.68,524.84,282.14,1.0000,0
7474,4219,4226,397.16,525.15,321.59,1.0000,0
7475,4220,4226,436.65,524.95,321.63,1.0000,0
7476,4224,4222,397.36,564.64,321.48,1.0000,0
7477,4224,4223,397.39,564.53,282.00,1.0000,0
7478,4224,4227,397.48,584.33,301.69,1.0000,0
7479,4224,4226,397.28,544.84,301.79,0.9200,0
7480,4225,4223,436.88,564.33,282.03,0.6400,0
7481,4225,4227,436.97,584.13,301.72,0.7200,0
7482,4225,4222,436.85,564.44,321.52,1.0000,0
7483,4226,4223,417.04,544.69,282.07,1.0000,0
7484,4226,4225,436.76,544.64,301.83,1.0000,0
7485,4226,4222,417.00,544.80,321.56,0.9200,0
7486,4227,4222,417.20,584.29,321.45,1.0000,0
7487,4227,4223,417.24,584.18,281.96,0.9600,0
7488,4228,4237,476.28,544.33,262.37,0.8800,0
7489,4229,4237,515.77,544.13,262.40,0.0400,1
7490,4230,4237,515.97,583.62,262.30,0.6400,0
7491,4231,4237,476.49,583.82,262.26,0.1600,1
7492,4228,4238,456.52,544.49,282.10,0.8800,0
7493,4231,4238,456.73,583.98,281.99,1.0000,0
7494,4232,4238,456.69,584.09,321.48,0.9600,0
7495,4233,4238,456.49,544.60,321.59,1.0000,0
7496,4228,4240,476.17,524.64,282.17,0.9600,0
7497,4229,4240,515.66,524.44,282.20,1.0000,0
7498,4233,4240,476.14,524.75,321.66,1.0000,0
7499,4234,4240,515.62,524.55,321.69,0.6800,0
7500,4238,4236,476.34,564.24,321.55,1.0000,0
7501,4238,4237,476.37,564.13,282.06,1.0000,0
7502,4238,4241,476.45,583.93,301.75,1.0000,0
7503,4238,4240,476.25,544.44,301.86,0.4800,0
7504,4239,4237,515.86,563.93,282.09,0.7200,0
7505,4239,4241,515.94,583.73,301.78,0.2000,1
7506,4239,4236,515.83,564.04,321.58,1.0000,0
7507,4240,4237,496.01,544.29,282.13,1.0000,0
7508,4240,4239,515.74,544.24,301.89,1.0000,0
7509,4240,4236,495.98,544.40,321.62,1.0000,0
7510,4241,4236,496.18,583.88,321.51,1.0000,0
7511,4241,4237,496.21,583.78,282.02,1.0000,0
7512,4242,4251,555.26,543.93,262.44,0.4800,0
7513,4243,4251,594.75,543.73,262.47,0.0400,1
7514,4244,4251,594.95,583.22,262.36,0.4400,0
7515,4245,4251,555.46,583.42,262.33,0.0400,1
7516,4242,4252,535.50,544.09,282.17,0.4400,0
7517,4245,4252,535.70,583.57,282.06,1.0000,0
7518,4246,4252,535.67,583.68,321.54,0.1600,1
7519,4247,4252,535.47,544.20,321.65,1.0000,0
7520,4242,4254,555.14,524.24,282.24,0.1600,1
7521,4243,4254,594.63,524.04,282.27,1.0000,0
7522,4247,4254,555.11,524.35,321.72,1.0000,0
7523,4248,4254,594.60,524.15,321.76,0.0400,1
7524,4252,4250,555.31,563.84,321.62,0.4000,0
7525,4252,4251,555.35,563.73,282.13,1.0000,0
7526,4252,4255,555.43,583.53,301.82,1.0000,0
7527,4252,4254,555.23,544.04,301.93,0.0800,1
7528,4253,4251,594.83,563.53,282.16,0.1600,1
7529,4253,4255,594.92,583.33,301.85,0.0400,1
7530,4253,4250,594.80,563.64,321.65,0.8400,0
7531,4254,4251,574.99,543.89,282.20,1.0000,0
7532,4254,4253,594.72,543.84,301.96,1.0000,0
7533,4254,4250,574.96,543.99,321.69,0.0400,1
7534,4255,4250,575.16,583.48,321.58,1.0000,0
7535,4255,4251,575.19,583.37,282.09,0.0800,1
7536,4256,4265,634.24,543.53,262.50,0.6800,0
7537,4257,4265,673.73,543.33,262.54,0.0400,1
7538,4258,4265,673.93,582.82,262.43,0.1200,1
7539,4259,4265,634.44,583.02,262.39,0.0400,1
7540,4256,4266,614.48,543.68,282.23,0.0800,1
7541,4259,4266,614.68,583.17,282.12,1.0000,0
7542,4260,4266,614.65,583.28,321.61,0.0400,1
7543,4261,4266,614.45,543.79,321.72,1.0000,0
7544,4256,4268,634.12,523.84,282.30,0.0000,1
7545,4257,4268,673.61,523.64,282.33,1.0000,0
7546,4261,4268,634.09,523.95,321.79,1.0000,0
7547,4262,4268,673.58,523.75,321.82,0.0400,1
7548,4266,4264,634.29,563.44,321.68,0.0400,1
7549,4266,4265,634.32,563.33,282.19,1.0000,0
7550,4266,4269,634.41,583.13,301.88,1.0000,0
7551,4266,4268,634.21,543.64,301.99,0.0800,1
7552,4267,4265,673.81,563.13,282.22,0.0000,1
7553,4267,4269,673.89,582.93,301.91,0.0800,1
7554,4267,4264,673.78,563.24,321.71,1.0000,0
7555,4268,4265,653.97,543.48,282.26,0.8000,0
7556,4268,4267,673.69,543.44,302.02,0.6400,0
7557,4268,4264,653.93,543.59,321.75,0.0800,1
7558,4269,4264,654.13,583.08,321.64,0.9600,0
7559,4269,4265,654.17,582.97,282.15,0.0400,1
7560,4270,4279,713.21,543.13,262.57,0.9200,0
7561,4271,4279,752.70,542.93,262.60,0.0400,1
7562,4272,4279,752.90,582.42,262.49,0.4400,0
7563,4273,4279,713.42,582.62,262.46,0.0400,1
7564,4270,4280,693.45,543.28,282.30,0.0800,1
7565,4273,4280,693.66,582.77,282.19,0.1200,1
7566,4274,4280,693.62,582.88,321.68,0.0800,1
7567,4275,4280,693.42,543.39,321.78,0.2400,1
7568,4271,4281,772.43,542.88,282.36,0.0000,1
7569,4272,4281,772.63,582.37,282.25,0.0000,1
7570,4276,4281,772.40,542.99,321.85,0.0000,1
7571,4277,4281,772.60,582.48,321.74,0.0000,1
7572,4270,4282,713.10,523.44,282.37,0.0000,1
7573,4271,4282,752.59,523.24,282.40,1.0000,0
7574,4275,4282,713.07,523.55,321.86,0.8400,0
7575,4276,4282,752.55,523.35,321.89,0.0800,1
7576,4280,4278,713.27,563.04,321.75,0.0400,1
7577,4280,4279,713.30,562.93,282.26,1.0000,0
7578,4280,4283,713.38,582.73,301.95,0.6800,0
7579,4280,4282,713.18,543.24,302.06,0.0400,1
7580,4281,4279,752.79,562.73,282.29,0.0400,1
7581,4281,4283,752.87,582.52,301.98,0.0000,1
7582,4281,4278,752.75,562.84,321.78,0.9200,0
7583,4282,4279,732.94,543.08,282.33,0.3200,0
7584,4282,4281,752.67,543.04,302.09,0.8400,0
7585,4282,4278,732.91,543.19,321.82,0.0800,1
7586,4283,4278,733.11,582.68,321.71,0.1600,1
7587,4283,4279,733.14,582.57,282.22,0.0800,1
7588,4284,4293,81.80,625.32,261.83,0.8400,0
7589,4285,4293,121.29,625.12,261.86,1.0000,0
7590,4286,4293,121.49,664.60,261.75,0.9600,0
7591,4287,4293,82.00,664.81,261.72,1.0000,0
7592,4284,4294,62.04,625.47,281.55,0.0000,1
7593,4287,4294,62.24,664.96,281.44,1.0000,0
7594,4288,4294,62.21,665.07,320.93,0.0000,1
7595,4289,4294,62.01,625.58,321.04,1.0000,0
7596,4284,4296,81.69,605.63,281.62,1.0000,0
7597,4285,4296,121.18,605.43,281.66,1.0000,0
7598,4289,4296,81.65,605.74,321.11,0.5200,0
7599,4290,4296,121.14,605.54,321.15,1.0000,0
7600,4294,4292,81.86,645.23,321.00,1.0000,0
7601,4294,4293,81.89,645.12,281.52,0.6000,0
7602,4294,4297,81.97,664.91,301.21,0.4800,0
7603,4294,4296,81.77,625.43,301.31,1.0000,0
7604,4295,4293,121.38,644.92,281.55,1.0000,0
7605,4295,4297,121.46,664.71,301.24,1.0000,0
7606,4295,4292,121.34,645.02,321.04,1.0000,0
7607,4296,4293,101.53,625.27,281.59,1.0000,0
7608,4296,4295,121.26,625.23,301.35,0.8000,0
7609,4296,4292,101.50,625.38,321.08,0.8400,0
7610,4297,4292,101.70,664.87,320.97,1.0000,0
7611,4297,4293,101.73,664.76,281.48,0.7600,0
7612,4298,4307,160.78,624.92,261.89,0.9600,0
7613,4299,4307,200.27,624.71,261.92,1.0000,0
7614,4300,4307,200.47,664.20,261.81,0.9600,0
7615,4301,4307,160.98,664.40,261.78,1.0000,0
7616,4298,4308,141.02,625.07,281.62,0.9600,0
7617,4301,4308,141.22,664.56,281.51,1.0000,0
7618,4302,4308,141.19,664.67,321.00,1.0000,0
7619,4303,4308,140.99,625.18,321.11,1.0000,0
7620,4298,4310,160.66,605.23,281.69,1.0000,0
7621,4299,4310,200.15,605.03,281.72,1.0000,0
7622,4303,4310,160.63,605.34,321.18,1.0000,0
7623,4304,4310,200.12,605.13,321.21,1.0000,0
7624,4308,4306,160.83,644.82,321.07,1.0000,0
7625,4308,4307,160.86,644.71,281.58,1.0000,0
7626,4308,4311,160.95,664.51,301.27,0.9600,0
7627,4308,4310,160.75,625.02,301.38,1.0000,0
7628,4309,4307,200.35,644.51,281.61,1.0000,0
7629,4309,4311,200.44,664.31,301.30,1.0000,0
7630,4309,4306,200.32,644.62,321.10,1.0000,0
7631,4310,4307,180.51,624.87,281.65,1.0000,0
7632,4310,4309,200.24,624.82,301.41,0.9600,0
7633,4310,4306,180.48,624.98,321.14,1.0000,0
7634,4311,4306,180.68,664.47,321.03,1.0000,0
7635,4311,4307,180.71,664.36,281.54,1.0000,0
7636,4312,4321,239.76,624.51,261.96,1.0000,0
7637,4313,4321,279.25,624.31,261.99,1.0000,0
7638,4314,4321,279.45,663.80,261.88,0.9600,0
7639,4315,4321,239.96,664.00,261.85,1.0000,0
7640,4312,4322,220.00,624.67,281.68,1.0000,0
7641,4315,4322,220.20,664.16,281.58,1.0000,0
7642,4316,4322,220.17,664.27,321.06,1.0000,0
7643,4317,4322,219.96,624.78,321.17,1.0000,0
7644,4312,4324,239.64,604.82,281.76,1.0000,0
7645,4313,4324,279.13,604.62,281.79,1.0000,0
7646,4317,4324,239.61,604.93,321.24,1.0000,0
7647,4318,4324,279.10,604.73,321.28,1.0000,0
7648,4322,4320,239.81,644.42,321.14,1.0000,0
7649,4322,4321,239.84,644.31,281.65,1.0000,0
7650,4322,4325,239.93,664.11,301.34,0.9600,0
7651,4322,4324,239.72,624.62,301.45,1.0000,0
7652,4323,4321,279.33,644.11,281.68,1.0000,0
7653,4323,4325,279.41,663.91,301.37,0.9200,0
7654,4323,4320,279.30,644.22,321.17,1.0000,0
7655,4324,4321,259.48,624.47,281.72,1.0000,0
7656,4324,4323,279.21,624.42,301.48,0.9600,0
7657,4324,4320,259.45,624.58,321.21,1.0000,0
7658,4325,4320,259.65,664.07,321.10,1.0000,0
7659,4325,4321,259.69,663.96,281.61,0.9600,0
7660,4326,4335,318.73,624.11,262.02,1.0000,0
7661,4327,4335,358.22,623.91,262.05,0.9600,0
7662,4328,4335,358.42,663.40,261.95,1.0000,0
7663,4329,4335,318.93,663.60,261.91,0.9600,0
7664,4326,4336,298.97,624.27,281.75,1.0000,0
7665,4329,4336,299.17,663.76,281.64,1.0000,0
7666,4330,4336,299.14,663.86,321.13,1.0000,0
7667,4331,4336,298.94,624.38,321.24,1.0000,0
7668,4326,4338,318.62,604.42,281.82,1.0000,0
7669,4327,4338,358.11,604.22,281.85,1.0000,0
7670,4331,4338,318.58,604.53,321.31,1.0000,0
7671,4332,4338,358.07,604.33,321.34,1.0000,0
7672,4336,4334,318.79,644.02,321.20,1.0000,0
7673,4336,4335,318.82,643.91,281.71,1.0000,0
7674,4336,4339,318.90,663.71,301.40,1.0000,0
7675,4336,4338,318.70,624.22,301.51,1.0000,0
7676,4337,4335,358.31,643.71,281.74,1.0000,0
7677,4337,4339,358.39,663.51,301.43,0.4800,0
7678,4337,4334,358.27,643.82,321.23,1.0000,0
7679,4338,4335,338.46,624.07,281.78,1.0000,0
7680,4338,4337,358.19,624.02,301.54,1.0000,0
7681,4338,4334,338.43,624.18,321.27,1.0000,0
7682,4339,4334,338.63,663.66,321.16,1.0000,0
7683,4339,4335,338.66,663.55,281.67,1.0000,0
7684,4340,4349,397.71,623.71,262.09,1.0000,0
7685,4341,4349,437.20,623.51,262.12,0.4400,0
7686,4342,4349,437.40,663.00,262.01,0.9600,0
7687,4343,4349,397.91,663.20,261.98,0.3600,0
7688,4340,4350,377.95,623.87,281.82,1.0000,0
7689,4343,4350,378.15,663.35,281.71,1.0000,0
7690,4344,4350,378.12,663.46,321.20,1.0000,0
7691,4345,4350,377.92,623.98,321.30,1.0000,0
7692,4340,4352,397.59,604.02,281.89,1.0000,0
7693,4341,4352,437.08,603.82,281.92,1.0000,0
7694,4345,4352,397.56,604.13,321.38,0.9200,0
7695,4346,4352,437.05,603.93,321.41,1.0000,0
7696,4350,4348,397.76,643.62,321.27,1.0000,0
7697,4350,4349,397.79,643.51,281.78,0.8400,0
7698,4350,4353,397.88,663.31,301.47,0.9200,0
7699,4350,4352,397.68,623.82,301.58,1.0000,0
7700,4351,4349,437.28,643.31,281.81,1.0000,0
7701,4351,4353,437.37,663.11,301.50,0.3200,0
7702,4351,4348,437.25,643.42,321.30,1.0000,0
7703,4352,4349,417.44,623.67,281.85,1.0000,0
7704,4352,4351,437.17,623.62,301.61,1.0000,0
7705,4352,4348,417.41,623.77,321.34,1.0000,0
7706,4353,4348,417.61,663.26,321.23,0.0800,1
7707,4353,4349,417.64,663.15,281.74,0.6800,0
7708,4354,4363,476.69,623.31,262.15,1.0000,0
7709,4355,4363,516.17,623.11,262.19,0.1200,1
7710,4356,4363,516.38,662.60,262.08,1.0000,0
7711,4357,4363,476.89,662.80,262.04,0.2400,1
7712,4354,4364,456.93,623.46,281.88,0.9200,0
7713,4357,4364,457.13,662.95,281.77,1.0000,0
7714,4358,4364,457.09,663.06,321.26,1.0000,0
7715,4359,4364,456.89,623.57,321.37,1.0000,0
7716,4354,4366,476.57,603.62,281.95,1.0000,0
7717,4355,4366,516.06,603.42,281.98,1.0000,0
7718,4359,4366,476.54,603.73,321.44,1.0000,0
7719,4360,4366,516.03,603.53,321.47,0.4000,0
7720,4364,4362,476.74,643.22,321.33,1.0000,0
7721,4364,4363,476.77,643.11,281.84,1.0000,0
7722,4364,4367,476.86,662.91,301.53,1.0000,0
7723,4364,4366,476.65,623.42,301.64,1.0000,0
7724,4365,4363,516.26,642.91,281.88,0.3200,0
7725,4365,4367,516.34,662.71,301.57,0.3600,0
7726,4365,4362,516.23,643.02,321.36,1.0000,0
7727,4366,4363,496.41,623.26,281.91,1.0000,0
7728,4366,4365,516.14,623.22,301.67,1.0000,0
7729,4366,4362,496.38,623.37,321.40,1.0000,0
7730,4367,4362,496.58,662.86,321.29,1.0000,0
7731,4367,4363,496.62,662.75,281.80,0.4000,0
7732,4368,4377,555.66,622.91,262.22,1.0000,0
7733,4369,4377,595.15,622.71,262.25,0.0800,1
7734,4370,4377,595.35,662.19,262.14,0.6400,0
7735,4371,4377,555.86,662.40,262.11,0.0800,1
7736,4368,4378,535.90,623.06,281.95,0.2000,1
7737,4371,4378,536.10,662.55,281.84,1.0000,0
7738,4372,4378,536.07,662.66,321.33,0.6800,0
7739,4373,4378,535.87,623.17,321.44,1.0000,0
7740,4368,4380,555.55,603.22,282.02,0.4000,0
7741,4369,4380,595.03,603.02,282.05,1.0000,0
7742,4373,4380,555.51,603.33,321.51,1.0000,0
7743,4374,4380,595.00,603.13,321.54,0.4000,0
7744,4378,4376,555.72,642.82,321.40,0.4000,0
7745,4378,4377,555.75,642.71,281.91,0.7600,0
7746,4378,4381,555.83,662.51,301.60,1.0000,0
7747,4378,4380,555.63,623.02,301.71,0.1600,1
7748,4379,4377,595.24,642.51,281.94,0.3200,0
7749,4379,4381,595.32,662.30,301.63,0.0400,1
7750,4379,4376,595.20,642.61,321.43,0.6800,0
7751,4380,4377,575.39,622.86,281.98,1.0000,0
7752,4380,4379,595.12,622.82,301.74,1.0000,0
7753,4380,4376,575.36,622.97,321.47,0.3200,0
7754,4381,4376,575.56,662.46,321.36,1.0000,0
7755,4381,4377,575.59,662.35,281.87,0.1200,1
7756,4382,4391,634.64,622.51,262.28,0.5200,0
7757,4383,4391,674.13,622.31,262.32,0.0800,1
7758,4384,4391,674.33,661.79,262.21,0.1200,1
7759,4385,4391,634.84,661.99,262.17,0.0400,1
7760,4382,4392,614.88,622.66,282.01,0.1200,1
7761,4385,4392,615.08,662.15,281.90,1.0000,0
7762,4386,4392,615.05,662.26,321.39,0.0400,1
7763,4387,4392,614.85,622.77,321.50,1.0000,0
7764,4382,4394,634.52,602.82,282.08,0.0000,1
7765,4383,4394,674.01,602.62,282.12,1.0000,0
7766,4387,4394,634.49,602.93,321.57,1.0000,0
7767,4388,4394,673.98,602.73,321.60,0.1600,1
7768,4392,4390,634.69,642.41,321.46,0.1200,1
7769,4392,4391,634.72,642.30,281.97,1.0000,0
7770,4392,4395,634.81,662.10,301.66,1.0000,0
7771,4392,4394,634.61,622.62,301.77,0.0400,1
7772,4393,4391,674.21,642.10,282.01,0.0000,1
7773,4393,4395,674.30,661.90,301.70,0.0800,1
7774,4393,4390,674.18,642.21,321.50,0.8800,0
7775,4394,4391,654.37,622.46,282.04,1.0000,0
7776,4394,4393,674.10,622.41,301.81,0.8800,0
7777,4394,4390,654.34,622.57,321.53,0.0400,1
7778,4395,4390,654.54,662.06,321.42,0.8800,0
7779,4395,4391,654.57,661.95,281.94,0.0800,1
7780,4396,4405,713.62,622.10,262.35,0.1600,1
7781,4397,4405,753.10,621.90,262.38,0.0800,1
7782,4398,4405,753.31,661.39,262.27,0.1600,1
7783,4399,4405,713.82,661.59,262.24,0.0800,1
7784,4396,4406,693.86,622.26,282.08,0.0400,1
7785,4399,4406,694.06,661.75,281.97,0.4400,0
7786,4400,4406,694.02,661.86,321.46,0.0800,1
7787,4401,4406,693.82,622.37,321.57,0.2000,1
7788,4397,4407,772.83,621.86,282.14,0.0000,1
7789,4398,4407,773.03,661.35,282.03,0.0000,1
7790,4402,4407,772.80,621.97,321.63,0.0000,1
7791,4403,4407,773.00,661.46,321.52,0.0000,1
7792,4396,4408,713.50,602.41,282.15,0.0000,1
7793,4397,4408,752.99,602.21,282.18,0.8000,0
7794,4401,4408,713.47,602.52,321.64,1.0000,0
7795,4402,4408,752.96,602.32,321.67,0.0400,1
7796,4406,4404,713.67,642.01,321.53,0.0000,1
7797,4406,4405,713.70,641.90,282.04,1.0000,0
7798,4406,4409,713.78,661.70,301.73,0.5600,0
7799,4406,4408,713.58,622.21,301.84,0.0800,1
7800,4407,4405,753.19,641.70,282.07,0.0400,1
7801,4407,4409,753.27,661.50,301.76,0.0400,1
7802,4407,4404,753.16,641.81,321.56,1.0000,0
7803,4408,4405,733.34,622.06,282.11,0.2400,1
7804,4408,4407,753.07,622.01,301.87,0.6800,0
7805,4408,4404,733.31,622.17,321.60,0.0400,1
7806,4409,4404,733.51,661.66,321.49,0.1200,1
7807,4409,4405,733.55,661.55,282.00,0.0800,1
7808,4410,4419,82.21,704.29,261.61,0.9200,0
7809,4411,4419,121.69,704.09,261.64,1.0000,0
7810,4412,4419,121.89,743.58,261.53,0.9600,0
7811,4413,4419,82.41,743.78,261.50,0.6400,0
7812,4410,4420,62.45,704.45,281.34,0.0400,1
7813,4413,4420,62.65,743.94,281.23,0.2000,1
7814,4414,4420,62.61,744.05,320.71,0.8400,0
7815,4415,4420,62.41,704.56,320.82,1.0000,0
7816,4410,4422,82.09,684.60,281.41,1.0000,0
7817,4411,4422,121.58,684.40,281.44,1.0000,0
7818,4415,4422,82.06,684.71,320.90,0.9600,0
7819,4416,4422,121.54,684.51,320.93,1.0000,0
7820,4412,4423,121.98,763.38,281.22,0.0000,1
7821,4413,4423,82.49,763.58,281.19,0.0000,1
7822,4414,4423,82.46,763.69,320.68,0.0000,1
7823,4417,4423,121.95,763.49,320.71,0.0000,1
7824,4420,4418,82.26,724.20,320.79,1.0000,0
7825,4420,4419,82.29,724.09,281.30,0.8000,0
7826,4420,4423,82.37,743.89,300.99,0.9600,0
7827,4420,4422,82.17,704.40,301.10,1.0000,0
7828,4421,4419,121.78,723.89,281.33,1.0000,0
7829,4421,4423,121.86,743.69,301.02,0.9200,0
7830,4421,4418,121.75,724.00,320.82,1.0000,0
7831,4422,4419,101.93,704.25,281.37,1.0000,0
7832,4422,4421,121.66,704.20,301.13,0.8400,0
7833,4422,4418,101.90,704.36,320.86,1.0000,0
7834,4423,4418,102.10,743.85,320.75,0.9200,0
7835,4423,4419,102.13,743.74,281.26,0.9600,0
7836,4424,4433,161.18,703.89,261.67,1.0000,0
7837,4425,4433,200.67,703.69,261.71,1.0000,0
7838,4426,4433,200.87,743.18,261.60,0.9200,0
7839,4427,4433,161.38,743.38,261.56,0.9200,0
7840,4424,4434,141.42,704.05,281.40,1.0000,0
7841,4427,4434,141.62,743.54,281.29,0.9200,0
7842,4428,4434,141.59,743.64,320.78,0.9600,0
7843,4429,4434,141.39,704.16,320.89,1.0000,0
7844,4424,4436,161.07,684.20,281.47,1.0000,0
7845,4425,4436,200.55,684.00,281.50,0.6800,0
7846,4429,4436,161.03,684.31,320.96,1.0000,0
7847,4430,4436,200.52,684.11,320.99,1.0000,0
7848,4426,4437,200.96,762.98,281.29,0.0000,1
7849,4427,4437,161.47,763.18,281.25,0.0000,1
7850,4428,4437,161.44,763.29,320.74,0.0000,1
7851,4431,4437,200.92,763.09,320.77,0.0000,1
7852,4434,4432,161.23,723.80,320.85,1.0000,0
7853,4434,4433,161.27,723.69,281.36,1.0000,0
7854,4434,4437,161.35,743.49,301.05,0.9200,0
7855,4434,4436,161.15,704.00,301.16,1.0000,0
7856,4435,4433,200.75,723.49,281.40,1.0000,0
7857,4435,4437,200.84,743.29,301.08,0.9200,0
7858,4435,4432,200.72,723.60,320.88,1.0000,0
7859,4436,4433,180.91,703.85,281.43,1.0000,0
7860,4436,4435,200.64,703.80,301.19,1.0000,0
7861,4436,4432,180.88,703.96,320.92,1.0000,0
7862,4437,4432,181.08,743.44,320.81,0.9200,0
7863,4437,4433,181.11,743.33,281.32,0.9600,0
7864,4438,4447,240.16,703.49,261.74,1.0000,0
7865,4439,4447,279.65,703.29,261.77,1.0000,0
7866,4440,4447,279.85,742.78,261.66,0.9200,0
7867,4441,4447,240.36,742.98,261.63,0.9200,0
7868,4438,4448,220.40,703.65,281.47,0.9600,0
7869,4441,4448,220.60,743.13,281.36,0.9200,0
7870,4442,4448,220.57,743.24,320.85,1.0000,0
7871,4443,4448,220.37,703.75,320.95,1.0000,0
7872,4438,4450,240.04,683.80,281.54,1.0000,0
7873,4439,4450,279.53,683.60,281.57,1.0000,0
7874,4443,4450,240.01,683.91,321.03,1.0000,0
7875,4444,4450,279.50,683.71,321.06,1.0000,0
7876,4440,4451,279.93,762.58,281.35,0.0000,1
7877,4441,4451,240.44,762.78,281.32,0.0000,1
7878,4442,4451,240.41,762.89,320.81,0.0000,1
7879,4445,4451,279.90,762.69,320.84,0.0000,1
7880,4448,4446,240.21,723.40,320.92,1.0000,0
7881,4448,4447,240.24,723.29,281.43,1.0000,0
7882,4448,4451,240.33,743.09,301.12,0.8800,0
7883,4448,4450,240.13,703.60,301.23,1.0000,0
7884,4449,4447,279.73,723.09,281.46,1.0000,0
7885,4449,4451,279.82,742.89,301.15,0.9200,0
7886,4449,4446,279.70,723.20,320.95,1.0000,0
7887,4450,4447,259.89,703.44,281.50,1.0000,0
7888,4450,4449,279.61,703.40,301.26,1.0000,0
7889,4450,4446,259.85,703.55,320.99,1.0000,0
7890,4451,4446,260.06,743.04,320.88,0.9200,0
7891,4451,4447,260.09,742.93,281.39,0.9600,0
7892,4452,4461,319.14,703.09,261.80,1.0000,0
7893,4453,4461,358.62,702.89,261.84,0.8400,0
7894,4454,4461,358.82,742.38,261.73,0.8800,0
7895,4455,4461,319.34,742.58,261.69,0.9200,0
7896,4452,4462,299.37,703.24,281.53,1.0000,0
7897,4455,4462,299.58,742.73,281.42,0.9200,0
7898,4456,4462,299.54,742.84,320.91,0.9600,0
7899,4457,4462,299.34,703.35,321.02,1.0000,0
7900,4452,4464,319.02,683.40,281.60,1.0000,0
7901,4453,4464,358.51,683.20,281.64,1.0000,0
7902,4457,4464,318.99,683.51,321.09,1.0000,0
7903,4458,4464,358.47,683.31,321.12,1.0000,0
7904,4454,4465,358.91,762.17,281.42,0.0000,1
7905,4455,4465,319.42,762.38,281.38,0.0000,1
7906,4456,4465,319.39,762.48,320.87,0.0000,1
7907,4459,4465,358.88,762.28,320.91,0.0000,1
7908,4462,4460,319.19,723.00,320.98,1.0000,0
7909,4462,4461,319.22,722.89,281.49,1.0000,0
7910,4462,4465,319.30,742.69,301.18,0.8800,0
7911,4462,4464,319.10,703.20,301.29,0.8000,0
7912,4463,4461,358.71,722.69,281.53,1.0000,0
7913,4463,4465,358.79,742.49,301.22,0.8400,0
7914,4463,4460,358.68,722.80,321.01,1.0000,0
7915,4464,4461,338.86,703.04,281.56,1.0000,0
7916,4464,4463,358.59,703.00,301.33,1.0000,0
7917,4464,4460,338.83,703.15,321.05,0.9600,0
7918,4465,4460,339.03,742.64,320.94,0.9200,0
7919,4465,4461,339.06,742.53,281.46,1.0000,0
7920,4466,4475,398.11,702.69,261.87,1.0000,0
7921,4467,4475,437.60,702.49,261.90,0.4400,0
7922,4468,4475,437.80,741.97,261.79,0.8800,0
7923,4469,4475,398.31,742.18,261.76,0.7600,0
7924,4466,4476,378.35,702.84,281.60,0.9200,0
7925,4469,4476,378.55,742.33,281.49,0.9200,0
7926,4470,4476,378.52,742.44,320.98,0.9200,0
7927,4471,4476,378.32,702.95,321.09,1.0000,0
7928,4466,4478,398.00,683.00,281.67,0.9600,0
7929,4467,4478,437.48,682.80,281.70,1.0000,0
7930,4471,4478,397.96,683.11,321.16,1.0000,0
7931,4472,4478,437.45,682.91,321.19,0.9600,0
7932,4468,4479,437.89,761.77,281.48,0.0000,1
7933,4469,4479,398.40,761.97,281.45,0.0000,1
7934,4470,4479,398.36,762.08,320.94,0.0000,1
7935,4473,4479,437.85,761.88,320.97,0.0000,1
7936,4476,4474,398.16,722.60,321.05,1.0000,0
7937,4476,4475,398.20,722.49,281.56,1.0000,0
7938,4476,4479,398.28,742.28,301.25,0.8400,0
7939,4476,4478,398.08,702.80,301.36,0.2000,1
7940,4477,4475,437.68,722.29,281.59,1.0000,0
7941,4477,4479,437.77,742.08,301.28,0.4400,0
7942,4477,4474,437.65,722.39,321.08,1.0000,0
7943,4478,4475,417.84,702.64,281.63,1.0000,0
7944,4478,4477,437.57,702.60,301.39,1.0000,0
7945,4478,4474,417.81,702.75,321.12,1.0000,0
7946,4479,4474,418.01,742.24,321.01,0.9200,0
7947,4479,4475,418.04,742.13,281.52,0.7600,0
7948,4480,4489,477.09,702.29,261.93,1.0000,0
7949,4481,4489,516.58,702.08,261.97,0.1200,1
7950,4482,4489,516.78,741.57,261.86,0.8400,0
7951,4483,4489,477.29,741.77,261.83,0.0400,1
7952,4480,4490,457.33,702.44,281.66,0.8400,0
7953,4483,4490,457.53,741.93,281.55,0.9200,0
7954,4484,4490,457.50,742.04,321.04,0.7600,0
7955,4485,4490,457.30,702.55,321.15,1.0000,0
7956,4480,4492,476.97,682.60,281.73,0.5600,0
7957,4481,4492,516.46,682.40,281.77,1.0000,0
7958,4485,4492,476.94,682.71,321.22,1.0000,0
7959,4486,4492,516.43,682.50,321.25,0.7200,0
7960,4482,4493,516.86,761.37,281.55,0.0000,1
7961,4483,4493,477.37,761.57,281.52,0.0000,1
7962,4484,4493,477.34,761.68,321.00,0.0000,1
7963,4487,4493,516.83,761.48,321.04,0.0000,1
7964,4490,4488,477.14,722.19,321.11,0.6800,0
7965,4490,4489,477.17,722.08,281.62,1.0000,0
7966,4490,4493,477.26,741.88,301.31,0.8400,0
7967,4490,4492,477.06,702.39,301.42,0.0400,1
7968,4491,4489,516.66,721.88,281.66,0.5200,0
7969,4491,4493,516.75,741.68,301.35,0.0400,1
7970,4491,4488,516.63,721.99,321.15,1.0000,0
7971,4492,4489,496.82,702.24,281.70,1.0000,0
7972,4492,4491,516.54,702.19,301.46,0.9600,0
7973,4492,4488,496.78,702.35,321.18,0.7600,0
7974,4493,4488,496.98,741.84,321.07,0.9200,0
7975,4493,4489,497.02,741.73,281.59,0.8000,0
7976,4494,4503,556.06,701.88,262.00,1.0000,0
7977,4495,4503,595.55,701.68,262.03,0.0800,1
7978,4496,4503,595.75,741.17,261.92,0.8400,0
7979,4497,4503,556.27,741.37,261.89,0.1200,1
7980,4494,4504,536.30,702.04,281.73,0.4000,0
7981,4497,4504,536.51,741.53,281.62,0.8400,0
7982,4498,4504,536.47,741.64,321.11,0.4400,0
7983,4499,4504,536.27,702.15,321.22,1.0000,0
7984,4494,4506,555.95,682.19,281.80,0.1200,1
7985,4495,4506,595.44,681.99,281.83,1.0000,0
7986,4499,4506,555.92,682.30,321.29,1.0000,0
7987,4500,4506,595.40,682.10,321.32,0.0000,1
7988,4496,4507,595.84,760.97,281.61,0.0000,1
7989,4497,4507,556.35,761.17,281.58,0.0000,1
7990,4498,4507,556.32,761.28,321.07,0.0000,1
7991,4501,4507,595.81,761.08,321.10,0.0000,1
7992,4504,4502,556.12,721.79,321.18,0.0400,1
7993,4504,4503,556.15,721.68,281.69,1.0000,0
7994,4504,4507,556.23,741.48,301.38,0.6800,0
7995,4504,4506,556.03,701.99,301.49,0.0800,1
7996,4505,4503,595.64,721.48,281.72,0.0400,1
7997,4505,4507,595.72,741.28,301.41,0.0400,1
7998,4505,4502,595.61,721.59,321.21,1.0000,0
7999,4506,4503,575.79,701.84,281.76,1.0000,0
8000,4506,4505,595.52,701.79,301.52,1.0000,0
8001,4506,4502,575.76,701.95,321.25,0.0800,1
8002,4507,4502,575.96,741.44,321.14,0.9200,0
8003,4507,4503,575.99,741.33,281.65,0.1600,1
8004,4508,4517,635.04,701.48,262.07,0.4000,0
8005,4509,4517,674.53,701.28,262.10,0.0400,1
8006,4510,4517,674.73,740.77,261.99,0.2000,1
8007,4511,4517,635.24,740.97,261.96,0.0800,1
8008,4508,4518,615.28,701.64,281.79,0.1600,1
8009,4511,4518,615.48,741.13,281.68,0.7600,0
8010,4512,4518,615.45,741.23,321.17,0.0400,1
8011,4513,4518,615.25,701.75,321.28,1.0000,0
8012,4508,4520,634.92,681.79,281.86,0.0400,1
8013,4509,4520,674.41,681.59,281.90,1.0000,0
8014,4513,4520,634.89,681.90,321.35,1.0000,0
8015,4514,4520,674.38,681.70,321.39,0.0000,1
8016,4510,4521,674.81,760.57,281.68,0.0000,1
8017,4511,4521,635.33,760.77,281.65,0.0000,1
8018,4512,4521,635.29,760.88,321.13,0.0000,1
8019,4515,4521,674.78,760.68,321.17,0.0000,1
8020,4518,4516,635.09,721.39,321.24,0.0000,1
8021,4518,4517,635.13,721.28,281.76,1.0000,0
8022,4518,4521,635.21,741.08,301.44,0.0800,1
8023,4518,4520,635.01,701.59,301.55,0.0400,1
8024,4519,4517,674.61,721.08,281.79,0.0000,1
8025,4519,4521,674.70,740.88,301.48,0.0800,1
8026,4519,4516,674.58,721.19,321.28,1.0000,0
8027,4520,4517,654.77,701.44,281.83,0.9600,0
8028,4520,4519,674.50,701.39,301.59,0.9600,0
8029,4520,4516,654.74,701.55,321.31,0.0400,1
8030,4521,4516,654.94,741.03,321.21,0.8400,0
8031,4521,4517,654.97,740.92,281.72,0.0800,1
8032,4522,4531,714.02,701.08,262.13,0.1200,1
8033,4523,4531,753.51,700.88,262.16,0.0800,1
8034,4524,4531,753.71,740.37,262.05,0.0000,1
8035,4525,4531,714.22,740.57,262.02,0.0800,1
8036,4522,4532,694.26,701.24,281.86,0.0400,1
8037,4525,4532,694.46,740.72,281.75,0.7600,0
8038,4526,4532,694.43,740.83,321.24,0.0800,1
8039,4527,4532,694.23,701.35,321.35,0.8000,0
8040,4523,4533,773.23,700.83,281.92,0.0000,1
8041,4524,4533,773.44,740.32,281.82,0.0000,1
8042,4528,4533,773.20,700.94,321.41,0.0000,1
8043,4529,4533,773.40,740.43,321.30,0.0000,1
8044,4522,4534,713.90,681.39,281.93,0.0000,1
8045,4523,4534,753.39,681.19,281.96,1.0000,0
8046,4527,4534,713.87,681.50,321.42,1.0000,0
8047,4528,4534,753.36,681.30,321.45,0.0000,1
8048,4524,4535,753.79,760.17,281.74,0.0000,1
8049,4525,4535,714.30,760.37,281.71,0.0000,1
8050,4526,4535,714.27,760.48,321.20,0.0000,1
8051,4529,4535,753.76,760.28,321.23,0.0000,1
8052,4532,4530,714.07,720.99,321.31,0.0000,1
8053,4532,4531,714.10,720.88,281.82,1.0000,0
8054,4532,4535,714.19,740.68,301.51,0.4400,0
8055,4532,4534,713.99,701.19,301.62,0.0800,1
8056,4533,4531,753.59,720.68,281.85,0.0000,1
8057,4533,4535,753.67,740.48,301.54,0.0800,1
8058,4533,4530,753.56,720.79,321.34,1.0000,0
8059,4534,4531,733.75,701.03,281.89,0.1200,1
8060,4534,4533,753.47,700.99,301.65,0.6400,0
8061,4534,4530,733.71,701.14,321.38,0.0800,1
8062,4535,4530,733.91,740.63,321.27,0.0000,1
8063,4535,4531,733.95,740.52,281.78,0.0800,1
8064,4536,4545,78.93,72.70,342.33,1.0000,0
8065,4537,4545,118.42,72.50,342.37,1.0000,0
8066,4538,4545,118.62,111.99,342.26,1.0000,0
8067,4539,4545,79.13,112.19,342.22,1.0000,0
8068,4536,4546,59.17,72.86,362.06,1.0000,0
8069,4539,4546,59.37,112.35,361.95,1.0000,0
8070,4540,4546,59.34,112.45,401.44,1.0000,0
8071,4541,4546,59.13,72.97,401.55,1.0000,0
8072,4536,4548,78.81,53.01,362.13,1.0000,0
8073,4537,4548,118.30,52.81,362.16,1.0000,0
8074,4541,4548,78.78,53.12,401.62,1.0000,0
8075,4542,4548,118.27,52.92,401.65,1.0000,0
8076,4546,4544,78.98,92.61,401.51,1.0000,0
8077,4546,4545,79.01,92.50,362.02,1.0000,0
8078,4546,4549,79.10,112.30,381.71,1.0000,0
8079,4546,4548,78.89,72.81,381.82,1.0000,0
8080,4547,4545,118.50,92.30,362.06,1.0000,0
8081,4547,4549,118.58,112.10,381.74,1.0000,0
8082,4547,4544,118.47,92.41,401.54,1.0000,0
8083,4548,4545,98.65,72.66,362.09,1.0000,0
8084,4548,4547,118.38,72.61,381.85,1.0000,0
8085,4548,4544,98.62,72.77,401.58,1.0000,0
8086,4549,4544,98.82,112.25,401.47,1.0000,0
8087,4549,4545,98.86,112.14,361.98,1.0000,0
8088,4550,4559,157.90,72.30,342.40,1.0000,0
8089,4551,4559,197.39,72.10,342.43,1.0000,0
8090,4552,4559,197.59,111.59,342.32,1.0000,0
8091,4553,4559,158.10,111.79,342.29,1.0000,0
8092,4550,4560,138.14,72.46,362.13,1.0000,0
8093,4553,4560,138.34,111.94,362.02,1.0000,0
8094,4554,4560,138.31,112.05,401.51,1.0000,0
8095,4555,4560,138.11,72.56,401.61,1.0000,0
8096,4550,4562,157.79,52.61,362.20,1.0000,0
8097,4551,4562,197.28,52.41,362.23,1.0000,0
8098,4555,4562,157.75,52.72,401.69,1.0000,0
8099,4556,4562,197.24,52.52,401.72,1.0000,0
8100,4560,4558,157.96,92.21,401.58,1.0000,0
8101,4560,4559,157.99,92.10,362.09,1.0000,0
8102,4560,4563,158.07,111.90,381.78,1.0000,0
8103,4560,4562,157.87,72.41,381.89,1.0000,0
8104,4561,4559,197.48,91.90,362.12,1.0000,0
8105,4561,4563,197.56,111.70,381.81,1.0000,0
8106,4561,4558,197.44,92.01,401.61,1.0000,0
8107,4562,4559,177.63,72.25,362.16,1.0000,0
8108,4562,4561,197.36,72.21,381.92,1.0000,0
8109,4562,4558,177.60,72.36,401.65,1.0000,0
8110,4563,4558,177.80,111.85,401.54,1.0000,0
8111,4563,4559,177.83,111.74,362.05,1.0000,0
8112,4564,4573,236.88,71.90,342.46,1.0000,0
8113,4565,4573,276.37,71.70,342.50,1.0000,0
8114,4566,4573,276.57,111.19,342.39,0.0000,1
8115,4567,4573,237.08,111.39,342.35,1.0000,0
8116,4564,4574,217.12,72.05,362.19,1.0000,0
8117,4567,4574,217.32,111.54,362.08,1.0000,0
8118,4568,4574,217.29,111.65,401.57,1.0000,0
8119,4569,4574,217.09,72.16,401.68,1.0000,0
8120,4564,4576,236.76,52.21,362.26,1.0000,0
8121,4565,4576,276.25,52.01,362.30,0.8400,0
8122,4569,4576,236.73,52.32,401.75,1.0000,0
8123,4570,4576,276.22,52.12,401.78,0.8400,0
8124,4574,4572,236.93,91.81,401.64,1.0000,0
8125,4574,4573,236.96,91.70,362.15,1.0000,0
8126,4574,4577,237.05,111.50,381.84,1.0000,0
8127,4574,4576,236.85,72.01,381.95,1.0000,0
8128,4575,4573,276.45,91.50,362.19,1.0000,0
8129,4575,4577,276.54,111.30,381.88,1.0000,0
8130,4575,4572,276.42,91.61,401.67,1.0000,0
8131,4576,4573,256.61,71.85,362.22,1.0000,0
8132,4576,4575,276.34,71.81,381.98,1.0000,0
8133,4576,4572,256.58,71.96,401.71,1.0000,0
8134,4577,4572,256.78,111.45,401.60,1.0000,0
8135,4577,4573,256.81,111.34,362.11,1.0000,0
8136,4578,4587,315.86,71.50,342.53,0.0800,1
8137,4579,4587,355.34,71.30,342.56,1.0000,0
8138,4580,4587,355.55,110.78,342.45,1.0000,0
8139,4581,4587,316.06,110.99,342.42,1.0000,0
8140,4578,4588,296.10,71.65,362.26,0.9200,0
8141,4581,4588,296.30,111.14,362.15,1.0000,0
8142,4582,4588,296.27,111.25,401.64,1.0000,0
8143,4583,4588,296.06,71.76,401.75,1.0000,0
8144,4578,4590,315.74,51.81,362.33,1.0000,0
8145,4579,4590,355.23,51.61,362.36,1.0000,0
8146,4583,4590,315.71,51.92,401.82,0.6400,0
8147,4584,4590,355.20,51.72,401.85,0.6800,0
8148,4588,4586,315.91,91.41,401.71,1.0000,0
8149,4588,4587,315.94,91.30,362.22,1.0000,0
8150,4588,4591,316.03,111.09,381.91,1.0000,0
8151,4588,4590,315.82,71.61,382.02,0.7600,0
8152,4589,4587,355.43,91.10,362.25,1.0000,0
8153,4589,4591,355.51,110.89,381.94,1.0000,0
8154,4589,4586,355.40,91.20,401.74,1.0000,0
8155,4590,4587,335.58,71.45,362.29,1.0000,0
8156,4590,4589,355.31,71.41,382.05,0.9200,0
8157,4590,4586,335.55,71.56,401.78,0.9600,0
8158,4591,4586,335.75,111.05,401.67,1.0000,0
8159,4591,4587,335.79,110.94,362.18,1.0000,0
8160,4592,4601,394.83,71.10,342.59,0.4400,0
8161,4593,4601,434.32,70.89,342.63,0.6400,0
8162,4594,4601,434.52,110.38,342.52,1.0000,0
8163,4595,4601,395.03,110.58,342.49,1.0000,0
8164,4592,4602,375.07,71.25,362.32,0.0400,1
8165,4595,4602,375.27,110.74,362.21,1.0000,0
8166,4596,4602,375.24,110.85,401.70,1.0000,0
8167,4597,4602,375.04,71.36,401.81,1.0000,0
8168,4592,4604,394.72,51.41,362.39,1.0000,0
8169,4593,4604,434.20,51.21,362.43,1.0000,0
8170,4597,4604,394.68,51.52,401.88,0.2800,1
8171,4598,4604,434.17,51.31,401.91,1.0000,0
8172,4602,4600,394.89,91.00,401.77,1.0000,0
8173,4602,4601,394.92,90.89,362.28,0.4800,0
8174,4602,4605,395.00,110.69,381.97,1.0000,0
8175,4602,4604,394.80,71.20,382.08,0.8000,0
8176,4603,4601,434.41,90.69,362.32,1.0000,0
8177,4603,4605,434.49,110.49,382.01,1.0000,0
8178,4603,4600,434.37,90.80,401.81,1.0000,0
8179,4604,4601,414.56,71.05,362.36,1.0000,0
8180,4604,4603,434.29,71.00,382.12,1.0000,0
8181,4604,4600,414.53,71.16,401.84,0.7600,0
8182,4605,4600,414.73,110.65,401.73,1.0000,0
8183,4605,4601,414.76,110.54,362.25,1.0000,0
8184,4606,4615,473.81,70.69,342.66,1.0000,0
8185,4607,4615,513.30,70.49,342.69,1.0000,0
8186,4608,4615,513.50,109.98,342.58,1.0000,0
8187,4609,4615,474.01,110.18,342.55,1.0000,0
8188,4606,4616,454.05,70.85,362.39,1.0000,0
8189,4609,4616,454.25,110.34,362.28,1.0000,0
8190,4610,4616,454.22,110.45,401.77,1.0000,0
8191,4611,4616,454.02,70.96,401.88,1.0000,0
8192,4606,4618,473.69,51.00,362.46,1.0000,0
8193,4607,4618,513.18,50.80,362.49,1.0000,0
8194,4611,4618,473.66,51.11,401.95,1.0000,0
8195,4612,4618,513.15,50.91,401.98,1.0000,0
8196,4616,4614,473.86,90.60,401.84,1.0000,0
8197,4616,4615,473.89,90.49,362.35,1.0000,0
8198,4616,4619,473.98,110.29,382.04,1.0000,0
8199,4616,4618,473.78,70.80,382.15,1.0000,0
8200,4617,4615,513.38,90.29,362.38,1.0000,0
8201,4617,4619,513.47,110.09,382.07,1.0000,0
8202,4617,4614,513.35,90.40,401.87,1.0000,0
8203,4618,4615,493.54,70.65,362.42,1.0000,0
8204,4618,4617,513.27,70.60,382.18,1.0000,0
8205,4618,4614,493.51,70.76,401.91,1.0000,0
8206,4619,4614,493.71,110.25,401.80,1.0000,0
8207,4619,4615,493.74,110.14,362.31,1.0000,0
8208,4620,4629,552.79,70.29,342.73,1.0000,0
8209,4621,4629,592.27,70.09,342.76,0.8800,0
8210,4622,4629,592.48,109.58,342.65,1.0000,0
8211,4623,4629,552.99,109.78,342.62,1.0000,0
8212,4620,4630,533.03,70.45,362.45,1.0000,0
8213,4623,4630,533.23,109.94,362.34,1.0000,0
8214,4624,4630,533.19,110.04,401.83,1.0000,0
8215,4625,4630,532.99,70.56,401.94,0.8400,0
8216,4620,4632,552.67,50.60,362.52,1.0000,0
8217,4621,4632,592.16,50.40,362.56,1.0000,0
8218,4625,4632,552.64,50.71,402.01,1.0000,0
8219,4626,4632,592.13,50.51,402.05,0.9200,0
8220,4630,4628,552.84,90.20,401.90,1.0000,0
8221,4630,4629,552.87,90.09,362.41,1.0000,0
8222,4630,4633,552.96,109.89,382.10,1.0000,0
8223,4630,4632,552.75,70.40,382.21,1.0000,0
8224,4631,4629,592.36,89.89,362.45,0.6000,0
8225,4631,4633,592.44,109.69,382.14,0.6000,0
8226,4631,4628,592.33,90.00,401.94,1.0000,0
8227,4632,4629,572.51,70.25,362.49,0.4400,0
8228,4632,4631,592.24,70.20,382.25,1.0000,0
8229,4632,4628,572.48,70.36,401.97,0.8800,0
8230,4633,4628,572.68,109.84,401.87,0.2800,1
8231,4633,4629,572.72,109.73,362.38,0.4800,0
8232,4634,4643,631.76,69.89,342.79,1.0000,0
8233,4635,4643,671.25,69.69,342.82,0.2800,1
8234,4636,4643,671.45,109.18,342.71,1.0000,0
8235,4637,4643,631.96,109.38,342.68,0.5200,0
8236,4634,4644,612.00,70.05,362.52,0.6800,0
8237,4637,4644,612.20,109.53,362.41,0.4800,0
8238,4638,4644,612.17,109.64,401.90,0.6000,0
8239,4639,4644,611.97,70.16,402.01,0.2400,1
8240,4634,4646,631.65,50.20,362.59,0.7600,0
8241,4635,4646,671.13,50.00,362.62,1.0000,0
8242,4639,4646,631.61,50.31,402.08,1.0000,0
8243,4640,4646,671.10,50.11,402.11,0.3600,0
8244,4644,4642,631.82,89.80,401.97,0.2000,1
8245,4644,4643,631.85,89.69,362.48,1.0000,0
8246,4644,4647,631.93,109.49,382.17,0.7600,0
8247,4644,4646,631.73,70.00,382.28,0.5600,0
8248,4645,4643,671.34,89.49,362.51,0.0800,1
8249,4645,4647,671.42,109.29,382.20,0.0800,1
8250,4645,4642,671.30,89.60,402.00,1.0000,0
8251,4646,4643,651.49,69.85,362.55,0.2800,1
8252,4646,4645,671.22,69.80,382.31,0.8800,0
8253,4646,4642,651.46,69.95,402.04,0.7600,0
8254,4647,4642,651.66,109.44,401.93,0.0400,1
8255,4647,4643,651.69,109.33,362.44,0.0800,1
8256,4648,4657,710.74,69.49,342.86,1.0000,0
8257,4649,4657,750.23,69.29,342.89,0.5200,0
8258,4650,4657,750.43,108.78,342.78,0.6400,0
8259,4651,4657,710.94,108.98,342.75,0.1200,1
8260,4648,4658,690.98,69.64,362.58,0.1200,1
8261,4651,4658,691.18,109.13,362.47,0.0800,1
8262,4652,4658,691.15,109.24,401.96,0.0800,1
8263,4653,4658,690.95,69.75,402.07,0.0400,1
8264,4649,4659,769.96,69.24,362.65,0.0000,1
8265,4650,4659,770.16,108.73,362.54,0.0000,1
8266,4654,4659,769.92,69.35,402.14,0.0000,1
8267,4655,4659,770.12,108.84,402.03,0.0000,1
8268,4648,4660,710.62,49.80,362.66,0.0000,1
8269,4649,4660,750.11,49.60,362.69,0.8000,0
8270,4653,4660,710.59,49.91,402.14,1.0000,0
8271,4654,4660,750.08,49.71,402.18,0.0000,1
8272,4658,4656,710.79,89.40,402.03,0.0400,1
8273,4658,4657,710.82,89.29,362.55,1.0000,0
8274,4658,4661,710.91,109.09,382.24,0.2800,1
8275,4658,4660,710.71,69.60,382.34,0.0800,1
8276,4659,4657,750.31,89.09,362.58,0.0000,1
8277,4659,4661,750.40,108.89,382.27,0.0800,1
8278,4659,4656,750.28,89.20,402.07,1.0000,0
8279,4660,4657,730.47,69.44,362.62,0.0400,1
8280,4660,4659,750.20,69.40,382.38,0.4800,0
8281,4660,4656,730.44,69.55,402.11,0.1200,1
8282,4661,4656,730.64,109.04,402.00,0.0800,1
8283,4661,4657,730.67,108.93,362.51,0.1200,1
8284,4662,4671,79.33,151.68,342.11,1.0000,0
8285,4663,4671,118.82,151.48,342.15,1.0000,0
8286,4664,4671,119.02,190.97,342.04,1.0000,0
8287,4665,4671,79.53,191.17,342.00,1.0000,0
8288,4662,4672,59.57,151.83,361.84,1.0000,0
8289,4665,4672,59.77,191.32,361.73,1.0000,0
8290,4666,4672,59.74,191.43,401.22,1.0000,0
8291,4667,4672,59.54,151.94,401.33,1.0000,0
8292,4662,4674,79.21,131.99,361.91,1.0000,0
8293,4663,4674,118.70,131.79,361.95,1.0000,0
8294,4667,4674,79.18,132.10,401.40,1.0000,0
8295,4668,4674,118.67,131.90,401.43,1.0000,0
8296,4672,4670,79.38,171.59,401.29,1.0000,0
8297,4672,4671,79.41,171.48,361.80,1.0000,0
8298,4672,4675,79.50,191.28,381.49,1.0000,0
8299,4672,4674,79.30,151.79,381.60,1.0000,0
8300,4673,4671,118.90,171.28,361.84,1.0000,0
8301,4673,4675,118.99,191.07,381.53,1.0000,0
8302,4673,4670,118.87,171.39,401.33,1.0000,0
8303,4674,4671,99.06,151.63,361.87,1.0000,0
8304,4674,4673,118.78,151.59,381.64,1.0000,0
8305,4674,4670,99.02,151.74,401.36,1.0000,0
8306,4675,4670,99.23,191.23,401.25,1.0000,0
8307,4675,4671,99.26,191.12,361.77,1.0000,0
8308,4676,4685,158.31,151.28,342.18,1.0000,0
8309,4677,4685,197.79,151.08,342.21,1.0000,0
8310,4678,4685,197.99,190.56,342.10,1.0000,0
8311,4679,4685,158.51,190.76,342.07,1.0000,0
8312,4676,4686,138.54,151.43,361.91,1.0000,0
8313,4679,4686,138.75,190.92,361.80,1.0000,0
8314,4680,4686,138.71,191.03,401.29,1.0000,0
8315,4681,4686,138.51,151.54,401.40,1.0000,0
8316,4676,4688,158.19,131.59,361.98,1.0000,0
8317,4677,4688,197.68,131.39,362.01,1.0000,0
8318,4681,4688,158.16,131.70,401.47,1.0000,0
8319,4682,4688,197.64,131.50,401.50,0.9600,0
8320,4686,4684,158.36,171.18,401.36,1.0000,0
8321,4686,4685,158.39,171.08,361.87,1.0000,0
8322,4686,4689,158.47,190.87,381.56,1.0000,0
8323,4686,4688,158.27,151.39,381.67,1.0000,0
8324,4687,4685,197.88,170.87,361.90,1.0000,0
8325,4687,4689,197.96,190.67,381.59,1.0000,0
8326,4687,4684,197.85,170.98,401.39,1.0000,0
8327,4688,4685,178.03,151.23,361.94,1.0000,0
8328,4688,4687,197.76,151.19,381.70,1.0000,0
8329,4688,4684,178.00,151.34,401.43,1.0000,0
8330,4689,4684,178.20,190.83,401.32,1.0000,0
8331,4689,4685,178.23,190.72,361.83,1.0000,0
8332,4690,4699,237.28,150.87,342.25,1.0000,0
8333,4691,4699,276.77,150.67,342.28,1.0000,0
8334,4692,4699,276.97,190.16,342.17,1.0000,0
8335,4693,4699,237.48,190.36,342.14,1.0000,0
8336,4690,4700,217.52,151.03,361.97,1.0000,0
8337,4693,4700,217.72,190.52,361.86,1.0000,0
8338,4694,4700,217.69,190.63,401.35,1.0000,0
8339,4695,4700,217.49,151.14,401.46,1.0000,0
8340,4690,4702,237.17,131.19,362.04,1.0000,0
8341,4691,4702,276.65,130.98,362.08,1.0000,0
8342,4695,4702,237.13,131.29,401.53,1.0000,0
8343,4696,4702,276.62,131.09,401.57,1.0000,0
8344,4700,4698,237.33,170.78,401.42,1.0000,0
8345,4700,4699,237.37,170.67,361.93,1.0000,0
8346,4700,4703,237.45,190.47,381.62,1.0000,0
8347,4700,4702,237.25,150.98,381.73,1.0000,0
8348,4701,4699,276.85,170.47,361.97,1.0000,0
8349,4701,4703,276.94,190.27,381.66,1.0000,0
8350,4701,4698,276.82,170.58,401.46,1.0000,0
8351,4702,4699,257.01,150.83,362.01,1.0000,0
8352,4702,4701,276.74,150.78,381.77,1.0000,0
8353,4702,4698,256.98,150.94,401.49,1.0000,0
8354,4703,4698,257.18,190.43,401.39,1.0000,0
8355,4703,4699,257.21,190.32,361.90,1.0000,0
8356,4704,4713,316.26,150.47,342.31,1.0000,0
8357,4705,4713,355.75,150.27,342.34,1.0000,0
8358,4706,4713,355.95,189.76,342.23,1.0000,0
8359,4707,4713,316.46,189.96,342.20,1.0000,0
8360,4704,4714,296.50,150.63,362.04,1.0000,0
8361,4707,4714,296.70,190.12,361.93,1.0000,0
8362,4708,4714,296.67,190.23,401.42,1.0000,0
8363,4709,4714,296.47,150.74,401.53,1.0000,0
8364,4704,4716,316.14,130.78,362.11,1.0000,0
8365,4705,4716,355.63,130.58,362.14,1.0000,0
8366,4709,4716,316.11,130.89,401.60,1.0000,0
8367,4710,4716,355.60,130.69,401.63,1.0000,0
8368,4714,4712,316.31,170.38,401.49,1.0000,0
8369,4714,4713,316.34,170.27,362.00,1.0000,0
8370,4714,4717,316.43,190.07,381.69,1.0000,0
8371,4714,4716,316.23,150.58,381.80,1.0000,0
8372,4715,4713,355.83,170.07,362.03,1.0000,0
8373,4715,4717,355.92,189.87,381.72,1.0000,0
8374,4715,4712,355.80,170.18,401.52,1.0000,0
8375,4716,4713,335.99,150.43,362.07,1.0000,0
8376,4716,4715,355.71,150.38,381.83,1.0000,0
8377,4716,4712,335.95,150.54,401.56,1.0000,0
8378,4717,4712,336.16,190.03,401.45,1.0000,0
8379,4717,4713,336.19,189.92,361.96,1.0000,0
8380,4718,4727,395.23,150.07,342.38,1.0000,0
8381,4719,4727,434.72,149.87,342.41,1.0000,0
8382,4720,4727,434.92,189.36,342.30,1.0000,0
8383,4721,4727,395.44,189.56,342.27,1.0000,0
8384,4718,4728,375.47,150.23,362.10,1.0000,0
8385,4721,4728,375.68,189.72,361.99,1.0000,0
8386,4722,4728,375.64,189.82,401.48,1.0000,0
8387,4723,4728,375.44,150.34,401.59,1.0000,0
8388,4718,4730,395.12,130.38,362.17,1.0000,0
8389,4719,4730,434.61,130.18,362.21,0.5600,0
8390,4723,4730,395.09,130.49,401.66,1.0000,0
8391,4724,4730,434.57,130.29,401.70,1.0000,0
8392,4728,4726,395.29,169.98,401.55,1.0000,0
8393,4728,4727,395.32,169.87,362.07,1.0000,0
8394,4728,4731,395.40,189.67,381.76,1.0000,0
8395,4728,4730,395.20,150.18,381.86,1.0000,0
8396,4729,4727,434.81,169.67,362.10,1.0000,0
8397,4729,4731,434.89,189.47,381.79,1.0000,0
8398,4729,4726,434.78,169.78,401.59,1.0000,0
8399,4730,4727,414.96,150.03,362.14,1.0000,0
8400,4730,4729,434.69,149.98,381.90,1.0000,0
8401,4730,4726,414.93,150.14,401.63,1.0000,0
8402,4731,4726,415.13,189.62,401.52,1.0000,0
8403,4731,4727,415.16,189.51,362.03,1.0000,0
8404,4732,4741,474.21,149.67,342.44,1.0000,0
8405,4733,4741,513.70,149.47,342.47,0.9200,0
8406,4734,4741,513.90,188.96,342.36,1.0000,0
8407,4735,4741,474.41,189.16,342.33,1.0000,0
8408,4732,4742,454.45,149.83,362.17,1.0000,0
8409,4735,4742,454.65,189.31,362.06,1.0000,0
8410,4736,4742,454.62,189.42,401.55,1.0000,0
8411,4737,4742,454.42,149.93,401.66,1.0000,0
8412,4732,4744,474.09,129.98,362.24,1.0000,0
8413,4733,4744,513.58,129.78,362.27,1.0000,0
8414,4737,4744,474.06,130.09,401.73,1.0000,0
8415,4738,4744,513.55,129.89,401.76,1.0000,0
8416,4742,4740,474.26,169.58,401.62,1.0000,0
8417,4742,4741,474.30,169.47,362.13,1.0000,0
8418,4742,4745,474.38,189.27,381.82,1.0000,0
8419,4742,4744,474.18,149.78,381.93,1.0000,0
8420,4743,4741,513.78,169.27,362.16,1.0000,0
8421,4743,4745,513.87,189.07,381.85,1.0000,0
8422,4743,4740,513.75,169.38,401.65,1.0000,0
8423,4744,4741,493.94,149.62,362.20,1.0000,0
8424,4744,4743,513.67,149.58,381.96,1.0000,0
8425,4744,4740,493.91,149.73,401.69,1.0000,0
8426,4745,4740,494.11,189.22,401.58,1.0000,0
8427,4745,4741,494.14,189.11,362.09,1.0000,0
8428,4746,4755,553.19,149.27,342.51,1.0000,0
8429,4747,4755,592.68,149.07,342.54,0.8000,0
8430,4748,4755,592.88,188.56,342.43,1.0000,0
8431,4749,4755,553.39,188.76,342.40,0.6000,0
8432,4746,4756,533.43,149.42,362.23,1.0000,0
8433,4749,4756,533.63,188.91,362.13,0.9600,0
8434,4750,4756,533.60,189.02,401.61,0.8800,0
8435,4751,4756,533.40,149.53,401.72,1.0000,0
8436,4746,4758,553.07,129.58,362.31,0.7600,0
8437,4747,4758,592.56,129.38,362.34,1.0000,0
8438,4751,4758,553.04,129.69,401.79,1.0000,0
8439,4752,4758,592.53,129.49,401.83,0.6400,0
8440,4756,4754,553.24,169.18,401.69,0.7600,0
8441,4756,4755,553.27,169.07,362.20,1.0000,0
8442,4756,4759,553.36,188.87,381.89,0.0400,1
8443,4756,4758,553.16,149.38,382.00,0.7600,0
8444,4757,4755,592.76,168.87,362.23,0.4000,0
8445,4757,4759,592.85,188.67,381.92,0.5200,0
8446,4757,4754,592.73,168.98,401.72,1.0000,0
8447,4758,4755,572.92,149.22,362.27,0.6800,0
8448,4758,4757,592.64,149.18,382.03,1.0000,0
8449,4758,4754,572.88,149.33,401.76,0.5600,0
8450,4759,4754,573.08,188.82,401.65,1.0000,0
8451,4759,4755,573.12,188.71,362.16,0.8800,0
8452,4760,4769,632.16,148.87,342.57,1.0000,0
8453,4761,4769,671.65,148.67,342.60,0.1200,1
8454,4762,4769,671.85,188.15,342.50,0.8000,0
8455,4763,4769,632.37,188.36,342.46,0.0800,1
8456,4760,4770,612.40,149.02,362.30,0.2800,1
8457,4763,4770,612.61,188.51,362.19,0.0800,1
8458,4764,4770,612.57,188.62,401.68,0.0400,1
8459,4765,4770,612.37,149.13,401.79,0.4400,0
8460,4760,4772,632.05,129.18,362.37,0.2400,1
8461,4761,4772,671.54,128.98,362.40,1.0000,0
8462,4765,4772,632.02,129.29,401.86,1.0000,0
8463,4766,4772,671.50,129.09,401.89,0.0400,1
8464,4770,4768,632.22,168.78,401.75,0.2400,1
8465,4770,4769,632.25,168.67,362.26,1.0000,0
8466,4770,4773,632.33,188.46,381.95,1.0000,0
8467,4770,4772,632.13,148.98,382.06,0.2800,1
8468,4771,4769,671.74,168.46,362.29,0.0000,1
8469,4771,4773,671.82,188.26,381.98,0.0800,1
8470,4771,4768,671.71,168.57,401.78,1.0000,0
8471,4772,4769,651.89,148.82,362.33,0.1200,1
8472,4772,4771,671.62,148.78,382.09,0.7600,0
8473,4772,4768,651.86,148.93,401.82,0.1200,1
8474,4773,4768,652.06,188.42,401.71,0.0400,1
8475,4773,4769,652.09,188.31,362.22,0.0800,1
8476,4774,4783,711.14,148.47,342.64,1.0000,0
8477,4775,4783,750.63,148.26,342.67,0.0800,1
8478,4776,4783,750.83,187.75,342.56,0.3600,0
8479,4777,4783,711.34,187.95,342.53,0.0800,1
8480,4774,4784,691.38,148.62,362.37,0.0800,1
8481,4777,4784,691.58,188.11,362.26,0.1200,1
8482,4778,4784,691.55,188.22,401.75,0.0800,1
8483,4779,4784,691.35,148.73,401.85,0.0800,1
8484,4775,4785,770.36,148.22,362.43,0.0000,1
8485,4776,4785,770.56,187.71,362.32,0.0000,1
8486,4780,4785,770.33,148.33,401.92,0.0000,1
8487,4781,4785,770.53,187.82,401.81,0.0000,1
8488,4774,4786,711.02,128.78,362.44,0.0000,1
8489,4775,4786,750.51,128.58,362.47,0.3600,0
8490,4779,4786,710.99,128.89,401.93,0.8800,0
8491,4780,4786,750.48,128.68,401.96,0.0400,1
8492,4784,4782,711.19,168.37,401.82,0.0400,1
8493,4784,4783,711.23,168.26,362.33,1.0000,0
8494,4784,4787,711.31,188.06,382.02,0.8800,0
8495,4784,4786,711.11,148.57,382.13,0.0800,1
8496,4785,4783,750.71,168.06,362.36,0.0000,1
8497,4785,4787,750.80,187.86,382.05,0.0800,1
8498,4785,4782,750.68,168.17,401.85,0.9600,0
8499,4786,4783,730.87,148.42,362.40,0.0800,1
8500,4786,4785,750.60,148.37,382.16,0.4000,0
8501,4786,4782,730.84,148.53,401.89,0.1200,1
8502,4787,4782,731.04,188.02,401.78,0.1200,1
8503,4787,4783,731.07,187.91,362.29,0.0800,1
8504,4788,4797,79.73,230.65,341.90,1.0000,0
8505,4789,4797,119.22,230.45,341.93,1.0000,0
8506,4790,4797,119.42,269.94,341.82,1.0000,0
8507,4791,4797,79.93,270.14,341.79,1.0000,0
8508,4788,4798,59.97,230.81,361.62,1.0000,0
8509,4791,4798,60.17,270.30,361.51,1.0000,0
8510,4792,4798,60.14,270.41,401.00,1.0000,0
8511,4793,4798,59.94,230.92,401.11,1.0000,0
8512,4788,4800,79.61,210.97,361.69,1.0000,0
8513,4789,4800,119.10,210.76,361.73,1.0000,0
8514,4793,4800,79.58,211.07,401.18,1.0000,0
8515,4794,4800,119.07,210.87,401.22,1.0000,0
8516,4798,4796,79.78,250.56,401.07,1.0000,0
8517,4798,4797,79.81,250.45,361.59,1.0000,0
8518,4798,4801,79.90,270.25,381.28,1.0000,0
8519,4798,4800,79.70,230.76,381.38,1.0000,0
8520,4799,4797,119.30,250.25,361.62,1.0000,0
8521,4799,4801,119.39,270.05,381.31,1.0000,0
8522,4799,4796,119.27,250.36,401.11,1.0000,0
8523,4800,4797,99.46,230.61,361.66,1.0000,0
8524,4800,4799,119.19,230.56,381.42,1.0000,0
8525,4800,4796,99.43,230.72,401.14,1.0000,0
8526,4801,4796,99.63,270.21,401.04,1.0000,0
8527,4801,4797,99.66,270.10,361.55,1.0000,0
8528,4802,4811,158.71,230.25,341.96,1.0000,0
8529,4803,4811,198.20,230.05,341.99,1.0000,0
8530,4804,4811,198.40,269.54,341.88,1.0000,0
8531,4805,4811,158.91,269.74,341.85,1.0000,0
8532,4802,4812,138.95,230.41,361.69,1.0000,0
8533,4805,4812,139.15,269.90,361.58,1.0000,0
8534,4806,4812,139.12,270.01,401.07,1.0000,0
8535,4807,4812,138.91,230.52,401.18,1.0000,0
8536,4802,4814,158.59,210.56,361.76,1.0000,0
8537,4803,4814,198.08,210.36,361.79,1.0000,0
8538,4807,4814,158.56,210.67,401.25,1.0000,0
8539,4808,4814,198.05,210.47,401.28,1.0000,0
8540,4812,4810,158.76,250.16,401.14,1.0000,0
8541,4812,4811,158.79,250.05,361.65,1.0000,0
8542,4812,4815,158.88,269.85,381.34,1.0000,0
8543,4812,4814,158.67,230.36,381.45,1.0000,0
8544,4813,4811,198.28,249.85,361.68,1.0000,0
8545,4813,4815,198.36,269.65,381.37,1.0000,0
8546,4813,4810,198.25,249.96,401.17,0.8000,0
8547,4814,4811,178.44,230.21,361.72,1.0000,0
8548,4814,4813,198.16,230.16,381.48,1.0000,0
8549,4814,4810,178.40,230.32,401.21,1.0000,0
8550,4815,4810,178.60,269.80,401.10,1.0000,0
8551,4815,4811,178.64,269.70,361.61,1.0000,0
8552,4816,4825,237.68,229.85,342.03,1.0000,0
8553,4817,4825,277.17,229.65,342.06,1.0000,0
8554,4818,4825,277.37,269.14,341.95,1.0000,0
8555,4819,4825,237.88,269.34,341.92,1.0000,0
8556,4816,4826,217.92,230.01,361.75,1.0000,0
8557,4819,4826,218.12,269.49,361.65,1.0000,0
8558,4820,4826,218.09,269.60,401.13,1.0000,0
8559,4821,4826,217.89,230.12,401.24,1.0000,0
8560,4816,4828,237.57,210.16,361.83,1.0000,0
8561,4817,4828,277.06,209.96,361.86,1.0000,0
8562,4821,4828,237.53,210.27,401.31,1.0000,0
8563,4822,4828,277.02,210.07,401.35,1.0000,0
8564,4826,4824,237.74,249.76,401.20,1.0000,0
8565,4826,4825,237.77,249.65,361.72,1.0000,0
8566,4826,4829,237.85,269.45,381.41,1.0000,0
8567,4826,4828,237.65,229.96,381.52,1.0000,0
8568,4827,4825,277.26,249.45,361.75,1.0000,0
8569,4827,4829,277.34,269.25,381.44,1.0000,0
8570,4827,4824,277.22,249.56,401.24,1.0000,0
8571,4828,4825,257.41,229.81,361.79,1.0000,0
8572,4828,4827,277.14,229.76,381.55,1.0000,0
8573,4828,4824,257.38,229.91,401.28,1.0000,0
8574,4829,4824,257.58,269.40,401.17,1.0000,0
8575,4829,4825,257.61,269.29,361.68,1.0000,0
8576,4830,4839,316.66,229.45,342.09,1.0000,0
8577,4831,4839,356.15,229.25,342.12,1.0000,0
8578,4832,4839,356.35,268.74,342.02,1.0000,0
8579,4833,4839,316.86,268.94,341.98,1.0000,0
8580,4830,4840,296.90,229.60,361.82,1.0000,0
8581,4833,4840,297.10,269.09,361.71,1.0000,0
8582,4834,4840,297.07,269.20,401.20,1.0000,0
8583,4835,4840,296.87,229.71,401.31,1.0000,0
8584,4830,4842,316.54,209.76,361.89,1.0000,0
8585,4831,4842,356.03,209.56,361.92,1.0000,0
8586,4835,4842,316.51,209.87,401.38,1.0000,0
8587,4836,4842,356.00,209.67,401.41,1.0000,0
8588,4840,4838,316.71,249.36,401.27,1.0000,0
8589,4840,4839,316.74,249.25,361.78,1.0000,0
8590,4840,4843,316.83,269.05,381.47,1.0000,0
8591,4840,4842,316.63,229.56,381.58,1.0000,0
8592,4841,4839,356.23,249.05,361.81,1.0000,0
8593,4841,4843,356.32,268.85,381.50,1.0000,0
8594,4841,4838,356.20,249.16,401.30,1.0000,0
8595,4842,4839,336.39,229.40,361.85,1.0000,0
8596,4842,4841,356.12,229.36,381.61,1.0000,0
8597,4842,4838,336.36,229.51,401.34,1.0000,0
8598,4843,4838,336.56,269.00,401.23,1.0000,0
8599,4843,4839,336.59,268.89,361.74,1.0000,0
8600,4844,4853,395.64,229.05,342.16,1.0000,0
8601,4845,4853,435.12,228.85,342.19,1.0000,0
8602,4846,4853,435.33,268.34,342.08,1.0000,0
8603,4847,4853,395.84,268.54,342.05,1.0000,0
8604,4844,4854,375.88,229.20,361.89,1.0000,0
8605,4847,4854,376.08,268.69,361.78,1.0000,0
8606,4848,4854,376.05,268.80,401.26,1.0000,0
8607,4849,4854,375.84,229.31,401.37,1.0000,0
8608,4844,4856,395.52,209.36,361.96,1.0000,0
8609,4845,4856,435.01,209.16,361.99,1.0000,0
8610,4849,4856,395.49,209.47,401.45,1.0000,0
8611,4850,4856,434.98,209.27,401.48,1.0000,0
8612,4854,4852,395.69,248.96,401.34,1.0000,0
8613,4854,4853,395.72,248.85,361.85,1.0000,0
8614,4854,4857,395.81,268.65,381.54,1.0000,0
8615,4854,4856,395.60,229.16,381.65,1.0000,0
8616,4855,4853,435.21,248.65,361.88,0.6400,0
8617,4855,4857,435.29,268.44,381.57,1.0000,0
8618,4855,4852,435.18,248.76,401.37,1.0000,0
8619,4856,4853,415.36,229.00,361.92,1.0000,0
8620,4856,4855,435.09,228.96,381.68,1.0000,0
8621,4856,4852,415.33,229.11,401.41,1.0000,0
8622,4857,4852,415.53,268.60,401.30,1.0000,0
8623,4857,4853,415.57,268.49,361.81,1.0000,0
8624,4858,4867,474.61,228.65,342.22,1.0000,0
8625,4859,4867,514.10,228.45,342.26,1.0000,0
8626,4860,4867,514.30,267.93,342.15,1.0000,0
8627,4861,4867,474.81,268.13,342.11,1.0000,0
8628,4858,4868,454.85,228.80,361.95,1.0000,0
8629,4861,4868,455.05,268.29,361.84,1.0000,0
8630,4862,4868,455.02,268.40,401.33,1.0000,0
8631,4863,4868,454.82,228.91,401.44,1.0000,0
8632,4858,4870,474.50,208.96,362.02,1.0000,0
8633,4859,4870,513.99,208.76,362.05,1.0000,0
8634,4863,4870,474.46,209.07,401.51,1.0000,0
8635,4864,4870,513.95,208.87,401.54,1.0000,0
8636,4868,4866,474.67,248.55,401.40,1.0000,0
8637,4868,4867,474.70,248.45,361.91,1.0000,0
8638,4868,4871,474.78,268.24,381.60,1.0000,0
8639,4868,4870,474.58,228.76,381.71,1.0000,0
8640,4869,4867,514.19,248.24,361.95,0.9600,0
8641,4869,4871,514.27,268.04,381.63,0.8400,0
8642,4869,4866,514.15,248.35,401.43,1.0000,0
8643,4870,4867,494.34,228.60,361.98,1.0000,0
8644,4870,4869,514.07,228.56,381.74,1.0000,0
8645,4870,4866,494.31,228.71,401.47,1.0000,0
8646,4871,4866,494.51,268.20,401.36,1.0000,0
8647,4871,4867,494.54,268.09,361.87,0.8400,0
8648,4872,4881,553.59,228.24,342.29,0.9200,0
8649,4873,4881,593.08,228.04,342.32,0.1200,1
8650,4874,4881,593.28,267.53,342.21,1.0000,0
8651,4875,4881,553.79,267.73,342.18,0.6800,0
8652,4872,4882,533.83,228.40,362.02,0.7600,0
8653,4875,4882,534.03,267.89,361.91,1.0000,0
8654,4876,4882,534.00,268.00,401.40,0.7600,0
8655,4877,4882,533.80,228.51,401.50,0.8000,0
8656,4872,4884,553.47,208.56,362.09,0.6000,0
8657,4873,4884,592.96,208.35,362.12,0.7200,0
8658,4877,4884,553.44,208.66,401.58,1.0000,0
8659,4878,4884,592.93,208.46,401.61,0.3600,0
8660,4882,4880,553.64,248.15,401.47,0.8800,0
8661,4882,4881,553.67,248.04,361.98,1.0000,0
8662,4882,4885,553.76,267.84,381.67,1.0000,0
8663,4882,4884,553.56,228.35,381.78,0.8800,0
8664,4883,4881,593.16,247.84,362.01,0.3200,0
8665,4883,4885,593.25,267.64,381.70,0.3600,0
8666,4883,4880,593.13,247.95,401.50,1.0000,0
8667,4884,4881,573.32,228.20,362.05,0.8800,0
8668,4884,4883,593.05,228.15,381.81,1.0000,0
8669,4884,4880,573.29,228.31,401.54,0.2400,1
8670,4885,4880,573.49,267.80,401.43,0.7600,0
8671,4885,4881,573.52,267.69,361.94,0.2800,1
8672,4886,4895,632.57,227.84,342.35,0.6800,0
8673,4887,4895,672.05,227.64,342.39,0.0800,1
8674,4888,4895,672.26,267.13,342.28,0.8800,0
8675,4889,4895,632.77,267.33,342.24,0.0800,1
8676,4886,4896,612.81,228.00,362.08,0.1200,1
8677,4889,4896,613.01,267.49,361.97,0.1600,1
8678,4890,4896,612.97,267.60,401.46,0.2000,1
8679,4891,4896,612.77,228.11,401.57,0.0800,1
8680,4886,4898,632.45,208.15,362.15,0.0800,1
8681,4887,4898,671.94,207.95,362.19,1.0000,0
8682,4891,4898,632.42,208.26,401.64,1.0000,0
8683,4892,4898,671.91,208.06,401.67,0.2000,1
8684,4896,4894,632.62,247.75,401.53,0.0400,1
8685,4896,4895,632.65,247.64,362.04,1.0000,0
8686,4896,4899,632.74,267.44,381.73,1.0000,0
8687,4896,4898,632.53,227.95,381.84,0.0800,1
8688,4897,4895,672.14,247.44,362.08,0.0400,1
8689,4897,4899,672.22,267.24,381.77,0.0400,1
8690,4897,4894,672.11,247.55,401.56,1.0000,0
8691,4898,4895,652.29,227.80,362.11,0.1200,1
8692,4898,4897,672.02,227.75,381.88,0.8800,0
8693,4898,4894,652.26,227.91,401.60,0.0800,1
8694,4899,4894,652.46,267.40,401.49,0.2000,1
8695,4899,4895,652.50,267.29,362.01,0.0800,1
8696,4900,4909,711.54,227.44,342.42,0.4000,0
8697,4901,4909,751.03,227.24,342.45,0.0400,1
8698,4902,4909,751.23,266.73,342.34,0.3200,0
8699,4903,4909,711.74,266.93,342.31,0.0800,1
8700,4900,4910,691.78,227.60,362.15,0.1600,1
8701,4903,4910,691.98,267.08,362.04,0.1200,1
8702,4904,4910,691.95,267.19,401.53,0.0800,1
8703,4905,4910,691.75,227.71,401.64,0.1200,1
8704,4901,4911,770.76,227.20,362.21,0.0000,1
8705,4902,4911,770.96,266.68,362.10,0.0000,1
8706,4906,4911,770.73,227.30,401.70,0.0000,1
8707,4907,4911,770.93,266.79,401.59,0.0000,1
8708,4900,4912,711.43,207.75,362.22,0.0400,1
8709,4901,4912,750.91,207.55,362.25,0.9200,0
8710,4905,4912,711.39,207.86,401.71,0.9600,0
8711,4906,4912,750.88,207.66,401.74,0.0400,1
8712,4910,4908,711.60,247.35,401.60,0.0400,1
8713,4910,4909,711.63,247.24,362.11,0.7600,0
8714,4910,4913,711.71,267.04,381.80,1.0000,0
8715,4910,4912,711.51,227.55,381.91,0.0800,1
8716,4911,4909,751.12,247.04,362.14,0.0000,1
8717,4911,4913,751.20,266.84,381.83,0.0000,1
8718,4911,4908,751.08,247.15,401.63,1.0000,0
8719,4912,4909,731.27,227.40,362.18,0.1200,1
8720,4912,4911,751.00,227.35,381.94,0.8400,0
8721,4912,4908,731.24,227.51,401.67,0.1200,1
8722,4913,4908,731.44,266.99,401.56,0.1200,1
8723,4913,4909,731.47,266.88,362.07,0.1600,1
8724,4914,4923,80.13,309.63,341.68,1.0000,0
8725,4915,4923,119.62,309.43,341.71,1.0000,0
8726,4916,4923,119.82,348.92,341.60,0.9600,0
8727,4917,4923,80.33,349.12,341.57,1.0000,0
8728,4914,4924,60.37,309.79,361.41,0.7200,0
8729,4917,4924,60.57,349.27,361.30,1.0000,0
8730,4918,4924,60.54,349.38,400.78,0.8400,0
8731,4919,4924,60.34,309.90,400.89,1.0000,0
8732,4914,4926,80.02,289.94,361.48,1.0000,0
8733,4915,4926,119.50,289.74,361.51,1.0000,0
8734,4919,4926,79.98,290.05,400.96,0.5600,0
8735,4920,4926,119.47,289.85,401.00,1.0000,0
8736,4924,4922,80.18,329.54,400.86,1.0000,0
8737,4924,4923,80.22,329.43,361.37,1.0000,0
8738,4924,4927,80.30,349.23,381.06,1.0000,0
8739,4924,4926,80.10,309.74,381.17,1.0000,0
8740,4925,4923,119.70,329.23,361.40,1.0000,0
8741,4925,4927,119.79,349.03,381.09,1.0000,0
8742,4925,4922,119.67,329.34,400.89,0.9200,0
8743,4926,4923,99.86,309.59,361.44,1.0000,0
8744,4926,4925,119.59,309.54,381.20,1.0000,0
8745,4926,4922,99.83,309.69,400.93,1.0000,0
8746,4927,4922,100.03,349.18,400.82,1.0000,0
8747,4927,4923,100.06,349.07,361.33,1.0000,0
8748,4928,4937,159.11,309.23,341.74,1.0000,0
8749,4929,4937,198.60,309.03,341.78,1.0000,0
8750,4930,4937,198.80,348.52,341.67,1.0000,0
8751,4931,4937,159.31,348.72,341.63,1.0000,0
8752,4928,4938,139.35,309.38,361.47,1.0000,0
8753,4931,4938,139.55,348.87,361.36,1.0000,0
8754,4932,4938,139.52,348.98,400.85,1.0000,0
8755,4933,4938,139.32,309.49,400.96,1.0000,0
8756,4928,4940,158.99,289.54,361.54,1.0000,0
8757,4929,4940,198.48,289.34,361.57,1.0000,0
8758,4933,4940,158.96,289.65,401.03,1.0000,0
8759,4934,4940,198.45,289.45,401.06,1.0000,0
8760,4938,4936,159.16,329.14,400.92,1.0000,0
8761,4938,4937,159.19,329.03,361.43,1.0000,0
8762,4938,4941,159.28,348.83,381.12,1.0000,0
8763,4938,4940,159.08,309.34,381.23,1.0000,0
8764,4939,4937,198.68,328.83,361.47,0.0000,1
8765,4939,4941,198.77,348.63,381.15,1.0000,0
8766,4939,4936,198.65,328.94,400.95,1.0000,0
8767,4940,4937,178.84,309.18,361.50,1.0000,0
8768,4940,4939,198.56,309.14,381.26,1.0000,0
8769,4940,4936,178.80,309.29,400.99,1.0000,0
8770,4941,4936,179.01,348.78,400.88,1.0000,0
8771,4941,4937,179.04,348.67,361.39,1.0000,0
8772,4942,4951,238.09,308.83,341.81,1.0000,0
8773,4943,4951,277.57,308.63,341.84,1.0000,0
8774,4944,4951,277.77,348.11,341.73,1.0000,0
8775,4945,4951,238.29,348.32,341.70,1.0000,0
8776,4942,4952,218.33,308.98,361.54,1.0000,0
8777,4945,4952,218.53,348.47,361.43,1.0000,0
8778,4946,4952,218.49,348.58,400.92,1.0000,0
8779,4947,4952,218.29,309.09,401.02,1.0000,0
8780,4942,4954,237.97,289.14,361.61,1.0000,0
8781,4943,4954,277.46,288.94,361.64,1.0000,0
8782,4947,4954,237.94,289.25,401.10,1.0000,0
8783,4948,4954,277.42,289.05,401.13,1.0000,0
8784,4952,4950,238.14,328.74,400.99,1.0000,0
8785,4952,4951,238.17,328.63,361.50,1.0000,0
8786,4952,4955,238.25,348.43,381.19,1.0000,0
8787,4952,4954,238.05,308.94,381.30,1.0000,0
8788,4953,4951,277.66,328.43,361.53,1.0000,0
8789,4953,4955,277.74,348.22,381.22,1.0000,0
8790,4953,4950,277.63,328.53,401.02,1.0000,0
8791,4954,4951,257.81,308.78,361.57,1.0000,0
8792,4954,4953,277.54,308.74,381.33,1.0000,0
8793,4954,4950,257.78,308.89,401.06,1.0000,0
8794,4955,4950,257.98,348.38,400.95,1.0000,0
8795,4955,4951,258.01,348.27,361.46,1.0000,0
8796,4956,4965,317.06,308.43,341.87,1.0000,0
8797,4957,4965,356.55,308.23,341.91,1.0000,0
8798,4958,4965,356.75,347.71,341.80,1.0000,0
8799,4959,4965,317.26,347.91,341.76,1.0000,0
8800,4956,4966,297.30,308.58,361.60,1.0000,0
8801,4959,4966,297.50,348.07,361.49,1.0000,0
8802,4960,4966,297.47,348.18,400.98,1.0000,0
8803,4961,4966,297.27,308.69,401.09,1.0000,0
8804,4956,4968,316.95,288.74,361.67,1.0000,0
8805,4957,4968,356.43,288.54,361.71,1.0000,0
8806,4961,4968,316.91,288.85,401.16,1.0000,0
8807,4962,4968,356.40,288.65,401.19,1.0000,0
8808,4966,4964,317.11,328.33,401.05,1.0000,0
8809,4966,4965,317.15,328.22,361.56,1.0000,0
8810,4966,4969,317.23,348.02,381.25,1.0000,0
8811,4966,4968,317.03,308.54,381.36,1.0000,0
8812,4967,4965,356.63,328.02,361.60,1.0000,0
8813,4967,4969,356.72,347.82,381.29,1.0000,0
8814,4967,4964,356.60,328.13,401.08,1.0000,0
8815,4968,4965,336.79,308.38,361.63,1.0000,0
8816,4968,4967,356.52,308.33,381.39,1.0000,0
8817,4968,4964,336.76,308.49,401.12,1.0000,0
8818,4969,4964,336.96,347.98,401.01,1.0000,0
8819,4969,4965,336.99,347.87,361.52,1.0000,0
8820,4970,4979,396.04,308.02,341.94,1.0000,0
8821,4971,4979,435.53,307.82,341.97,1.0000,0
8822,4972,4979,435.73,347.31,341.86,1.0000,0
8823,4973,4979,396.24,347.51,341.83,0.0000,1
8824,4970,4980,376.28,308.18,361.67,1.0000,0
8825,4973,4980,376.48,347.67,361.56,1.0000,0
8826,4974,4980,376.45,347.78,401.05,1.0000,0
8827,4975,4980,376.25,308.29,401.16,1.0000,0
8828,4970,4982,395.92,288.33,361.74,1.0000,0
8829,4971,4982,435.41,288.13,361.77,1.0000,0
8830,4975,4982,395.89,288.44,401.23,1.0000,0
8831,4976,4982,435.38,288.24,401.26,1.0000,0
8832,4980,4978,396.09,327.93,401.12,1.0000,0
8833,4980,4979,396.12,327.82,361.63,1.0000,0
8834,4980,4983,396.21,347.62,381.32,1.0000,0
8835,4980,4982,396.01,308.13,381.43,1.0000,0
8836,4981,4979,435.61,327.62,361.66,1.0000,0
8837,4981,4983,435.70,347.42,381.35,1.0000,0
8838,4981,4978,435.58,327.73,401.15,1.0000,0
8839,4982,4979,415.77,307.98,361.70,1.0000,0
8840,4982,4981,435.49,307.93,381.46,1.0000,0
8841,4982,4978,415.73,308.09,401.19,1.0000,0
8842,4983,4978,415.94,347.58,401.08,1.0000,0
8843,4983,4979,415.97,347.47,361.59,1.0000,0
8844,4984,4993,475.02,307.62,342.00,1.0000,0
8845,4985,4993,514.50,307.42,342.04,1.0000,0
8846,4986,4993,514.70,346.91,341.93,0.9200,0
8847,4987,4993,475.22,347.11,341.90,0.9200,0
8848,4984,4994,455.25,307.78,361.73,1.0000,0
8849,4987,4994,455.46,347.27,361.62,1.0000,0
8850,4988,4994,455.42,347.38,401.11,1.0000,0
8851,4989,4994,455.22,307.89,401.22,1.0000,0
8852,4984,4996,474.90,287.93,361.80,0.6800,0
8853,4985,4996,514.39,287.73,361.84,1.0000,0
8854,4989,4996,474.87,288.04,401.29,1.0000,0
8855,4990,4996,514.35,287.84,401.32,1.0000,0
8856,4994,4992,475.07,327.53,401.18,0.8000,0
8857,4994,4993,475.10,327.42,361.69,1.0000,0
8858,4994,4997,475.18,347.22,381.38,1.0000,0
8859,4994,4996,474.98,307.73,381.49,0.8000,0
8860,4995,4993,514.59,327.22,361.73,1.0000,0
8861,4995,4997,514.67,347.02,381.42,0.4000,0
8862,4995,4992,514.56,327.33,401.22,1.0000,0
8863,4996,4993,494.74,307.58,361.77,1.0000,0
8864,4996,4995,514.47,307.53,381.53,1.0000,0
8865,4996,4992,494.71,307.69,401.25,1.0000,0
8866,4997,4992,494.91,347.17,401.14,1.0000,0
8867,4997,4993,494.94,347.07,361.66,1.0000,0
8868,4998,5007,553.99,307.22,342.07,1.0000,0
8869,4999,5007,593.48,307.02,342.10,0.0800,1
8870,5000,5007,593.68,346.51,341.99,1.0000,0
8871,5001,5007,554.19,346.71,341.96,0.6400,0
8872,4998,5008,534.23,307.38,361.80,0.9600,0
8873,5001,5008,534.43,346.86,361.69,1.0000,0
8874,5002,5008,534.40,346.97,401.18,1.0000,0
8875,5003,5008,534.20,307.49,401.29,1.0000,0
8876,4998,5010,553.88,287.53,361.87,0.6000,0
8877,4999,5010,593.36,287.33,361.90,1.0000,0
8878,5003,5010,553.84,287.64,401.36,1.0000,0
8879,5004,5010,593.33,287.44,401.39,0.4400,0
8880,5008,5006,554.04,327.13,401.25,0.7200,0
8881,5008,5007,554.08,327.02,361.76,1.0000,0
8882,5008,5011,554.16,346.82,381.45,0.9200,0
8883,5008,5010,553.96,307.33,381.56,0.5600,0
8884,5009,5007,593.56,326.82,361.79,0.3200,0
8885,5009,5011,593.65,346.62,381.48,0.0800,1
8886,5009,5006,593.53,326.93,401.28,1.0000,0
8887,5010,5007,573.72,307.18,361.83,0.6000,0
8888,5010,5009,593.45,307.13,381.59,1.0000,0
8889,5010,5006,573.69,307.28,401.32,0.0800,1
8890,5011,5006,573.89,346.77,401.21,0.8400,0
8891,5011,5007,573.92,346.66,361.72,0.2000,1
8892,5012,5021,632.97,306.82,342.14,0.9200,0
8893,5013,5021,672.46,306.62,342.17,0.0800,1
8894,5014,5021,672.66,346.11,342.06,0.9600,0
8895,5015,5021,633.17,346.31,342.03,0.0800,1
8896,5012,5022,613.21,306.97,361.86,0.0800,1
8897,5015,5022,613.41,346.46,361.75,1.0000,0
8898,5016,5022,613.38,346.57,401.24,0.2000,1
8899,5017,5022,613.18,307.08,401.35,0.4000,0
8900,5012,5024,632.85,287.13,361.93,0.0400,1
8901,5013,5024,672.34,286.93,361.97,1.0000,0
8902,5017,5024,632.82,287.24,401.42,1.0000,0
8903,5018,5024,672.31,287.04,401.46,0.0800,1
8904,5022,5020,633.02,326.73,401.31,0.0400,1
8905,5022,5021,633.05,326.62,361.82,1.0000,0
8906,5022,5025,633.14,346.42,381.51,1.0000,0
8907,5022,5024,632.94,306.93,381.62,0.0800,1
8908,5023,5021,672.54,326.42,361.86,0.0400,1
8909,5023,5025,672.63,346.22,381.55,0.0800,1
8910,5023,5020,672.51,326.53,401.35,0.7200,0
8911,5024,5021,652.70,306.77,361.90,0.0800,1
8912,5024,5023,672.42,306.73,381.66,1.0000,0
8913,5024,5020,652.66,306.88,401.38,0.0800,1
8914,5025,5020,652.86,346.37,401.28,0.0800,1
8915,5025,5021,652.90,346.26,361.79,0.0800,1
8916,5026,5035,711.94,306.42,342.20,0.8400,0
8917,5027,5035,751.43,306.22,342.23,0.0000,1
8918,5028,5035,751.63,345.71,342.12,1.0000,0
8919,5029,5035,712.15,345.91,342.09,0.0800,1
8920,5026,5036,692.18,306.57,361.93,0.0800,1
8921,5029,5036,692.39,346.06,361.82,0.1200,1
8922,5030,5036,692.35,346.17,401.31,0.0800,1
8923,5031,5036,692.15,306.68,401.42,0.0800,1
8924,5027,5037,771.16,306.17,361.99,0.0000,1
8925,5028,5037,771.36,345.66,361.88,0.0000,1
8926,5032,5037,771.13,306.28,401.48,0.0000,1
8927,5033,5037,771.33,345.77,401.37,0.0000,1
8928,5026,5038,711.83,286.73,362.00,0.0400,1
8929,5027,5038,751.32,286.53,362.03,0.6400,0
8930,5031,5038,711.80,286.84,401.49,1.0000,0
8931,5032,5038,751.28,286.64,401.52,0.0800,1
8932,5036,5034,712.00,326.33,401.38,0.0400,1
8933,5036,5035,712.03,326.22,361.89,1.0000,0
8934,5036,5039,712.11,346.02,381.58,1.0000,0
8935,5036,5038,711.91,306.53,381.69,0.0400,1
8936,5037,5035,751.52,326.02,361.92,0.0800,1
8937,5037,5039,751.60,345.81,381.61,0.0000,1
8938,5037,5034,751.49,326.13,401.41,1.0000,0
8939,5038,5035,731.67,306.37,361.96,0.1200,1
8940,5038,5037,751.40,306.33,381.72,1.0000,0
8941,5038,5034,731.64,306.48,401.45,0.1200,1
8942,5039,5034,731.84,345.97,401.34,0.1200,1
8943,5039,5035,731.87,345.86,361.85,0.1200,1
8944,5040,5049,80.53,388.61,341.46,0.9200,0
8945,5041,5049,120.02,388.41,341.49,1.0000,0
8946,5042,5049,120.22,427.89,341.38,1.0000,0
8947,5043,5049,80.73,428.10,341.35,1.0000,0
8948,5040,5050,60.77,388.76,361.19,0.9600,0
8949,5043,5050,60.97,428.25,361.08,1.0000,0
8950,5044,5050,60.94,428.36,400.57,0.9200,0
8951,5045,5050,60.74,388.87,400.68,1.0000,0
8952,5040,5052,80.42,368.92,361.26,1.0000,0
8953,5041,5052,119.91,368.72,361.29,0.6400,0
8954,5045,5052,80.39,369.03,400.75,1.0000,0
8955,5046,5052,119.87,368.83,400.78,0.9200,0
8956,5050,5048,80.59,408.52,400.64,0.5600,0
8957,5050,5049,80.62,408.41,361.15,0.7600,0
8958,5050,5053,80.70,428.20,380.84,1.0000,0
8959,5050,5052,80.50,388.72,380.95,1.0000,0
8960,5051,5049,120.11,408.21,361.18,1.0000,0
8961,5051,5053,120.19,428.00,380.87,1.0000,0
8962,5051,5048,120.07,408.31,400.67,1.0000,0
8963,5052,5049,100.26,388.56,361.22,1.0000,0
8964,5052,5051,119.99,388.52,380.98,0.9600,0
8965,5052,5048,100.23,388.67,400.71,1.0000,0
8966,5053,5048,100.43,428.16,400.60,1.0000,0
8967,5053,5049,100.46,428.05,361.11,1.0000,0
8968,5054,5063,159.51,388.21,341.52,1.0000,0
8969,5055,5063,199.00,388.00,341.56,1.0000,0
8970,5056,5063,199.20,427.49,341.45,1.0000,0
8971,5057,5063,159.71,427.69,341.41,1.0000,0
8972,5054,5064,139.75,388.36,361.25,1.0000,0
8973,5057,5064,139.95,427.85,361.14,1.0000,0
8974,5058,5064,139.92,427.96,400.63,1.0000,0
8975,5059,5064,139.72,388.47,400.74,1.0000,0
8976,5054,5066,159.39,368.52,361.32,0.7200,0
8977,5055,5066,198.88,368.32,361.36,1.0000,0
8978,5059,5066,159.36,368.63,400.81,1.0000,0
8979,5060,5066,198.85,368.42,400.84,1.0000,0
8980,5064,5062,159.56,408.11,400.70,1.0000,0
8981,5064,5063,159.59,408.00,361.21,1.0000,0
8982,5064,5067,159.68,427.80,380.90,1.0000,0
8983,5064,5066,159.48,388.31,381.01,1.0000,0
8984,5065,5063,199.08,407.80,361.25,1.0000,0
8985,5065,5067,199.17,427.60,380.94,1.0000,0
8986,5065,5062,199.05,407.91,400.74,1.0000,0
8987,5066,5063,179.24,388.16,361.28,1.0000,0
8988,5066,5065,198.97,388.11,381.05,1.0000,0
8989,5066,5062,179.21,388.27,400.77,1.0000,0
8990,5067,5062,179.41,427.76,400.66,1.0000,0
8991,5067,5063,179.44,427.65,361.18,1.0000,0
8992,5068,5077,238.49,387.80,341.59,1.0000,0
8993,5069,5077,277.98,387.60,341.62,1.0000,0
8994,5070,5077,278.18,427.09,341.51,1.0000,0
8995,5071,5077,238.69,427.29,341.48,1.0000,0
8996,5068,5078,218.73,387.96,361.32,1.0000,0
8997,5071,5078,218.93,427.45,361.21,1.0000,0
8998,5072,5078,218.90,427.56,400.70,1.0000,0
8999,5073,5078,218.69,388.07,400.81,1.0000,0
9000,5068,5080,238.37,368.11,361.39,1.0000,0
9001,5069,5080,277.86,367.91,361.42,1.0000,0
9002,5073,5080,238.34,368.22,400.88,1.0000,0
9003,5074,5080,277.83,368.02,400.91,1.0000,0
9004,5078,5076,238.54,407.71,400.77,1.0000,0
9005,5078,5077,238.57,407.60,361.28,1.0000,0
9006,5078,5081,238.66,427.40,380.97,1.0000,0
9007,5078,5080,238.45,387.91,381.08,1.0000,0
9008,5079,5077,278.06,407.40,361.31,1.0000,0
9009,5079,5081,278.14,427.20,381.00,1.0000,0
9010,5079,5076,278.03,407.51,400.80,1.0000,0
9011,5080,5077,258.22,387.76,361.35,1.0000,0
9012,5080,5079,277.94,387.71,381.11,1.0000,0
9013,5080,5076,258.18,387.87,400.84,1.0000,0
9014,5081,5076,258.38,427.36,400.73,1.0000,0
9015,5081,5077,258.42,427.25,361.24,1.0000,0
9016,5082,5091,317.46,387.40,341.66,1.0000,0
9017,5083,5091,356.95,387.20,341.69,1.0000,0
9018,5084,5091,357.15,426.69,341.58,1.0000,0
9019,5085,5091,317.66,426.89,341.55,1.0000,0
9020,5082,5092,297.70,387.56,361.38,1.0000,0
9021,5085,5092,297.90,427.05,361.27,1.0000,0
9022,5086,5092,297.87,427.15,400.76,1.0000,0
9023,5087,5092,297.67,387.67,400.87,1.0000,0
9024,5082,5094,317.35,367.71,361.45,1.0000,0
9025,5083,5094,356.84,367.51,361.49,1.0000,0
9026,5087,5094,317.31,367.82,400.94,1.0000,0
9027,5088,5094,356.80,367.62,400.98,1.0000,0
9028,5092,5090,317.52,407.31,400.83,1.0000,0
9029,5092,5091,317.55,407.20,361.34,1.0000,0
9030,5092,5095,317.63,427.00,381.03,1.0000,0
9031,5092,5094,317.43,387.51,381.14,1.0000,0
9032,5093,5091,357.04,407.00,361.38,1.0000,0
9033,5093,5095,357.12,426.80,381.07,1.0000,0
9034,5093,5090,357.00,407.11,400.87,1.0000,0
9035,5094,5091,337.19,387.36,361.42,1.0000,0
9036,5094,5093,356.92,387.31,381.18,1.0000,0
9037,5094,5090,337.16,387.47,400.90,1.0000,0
9038,5095,5090,337.36,426.95,400.80,1.0000,0
9039,5095,5091,337.39,426.84,361.31,1.0000,0
9040,5096,5105,396.44,387.00,341.72,1.0000,0
9041,5097,5105,435.93,386.80,341.75,1.0000,0
9042,5098,5105,436.13,426.29,341.64,1.0000,0
9043,5099,5105,396.64,426.49,341.61,1.0000,0
9044,5096,5106,376.68,387.16,361.45,1.0000,0
9045,5099,5106,376.88,426.64,361.34,1.0000,0
9046,5100,5106,376.85,426.75,400.83,1.0000,0
9047,5101,5106,376.65,387.27,400.94,1.0000,0
9048,5096,5108,396.32,367.31,361.52,1.0000,0
9049,5097,5108,435.81,367.11,361.55,1.0000,0
9050,5101,5108,396.29,367.42,401.01,1.0000,0
9051,5102,5108,435.78,367.22,401.04,1.0000,0
9052,5106,5104,396.49,406.91,400.90,1.0000,0
9053,5106,5105,396.52,406.80,361.41,1.0000,0
9054,5106,5109,396.61,426.60,381.10,1.0000,0
9055,5106,5108,396.41,387.11,381.21,1.0000,0
9056,5107,5105,436.01,406.60,361.44,1.0000,0
9057,5107,5109,436.10,426.40,381.13,0.9600,0
9058,5107,5104,435.98,406.71,400.93,1.0000,0
9059,5108,5105,416.17,386.95,361.48,1.0000,0
9060,5108,5107,435.90,386.91,381.24,1.0000,0
9061,5108,5104,416.14,387.06,400.97,1.0000,0
9062,5109,5104,416.34,426.55,400.86,1.0000,0
9063,5109,5105,416.37,426.44,361.37,1.0000,0
9064,5110,5119,475.42,386.60,341.79,1.0000,0
9065,5111,5119,514.91,386.40,341.82,0.9200,0
9066,5112,5119,515.11,425.89,341.71,1.0000,0
9067,5113,5119,475.62,426.09,341.68,0.9600,0
9068,5110,5120,455.66,386.75,361.51,1.0000,0
9069,5113,5120,455.86,426.24,361.40,1.0000,0
9070,5114,5120,455.83,426.35,400.89,1.0000,0
9071,5115,5120,455.62,386.86,401.00,1.0000,0
9072,5110,5122,475.30,366.91,361.58,1.0000,0
9073,5111,5122,514.79,366.71,361.62,1.0000,0
9074,5115,5122,475.27,367.02,401.07,1.0000,0
9075,5116,5122,514.76,366.82,401.11,1.0000,0
9076,5120,5118,475.47,406.51,400.96,1.0000,0
9077,5120,5119,475.50,406.40,361.48,1.0000,0
9078,5120,5123,475.59,426.20,381.17,1.0000,0
9079,5120,5122,475.38,386.71,381.27,0.8000,0
9080,5121,5119,514.99,406.20,361.51,0.5200,0
9081,5121,5123,515.07,426.00,381.20,0.2000,1
9082,5121,5118,514.96,406.31,401.00,1.0000,0
9083,5122,5119,495.14,386.55,361.55,1.0000,0
9084,5122,5121,514.87,386.51,381.31,1.0000,0
9085,5122,5118,495.11,386.66,401.04,0.9200,0
9086,5123,5118,495.31,426.15,400.93,1.0000,0
9087,5123,5119,495.35,426.04,361.44,1.0000,0
9088,5124,5133,554.39,386.20,341.85,1.0000,0
9089,5125,5133,593.88,386.00,341.88,0.1200,1
9090,5126,5133,594.08,425.48,341.77,1.0000,0
9091,5127,5133,554.59,425.69,341.74,0.2400,1
9092,5124,5134,534.63,386.35,361.58,0.6400,0
9093,5127,5134,534.83,425.84,361.47,1.0000,0
9094,5128,5134,534.80,425.95,400.96,0.8400,0
9095,5129,5134,534.60,386.46,401.07,1.0000,0
9096,5124,5136,554.28,366.51,361.65,0.7600,0
9097,5125,5136,593.77,366.31,361.68,1.0000,0
9098,5129,5136,554.24,366.62,401.14,1.0000,0
9099,5130,5136,593.73,366.42,401.17,0.8400,0
9100,5134,5132,554.45,406.11,401.03,0.6400,0
9101,5134,5133,554.48,406.00,361.54,1.0000,0
9102,5134,5137,554.56,425.80,381.23,0.8400,0
9103,5134,5136,554.36,386.31,381.34,0.2000,1
9104,5135,5133,593.97,405.80,361.57,0.2800,1
9105,5135,5137,594.05,425.59,381.26,0.0800,1
9106,5135,5132,593.93,405.90,401.06,1.0000,0
9107,5136,5133,574.12,386.15,361.61,0.9600,0
9108,5136,5135,593.85,386.11,381.37,0.8400,0
9109,5136,5132,574.09,386.26,401.10,0.6000,0
9110,5137,5132,574.29,425.75,400.99,1.0000,0
9111,5137,5133,574.32,425.64,361.50,0.4400,0
9112,5138,5147,633.37,385.80,341.92,0.9600,0
9113,5139,5147,672.86,385.60,341.95,0.0800,1
9114,5140,5147,673.06,425.08,341.84,1.0000,0
9115,5141,5147,633.57,425.28,341.81,0.0400,1
9116,5138,5148,613.61,385.95,361.64,0.0800,1
9117,5141,5148,613.81,425.44,361.54,0.6800,0
9118,5142,5148,613.78,425.55,401.02,0.0800,1
9119,5143,5148,613.58,386.06,401.13,0.2400,1
9120,5138,5150,633.25,366.11,361.72,0.5600,0
9121,5139,5150,672.74,365.91,361.75,1.0000,0
9122,5143,5150,633.22,366.22,401.20,1.0000,0
9123,5144,5150,672.71,366.02,401.24,0.2000,1
9124,5148,5146,633.42,405.70,401.10,0.2000,1
9125,5148,5147,633.45,405.59,361.61,1.0000,0
9126,5148,5151,633.54,425.39,381.30,0.8400,0
9127,5148,5150,633.34,385.91,381.41,0.0800,1
9128,5149,5147,672.94,405.39,361.64,0.0400,1
9129,5149,5151,673.03,425.19,381.33,0.0800,1
9130,5149,5146,672.91,405.50,401.13,1.0000,0
9131,5150,5147,653.10,385.75,361.68,0.2400,1
9132,5150,5149,672.83,385.70,381.44,0.9200,0
9133,5150,5146,653.07,385.86,401.17,0.0800,1
9134,5151,5146,653.27,425.35,401.06,0.4800,0
9135,5151,5147,653.30,425.24,361.57,0.0800,1
9136,5152,5161,712.35,385.39,341.98,1.0000,0
9137,5153,5161,751.83,385.19,342.01,0.0400,1
9138,5154,5161,752.04,424.68,341.91,0.9600,0
9139,5155,5161,712.55,424.88,341.87,0.0400,1
9140,5152,5162,692.59,385.55,361.71,0.0400,1
9141,5155,5162,692.79,425.04,361.60,0.1200,1
9142,5156,5162,692.76,425.15,401.09,0.1200,1
9143,5157,5162,692.55,385.66,401.20,0.1200,1
9144,5153,5163,771.56,385.15,361.78,0.0000,1
9145,5154,5163,771.76,424.64,361.67,0.0000,1
9146,5158,5163,771.53,385.26,401.26,0.0000,1
9147,5159,5163,771.73,424.75,401.16,0.0000,1
9148,5152,5164,712.23,365.70,361.78,0.0800,1
9149,5153,5164,751.72,365.50,361.81,1.0000,0
9150,5157,5164,712.20,365.81,401.27,1.0000,0
9151,5158,5164,751.69,365.61,401.30,0.0800,1
9152,5162,5160,712.40,405.30,401.16,0.0400,1
9153,5162,5161,712.43,405.19,361.67,1.0000,0
9154,5162,5165,712.52,424.99,381.36,0.6400,0
9155,5162,5164,712.31,385.50,381.47,0.0400,1
9156,5163,5161,751.92,404.99,361.70,0.0800,1
9157,5163,5165,752.00,424.79,381.39,0.0000,1
9158,5163,5160,751.89,405.10,401.19,0.6400,0
9159,5164,5161,732.07,385.35,361.74,0.1600,1
9160,5164,5163,751.80,385.30,381.50,1.0000,0
9161,5164,5160,732.04,385.46,401.23,0.0800,1
9162,5165,5160,732.24,424.95,401.12,0.1200,1
9163,5165,5161,732.28,424.84,361.63,0.0800,1
9164,5166,5175,80.94,467.58,341.24,0.9200,0
9165,5167,5175,120.42,467.38,341.27,1.0000,0
9166,5168,5175,120.62,506.87,341.16,0.9600,0
9167,5169,5175,81.14,507.07,341.13,1.0000,0
9168,5166,5176,61.18,467.74,360.97,0.5200,0
9169,5169,5176,61.38,507.23,360.86,1.0000,0
9170,5170,5176,61.34,507.34,400.35,0.2000,1
9171,5171,5176,61.14,467.85,400.46,1.0000,0
9172,5166,5178,80.82,447.89,361.04,1.0000,0
9173,5167,5178,120.31,447.69,361.07,1.0000,0
9174,5171,5178,80.79,448.00,400.53,1.0000,0
9175,5172,5178,120.28,447.80,400.56,1.0000,0
9176,5176,5174,80.99,487.49,400.42,1.0000,0
9177,5176,5175,81.02,487.38,360.93,1.0000,0
9178,5176,5179,81.10,507.18,380.62,0.9200,0
9179,5176,5178,80.90,467.69,380.73,1.0000,0
9180,5177,5175,120.51,487.18,360.96,1.0000,0
9181,5177,5179,120.59,506.98,380.65,1.0000,0
9182,5177,5174,120.48,487.29,400.45,1.0000,0
9183,5178,5175,100.66,467.54,361.00,1.0000,0
9184,5178,5177,120.39,467.49,380.76,1.0000,0
9185,5178,5174,100.63,467.65,400.49,1.0000,0
9186,5179,5174,100.83,507.14,400.38,1.0000,0
9187,5179,5175,100.86,507.03,360.89,1.0000,0
9188,5180,5189,159.91,467.18,341.31,1.0000,0
9189,5181,5189,199.40,466.98,341.34,1.0000,0
9190,5182,5189,199.60,506.47,341.23,1.0000,0
9191,5183,5189,160.11,506.67,341.20,1.0000,0
9192,5180,5190,140.15,467.34,361.03,1.0000,0
9193,5183,5190,140.35,506.82,360.92,1.0000,0
9194,5184,5190,140.32,506.93,400.41,1.0000,0
9195,5185,5190,140.12,467.45,400.52,1.0000,0
9196,5180,5192,159.80,447.49,361.10,1.0000,0
9197,5181,5192,199.28,447.29,361.14,1.0000,0
9198,5185,5192,159.76,447.60,400.59,1.0000,0
9199,5186,5192,199.25,447.40,400.63,1.0000,0
9200,5190,5188,159.96,487.09,400.48,1.0000,0
9201,5190,5189,160.00,486.98,361.00,1.0000,0
9202,5190,5193,160.08,506.78,380.69,1.0000,0
9203,5190,5192,159.88,467.29,380.79,1.0000,0
9204,5191,5189,199.48,486.78,361.03,1.0000,0
9205,5191,5193,199.57,506.58,380.72,1.0000,0
9206,5191,5188,199.45,486.89,400.52,1.0000,0
9207,5192,5189,179.64,467.14,361.07,1.0000,0
9208,5192,5191,199.37,467.09,380.83,1.0000,0
9209,5192,5188,179.61,467.25,400.55,1.0000,0
9210,5193,5188,179.81,506.73,400.45,1.0000,0
9211,5193,5189,179.84,506.62,360.96,1.0000,0
9212,5194,5203,238.89,466.78,341.37,1.0000,0
9213,5195,5203,278.38,466.58,341.40,1.0000,0
9214,5196,5203,278.58,506.07,341.29,1.0000,0
9215,5197,5203,239.09,506.27,341.26,1.0000,0
9216,5194,5204,219.13,466.94,361.10,1.0000,0
9217,5197,5204,219.33,506.42,360.99,1.0000,0
9218,5198,5204,219.30,506.53,400.48,1.0000,0
9219,5199,5204,219.10,467.04,400.59,1.0000,0
9220,5194,5206,238.77,447.09,361.17,1.0000,0
9221,5195,5206,278.26,446.89,361.20,1.0000,0
9222,5199,5206,238.74,447.20,400.66,1.0000,0
9223,5200,5206,278.23,447.00,400.69,1.0000,0
9224,5204,5202,238.94,486.69,400.55,1.0000,0
9225,5204,5203,238.97,486.58,361.06,1.0000,0
9226,5204,5207,239.06,506.38,380.75,1.0000,0
9227,5204,5206,238.86,466.89,380.86,1.0000,0
9228,5205,5203,278.46,486.38,361.09,1.0000,0
9229,5205,5207,278.55,506.18,380.78,1.0000,0
9230,5205,5202,278.43,486.49,400.58,1.0000,0
9231,5206,5203,258.62,466.73,361.13,1.0000,0
9232,5206,5205,278.34,466.69,380.89,1.0000,0
9233,5206,5202,258.58,466.84,400.62,1.0000,0
9234,5207,5202,258.79,506.33,400.51,1.0000,0
9235,5207,5203,258.82,506.22,361.02,1.0000,0
9236,5208,5217,317.87,466.38,341.44,1.0000,0
9237,5209,5217,357.35,466.18,341.47,1.0000,0
9238,5210,5217,357.55,505.67,341.36,1.0000,0
9239,5211,5217,318.07,505.87,341.33,1.0000,0
9240,5208,5218,298.11,466.53,361.16,1.0000,0
9241,5211,5218,298.31,506.02,361.06,1.0000,0
9242,5212,5218,298.27,506.13,400.54,1.0000,0
9243,5213,5218,298.07,466.64,400.65,1.0000,0
9244,5208,5220,317.75,446.69,361.24,1.0000,0
9245,5209,5220,357.24,446.49,361.27,1.0000,0
9246,5213,5220,317.72,446.80,400.72,1.0000,0
9247,5214,5220,357.21,446.60,400.76,1.0000,0
9248,5218,5216,317.92,486.29,400.61,1.0000,0
9249,5218,5217,317.95,486.18,361.13,1.0000,0
9250,5218,5221,318.03,505.98,380.82,1.0000,0
9251,5218,5220,317.83,466.49,380.93,1.0000,0
9252,5219,5217,357.44,485.98,361.16,1.0000,0
9253,5219,5221,357.52,505.78,380.85,1.0000,0
9254,5219,5216,357.41,486.09,400.65,1.0000,0
9255,5220,5217,337.59,466.33,361.20,1.0000,0
9256,5220,5219,357.32,466.29,380.96,1.0000,0
9257,5220,5216,337.56,466.44,400.69,1.0000,0
9258,5221,5216,337.76,505.93,400.58,1.0000,0
9259,5221,5217,337.79,505.82,361.09,1.0000,0
9260,5222,5231,396.84,465.98,341.50,1.0000,0
9261,5223,5231,436.33,465.78,341.53,0.8400,0
9262,5224,5231,436.53,505.26,341.43,1.0000,0
9263,5225,5231,397.04,505.47,341.39,0.6800,0
9264,5222,5232,377.08,466.13,361.23,1.0000,0
9265,5225,5232,377.28,505.62,361.12,1.0000,0
9266,5226,5232,377.25,505.73,400.61,1.0000,0
9267,5227,5232,377.05,466.24,400.72,1.0000,0
9268,5222,5234,396.73,446.29,361.30,1.0000,0
9269,5223,5234,436.21,446.09,361.33,1.0000,0
9270,5227,5234,396.69,446.40,400.79,1.0000,0
9271,5228,5234,436.18,446.20,400.82,1.0000,0
9272,5232,5230,396.89,485.89,400.68,1.0000,0
9273,5232,5231,396.93,485.78,361.19,0.0400,1
9274,5232,5235,397.01,505.57,380.88,1.0000,0
9275,5232,5234,396.81,466.09,380.99,0.9200,0
9276,5233,5231,436.41,485.57,361.22,1.0000,0
9277,5233,5235,436.50,505.37,380.91,0.7600,0
9278,5233,5230,436.38,485.68,400.71,1.0000,0
9279,5234,5231,416.57,465.93,361.26,1.0000,0
9280,5234,5233,436.30,465.89,381.02,1.0000,0
9281,5234,5230,416.54,466.04,400.75,1.0000,0
9282,5235,5230,416.74,505.53,400.64,1.0000,0
9283,5235,5231,416.77,505.42,361.15,1.0000,0
9284,5236,5245,475.82,465.58,341.57,1.0000,0
9285,5237,5245,515.31,465.37,341.60,0.4800,0
9286,5238,5245,515.51,504.86,341.49,0.9200,0
9287,5239,5245,476.02,505.06,341.46,0.2000,1
9288,5236,5246,456.06,465.73,361.30,1.0000,0
9289,5239,5246,456.26,505.22,361.19,1.0000,0
9290,5240,5246,456.23,505.33,400.67,1.0000,0
9291,5241,5246,456.03,465.84,400.78,1.0000,0
9292,5236,5248,475.70,445.89,361.37,1.0000,0
9293,5237,5248,515.19,445.69,361.40,1.0000,0
9294,5241,5248,475.67,446.00,400.85,1.0000,0
9295,5242,5248,515.16,445.79,400.89,1.0000,0
9296,5246,5244,475.87,485.48,400.75,1.0000,0
9297,5246,5245,475.90,485.37,361.26,1.0000,0
9298,5246,5249,475.99,505.17,380.95,1.0000,0
9299,5246,5248,475.79,465.68,381.06,0.6000,0
9300,5247,5245,515.39,485.17,361.29,0.5600,0
9301,5247,5249,515.48,504.97,380.98,0.3200,0
9302,5247,5244,515.36,485.28,400.78,1.0000,0
9303,5248,5245,495.55,465.53,361.33,0.0400,1
9304,5248,5247,515.27,465.48,381.09,1.0000,0
9305,5248,5244,495.51,465.64,400.82,0.8800,0
9306,5249,5244,495.72,505.13,400.71,1.0000,0
9307,5249,5245,495.75,505.02,361.22,0.7600,0
9308,5250,5259,554.80,465.17,341.63,1.0000,0
9309,5251,5259,594.28,464.97,341.67,0.0800,1
9310,5252,5259,594.48,504.46,341.56,1.0000,0
9311,5253,5259,555.00,504.66,341.52,0.2800,1
9312,5250,5260,535.03,465.33,361.36,0.6400,0
9313,5253,5260,535.24,504.82,361.25,1.0000,0
9314,5254,5260,535.20,504.93,400.74,0.8400,0
9315,5255,5260,535.00,465.44,400.85,1.0000,0
9316,5250,5262,554.68,445.48,361.43,0.3600,0
9317,5251,5262,594.17,445.28,361.46,1.0000,0
9318,5255,5262,554.65,445.59,400.92,1.0000,0
9319,5256,5262,594.13,445.39,400.95,0.5600,0
9320,5260,5258,554.85,485.08,400.81,0.2400,1
9321,5260,5259,554.88,484.97,361.32,1.0000,0
9322,5260,5263,554.96,504.77,381.01,1.0000,0
9323,5260,5262,554.76,465.28,381.12,0.0800,1
9324,5261,5259,594.37,484.77,361.36,0.0400,1
9325,5261,5263,594.45,504.57,381.04,0.0400,1
9326,5261,5258,594.34,484.88,400.84,1.0000,0
9327,5262,5259,574.52,465.13,361.39,1.0000,0
9328,5262,5261,594.25,465.08,381.15,0.7600,0
9329,5262,5258,574.49,465.24,400.88,0.0000,1
9330,5263,5258,574.69,504.73,400.77,1.0000,0
9331,5263,5259,574.72,504.62,361.28,0.0400,1
9332,5264,5273,633.77,464.77,341.70,0.9600,0
9333,5265,5273,673.26,464.57,341.73,0.0400,1
9334,5266,5273,673.46,504.06,341.62,1.0000,0
9335,5267,5273,633.97,504.26,341.59,0.0400,1
9336,5264,5274,614.01,464.93,361.43,0.0800,1
9337,5267,5274,614.21,504.42,361.32,1.0000,0
9338,5268,5274,614.18,504.52,400.81,0.0800,1
9339,5269,5274,613.98,465.04,400.91,0.8000,0
9340,5264,5276,633.66,445.08,361.50,0.2400,1
9341,5265,5276,673.14,444.88,361.53,1.0000,0
9342,5269,5276,633.62,445.19,400.99,1.0000,0
9343,5270,5276,673.11,444.99,401.02,0.0400,1
9344,5274,5272,633.82,484.68,400.88,0.0400,1
9345,5274,5273,633.86,484.57,361.39,1.0000,0
9346,5274,5277,633.94,504.37,381.08,0.9200,0
9347,5274,5276,633.74,464.88,381.19,0.0800,1
9348,5275,5273,673.34,484.37,361.42,0.0000,1
9349,5275,5277,673.43,504.17,381.11,0.0400,1
9350,5275,5272,673.31,484.48,400.91,1.0000,0
9351,5276,5273,653.50,464.73,361.46,0.6400,0
9352,5276,5275,673.23,464.68,381.22,0.7200,0
9353,5276,5272,653.47,464.84,400.95,0.1200,1
9354,5277,5272,653.67,504.32,400.84,0.2000,1
9355,5277,5273,653.70,504.21,361.35,0.0800,1
9356,5278,5287,712.75,464.37,341.76,0.8800,0
9357,5279,5287,752.24,464.17,341.80,0.0400,1
9358,5280,5287,752.44,503.66,341.69,1.0000,0
9359,5281,5287,712.95,503.86,341.65,0.0800,1
9360,5278,5288,692.99,464.53,361.49,0.0400,1
9361,5281,5288,693.19,504.01,361.38,0.1200,1
9362,5282,5288,693.16,504.12,400.87,0.1200,1
9363,5283,5288,692.96,464.64,400.98,0.1200,1
9364,5279,5289,771.96,464.12,361.56,0.0000,1
9365,5280,5289,772.17,503.61,361.45,0.0000,1
9366,5284,5289,771.93,464.23,401.05,0.0000,1
9367,5285,5289,772.13,503.72,400.94,0.0000,1
9368,5278,5290,712.63,444.68,361.56,0.0400,1
9369,5279,5290,752.12,444.48,361.60,0.9200,0
9370,5283,5290,712.60,444.79,401.05,1.0000,0
9371,5284,5290,752.09,444.59,401.08,0.1200,1
9372,5288,5286,712.80,484.28,400.94,0.0400,1
9373,5288,5287,712.83,484.17,361.45,1.0000,0
9374,5288,5291,712.92,503.97,381.14,0.9200,0
9375,5288,5290,712.72,464.48,381.25,0.0400,1
9376,5289,5287,752.32,483.97,361.49,0.1200,1
9377,5289,5291,752.41,503.77,381.18,0.0000,1
9378,5289,5286,752.29,484.08,400.97,0.7200,0
9379,5290,5287,732.48,464.32,361.52,0.1600,1
9380,5290,5289,752.20,464.28,381.29,1.0000,0
9381,5290,5286,732.44,464.43,401.01,0.0800,1
9382,5291,5286,732.65,503.92,400.90,0.1600,1
9383,5291,5287,732.68,503.81,361.42,0.1200,1
9384,5292,5301,81.34,546.56,341.02,0.7200,0
9385,5293,5301,120.83,546.36,341.05,1.0000,0
9386,5294,5301,121.03,585.85,340.95,0.9200,0
9387,5295,5301,81.54,586.05,340.91,1.0000,0
9388,5292,5302,61.58,546.71,360.75,0.7600,0
9389,5295,5302,61.78,586.20,360.64,1.0000,0
9390,5296,5302,61.75,586.31,400.13,0.6800,0
9391,5297,5302,61.55,546.82,400.24,1.0000,0
9392,5292,5304,81.22,526.87,360.82,1.0000,0
9393,5293,5304,120.71,526.67,360.85,1.0000,0
9394,5297,5304,81.19,526.98,400.31,0.6800,0
9395,5298,5304,120.68,526.78,400.34,0.8400,0
9396,5302,5300,81.39,566.47,400.20,1.0000,0
9397,5302,5301,81.42,566.36,360.71,1.0000,0
9398,5302,5305,81.51,586.16,380.40,0.5600,0
9399,5302,5304,81.31,546.67,380.51,1.0000,0
9400,5303,5301,120.91,566.16,360.74,1.0000,0
9401,5303,5305,120.99,585.96,380.43,1.0000,0
9402,5303,5300,120.88,566.27,400.23,0.8800,0
9403,5304,5301,101.07,546.51,360.78,1.0000,0
9404,5304,5303,120.79,546.47,380.54,1.0000,0
9405,5304,5300,101.03,546.62,400.27,0.9200,0
9406,5305,5300,101.23,586.11,400.16,1.0000,0
9407,5305,5301,101.27,586.00,360.67,0.8400,0
9408,5306,5315,160.31,546.16,341.09,1.0000,0
9409,5307,5315,199.80,545.96,341.12,1.0000,0
9410,5308,5315,200.00,585.45,341.01,1.0000,0
9411,5309,5315,160.51,585.65,340.98,1.0000,0
9412,5306,5316,140.55,546.31,360.82,1.0000,0
9413,5309,5316,140.75,585.80,360.71,1.0000,0
9414,5310,5316,140.72,585.91,400.19,1.0000,0
9415,5311,5316,140.52,546.42,400.30,1.0000,0
9416,5306,5318,160.20,526.47,360.89,1.0000,0
9417,5307,5318,199.69,526.27,360.92,1.0000,0
9418,5311,5318,160.17,526.58,400.37,0.8400,0
9419,5312,5318,199.65,526.38,400.41,1.0000,0
9420,5316,5314,160.37,566.07,400.27,1.0000,0
9421,5316,5315,160.40,565.96,360.78,1.0000,0
9422,5316,5319,160.48,585.76,380.47,0.9200,0
9423,5316,5318,160.28,546.27,380.58,1.0000,0
9424,5317,5315,199.89,565.76,360.81,1.0000,0
9425,5317,5319,199.97,585.55,380.50,1.0000,0
9426,5317,5314,199.85,565.87,400.30,1.0000,0
9427,5318,5315,180.04,546.11,360.85,1.0000,0
9428,5318,5317,199.77,546.07,380.61,1.0000,0
9429,5318,5314,180.01,546.22,400.34,1.0000,0
9430,5319,5314,180.21,585.71,400.23,1.0000,0
9431,5319,5315,180.24,585.60,360.74,1.0000,0
9432,5320,5329,239.29,545.76,341.15,1.0000,0
9433,5321,5329,278.78,545.56,341.19,1.0000,0
9434,5322,5329,278.98,585.04,341.08,1.0000,0
9435,5323,5329,239.49,585.24,341.04,1.0000,0
9436,5320,5330,219.53,545.91,360.88,1.0000,0
9437,5323,5330,219.73,585.40,360.77,1.0000,0
9438,5324,5330,219.70,585.51,400.26,1.0000,0
9439,5325,5330,219.50,546.02,400.37,1.0000,0
9440,5320,5332,239.17,526.07,360.95,1.0000,0
9441,5321,5332,278.66,525.87,360.98,1.0000,0
9442,5325,5332,239.14,526.18,400.44,1.0000,0
9443,5326,5332,278.63,525.98,400.47,1.0000,0
9444,5330,5328,239.34,565.66,400.33,0.7600,0
9445,5330,5329,239.37,565.56,360.84,1.0000,0
9446,5330,5333,239.46,585.35,380.53,1.0000,0
9447,5330,5332,239.26,545.87,380.64,1.0000,0
9448,5331,5329,278.86,565.35,360.88,1.0000,0
9449,5331,5333,278.95,585.15,380.56,1.0000,0
9450,5331,5328,278.83,565.46,400.36,0.6800,0
9451,5332,5329,259.02,545.71,360.91,1.0000,0
9452,5332,5331,278.75,545.67,380.67,1.0000,0
9453,5332,5328,258.99,545.82,400.40,1.0000,0
9454,5333,5328,259.19,585.31,400.29,1.0000,0
9455,5333,5329,259.22,585.20,360.80,1.0000,0
9456,5334,5343,318.27,545.35,341.22,1.0000,0
9457,5335,5343,357.76,545.15,341.25,0.6800,0
9458,5336,5343,357.96,584.64,341.14,1.0000,0
9459,5337,5343,318.47,584.84,341.11,1.0000,0
9460,5334,5344,298.51,545.51,360.95,1.0000,0
9461,5337,5344,298.71,585.00,360.84,1.0000,0
9462,5338,5344,298.68,585.11,400.33,1.0000,0
9463,5339,5344,298.47,545.62,400.43,1.0000,0
9464,5334,5346,318.15,525.67,361.02,1.0000,0
9465,5335,5346,357.64,525.46,361.05,1.0000,0
9466,5339,5346,318.12,525.77,400.51,1.0000,0
9467,5340,5346,357.61,525.57,400.54,1.0000,0
9468,5344,5342,318.32,565.26,400.40,1.0000,0
9469,5344,5343,318.35,565.15,360.91,1.0000,0
9470,5344,5347,318.44,584.95,380.60,1.0000,0
9471,5344,5346,318.24,545.46,380.71,1.0000,0
9472,5345,5343,357.84,564.95,360.94,1.0000,0
9473,5345,5347,357.92,584.75,380.63,1.0000,0
9474,5345,5342,357.81,565.06,400.43,1.0000,0
9475,5346,5343,338.00,545.31,360.98,1.0000,0
9476,5346,5345,357.72,545.26,380.74,1.0000,0
9477,5346,5342,337.96,545.42,400.47,1.0000,0
9478,5347,5342,338.16,584.91,400.36,1.0000,0
9479,5347,5343,338.20,584.80,360.87,1.0000,0
9480,5348,5357,397.24,544.95,341.28,1.0000,0
9481,5349,5357,436.73,544.75,341.32,0.2400,1
9482,5350,5357,436.93,584.24,341.21,1.0000,0
9483,5351,5357,397.44,584.44,341.17,0.7200,0
9484,5348,5358,377.48,545.11,361.01,1.0000,0
9485,5351,5358,377.68,584.60,360.90,1.0000,0
9486,5352,5358,377.65,584.71,400.39,1.0000,0
9487,5353,5358,377.45,545.22,400.50,1.0000,0
9488,5348,5360,397.13,525.26,361.08,1.0000,0
9489,5349,5360,436.62,525.06,361.12,1.0000,0
9490,5353,5360,397.10,525.37,400.57,1.0000,0
9491,5354,5360,436.58,525.17,400.60,1.0000,0
9492,5358,5356,397.30,564.86,400.46,1.0000,0
9493,5358,5357,397.33,564.75,360.97,1.0000,0
9494,5358,5361,397.41,584.55,380.66,1.0000,0
9495,5358,5360,397.21,545.06,380.77,0.8000,0
9496,5359,5357,436.82,564.55,361.01,1.0000,0
9497,5359,5361,436.90,584.35,380.70,0.9600,0
9498,5359,5356,436.78,564.66,400.49,0.8000,0
9499,5360,5357,416.97,544.91,361.04,1.0000,0
9500,5360,5359,436.70,544.86,380.80,1.0000,0
9501,5360,5356,416.94,545.02,400.53,1.0000,0
9502,5361,5356,417.14,584.51,400.42,1.0000,0
9503,5361,5357,417.17,584.40,360.93,1.0000,0
9504,5362,5371,476.22,544.55,341.35,1.0000,0
9505,5363,5371,515.71,544.35,341.38,0.0800,1
9506,5364,5371,515.91,583.84,341.27,1.0000,0
9507,5365,5371,476.42,584.04,341.24,0.1600,1
9508,5362,5372,456.46,544.71,361.08,1.0000,0
9509,5365,5372,456.66,584.19,360.97,1.0000,0
9510,5366,5372,456.63,584.30,400.46,1.0000,0
9511,5367,5372,456.43,544.82,400.57,1.0000,0
9512,5362,5374,476.10,524.86,361.15,1.0000,0
9513,5363,5374,515.59,524.66,361.18,1.0000,0
9514,5367,5374,476.07,524.97,400.64,1.0000,0
9515,5368,5374,515.56,524.77,400.67,1.0000,0
9516,5372,5370,476.27,564.46,400.53,1.0000,0
9517,5372,5371,476.30,564.35,361.04,1.0000,0
9518,5372,5375,476.39,584.15,380.73,1.0000,0
9519,5372,5374,476.19,544.66,380.84,0.9200,0
9520,5373,5371,515.79,564.15,361.07,1.0000,0
9521,5373,5375,515.88,583.95,380.76,0.6800,0
9522,5373,5370,515.76,564.26,400.56,1.0000,0
9523,5374,5371,495.95,544.51,361.11,1.0000,0
9524,5374,5373,515.68,544.46,380.87,1.0000,0
9525,5374,5370,495.92,544.62,400.60,0.9600,0
9526,5375,5370,496.12,584.10,400.49,1.0000,0
9527,5375,5371,496.15,583.99,361.00,1.0000,0
9528,5376,5385,555.20,544.15,341.41,1.0000,0
9529,5377,5385,594.69,543.95,341.45,0.0400,1
9530,5378,5385,594.89,583.44,341.34,0.8000,0
9531,5379,5385,555.40,583.64,341.31,0.0400,1
9532,5376,5386,535.44,544.31,361.14,0.8800,0
9533,5379,5386,535.64,583.79,361.03,1.0000,0
9534,5380,5386,535.61,583.90,400.52,0.4000,0
9535,5381,5386,535.40,544.41,400.63,1.0000,0
9536,5376,5388,555.08,524.46,361.21,0.4800,0
9537,5377,5388,594.57,524.26,361.25,1.0000,0
9538,5381,5388,555.05,524.57,400.70,1.0000,0
9539,5382,5388,594.54,524.37,400.73,0.1600,1
9540,5386,5384,555.25,564.06,400.59,0.7600,0
9541,5386,5385,555.28,563.95,361.10,1.0000,0
9542,5386,5389,555.37,583.75,380.79,1.0000,0
9543,5386,5388,555.16,544.26,380.90,0.2400,1
9544,5387,5385,594.77,563.75,361.14,0.4000,0
9545,5387,5389,594.85,583.55,380.83,0.0400,1
9546,5387,5384,594.74,563.86,400.63,1.0000,0
9547,5388,5385,574.92,544.10,361.18,1.0000,0
9548,5388,5387,594.65,544.06,380.94,1.0000,0
9549,5388,5384,574.89,544.21,400.66,0.1200,1
9550,5389,5384,575.09,583.70,400.55,1.0000,0
9551,5389,5385,575.13,583.59,361.07,0.1600,1
9552,5390,5399,634.17,543.75,341.48,0.7600,0
9553,5391,5399,673.66,543.55,341.51,0.0400,1
9554,5392,5399,673.86,583.04,341.40,0.4000,0
9555,5393,5399,634.37,583.24,341.37,0.0400,1
9556,5390,5400,614.41,543.90,361.21,0.0400,1
9557,5393,5400,614.61,583.39,361.10,0.9600,0
9558,5394,5400,614.58,583.50,400.59,0.0800,1
9559,5395,5400,614.38,544.01,400.70,1.0000,0
9560,5390,5402,634.06,524.06,361.28,0.0000,1
9561,5391,5402,673.55,523.86,361.31,0.6800,0
9562,5395,5402,634.02,524.17,400.77,1.0000,0
9563,5396,5402,673.51,523.97,400.80,0.0400,1
9564,5400,5398,634.23,563.66,400.66,0.0800,1
9565,5400,5399,634.26,563.55,361.17,1.0000,0
9566,5400,5403,634.34,583.35,380.86,0.9600,0
9567,5400,5402,634.14,543.86,380.97,0.0800,1
9568,5401,5399,673.75,563.35,361.20,0.0000,1
9569,5401,5403,673.83,583.15,380.89,0.0400,1
9570,5401,5398,673.71,563.46,400.69,1.0000,0
9571,5402,5399,653.90,543.70,361.24,0.5600,0
9572,5402,5401,673.63,543.66,381.00,0.8000,0
9573,5402,5398,653.87,543.81,400.73,0.0800,1
9574,5403,5398,654.07,583.30,400.62,1.0000,0
9575,5403,5399,654.10,583.19,361.13,0.0800,1
9576,5404,5413,713.15,543.35,341.55,1.0000,0
9577,5405,5413,752.64,543.15,341.58,0.0000,1
9578,5406,5413,752.84,582.63,341.47,0.4000,0
9579,5407,5413,713.35,582.84,341.44,0.0400,1
9580,5404,5414,693.39,543.50,361.27,0.0800,1
9581,5407,5414,693.59,582.99,361.16,0.1200,1
9582,5408,5414,693.56,583.10,400.65,0.0800,1
9583,5409,5414,693.36,543.61,400.76,0.1200,1
9584,5405,5415,772.37,543.10,361.34,0.0000,1
9585,5406,5415,772.57,582.59,361.23,0.0000,1
9586,5410,5415,772.33,543.21,400.83,0.0000,1
9587,5411,5415,772.54,582.70,400.72,0.0000,1
9588,5404,5416,713.03,523.66,361.34,0.0800,1
9589,5405,5416,752.52,523.46,361.38,1.0000,0
9590,5409,5416,713.00,523.77,400.83,1.0000,0
9591,5410,5416,752.49,523.57,400.87,0.0800,1
9592,5414,5412,713.20,563.26,400.72,0.0400,1
9593,5414,5413,713.23,563.15,361.23,1.0000,0
9594,5414,5417,713.32,582.94,380.92,0.9200,0
9595,5414,5416,713.12,543.46,381.03,0.0800,1
9596,5415,5413,752.72,562.94,361.27,0.0400,1
9597,5415,5417,752.81,582.74,380.96,0.0000,1
9598,5415,5412,752.69,563.05,400.76,0.8800,0
9599,5416,5413,732.88,543.30,361.31,0.1600,1
9600,5416,5415,752.61,543.26,381.07,1.0000,0
9601,5416,5412,732.85,543.41,400.79,0.1200,1
9602,5417,5412,733.05,582.90,400.69,0.1200,1
9603,5417,5413,733.08,582.79,361.20,0.0800,1
9604,5418,5427,81.74,625.54,340.80,0.8400,0
9605,5419,5427,121.23,625.34,340.84,1.0000,0
9606,5420,5427,121.43,664.82,340.73,0.9600,0
9607,5421,5427,81.94,665.02,340.69,1.0000,0
9608,5418,5428,61.98,625.69,360.53,0.1600,1
9609,5421,5428,62.18,665.18,360.42,1.0000,0
9610,5422,5428,62.15,665.29,399.91,0.2000,1
9611,5423,5428,61.95,625.80,400.02,1.0000,0
9612,5418,5430,81.62,605.85,360.60,0.9600,0
9613,5419,5430,121.11,605.65,360.63,1.0000,0
9614,5423,5430,81.59,605.96,400.09,0.8800,0
9615,5424,5430,121.08,605.76,400.12,1.0000,0
9616,5428,5426,81.79,645.44,399.98,0.5600,0
9617,5428,5427,81.82,645.33,360.49,1.0000,0
9618,5428,5431,81.91,665.13,380.18,0.6800,0
9619,5428,5430,81.71,625.65,380.29,1.0000,0
9620,5429,5427,121.31,645.13,360.53,1.0000,0
9621,5429,5431,121.40,664.93,380.22,1.0000,0
9622,5429,5426,121.28,645.24,400.01,1.0000,0
9623,5430,5427,101.47,625.49,360.56,1.0000,0
9624,5430,5429,121.20,625.44,380.32,0.9600,0
9625,5430,5426,101.44,625.60,400.05,0.9200,0
9626,5431,5426,101.64,665.09,399.94,1.0000,0
9627,5431,5427,101.67,664.98,360.45,1.0000,0
9628,5432,5441,160.72,625.13,340.87,1.0000,0
9629,5433,5441,200.20,624.93,340.90,1.0000,0
9630,5434,5441,200.40,664.42,340.79,1.0000,0
9631,5435,5441,160.92,664.62,340.76,1.0000,0
9632,5432,5442,140.96,625.29,360.60,1.0000,0
9633,5435,5442,141.16,664.78,360.49,1.0000,0
9634,5436,5442,141.12,664.89,399.98,1.0000,0
9635,5437,5442,140.92,625.40,400.09,1.0000,0
9636,5432,5444,160.60,605.44,360.67,1.0000,0
9637,5433,5444,200.09,605.24,360.70,1.0000,0
9638,5437,5444,160.57,605.55,400.16,1.0000,0
9639,5438,5444,200.06,605.35,400.19,1.0000,0
9640,5442,5440,160.77,645.04,400.05,1.0000,0
9641,5442,5441,160.80,644.93,360.56,1.0000,0
9642,5442,5445,160.88,664.73,380.25,1.0000,0
9643,5442,5444,160.68,625.24,380.36,1.0000,0
9644,5443,5441,200.29,644.73,360.59,1.0000,0
9645,5443,5445,200.37,664.53,380.28,1.0000,0
9646,5443,5440,200.26,644.84,400.08,1.0000,0
9647,5444,5441,180.44,625.09,360.63,1.0000,0
9648,5444,5443,200.17,625.04,380.39,1.0000,0
9649,5444,5440,180.41,625.20,400.12,1.0000,0
9650,5445,5440,180.61,664.69,400.01,1.0000,0
9651,5445,5441,180.64,664.58,360.52,1.0000,0
9652,5446,5455,239.69,624.73,340.93,1.0000,0
9653,5447,5455,279.18,624.53,340.97,1.0000,0
9654,5448,5455,279.38,664.02,340.86,1.0000,0
9655,5449,5455,239.89,664.22,340.82,1.0000,0
9656,5446,5456,219.93,624.89,360.66,1.0000,0
9657,5449,5456,220.13,664.38,360.55,1.0000,0
9658,5450,5456,220.10,664.49,400.04,1.0000,0
9659,5451,5456,219.90,625.00,400.15,1.0000,0
9660,5446,5458,239.58,605.04,360.73,1.0000,0
9661,5447,5458,279.06,604.84,360.77,1.0000,0
9662,5451,5458,239.54,605.15,400.22,1.0000,0
9663,5452,5458,279.03,604.95,400.25,0.5600,0
9664,5456,5454,239.74,644.64,400.11,1.0000,0
9665,5456,5455,239.78,644.53,360.62,1.0000,0
9666,5456,5459,239.86,664.33,380.31,1.0000,0
9667,5456,5458,239.66,624.84,380.42,1.0000,0
9668,5457,5455,279.27,644.33,360.66,1.0000,0
9669,5457,5459,279.35,664.13,380.35,1.0000,0
9670,5457,5454,279.23,644.44,400.15,1.0000,0
9671,5458,5455,259.42,624.69,360.69,1.0000,0
9672,5458,5457,279.15,624.64,380.46,1.0000,0
9673,5458,5454,259.39,624.80,400.18,1.0000,0
9674,5459,5454,259.59,664.28,400.07,1.0000,0
9675,5459,5455,259.62,664.18,360.59,1.0000,0
9676,5460,5469,318.67,624.33,341.00,1.0000,0
9677,5461,5469,358.16,624.13,341.03,0.9200,0
9678,5462,5469,358.36,663.62,340.92,1.0000,0
9679,5463,5469,318.87,663.82,340.89,1.0000,0
9680,5460,5470,298.91,624.49,360.73,1.0000,0
9681,5463,5470,299.11,663.97,360.62,1.0000,0
9682,5464,5470,299.08,664.08,400.11,1.0000,0
9683,5465,5470,298.88,624.60,400.22,1.0000,0
9684,5460,5472,318.55,604.64,360.80,1.0000,0
9685,5461,5472,358.04,604.44,360.83,1.0000,0
9686,5465,5472,318.52,604.75,400.29,1.0000,0
9687,5466,5472,358.01,604.55,400.32,1.0000,0
9688,5470,5468,318.72,644.24,400.18,1.0000,0
9689,5470,5469,318.75,644.13,360.69,1.0000,0
9690,5470,5473,318.84,663.93,380.38,1.0000,0
9691,5470,5472,318.64,624.44,380.49,1.0000,0
9692,5471,5469,358.24,643.93,360.72,1.0000,0
9693,5471,5473,358.33,663.73,380.41,0.7600,0
9694,5471,5468,358.21,644.04,400.21,0.7600,0
9695,5472,5469,338.40,624.29,360.76,1.0000,0
9696,5472,5471,358.13,624.24,380.52,1.0000,0
9697,5472,5468,338.36,624.39,400.25,1.0000,0
9698,5473,5468,338.57,663.88,400.14,1.0000,0
9699,5473,5469,338.60,663.77,360.65,1.0000,0
9700,5474,5483,397.65,623.93,341.06,1.0000,0
9701,5475,5483,437.13,623.73,341.10,0.9600,0
9702,5476,5483,437.33,663.22,340.99,1.0000,0
9703,5477,5483,397.85,663.42,340.96,0.9600,0
9704,5474,5484,377.89,624.08,360.79,1.0000,0
9705,5477,5484,378.09,663.57,360.68,1.0000,0
9706,5478,5484,378.05,663.68,400.17,1.0000,0
9707,5479,5484,377.85,624.19,400.28,1.0000,0
9708,5474,5486,397.53,604.24,360.86,1.0000,0
9709,5475,5486,437.02,604.04,360.90,0.6400,0
9710,5479,5486,397.50,604.35,400.35,1.0000,0
9711,5480,5486,436.99,604.15,400.39,0.6400,0
9712,5484,5482,397.70,643.84,400.24,0.4000,0
9713,5484,5483,397.73,643.73,360.75,1.0000,0
9714,5484,5487,397.81,663.53,380.44,1.0000,0
9715,5484,5486,397.61,624.04,380.55,1.0000,0
9716,5485,5483,437.22,643.53,360.79,1.0000,0
9717,5485,5487,437.30,663.33,380.48,0.4400,0
9718,5485,5482,437.19,643.64,400.28,1.0000,0
9719,5486,5483,417.37,623.88,360.83,1.0000,0
9720,5486,5485,437.10,623.84,380.59,1.0000,0
9721,5486,5482,417.34,623.99,400.31,1.0000,0
9722,5487,5482,417.54,663.48,400.21,1.0000,0
9723,5487,5483,417.57,663.37,360.72,1.0000,0
9724,5488,5497,476.62,623.53,341.13,1.0000,0
9725,5489,5497,516.11,623.33,341.16,0.2400,1
9726,5490,5497,516.31,662.82,341.05,1.0000,0
9727,5491,5497,476.82,663.02,341.02,0.2800,1
9728,5488,5498,456.86,623.68,360.86,1.0000,0
9729,5491,5498,457.06,663.17,360.75,1.0000,0
9730,5492,5498,457.03,663.28,400.24,0.9200,0
9731,5493,5498,456.83,623.79,400.35,1.0000,0
9732,5488,5500,476.51,603.84,360.93,1.0000,0
9733,5489,5500,515.99,603.64,360.96,1.0000,0
9734,5493,5500,476.47,603.95,400.42,1.0000,0
9735,5494,5500,515.96,603.75,400.45,0.1600,1
9736,5498,5496,476.67,643.44,400.31,1.0000,0
9737,5498,5497,476.71,643.33,360.82,1.0000,0
9738,5498,5501,476.79,663.13,380.51,1.0000,0
9739,5498,5500,476.59,623.64,380.62,0.9600,0
9740,5499,5497,516.19,643.13,360.85,0.9600,0
9741,5499,5501,516.28,662.92,380.54,0.7200,0
9742,5499,5496,516.16,643.24,400.34,1.0000,0
9743,5500,5497,496.35,623.48,360.89,1.0000,0
9744,5500,5499,516.08,623.44,380.65,1.0000,0
9745,5500,5496,496.32,623.59,400.38,1.0000,0
9746,5501,5496,496.52,663.08,400.27,1.0000,0
9747,5501,5497,496.55,662.97,360.78,0.6800,0
9748,5502,5511,555.60,623.13,341.20,1.0000,0
9749,5503,5511,595.09,622.93,341.23,0.0800,1
9750,5504,5511,595.29,662.41,341.12,0.7600,0
9751,5505,5511,555.80,662.61,341.09,0.0400,1
9752,5502,5512,535.84,623.28,360.92,0.4800,0
9753,5505,5512,536.04,662.77,360.81,1.0000,0
9754,5506,5512,536.01,662.88,400.30,0.4800,0
9755,5507,5512,535.81,623.39,400.41,1.0000,0
9756,5502,5514,555.48,603.44,360.99,0.6400,0
9757,5503,5514,594.97,603.24,361.03,1.0000,0
9758,5507,5514,555.45,603.55,400.48,1.0000,0
9759,5508,5514,594.94,603.35,400.52,0.1600,1
9760,5512,5510,555.65,643.03,400.37,0.4800,0
9761,5512,5511,555.68,642.93,360.89,1.0000,0
9762,5512,5515,555.77,662.72,380.58,1.0000,0
9763,5512,5514,555.57,623.24,380.68,0.1200,1
9764,5513,5511,595.17,642.72,360.92,0.0400,1
9765,5513,5515,595.26,662.52,380.61,0.0400,1
9766,5513,5510,595.14,642.83,400.41,1.0000,0
9767,5514,5511,575.33,623.08,360.96,1.0000,0
9768,5514,5513,595.05,623.03,380.72,1.0000,0
9769,5514,5510,575.29,623.19,400.45,0.6400,0
9770,5515,5510,575.50,662.68,400.34,1.0000,0
9771,5515,5511,575.53,662.57,360.85,0.2400,1
9772,5516,5525,634.58,622.72,341.26,1.0000,0
9773,5517,5525,674.06,622.52,341.29,0.0800,1
9774,5518,5525,674.26,662.01,341.18,0.6800,0
9775,5519,5525,634.78,662.21,341.15,0.0800,1
9776,5516,5526,614.82,622.88,360.99,0.0800,1
9777,5519,5526,615.02,662.37,360.88,1.0000,0
9778,5520,5526,614.98,662.48,400.37,0.0000,1
9779,5521,5526,614.78,622.99,400.48,1.0000,0
9780,5516,5528,634.46,603.04,361.06,0.0000,1
9781,5517,5528,673.95,602.83,361.09,1.0000,0
9782,5521,5528,634.43,603.14,400.55,1.0000,0
9783,5522,5528,673.91,602.94,400.58,0.0000,1
9784,5526,5524,634.63,642.63,400.44,0.0800,1
9785,5526,5525,634.66,642.52,360.95,1.0000,0
9786,5526,5529,634.74,662.32,380.64,1.0000,0
9787,5526,5528,634.54,622.83,380.75,0.0800,1
9788,5527,5525,674.15,642.32,360.98,0.0000,1
9789,5527,5529,674.23,662.12,380.67,0.0800,1
9790,5527,5524,674.12,642.43,400.47,1.0000,0
9791,5528,5525,654.30,622.68,361.02,1.0000,0
9792,5528,5527,674.03,622.63,380.78,1.0000,0
9793,5528,5524,654.27,622.79,400.51,0.0800,1
9794,5529,5524,654.47,662.28,400.40,0.9600,0
9795,5529,5525,654.50,662.17,360.91,0.1200,1
9796,5530,5539,713.55,622.32,341.33,0.5600,0
9797,5531,5539,753.04,622.12,341.36,0.0400,1
9798,5532,5539,753.24,661.61,341.25,0.2400,1
9799,5533,5539,713.75,661.81,341.22,0.0800,1
9800,5530,5540,693.79,622.48,361.05,0.0800,1
9801,5533,5540,693.99,661.97,360.95,0.4400,0
9802,5534,5540,693.96,662.08,400.43,0.0000,1
9803,5535,5540,693.76,622.59,400.54,0.1200,1
9804,5531,5541,772.77,622.08,361.12,0.0000,1
9805,5532,5541,772.97,661.56,361.01,0.0000,1
9806,5536,5541,772.74,622.19,400.61,0.0000,1
9807,5537,5541,772.94,661.67,400.50,0.0000,1
9808,5530,5542,713.44,602.63,361.13,0.0400,1
9809,5531,5542,752.92,602.43,361.16,0.9600,0
9810,5535,5542,713.40,602.74,400.61,1.0000,0
9811,5536,5542,752.89,602.54,400.65,0.0800,1
9812,5540,5538,713.60,642.23,400.51,0.0400,1
9813,5540,5539,713.64,642.12,361.02,1.0000,0
9814,5540,5543,713.72,661.92,380.71,0.8800,0
9815,5540,5542,713.52,622.43,380.82,0.0400,1
9816,5541,5539,753.12,641.92,361.05,0.0400,1
9817,5541,5543,753.21,661.72,380.74,0.0000,1
9818,5541,5538,753.09,642.03,400.54,1.0000,0
9819,5542,5539,733.28,622.28,361.09,0.2000,1
9820,5542,5541,753.01,622.23,380.85,0.9600,0
9821,5542,5538,733.25,622.39,400.58,0.0400,1
9822,5543,5538,733.45,661.88,400.47,0.2400,1
9823,5543,5539,733.48,661.77,360.98,0.1200,1
9824,5544,5553,82.14,704.51,340.58,1.0000,0
9825,5545,5553,121.63,704.31,340.62,1.0000,0
9826,5546,5553,121.83,743.80,340.51,0.9600,0
9827,5547,5553,82.34,744.00,340.48,0.8800,0
9828,5544,5554,62.38,704.67,360.31,0.4000,0
9829,5547,5554,62.58,744.16,360.20,0.8800,0
9830,5548,5554,62.55,744.26,399.69,0.8400,0
9831,5549,5554,62.35,704.78,399.80,1.0000,0
9832,5544,5556,82.02,684.82,360.38,1.0000,0
9833,5545,5556,121.51,684.62,360.42,1.0000,0
9834,5549,5556,81.99,684.93,399.87,0.4400,0
9835,5550,5556,121.48,684.73,399.91,0.9600,0
9836,5546,5557,121.91,763.60,360.20,0.0000,1
9837,5547,5557,82.43,763.80,360.17,0.0000,1
9838,5548,5557,82.39,763.91,399.65,0.0000,1
9839,5551,5557,121.88,763.71,399.69,0.0000,1
9840,5554,5552,82.19,724.42,399.76,1.0000,0
9841,5554,5553,82.23,724.31,360.27,1.0000,0
9842,5554,5557,82.31,744.11,379.96,0.9600,0
9843,5554,5556,82.11,704.62,380.07,1.0000,0
9844,5555,5553,121.71,724.11,360.31,1.0000,0
9845,5555,5557,121.80,743.91,380.00,0.9200,0
9846,5555,5552,121.68,724.22,399.80,0.9600,0
9847,5556,5553,101.87,704.47,360.35,1.0000,0
9848,5556,5555,121.60,704.42,380.11,1.0000,0
9849,5556,5552,101.84,704.58,399.83,1.0000,0
9850,5557,5552,102.04,744.06,399.72,0.9200,0
9851,5557,5553,102.07,743.95,360.24,0.9600,0
9852,5558,5567,161.12,704.11,340.65,1.0000,0
9853,5559,5567,200.61,703.91,340.68,1.0000,0
9854,5560,5567,200.81,743.40,340.57,0.9200,0
9855,5561,5567,161.32,743.60,340.54,0.9200,0
9856,5558,5568,141.36,704.27,360.38,1.0000,0
9857,5561,5568,141.56,743.75,360.27,0.9600,0
9858,5562,5568,141.53,743.86,399.76,0.9600,0
9859,5563,5568,141.33,704.38,399.87,1.0000,0
9860,5558,5570,161.00,684.42,360.45,1.0000,0
9861,5559,5570,200.49,684.22,360.48,1.0000,0
9862,5563,5570,160.97,684.53,399.94,0.9600,0
9863,5564,5570,200.46,684.33,399.97,1.0000,0
9864,5560,5571,200.89,763.20,360.26,0.0000,1
9865,5561,5571,161.40,763.40,360.23,0.0000,1
9866,5562,5571,161.37,763.51,399.72,0.0000,1
9867,5565,5571,200.86,763.31,399.75,0.0000,1
9868,5568,5566,161.17,724.02,399.83,0.9600,0
9869,5568,5567,161.20,723.91,360.34,1.0000,0
9870,5568,5571,161.29,743.71,380.03,0.9200,0
9871,5568,5570,161.09,704.22,380.14,1.0000,0
9872,5569,5567,200.69,723.71,360.37,1.0000,0
9873,5569,5571,200.77,743.51,380.06,0.9200,0
9874,5569,5566,200.66,723.82,399.86,1.0000,0
9875,5570,5567,180.85,704.06,360.41,1.0000,0
9876,5570,5569,200.57,704.02,380.17,1.0000,0
9877,5570,5566,180.81,704.17,399.90,1.0000,0
9878,5571,5566,181.01,743.66,399.79,0.9600,0
9879,5571,5567,181.05,743.55,360.30,1.0000,0
9880,5572,5581,240.09,703.71,340.72,1.0000,0
9881,5573,5581,279.58,703.51,340.75,1.0000,0
9882,5574,5581,279.78,743.00,340.64,0.9200,0
9883,5575,5581,240.30,743.20,340.61,0.9200,0
9884,5572,5582,220.33,703.86,360.44,1.0000,0
9885,5575,5582,220.53,743.35,360.33,0.9200,0
9886,5576,5582,220.50,743.46,399.82,1.0000,0
9887,5577,5582,220.30,703.97,399.93,1.0000,0
9888,5572,5584,239.98,684.02,360.51,1.0000,0
9889,5573,5584,279.47,683.82,360.55,1.0000,0
9890,5577,5584,239.95,684.13,400.00,1.0000,0
9891,5578,5584,279.43,683.93,400.04,1.0000,0
9892,5574,5585,279.87,762.80,360.33,0.0000,1
9893,5575,5585,240.38,763.00,360.30,0.0000,1
9894,5576,5585,240.35,763.11,399.78,0.0000,1
9895,5579,5585,279.84,762.90,399.82,0.0000,1
9896,5582,5580,240.15,723.62,399.89,1.0000,0
9897,5582,5581,240.18,723.51,360.41,0.9600,0
9898,5582,5585,240.26,743.31,380.10,0.9200,0
9899,5582,5584,240.06,703.82,380.20,1.0000,0
9900,5583,5581,279.67,723.31,360.44,1.0000,0
9901,5583,5585,279.75,743.11,380.13,0.9200,0
9902,5583,5580,279.63,723.42,399.93,1.0000,0
9903,5584,5581,259.82,703.66,360.48,1.0000,0
9904,5584,5583,279.55,703.62,380.24,1.0000,0
9905,5584,5580,259.79,703.77,399.96,1.0000,0
9906,5585,5580,259.99,743.26,399.86,0.9200,0
9907,5585,5581,260.02,743.15,360.37,0.9600,0
9908,5586,5595,319.07,703.31,340.78,1.0000,0
9909,5587,5595,358.56,703.11,340.81,0.9200,0
9910,5588,5595,358.76,742.59,340.70,0.9200,0
9911,5589,5595,319.27,742.80,340.67,0.9200,0
9912,5586,5596,299.31,703.46,360.51,1.0000,0
9913,5589,5596,299.51,742.95,360.40,0.9200,0
9914,5590,5596,299.48,743.06,399.89,0.9600,0
9915,5591,5596,299.28,703.57,400.00,1.0000,0
9916,5586,5598,318.95,683.62,360.58,1.0000,0
9917,5587,5598,358.44,683.42,360.61,1.0000,0
9918,5591,5598,318.92,683.73,400.07,1.0000,0
9919,5592,5598,358.41,683.53,400.10,1.0000,0
9920,5588,5599,358.84,762.39,360.39,0.0000,1
9921,5589,5599,319.36,762.59,360.36,0.0000,1
9922,5590,5599,319.32,762.70,399.85,0.0000,1
9923,5593,5599,358.81,762.50,399.88,0.0000,1
9924,5596,5594,319.12,723.22,399.96,1.0000,0
9925,5596,5595,319.16,723.11,360.47,1.0000,0
9926,5596,5599,319.24,742.90,380.16,0.9200,0
9927,5596,5598,319.04,703.42,380.27,0.9600,0
9928,5597,5595,358.64,722.91,360.50,1.0000,0
9929,5597,5599,358.73,742.70,380.19,0.9200,0
9930,5597,5594,358.61,723.01,399.99,1.0000,0
9931,5598,5595,338.80,703.26,360.54,1.0000,0
9932,5598,5597,358.53,703.22,380.30,1.0000,0
9933,5598,5594,338.77,703.37,400.03,1.0000,0
9934,5599,5594,338.97,742.86,399.92,0.9200,0
9935,5599,5595,339.00,742.75,360.43,0.9600,0
9936,5600,5609,398.05,702.91,340.85,1.0000,0
9937,5601,5609,437.54,702.71,340.88,0.8000,0
9938,5602,5609,437.74,742.19,340.77,0.8800,0
9939,5603,5609,398.25,742.39,340.74,0.8400,0
9940,5600,5610,378.29,703.06,360.57,1.0000,0
9941,5603,5610,378.49,742.55,360.47,0.9200,0
9942,5604,5610,378.46,742.66,399.95,0.9600,0
9943,5605,5610,378.25,703.17,400.06,1.0000,0
9944,5600,5612,397.93,683.22,360.65,1.0000,0
9945,5601,5612,437.42,683.02,360.68,1.0000,0
9946,5605,5612,397.90,683.33,400.13,1.0000,0
9947,5606,5612,437.39,683.13,400.17,1.0000,0
9948,5602,5613,437.82,761.99,360.46,0.0000,1
9949,5603,5613,398.33,762.19,360.43,0.0000,1
9950,5604,5613,398.30,762.30,399.92,0.0000,1
9951,5607,5613,437.79,762.10,399.95,0.0000,1
9952,5610,5608,398.10,722.81,400.02,1.0000,0
9953,5610,5609,398.13,722.70,360.54,1.0000,0
9954,5610,5613,398.22,742.50,380.23,0.8800,0
9955,5610,5612,398.02,703.02,380.34,0.2800,1
9956,5611,5609,437.62,722.50,360.57,0.6400,0
9957,5611,5613,437.70,742.30,380.26,0.5200,0
9958,5611,5608,437.59,722.61,400.06,1.0000,0
9959,5612,5609,417.78,702.86,360.61,1.0000,0
9960,5612,5611,437.50,702.81,380.37,0.9600,0
9961,5612,5608,417.74,702.97,400.10,1.0000,0
9962,5613,5608,417.94,742.46,399.99,0.9200,0
9963,5613,5609,417.98,742.35,360.50,0.9200,0
9964,5614,5623,477.02,702.50,340.91,1.0000,0
9965,5615,5623,516.51,702.30,340.94,0.1600,1
9966,5616,5623,516.71,741.79,340.84,0.8400,0
9967,5617,5623,477.22,741.99,340.80,0.6000,0
9968,5614,5624,457.26,702.66,360.64,0.8400,0
9969,5617,5624,457.46,742.15,360.53,0.8800,0
9970,5618,5624,457.43,742.26,400.02,0.9200,0
9971,5619,5624,457.23,702.77,400.13,1.0000,0
9972,5614,5626,476.91,682.81,360.71,0.8800,0
9973,5615,5626,516.40,682.61,360.74,1.0000,0
9974,5619,5626,476.88,682.92,400.20,1.0000,0
9975,5620,5626,516.36,682.72,400.23,0.6000,0
9976,5616,5627,516.80,761.59,360.53,0.0000,1
9977,5617,5627,477.31,761.79,360.49,0.0000,1
9978,5618,5627,477.28,761.90,399.98,0.0000,1
9979,5621,5627,516.77,761.70,400.01,0.0000,1
9980,5624,5622,477.08,722.41,400.09,0.9600,0
9981,5624,5623,477.11,722.30,360.60,1.0000,0
9982,5624,5627,477.19,742.10,380.29,0.8800,0
9983,5624,5626,476.99,702.61,380.40,0.1600,1
9984,5625,5623,516.60,722.10,360.63,0.7600,0
9985,5625,5627,516.68,741.90,380.32,0.0400,1
9986,5625,5622,516.56,722.21,400.12,1.0000,0
9987,5626,5623,496.75,702.46,360.67,1.0000,0
9988,5626,5625,516.48,702.41,380.43,1.0000,0
9989,5626,5622,496.72,702.57,400.16,0.6800,0
9990,5627,5622,496.92,742.06,400.05,0.9200,0
9991,5627,5623,496.95,741.95,360.56,0.6400,0
9992,5628,5637,556.00,702.10,340.98,1.0000,0
9993,5629,5637,595.49,701.90,341.01,0.0400,1
9994,5630,5637,595.69,741.39,340.90,0.8400,0
9995,5631,5637,556.20,741.59,340.87,0.0800,1
9996,5628,5638,536.24,702.26,360.71,0.5600,0
9997,5631,5638,536.44,741.75,360.60,0.8800,0
9998,5632,5638,536.41,741.86,400.08,0.8400,0
9999,5633,5638,536.21,702.37,400.19,1.0000,0
10000,5628,5640,555.88,682.41,360.78,0.8400,0
10001,5629,5640,595.37,682.21,360.81,1.0000,0
10002,5633,5640,555.85,682.52,400.26,1.0000,0
10003,5634,5640,595.34,682.32,400.30,0.0000,1
10004,5630,5641,595.77,761.19,360.59,0.0000,1
10005,5631,5641,556.29,761.39,360.56,0.0000,1
10006,5632,5641,556.25,761.50,400.05,0.0000,1
10007,5635,5641,595.74,761.30,400.08,0.0000,1
10008,5638,5636,556.05,722.01,400.16,0.2800,1
10009,5638,5637,556.08,721.90,360.67,1.0000,0
10010,5638,5641,556.17,741.70,380.36,0.6800,0
10011,5638,5640,555.97,702.21,380.47,0.0800,1
10012,5639,5637,595.57,721.70,360.70,0.1200,1
10013,5639,5641,595.66,741.50,380.39,0.0400,1
10014,5639,5636,595.54,721.81,400.19,1.0000,0
10015,5640,5637,575.73,702.06,360.74,1.0000,0
10016,5640,5639,595.46,702.01,380.50,0.6800,0
10017,5640,5636,575.70,702.17,400.23,0.0800,1
10018,5641,5636,575.90,741.65,400.12,0.9200,0
10019,5641,5637,575.93,741.55,360.63,0.2800,1
10020,5642,5651,634.98,701.70,341.04,0.8000,0
10021,5643,5651,674.47,701.50,341.08,0.0400,1
10022,5644,5651,674.67,740.99,340.97,0.5200,0
10023,5645,5651,635.18,741.19,340.93,0.0800,1
10024,5642,5652,615.22,701.86,360.77,0.0800,1
10025,5645,5652,615.42,741.34,360.66,0.8400,0
10026,5646,5652,615.39,741.45,400.15,0.3200,0
10027,5647,5652,615.18,701.97,400.26,0.0800,1
10028,5642,5654,634.86,682.01,360.84,0.0000,1
10029,5643,5654,674.35,681.81,360.87,1.0000,0
10030,5647,5654,634.83,682.12,400.33,0.0800,1
10031,5648,5654,674.32,681.92,400.36,0.0000,1
10032,5644,5655,674.75,760.79,360.66,0.0000,1
10033,5645,5655,635.26,760.99,360.62,0.0000,1
10034,5646,5655,635.23,761.10,400.11,0.0000,1
10035,5649,5655,674.72,760.90,400.14,0.0000,1
10036,5652,5650,635.03,721.61,400.22,0.0000,1
10037,5652,5651,635.06,721.50,360.73,1.0000,0
10038,5652,5655,635.15,741.30,380.42,0.6800,0
10039,5652,5654,634.94,701.81,380.53,0.0400,1
10040,5653,5651,674.55,721.30,360.77,0.0000,1
10041,5653,5655,674.63,741.10,380.45,0.0800,1
10042,5653,5650,674.52,721.41,400.25,1.0000,0
10043,5654,5651,654.71,701.66,360.80,0.8800,0
10044,5654,5653,674.43,701.61,380.56,0.9200,0
10045,5654,5650,654.67,701.76,400.29,0.0800,1
10046,5655,5650,654.87,741.25,400.18,0.7200,0
10047,5655,5651,654.91,741.14,360.69,0.0400,1
10048,5656,5665,713.95,701.30,341.11,0.4800,0
10049,5657,5665,753.44,701.10,341.14,0.0800,1
10050,5658,5665,753.64,740.59,341.03,0.0000,1
10051,5659,5665,714.15,740.79,341.00,0.0800,1
10052,5656,5666,694.19,701.45,360.84,0.0400,1
10053,5659,5666,694.39,740.94,360.73,0.5200,0
10054,5660,5666,694.36,741.05,400.22,0.0400,1
10055,5661,5666,694.16,701.56,400.32,0.6000,0
10056,5657,5667,773.17,701.05,360.90,0.0000,1
10057,5658,5667,773.37,740.54,360.79,0.0000,1
10058,5662,5667,773.14,701.16,400.39,0.0000,1
10059,5663,5667,773.34,740.65,400.28,0.0000,1
10060,5656,5668,713.84,681.61,360.91,0.0400,1
10061,5657,5668,753.33,681.41,360.94,1.0000,0
10062,5661,5668,713.80,681.72,400.40,1.0000,0
10063,5662,5668,753.29,681.52,400.43,0.0000,1
10064,5658,5669,753.73,760.39,360.72,0.0000,1
10065,5659,5669,714.24,760.59,360.69,0.0000,1
10066,5660,5669,714.21,760.70,400.18,0.0000,1
10067,5663,5669,753.69,760.50,400.21,0.0000,1
10068,5666,5664,714.01,721.21,400.29,0.0000,1
10069,5666,5665,714.04,721.10,360.80,1.0000,0
10070,5666,5669,714.12,740.90,380.49,0.2000,1
10071,5666,5668,713.92,701.41,380.60,0.0400,1
10072,5667,5665,753.53,720.90,360.83,0.0000,1
10073,5667,5669,753.61,740.70,380.52,0.0400,1
10074,5667,5664,753.49,721.01,400.32,1.0000,0
10075,5668,5665,733.68,701.25,360.87,0.1200,1
10076,5668,5667,753.41,701.21,380.63,0.4800,0
10077,5668,5664,733.65,701.36,400.36,0.0800,1
10078,5669,5664,733.85,740.85,400.25,0.0000,1
10079,5669,5665,733.88,740.74,360.76,0.0800,1
10080,5670,5679,78.86,72.92,421.31,1.0000,0
10081,5671,5679,118.35,72.72,421.34,1.0000,0
10082,5672,5679,118.55,112.21,421.23,1.0000,0
10083,5673,5679,79.06,112.41,421.20,1.0000,0
10084,5670,5680,59.10,73.08,441.04,1.0000,0
10085,5673,5680,59.30,112.56,440.93,1.0000,0
10086,5674,5680,59.27,112.67,480.42,1.0000,0
10087,5675,5680,59.07,73.19,480.53,1.0000,0
10088,5670,5682,78.75,53.23,441.11,0.9600,0
10089,5671,5682,118.23,53.03,441.14,1.0000,0
10090,5675,5682,78.71,53.34,480.60,1.0000,0
10091,5676,5682,118.20,53.14,480.63,1.0000,0
10092,5680,5678,78.91,92.83,480.49,1.0000,0
10093,5680,5679,78.95,92.72,441.00,1.0000,0
10094,5680,5683,79.03,112.52,460.69,1.0000,0
10095,5680,5682,78.83,73.03,460.80,1.0000,0
10096,5681,5679,118.44,92.52,441.03,1.0000,0
10097,5681,5683,118.52,112.32,460.72,1.0000,0
10098,5681,5678,118.40,92.63,480.52,1.0000,0
10099,5682,5679,98.59,72.87,441.07,1.0000,0
10100,5682,5681,118.32,72.83,460.83,1.0000,0
10101,5682,5678,98.56,72.98,480.56,1.0000,0
10102,5683,5678,98.76,112.47,480.45,1.0000,0
10103,5683,5679,98.79,112.36,440.96,1.0000,0
10104,5684,5693,157.84,72.52,421.38,1.0000,0
10105,5685,5693,197.33,72.32,421.41,1.0000,0
10106,5686,5693,197.53,111.81,421.30,1.0000,0
10107,5687,5693,158.04,112.01,421.27,1.0000,0
10108,5684,5694,138.08,72.67,441.10,1.0000,0
10109,5687,5694,138.28,112.16,440.99,1.0000,0
10110,5688,5694,138.25,112.27,480.48,1.0000,0
10111,5689,5694,138.05,72.78,480.59,1.0000,0
10112,5684,5696,157.72,52.83,441.17,0.9600,0
10113,5685,5696,197.21,52.63,441.21,1.0000,0
10114,5689,5696,157.69,52.94,480.66,1.0000,0
10115,5690,5696,197.18,52.74,480.70,1.0000,0
10116,5694,5692,157.89,92.43,480.55,1.0000,0
10117,5694,5693,157.92,92.32,441.07,1.0000,0
10118,5694,5697,158.01,112.12,460.75,1.0000,0
10119,5694,5696,157.81,72.63,460.86,1.0000,0
10120,5695,5693,197.41,92.12,441.10,0.8800,0
10121,5695,5697,197.50,111.92,460.79,1.0000,0
10122,5695,5692,197.38,92.23,480.59,1.0000,0
10123,5696,5693,177.57,72.47,441.14,1.0000,0
10124,5696,5695,197.30,72.43,460.90,1.0000,0
10125,5696,5692,177.53,72.58,480.62,1.0000,0
10126,5697,5692,177.74,112.07,480.52,1.0000,0
10127,5697,5693,177.77,111.96,441.03,1.0000,0
10128,5698,5707,236.82,72.12,421.44,1.0000,0
10129,5699,5707,276.30,71.92,421.47,1.0000,0
10130,5700,5707,276.50,111.40,421.36,1.0000,0
10131,5701,5707,237.02,111.61,421.33,1.0000,0
10132,5698,5708,217.06,72.27,441.17,1.0000,0
10133,5701,5708,217.26,111.76,441.06,1.0000,0
10134,5702,5708,217.22,111.87,480.55,1.0000,0
10135,5703,5708,217.02,72.38,480.66,1.0000,0
10136,5698,5710,236.70,52.43,441.24,1.0000,0
10137,5699,5710,276.19,52.23,441.27,1.0000,0
10138,5703,5710,236.67,52.54,480.73,1.0000,0
10139,5704,5710,276.16,52.34,480.76,1.0000,0
10140,5708,5706,236.87,92.03,480.62,1.0000,0
10141,5708,5707,236.90,91.92,441.13,1.0000,0
10142,5708,5711,236.98,111.72,460.82,1.0000,0
10143,5708,5710,236.78,72.23,460.93,1.0000,0
10144,5709,5707,276.39,91.72,441.16,1.0000,0
10145,5709,5711,276.47,111.51,460.85,1.0000,0
10146,5709,5706,276.36,91.82,480.65,1.0000,0
10147,5710,5707,256.54,72.07,441.20,1.0000,0
10148,5710,5709,276.27,72.03,460.96,1.0000,0
10149,5710,5706,256.51,72.18,480.69,1.0000,0
10150,5711,5706,256.71,111.67,480.58,1.0000,0
10151,5711,5707,256.74,111.56,441.09,1.0000,0
10152,5712,5721,315.79,71.72,421.51,1.0000,0
10153,5713,5721,355.28,71.52,421.54,1.0000,0
10154,5714,5721,355.48,111.00,421.43,1.0000,0
10155,5715,5721,315.99,111.20,421.40,1.0000,0
10156,5712,5722,296.03,71.87,441.23,1.0000,0
10157,5715,5722,296.23,111.36,441.12,1.0000,0
10158,5716,5722,296.20,111.47,480.61,1.0000,0
10159,5717,5722,296.00,71.98,480.72,1.0000,0
10160,5712,5724,315.68,52.03,441.31,1.0000,0
10161,5713,5724,355.16,51.83,441.34,1.0000,0
10162,5717,5724,315.64,52.14,480.79,1.0000,0
10163,5718,5724,355.13,51.94,480.83,1.0000,0
10164,5722,5720,315.84,91.62,480.68,1.0000,0
10165,5722,5721,315.88,91.51,441.20,1.0000,0
10166,5722,5725,315.96,111.31,460.89,1.0000,0
10167,5722,5724,315.76,71.83,460.99,1.0000,0
10168,5723,5721,355.36,91.31,441.23,1.0000,0
10169,5723,5725,355.45,111.11,460.92,1.0000,0
10170,5723,5720,355.33,91.42,480.72,1.0000,0
10171,5724,5721,335.52,71.67,441.27,1.0000,0
10172,5724,5723,355.25,71.62,461.03,1.0000,0
10173,5724,5720,335.49,71.78,480.76,1.0000,0
10174,5725,5720,335.69,111.27,480.65,1.0000,0
10175,5725,5721,335.72,111.16,441.16,1.0000,0
10176,5726,5735,394.77,71.31,421.57,1.0000,0
10177,5727,5735,434.26,71.11,421.60,0.8800,0
10178,5728,5735,434.46,110.60,421.50,1.0000,0
10179,5729,5735,394.97,110.80,421.46,1.0000,0
10180,5726,5736,375.01,71.47,441.30,1.0000,0
10181,5729,5736,375.21,110.96,441.19,1.0000,0
10182,5730,5736,375.18,111.07,480.68,1.0000,0
10183,5731,5736,374.98,71.58,480.79,1.0000,0
10184,5726,5738,394.65,51.62,441.37,1.0000,0
10185,5727,5738,434.14,51.42,441.40,1.0000,0
10186,5731,5738,394.62,51.73,480.86,1.0000,0
10187,5732,5738,434.11,51.53,480.89,1.0000,0
10188,5736,5734,394.82,91.22,480.75,1.0000,0
10189,5736,5735,394.85,91.11,441.26,1.0000,0
10190,5736,5739,394.94,110.91,460.95,1.0000,0
10191,5736,5738,394.74,71.42,461.06,1.0000,0
10192,5737,5735,434.34,90.91,441.29,1.0000,0
10193,5737,5739,434.43,110.71,460.98,1.0000,0
10194,5737,5734,434.31,91.02,480.78,1.0000,0
10195,5738,5735,414.50,71.27,441.33,0.9600,0
10196,5738,5737,434.22,71.22,461.09,1.0000,0
10197,5738,5734,414.46,71.38,480.82,1.0000,0
10198,5739,5734,414.67,110.87,480.71,1.0000,0
10199,5739,5735,414.70,110.76,441.22,1.0000,0
10200,5740,5749,473.75,70.91,421.64,1.0000,0
10201,5741,5749,513.23,70.71,421.67,1.0000,0
10202,5742,5749,513.43,110.20,421.56,1.0000,0
10203,5743,5749,473.95,110.40,421.53,1.0000,0
10204,5740,5750,453.99,71.07,441.37,0.8800,0
10205,5743,5750,454.19,110.56,441.26,1.0000,0
10206,5744,5750,454.15,110.67,480.74,1.0000,0
10207,5745,5750,453.95,71.18,480.85,1.0000,0
10208,5740,5752,473.63,51.22,441.44,1.0000,0
10209,5741,5752,513.12,51.02,441.47,1.0000,0
10210,5745,5752,473.60,51.33,480.92,1.0000,0
10211,5746,5752,513.08,51.13,480.96,1.0000,0
10212,5750,5748,473.80,90.82,480.82,1.0000,0
10213,5750,5749,473.83,90.71,441.33,1.0000,0
10214,5750,5753,473.91,110.51,461.02,1.0000,0
10215,5750,5752,473.71,71.02,461.13,0.9600,0
10216,5751,5749,513.32,90.51,441.36,1.0000,0
10217,5751,5753,513.40,110.31,461.05,1.0000,0
10218,5751,5748,513.29,90.62,480.85,1.0000,0
10219,5752,5749,493.47,70.87,441.40,1.0000,0
10220,5752,5751,513.20,70.82,461.16,1.0000,0
10221,5752,5748,493.44,70.98,480.89,1.0000,0
10222,5753,5748,493.64,110.46,480.78,1.0000,0
10223,5753,5749,493.67,110.36,441.29,1.0000,0
10224,5754,5763,552.72,70.51,421.70,1.0000,0
10225,5755,5763,592.21,70.31,421.74,1.0000,0
10226,5756,5763,592.41,109.80,421.63,1.0000,0
10227,5757,5763,552.92,110.00,421.59,1.0000,0
10228,5754,5764,532.96,70.67,441.43,1.0000,0
10229,5757,5764,533.16,110.15,441.32,1.0000,0
10230,5758,5764,533.13,110.26,480.81,1.0000,0
10231,5759,5764,532.93,70.78,480.92,0.9200,0
10232,5754,5766,552.61,50.82,441.50,1.0000,0
10233,5755,5766,592.09,50.62,441.53,1.0000,0
10234,5759,5766,552.57,50.93,480.99,1.0000,0
10235,5760,5766,592.06,50.73,481.02,0.9600,0
10236,5764,5762,552.77,90.42,480.88,1.0000,0
10237,5764,5763,552.81,90.31,441.39,1.0000,0
10238,5764,5767,552.89,110.11,461.08,1.0000,0
10239,5764,5766,552.69,70.62,461.19,1.0000,0
10240,5765,5763,592.29,90.11,441.43,0.8800,0
10241,5765,5767,592.38,109.91,461.11,0.8400,0
10242,5765,5762,592.26,90.22,480.91,1.0000,0
10243,5766,5763,572.45,70.47,441.46,0.9200,0
10244,5766,5765,592.18,70.42,461.22,1.0000,0
10245,5766,5762,572.42,70.57,480.95,1.0000,0
10246,5767,5762,572.62,110.06,480.84,0.3600,0
10247,5767,5763,572.65,109.95,441.35,0.8800,0
10248,5768,5777,631.70,70.11,421.77,0.9600,0
10249,5769,5777,671.19,69.91,421.80,0.5600,0
10250,5770,5777,671.39,109.40,421.69,1.0000,0
10251,5771,5777,631.90,109.60,421.66,0.8000,0
10252,5768,5778,611.94,70.26,441.50,0.7200,0
10253,5771,5778,612.14,109.75,441.39,0.0800,1
10254,5772,5778,612.11,109.86,480.88,0.6000,0
10255,5773,5778,611.91,70.37,480.98,0.2000,1
10256,5768,5780,631.58,50.42,441.57,0.4000,0
10257,5769,5780,671.07,50.22,441.60,0.6800,0
10258,5773,5780,631.55,50.53,481.06,1.0000,0
10259,5774,5780,671.04,50.33,481.09,0.2000,1
10260,5778,5776,631.75,90.02,480.95,0.2000,1
10261,5778,5777,631.78,89.91,441.46,1.0000,0
10262,5778,5781,631.87,109.71,461.15,0.9600,0
10263,5778,5780,631.67,70.22,461.26,0.8800,0
10264,5779,5777,671.27,89.71,441.49,0.2800,1
10265,5779,5781,671.36,109.51,461.18,0.3600,0
10266,5779,5776,671.24,89.82,480.98,1.0000,0
10267,5780,5777,651.43,70.06,441.53,0.3200,0
10268,5780,5779,671.15,70.02,461.29,1.0000,0
10269,5780,5776,651.39,70.17,481.02,0.6400,0
10270,5781,5776,651.60,109.66,480.91,0.0400,1
10271,5781,5777,651.63,109.55,441.42,0.0400,1
10272,5782,5791,710.68,69.71,421.83,1.0000,0
10273,5783,5791,750.16,69.51,421.87,0.0800,1
10274,5784,5791,750.36,109.00,421.76,0.9200,0
10275,5785,5791,710.88,109.20,421.72,0.1200,1
10276,5782,5792,690.91,69.86,441.56,0.0800,1
10277,5785,5792,691.12,109.35,441.45,0.0800,1
10278,5786,5792,691.08,109.46,480.94,0.0800,1
10279,5787,5792,690.88,69.97,481.05,0.0800,1
10280,5783,5793,769.89,69.46,441.63,0.0000,1
10281,5784,5793,770.09,108.95,441.52,0.0000,1
10282,5788,5793,769.86,69.57,481.12,0.0000,1
10283,5789,5793,770.06,109.06,481.01,0.0000,1
10284,5782,5794,710.56,50.02,441.63,0.0400,1
10285,5783,5794,750.05,49.82,441.67,1.0000,0
10286,5787,5794,710.53,50.13,481.12,1.0000,0
10287,5788,5794,750.01,49.93,481.15,0.0800,1
10288,5792,5790,710.73,89.62,481.01,0.0000,1
10289,5792,5791,710.76,89.51,441.52,1.0000,0
10290,5792,5795,710.84,109.31,461.21,0.8800,0
10291,5792,5794,710.64,69.82,461.32,0.1200,1
10292,5793,5791,750.25,89.31,441.56,0.0000,1
10293,5793,5795,750.33,109.10,461.25,0.0800,1
10294,5793,5790,750.22,89.42,481.04,0.7600,0
10295,5794,5791,730.40,69.66,441.59,0.0400,1
10296,5794,5793,750.13,69.62,461.35,1.0000,0
10297,5794,5790,730.37,69.77,481.08,0.1600,1
10298,5795,5790,730.57,109.26,480.97,0.0400,1
10299,5795,5791,730.60,109.15,441.48,0.0800,1
10300,5796,5805,79.26,151.90,421.09,1.0000,0
10301,5797,5805,118.75,151.70,421.12,1.0000,0
10302,5798,5805,118.95,191.18,421.01,1.0000,0
10303,5799,5805,79.47,191.39,420.98,1.0000,0
10304,5796,5806,59.50,152.05,440.82,1.0000,0
10305,5799,5806,59.70,191.54,440.71,1.0000,0
10306,5800,5806,59.67,191.65,480.20,1.0000,0
10307,5801,5806,59.47,152.16,480.31,1.0000,0
10308,5796,5808,79.15,132.21,440.89,1.0000,0
10309,5797,5808,118.64,132.01,440.92,1.0000,0
10310,5801,5808,79.12,132.32,480.38,1.0000,0
10311,5802,5808,118.60,132.12,480.41,1.0000,0
10312,5806,5804,79.32,171.81,480.27,1.0000,0
10313,5806,5805,79.35,171.70,440.78,1.0000,0
10314,5806,5809,79.43,191.49,460.47,1.0000,0
10315,5806,5808,79.23,152.01,460.58,1.0000,0
10316,5807,5805,118.84,171.49,440.81,1.0000,0
10317,5807,5809,118.92,191.29,460.50,1.0000,0
10318,5807,5804,118.80,171.60,480.30,1.0000,0
10319,5808,5805,98.99,151.85,440.85,1.0000,0
10320,5808,5807,118.72,151.81,460.61,1.0000,0
10321,5808,5804,98.96,151.96,480.34,1.0000,0
10322,5809,5804,99.16,191.45,480.23,1.0000,0
10323,5809,5805,99.19,191.34,440.74,1.0000,0
10324,5810,5819,158.24,151.50,421.16,1.0000,0
10325,5811,5819,197.73,151.29,421.19,1.0000,0
10326,5812,5819,197.93,190.78,421.08,1.0000,0
10327,5813,5819,158.44,190.98,421.05,1.0000,0
10328,5810,5820,138.48,151.65,440.88,1.0000,0
10329,5813,5820,138.68,191.14,440.78,1.0000,0
10330,5814,5820,138.65,191.25,480.26,1.0000,0
10331,5815,5820,138.45,151.76,480.37,1.0000,0
10332,5810,5822,158.12,131.81,440.96,1.0000,0
10333,5811,5822,197.61,131.61,440.99,1.0000,0
10334,5815,5822,158.09,131.92,480.44,1.0000,0
10335,5816,5822,197.58,131.71,480.48,1.0000,0
10336,5820,5818,158.29,171.40,480.34,1.0000,0
10337,5820,5819,158.33,171.29,440.85,1.0000,0
10338,5820,5823,158.41,191.09,460.54,1.0000,0
10339,5820,5822,158.21,151.60,460.65,1.0000,0
10340,5821,5819,197.81,171.09,440.88,0.6800,0
10341,5821,5823,197.90,190.89,460.57,1.0000,0
10342,5821,5818,197.78,171.20,480.37,1.0000,0
10343,5822,5819,177.97,151.45,440.92,1.0000,0
10344,5822,5821,197.70,151.40,460.68,1.0000,0
10345,5822,5818,177.94,151.56,480.41,1.0000,0
10346,5823,5818,178.14,191.05,480.30,1.0000,0
10347,5823,5819,178.17,190.94,440.81,1.0000,0
10348,5824,5833,237.22,151.09,421.22,1.0000,0
10349,5825,5833,276.71,150.89,421.26,1.0000,0
10350,5826,5833,276.91,190.38,421.15,1.0000,0
10351,5827,5833,237.42,190.58,421.11,1.0000,0
10352,5824,5834,217.46,151.25,440.95,1.0000,0
10353,5827,5834,217.66,190.74,440.84,1.0000,0
10354,5828,5834,217.63,190.85,480.33,1.0000,0
10355,5829,5834,217.43,151.36,480.44,1.0000,0
10356,5824,5836,237.10,131.40,441.02,1.0000,0
10357,5825,5836,276.59,131.20,441.05,1.0000,0
10358,5829,5836,237.07,131.51,480.51,1.0000,0
10359,5830,5836,276.56,131.31,480.54,1.0000,0
10360,5834,5832,237.27,171.00,480.40,1.0000,0
10361,5834,5833,237.30,170.89,440.91,1.0000,0
10362,5834,5837,237.39,190.69,460.60,1.0000,0
10363,5834,5836,237.19,151.20,460.71,1.0000,0
10364,5835,5833,276.79,170.69,440.94,1.0000,0
10365,5835,5837,276.87,190.49,460.63,1.0000,0
10366,5835,5832,276.76,170.80,480.43,1.0000,0
10367,5836,5833,256.95,151.05,440.98,1.0000,0
10368,5836,5835,276.67,151.00,460.74,1.0000,0
10369,5836,5832,256.91,151.16,480.47,1.0000,0
10370,5837,5832,257.11,190.65,480.36,1.0000,0
10371,5837,5833,257.15,190.54,440.87,1.0000,0
10372,5838,5847,316.19,150.69,421.29,1.0000,0
10373,5839,5847,355.68,150.49,421.32,1.0000,0
10374,5840,5847,355.88,189.98,421.21,1.0000,0
10375,5841,5847,316.39,190.18,421.18,1.0000,0
10376,5838,5848,296.43,150.85,441.02,1.0000,0
10377,5841,5848,296.63,190.34,440.91,1.0000,0
10378,5842,5848,296.60,190.44,480.40,1.0000,0
10379,5843,5848,296.40,150.96,480.50,1.0000,0
10380,5838,5850,316.08,131.00,441.09,1.0000,0
10381,5839,5850,355.57,130.80,441.12,1.0000,0
10382,5843,5850,316.05,131.11,480.58,1.0000,0
10383,5844,5850,355.53,130.91,480.61,1.0000,0
10384,5848,5846,316.25,170.60,480.47,1.0000,0
10385,5848,5847,316.28,170.49,440.98,1.0000,0
10386,5848,5851,316.36,190.29,460.67,1.0000,0
10387,5848,5850,316.16,150.80,460.78,1.0000,0
10388,5849,5847,355.77,170.29,441.01,1.0000,0
10389,5849,5851,355.85,190.09,460.70,1.0000,0
10390,5849,5846,355.73,170.40,480.50,1.0000,0
10391,5850,5847,335.92,150.65,441.05,1.0000,0
10392,5850,5849,355.65,150.60,460.81,1.0000,0
10393,5850,5846,335.89,150.76,480.54,1.0000,0
10394,5851,5846,336.09,190.24,480.43,1.0000,0
10395,5851,5847,336.12,190.13,440.94,1.0000,0
10396,5852,5861,395.17,150.29,421.35,1.0000,0
10397,5853,5861,434.66,150.09,421.39,1.0000,0
10398,5854,5861,434.86,189.58,421.28,1.0000,0
10399,5855,5861,395.37,189.78,421.24,1.0000,0
10400,5852,5862,375.41,150.45,441.08,1.0000,0
10401,5855,5862,375.61,189.93,440.97,1.0000,0
10402,5856,5862,375.58,190.04,480.46,1.0000,0
10403,5857,5862,375.38,150.56,480.57,1.0000,0
10404,5852,5864,395.05,130.60,441.15,1.0000,0
10405,5853,5864,434.54,130.40,441.18,1.0000,0
10406,5857,5864,395.02,130.71,480.64,1.0000,0
10407,5858,5864,434.51,130.51,480.67,1.0000,0
10408,5862,5860,395.22,170.20,480.53,0.8000,0
10409,5862,5861,395.25,170.09,441.04,1.0000,0
10410,5862,5865,395.34,189.89,460.73,1.0000,0
10411,5862,5864,395.14,150.40,460.84,1.0000,0
10412,5863,5861,434.74,169.89,441.08,1.0000,0
10413,5863,5865,434.83,189.69,460.77,1.0000,0
10414,5863,5860,434.71,170.00,480.56,1.0000,0
10415,5864,5861,414.90,150.24,441.11,1.0000,0
10416,5864,5863,434.63,150.20,460.87,1.0000,0
10417,5864,5860,414.87,150.35,480.60,1.0000,0
10418,5865,5860,415.07,189.84,480.49,1.0000,0
10419,5865,5861,415.10,189.73,441.00,1.0000,0
10420,5866,5875,474.15,149.89,421.42,1.0000,0
10421,5867,5875,513.64,149.69,421.45,0.9600,0
10422,5868,5875,513.84,189.18,421.34,1.0000,0
10423,5869,5875,474.35,189.38,421.31,1.0000,0
10424,5866,5876,454.39,150.04,441.15,1.0000,0
10425,5869,5876,454.59,189.53,441.04,1.0000,0
10426,5870,5876,454.56,189.64,480.53,1.0000,0
10427,5871,5876,454.35,150.15,480.64,1.0000,0
10428,5866,5878,474.03,130.20,441.22,1.0000,0
10429,5867,5878,513.52,130.00,441.25,1.0000,0
10430,5871,5878,474.00,130.31,480.71,1.0000,0
10431,5872,5878,513.49,130.11,480.74,1.0000,0
10432,5876,5874,474.20,169.80,480.60,1.0000,0
10433,5876,5875,474.23,169.69,441.11,0.8000,0
10434,5876,5879,474.32,189.49,460.80,1.0000,0
10435,5876,5878,474.11,150.00,460.91,1.0000,0
10436,5877,5875,513.72,169.49,441.14,1.0000,0
10437,5877,5879,513.80,189.29,460.83,1.0000,0
10438,5877,5874,513.69,169.60,480.63,1.0000,0
10439,5878,5875,493.88,149.84,441.18,1.0000,0
10440,5878,5877,513.60,149.80,460.94,1.0000,0
10441,5878,5874,493.84,149.95,480.67,1.0000,0
10442,5879,5874,494.04,189.44,480.56,1.0000,0
10443,5879,5875,494.08,189.33,441.07,1.0000,0
10444,5880,5889,553.12,149.49,421.48,0.9600,0
10445,5881,5889,592.61,149.29,421.52,0.7200,0
10446,5882,5889,592.81,188.77,421.41,0.9600,0
10447,5883,5889,553.32,188.98,421.37,0.6800,0
10448,5880,5890,533.36,149.64,441.21,1.0000,0
10449,5883,5890,533.56,189.13,441.10,0.9600,0
10450,5884,5890,533.53,189.24,480.59,1.0000,0
10451,5885,5890,533.33,149.75,480.70,1.0000,0
10452,5880,5892,553.01,129.80,441.28,1.0000,0
10453,5881,5892,592.50,129.60,441.32,1.0000,0
10454,5885,5892,552.98,129.91,480.77,1.0000,0
10455,5886,5892,592.46,129.71,480.80,0.7600,0
10456,5890,5888,553.18,169.40,480.66,1.0000,0
10457,5890,5889,553.21,169.29,441.17,1.0000,0
10458,5890,5893,553.29,189.08,460.86,1.0000,0
10459,5890,5892,553.09,149.60,460.97,1.0000,0
10460,5891,5889,592.70,169.09,441.21,0.6800,0
10461,5891,5893,592.78,188.88,460.90,0.4000,0
10462,5891,5888,592.66,169.19,480.70,1.0000,0
10463,5892,5889,572.85,149.44,441.24,0.6800,0
10464,5892,5891,592.58,149.40,461.01,0.9600,0
10465,5892,5888,572.82,149.55,480.73,0.4400,0
10466,5893,5888,573.02,189.04,480.62,0.8000,0
10467,5893,5889,573.05,188.93,441.14,0.6800,0
10468,5894,5903,632.10,149.09,421.55,1.0000,0
10469,5895,5903,671.59,148.89,421.58,0.2000,1
10470,5896,5903,671.79,188.37,421.47,1.0000,0
10471,5897,5903,632.30,188.57,421.44,0.3600,0
10472,5894,5904,612.34,149.24,441.28,0.2800,1
10473,5897,5904,612.54,188.73,441.17,0.2000,1
10474,5898,5904,612.51,188.84,480.66,0.4000,0
10475,5899,5904,612.31,149.35,480.77,0.5600,0
10476,5894,5906,631.98,129.40,441.35,0.4800,0
10477,5895,5906,671.47,129.20,441.38,1.0000,0
10478,5899,5906,631.95,129.51,480.84,1.0000,0
10479,5900,5906,671.44,129.31,480.87,0.1200,1
10480,5904,5902,632.15,168.99,480.73,0.6400,0
10481,5904,5903,632.18,168.88,441.24,1.0000,0
10482,5904,5907,632.27,188.68,460.93,1.0000,0
10483,5904,5906,632.07,149.20,461.04,0.3200,0
10484,5905,5903,671.67,168.68,441.27,0.0400,1
10485,5905,5907,671.76,188.48,460.96,0.0800,1
10486,5905,5902,671.64,168.79,480.76,1.0000,0
10487,5906,5903,651.83,149.04,441.31,0.1200,1
10488,5906,5905,671.56,148.99,461.07,0.8800,0
10489,5906,5902,651.80,149.15,480.80,0.0800,1
10490,5907,5902,652.00,188.64,480.69,0.0400,1
10491,5907,5903,652.03,188.53,441.20,0.2000,1
10492,5908,5917,711.08,148.68,421.61,1.0000,0
10493,5909,5917,750.57,148.48,421.65,0.0000,1
10494,5910,5917,750.77,187.97,421.54,1.0000,0
10495,5911,5917,711.28,188.17,421.51,0.0800,1
10496,5908,5918,691.32,148.84,441.34,0.0800,1
10497,5911,5918,691.52,188.33,441.23,0.0800,1
10498,5912,5918,691.49,188.44,480.72,0.0400,1
10499,5913,5918,691.28,148.95,480.83,0.0800,1
10500,5909,5919,770.29,148.44,441.41,0.0000,1
10501,5910,5919,770.49,187.93,441.30,0.0000,1
10502,5914,5919,770.26,148.55,480.90,0.0000,1
10503,5915,5919,770.46,188.04,480.79,0.0000,1
10504,5908,5920,710.96,128.99,441.41,0.0400,1
10505,5909,5920,750.45,128.79,441.45,0.9600,0
10506,5913,5920,710.93,129.10,480.90,1.0000,0
10507,5914,5920,750.42,128.90,480.94,0.1600,1
10508,5918,5916,711.13,168.59,480.79,0.2400,1
10509,5918,5917,711.16,168.48,441.30,1.0000,0
10510,5918,5921,711.25,188.28,460.99,1.0000,0
10511,5918,5920,711.04,148.79,461.10,0.1200,1
10512,5919,5917,750.65,168.28,441.34,0.0400,1
10513,5919,5921,750.73,188.08,461.03,0.0400,1
10514,5919,5916,750.62,168.39,480.83,1.0000,0
10515,5920,5917,730.80,148.64,441.38,0.0800,1
10516,5920,5919,750.53,148.59,461.14,1.0000,0
10517,5920,5916,730.77,148.75,480.86,0.0800,1
10518,5921,5916,730.97,188.24,480.76,0.0800,1
10519,5921,5917,731.01,188.13,441.27,0.1200,1
10520,5922,5931,79.67,230.87,420.87,1.0000,0
10521,5923,5931,119.15,230.67,420.91,1.0000,0
10522,5924,5931,119.36,270.16,420.80,1.0000,0
10523,5925,5931,79.87,270.36,420.76,1.0000,0
10524,5922,5932,59.91,231.03,440.60,1.0000,0
10525,5925,5932,60.11,270.52,440.49,1.0000,0
10526,5926,5932,60.07,270.63,479.98,1.0000,0
10527,5927,5932,59.87,231.14,480.09,1.0000,0
10528,5922,5934,79.55,211.18,440.67,1.0000,0
10529,5923,5934,119.04,210.98,440.70,1.0000,0
10530,5927,5934,79.52,211.29,480.16,1.0000,0
10531,5928,5934,119.01,211.09,480.19,1.0000,0
10532,5932,5930,79.72,250.78,480.05,1.0000,0
10533,5932,5931,79.75,250.67,440.56,1.0000,0
10534,5932,5935,79.83,270.47,460.25,1.0000,0
10535,5932,5934,79.63,230.98,460.36,1.0000,0
10536,5933,5931,119.24,250.47,440.60,1.0000,0
10537,5933,5935,119.32,270.27,460.29,1.0000,0
10538,5933,5930,119.21,250.58,480.08,1.0000,0
10539,5934,5931,99.39,230.83,440.63,1.0000,0
10540,5934,5933,119.12,230.78,460.39,1.0000,0
10541,5934,5930,99.36,230.94,480.12,1.0000,0
10542,5935,5930,99.56,270.43,480.01,1.0000,0
10543,5935,5931,99.60,270.32,440.52,1.0000,0
10544,5936,5945,158.64,230.47,420.94,1.0000,0
10545,5937,5945,198.13,230.27,420.97,1.0000,0
10546,5938,5945,198.33,269.76,420.86,1.0000,0
10547,5939,5945,158.84,269.96,420.83,1.0000,0
10548,5936,5946,138.88,230.63,440.67,1.0000,0
10549,5939,5946,139.08,270.11,440.56,1.0000,0
10550,5940,5946,139.05,270.22,480.05,1.0000,0
10551,5941,5946,138.85,230.74,480.15,1.0000,0
10552,5936,5948,158.53,210.78,440.74,1.0000,0
10553,5937,5948,198.01,210.58,440.77,1.0000,0
10554,5941,5948,158.49,210.89,480.23,1.0000,0
10555,5942,5948,197.98,210.69,480.26,1.0000,0
10556,5946,5944,158.69,250.38,480.12,1.0000,0
10557,5946,5945,158.73,250.27,440.63,1.0000,0
10558,5946,5949,158.81,270.07,460.32,1.0000,0
10559,5946,5948,158.61,230.58,460.43,1.0000,0
10560,5947,5945,198.22,250.07,440.66,1.0000,0
10561,5947,5949,198.30,269.87,460.35,1.0000,0
10562,5947,5944,198.18,250.18,480.15,1.0000,0
10563,5948,5945,178.37,230.43,440.70,1.0000,0
10564,5948,5947,198.10,230.38,460.46,1.0000,0
10565,5948,5944,178.34,230.54,480.19,1.0000,0
10566,5949,5944,178.54,270.02,480.08,1.0000,0
10567,5949,5945,178.57,269.91,440.59,1.0000,0
10568,5950,5959,237.62,230.07,421.00,1.0000,0
10569,5951,5959,277.11,229.87,421.04,1.0000,0
10570,5952,5959,277.31,269.36,420.93,1.0000,0
10571,5953,5959,237.82,269.56,420.89,1.0000,0
10572,5950,5960,217.86,230.23,440.73,1.0000,0
10573,5953,5960,218.06,269.71,440.62,1.0000,0
10574,5954,5960,218.03,269.82,480.11,1.0000,0
10575,5955,5960,217.83,230.33,480.22,1.0000,0
10576,5950,5962,237.50,210.38,440.80,1.0000,0
10577,5951,5962,276.99,210.18,440.84,1.0000,0
10578,5955,5962,237.47,210.49,480.29,1.0000,0
10579,5956,5962,276.96,210.29,480.32,1.0000,0
10580,5960,5958,237.67,249.98,480.18,1.0000,0
10581,5960,5959,237.70,249.87,440.69,1.0000,0
10582,5960,5963,237.79,269.67,460.38,1.0000,0
10583,5960,5962,237.59,230.18,460.49,1.0000,0
10584,5961,5959,277.19,249.67,440.73,1.0000,0
10585,5961,5963,277.28,269.47,460.42,1.0000,0
10586,5961,5958,277.16,249.78,480.21,1.0000,0
10587,5962,5959,257.35,230.02,440.76,1.0000,0
10588,5962,5961,277.08,229.98,460.53,1.0000,0
10589,5962,5958,257.32,230.13,480.25,1.0000,0
10590,5963,5958,257.52,269.62,480.14,1.0000,0
10591,5963,5959,257.55,269.51,440.66,1.0000,0
10592,5964,5973,316.60,229.67,421.07,1.0000,0
10593,5965,5973,356.08,229.47,421.10,1.0000,0
10594,5966,5973,356.28,268.96,420.99,1.0000,0
10595,5967,5973,316.80,269.16,420.96,1.0000,0
10596,5964,5974,296.84,229.82,440.80,1.0000,0
10597,5967,5974,297.04,269.31,440.69,1.0000,0
10598,5968,5974,297.00,269.42,480.18,1.0000,0
10599,5969,5974,296.80,229.93,480.29,1.0000,0
10600,5964,5976,316.48,209.98,440.87,1.0000,0
10601,5965,5976,355.97,209.78,440.90,1.0000,0
10602,5969,5976,316.45,210.09,480.36,1.0000,0
10603,5970,5976,355.94,209.89,480.39,1.0000,0
10604,5974,5972,316.65,249.58,480.25,1.0000,0
10605,5974,5973,316.68,249.47,440.76,1.0000,0
10606,5974,5977,316.76,269.27,460.45,1.0000,0
10607,5974,5976,316.56,229.78,460.56,1.0000,0
10608,5975,5973,356.17,249.27,440.79,1.0000,0
10609,5975,5977,356.25,269.07,460.48,1.0000,0
10610,5975,5972,356.14,249.38,480.28,1.0000,0
10611,5976,5973,336.32,229.62,440.83,1.0000,0
10612,5976,5975,356.05,229.58,460.59,1.0000,0
10613,5976,5972,336.29,229.73,480.32,1.0000,0
10614,5977,5972,336.49,269.22,480.21,1.0000,0
10615,5977,5973,336.52,269.11,440.72,1.0000,0
10616,5978,5987,395.57,229.27,421.13,1.0000,0
10617,5979,5987,435.06,229.07,421.17,1.0000,0
10618,5980,5987,435.26,268.55,421.06,1.0000,0
10619,5981,5987,395.77,268.76,421.03,1.0000,0
10620,5978,5988,375.81,229.42,440.86,1.0000,0
10621,5981,5988,376.01,268.91,440.75,1.0000,0
10622,5982,5988,375.98,269.02,480.24,1.0000,0
10623,5983,5988,375.78,229.53,480.35,1.0000,0
10624,5978,5990,395.46,209.58,440.93,1.0000,0
10625,5979,5990,434.94,209.38,440.97,1.0000,0
10626,5983,5990,395.42,209.69,480.42,1.0000,0
10627,5984,5990,434.91,209.49,480.46,1.0000,0
10628,5988,5986,395.62,249.18,480.31,1.0000,0
10629,5988,5987,395.66,249.07,440.82,1.0000,0
10630,5988,5991,395.74,268.86,460.51,1.0000,0
10631,5988,5990,395.54,229.38,460.62,1.0000,0
10632,5989,5987,435.14,248.86,440.86,1.0000,0
10633,5989,5991,435.23,268.66,460.55,1.0000,0
10634,5989,5986,435.11,248.97,480.35,0.8800,0
10635,5990,5987,415.30,229.22,440.90,1.0000,0
10636,5990,5989,435.03,229.18,460.66,1.0000,0
10637,5990,5986,415.27,229.33,480.38,1.0000,0
10638,5991,5986,415.47,268.82,480.27,1.0000,0
10639,5991,5987,415.50,268.71,440.79,1.0000,0
10640,5992,6001,474.55,228.87,421.20,1.0000,0
10641,5993,6001,514.04,228.66,421.23,0.9600,0
10642,5994,6001,514.24,268.15,421.12,1.0000,0
10643,5995,6001,474.75,268.35,421.09,1.0000,0
10644,5992,6002,454.79,229.02,440.93,1.0000,0
10645,5995,6002,454.99,268.51,440.82,1.0000,0
10646,5996,6002,454.96,268.62,480.31,1.0000,0
10647,5997,6002,454.76,229.13,480.42,1.0000,0
10648,5992,6004,474.43,209.18,441.00,1.0000,0
10649,5993,6004,513.92,208.98,441.03,1.0000,0
10650,5997,6004,474.40,209.29,480.49,1.0000,0
10651,5998,6004,513.89,209.08,480.52,0.6000,0
10652,6002,6000,474.60,248.77,480.38,1.0000,0
10653,6002,6001,474.63,248.66,440.89,0.9600,0
10654,6002,6005,474.72,268.46,460.58,1.0000,0
10655,6002,6004,474.52,228.97,460.69,1.0000,0
10656,6003,6001,514.12,248.46,440.92,1.0000,0
10657,6003,6005,514.21,268.26,460.61,0.9200,0
10658,6003,6000,514.09,248.57,480.41,1.0000,0
10659,6004,6001,494.28,228.82,440.96,1.0000,0
10660,6004,6003,514.01,228.77,460.72,1.0000,0
10661,6004,6000,494.24,228.93,480.45,1.0000,0
10662,6005,6000,494.45,268.42,480.34,1.0000,0
10663,6005,6001,494.48,268.31,440.85,1.0000,0
10664,6006,6015,553.53,228.46,421.27,1.0000,0
10665,6007,6015,593.01,228.26,421.30,0.1200,1
10666,6008,6015,593.21,267.75,421.19,1.0000,0
10667,6009,6015,553.73,267.95,421.16,0.7600,0
10668,6006,6016,533.77,228.62,440.99,0.8400,0
10669,6009,6016,533.97,268.11,440.88,1.0000,0
10670,6010,6016,533.93,268.22,480.37,1.0000,0
10671,6011,6016,533.73,228.73,480.48,0.9600,0
10672,6006,6018,553.41,208.77,441.06,0.9600,0
10673,6007,6018,592.90,208.57,441.10,1.0000,0
10674,6011,6018,553.38,208.88,480.55,0.8800,0
10675,6012,6018,592.87,208.68,480.59,0.9200,0
10676,6016,6014,553.58,248.37,480.44,1.0000,0
10677,6016,6015,553.61,248.26,440.96,1.0000,0
10678,6016,6019,553.69,268.06,460.65,1.0000,0
10679,6016,6018,553.49,228.57,460.75,0.8800,0
10680,6017,6015,593.10,248.06,440.99,0.6400,0
10681,6017,6019,593.18,267.86,460.68,0.4400,0
10682,6017,6014,593.07,248.17,480.48,1.0000,0
10683,6018,6015,573.25,228.42,441.03,1.0000,0
10684,6018,6017,592.98,228.37,460.79,1.0000,0
10685,6018,6014,573.22,228.53,480.51,1.0000,0
10686,6019,6014,573.42,268.02,480.41,1.0000,0
10687,6019,6015,573.45,267.91,440.92,0.5600,0
10688,6020,6029,632.50,228.06,421.33,0.4800,0
10689,6021,6029,671.99,227.86,421.36,0.1200,1
10690,6022,6029,672.19,267.35,421.25,1.0000,0
10691,6023,6029,632.70,267.55,421.22,0.2800,1
10692,6020,6030,612.74,228.22,441.06,0.0800,1
10693,6023,6030,612.94,267.71,440.95,0.0800,1
10694,6024,6030,612.91,267.81,480.44,0.0400,1
10695,6025,6030,612.71,228.33,480.55,0.0800,1
10696,6020,6032,632.39,208.37,441.13,0.2000,1
10697,6021,6032,671.87,208.17,441.16,1.0000,0
10698,6025,6032,632.35,208.48,480.62,0.8400,0
10699,6026,6032,671.84,208.28,480.65,0.1600,1
10700,6030,6028,632.55,247.97,480.51,0.6000,0
10701,6030,6029,632.59,247.86,441.02,1.0000,0
10702,6030,6033,632.67,267.66,460.71,1.0000,0
10703,6030,6032,632.47,228.17,460.82,0.0800,1
10704,6031,6029,672.07,247.66,441.05,0.2800,1
10705,6031,6033,672.16,267.46,460.74,0.0800,1
10706,6031,6028,672.04,247.77,480.54,1.0000,0
10707,6032,6029,652.23,228.02,441.09,0.0800,1
10708,6032,6031,671.96,227.97,460.85,0.9200,0
10709,6032,6028,652.20,228.13,480.58,0.1600,1
10710,6033,6028,652.40,267.61,480.47,0.1200,1
10711,6033,6029,652.43,267.50,440.98,0.1600,1
10712,6034,6043,711.48,227.66,421.40,0.5200,0
10713,6035,6043,750.97,227.46,421.43,0.0400,1
10714,6036,6043,751.17,266.95,421.32,0.8800,0
10715,6037,6043,711.68,267.15,421.29,0.0800,1
10716,6034,6044,691.72,227.82,441.12,0.1200,1
10717,6037,6044,691.92,267.30,441.02,0.2000,1
10718,6038,6044,691.89,267.41,480.50,0.0400,1
10719,6039,6044,691.69,227.93,480.61,0.0800,1
10720,6035,6045,770.69,227.41,441.19,0.0000,1
10721,6036,6045,770.90,266.90,441.08,0.0000,1
10722,6040,6045,770.66,227.52,480.68,0.0000,1
10723,6041,6045,770.86,267.01,480.57,0.0000,1
10724,6034,6046,711.36,207.97,441.20,0.0400,1
10725,6035,6046,750.85,207.77,441.23,0.5200,0
10726,6039,6046,711.33,208.08,480.68,0.8400,0
10727,6040,6046,750.82,207.88,480.72,0.0400,1
10728,6044,6042,711.53,247.57,480.57,0.0800,1
10729,6044,6043,711.56,247.46,441.09,1.0000,0
10730,6044,6047,711.65,267.26,460.78,0.8800,0
10731,6044,6046,711.45,227.77,460.89,0.0800,1
10732,6045,6043,751.05,247.26,441.12,0.1600,1
10733,6045,6047,751.14,267.06,460.81,0.0000,1
10734,6045,6042,751.02,247.37,480.61,0.7200,0
10735,6046,6043,731.21,227.61,441.16,0.1200,1
10736,6046,6045,750.93,227.57,460.92,1.0000,0
10737,6046,6042,731.17,227.72,480.65,0.0400,1
10738,6047,6042,731.38,267.21,480.54,0.0800,1
10739,6047,6043,731.41,267.10,441.05,0.1200,1
10740,6048,6057,80.07,309.85,420.65,1.0000,0
10741,6049,6057,119.56,309.65,420.69,1.0000,0
10742,6050,6057,119.76,349.14,420.58,1.0000,0
10743,6051,6057,80.27,349.34,420.55,1.0000,0
10744,6048,6058,60.31,310.00,440.38,0.9600,0
10745,6051,6058,60.51,349.49,440.27,1.0000,0
10746,6052,6058,60.48,349.60,479.76,0.7200,0
10747,6053,6058,60.28,310.11,479.87,1.0000,0
10748,6048,6060,79.95,290.16,440.45,1.0000,0
10749,6049,6060,119.44,289.96,440.49,0.6800,0
10750,6053,6060,79.92,290.27,479.94,0.9200,0
10751,6054,6060,119.41,290.07,479.97,1.0000,0
10752,6058,6056,80.12,329.76,479.83,1.0000,0
10753,6058,6057,80.15,329.65,440.34,1.0000,0
10754,6058,6061,80.24,349.45,460.03,1.0000,0
10755,6058,6060,80.04,309.96,460.14,1.0000,0
10756,6059,6057,119.64,329.45,440.38,1.0000,0
10757,6059,6061,119.72,349.25,460.07,1.0000,0
10758,6059,6056,119.61,329.56,479.87,1.0000,0
10759,6060,6057,99.80,309.80,440.42,1.0000,0
10760,6060,6059,119.52,309.76,460.18,1.0000,0
10761,6060,6056,99.76,309.91,479.90,1.0000,0
10762,6061,6056,99.96,349.40,479.79,1.0000,0
10763,6061,6057,100.00,349.29,440.31,1.0000,0
10764,6062,6071,159.04,309.45,420.72,1.0000,0
10765,6063,6071,198.53,309.25,420.75,1.0000,0
10766,6064,6071,198.73,348.74,420.64,1.0000,0
10767,6065,6071,159.25,348.94,420.61,1.0000,0
10768,6062,6072,139.28,309.60,440.45,1.0000,0
10769,6065,6072,139.49,349.09,440.34,1.0000,0
10770,6066,6072,139.45,349.20,479.83,1.0000,0
10771,6067,6072,139.25,309.71,479.94,1.0000,0
10772,6062,6074,158.93,289.76,440.52,1.0000,0
10773,6063,6074,198.42,289.56,440.55,1.0000,0
10774,6067,6074,158.90,289.87,480.01,1.0000,0
10775,6068,6074,198.38,289.67,480.04,1.0000,0
10776,6072,6070,159.10,329.36,479.90,1.0000,0
10777,6072,6071,159.13,329.25,440.41,1.0000,0
10778,6072,6075,159.21,349.05,460.10,1.0000,0
10779,6072,6074,159.01,309.56,460.21,1.0000,0
10780,6073,6071,198.62,329.05,440.44,1.0000,0
10781,6073,6075,198.70,348.84,460.13,1.0000,0
10782,6073,6070,198.58,329.16,479.93,1.0000,0
10783,6074,6071,178.77,309.40,440.48,1.0000,0
10784,6074,6073,198.50,309.36,460.24,1.0000,0
10785,6074,6070,178.74,309.51,479.97,1.0000,0
10786,6075,6070,178.94,349.00,479.86,1.0000,0
10787,6075,6071,178.97,348.89,440.37,1.0000,0
10788,6076,6085,238.02,309.05,420.79,1.0000,0
10789,6077,6085,277.51,308.85,420.82,1.0000,0
10790,6078,6085,277.71,348.33,420.71,1.0000,0
10791,6079,6085,238.22,348.53,420.68,1.0000,0
10792,6076,6086,218.26,309.20,440.51,1.0000,0
10793,6079,6086,218.46,348.69,440.40,1.0000,0
10794,6080,6086,218.43,348.80,479.89,1.0000,0
10795,6081,6086,218.23,309.31,480.00,1.0000,0
10796,6076,6088,237.90,289.36,440.58,1.0000,0
10797,6077,6088,277.39,289.16,440.62,1.0000,0
10798,6081,6088,237.87,289.47,480.07,1.0000,0
10799,6082,6088,277.36,289.27,480.11,1.0000,0
10800,6086,6084,238.07,328.95,479.96,1.0000,0
10801,6086,6085,238.11,328.85,440.48,0.9200,0
10802,6086,6089,238.19,348.64,460.16,1.0000,0
10803,6086,6088,237.99,309.16,460.27,1.0000,0
10804,6087,6085,277.59,328.64,440.51,1.0000,0
10805,6087,6089,277.68,348.44,460.20,1.0000,0
10806,6087,6084,277.56,328.75,480.00,1.0000,0
10807,6088,6085,257.75,309.00,440.55,1.0000,0
10808,6088,6087,277.48,308.95,460.31,1.0000,0
10809,6088,6084,257.72,309.11,480.03,1.0000,0
10810,6089,6084,257.92,348.60,479.93,1.0000,0
10811,6089,6085,257.95,348.49,440.44,1.0000,0
10812,6090,6099,317.00,308.64,420.85,1.0000,0
10813,6091,6099,356.49,308.44,420.88,1.0000,0
10814,6092,6099,356.69,347.93,420.77,1.0000,0
10815,6093,6099,317.20,348.13,420.74,1.0000,0
10816,6090,6100,297.24,308.80,440.58,1.0000,0
10817,6093,6100,297.44,348.29,440.47,1.0000,0
10818,6094,6100,297.41,348.40,479.96,1.0000,0
10819,6095,6100,297.21,308.91,480.07,1.0000,0
10820,6090,6102,316.88,288.96,440.65,1.0000,0
10821,6091,6102,356.37,288.75,440.68,1.0000,0
10822,6095,6102,316.85,289.06,480.14,1.0000,0
10823,6096,6102,356.34,288.86,480.17,1.0000,0
10824,6100,6098,317.05,328.55,480.03,1.0000,0
10825,6100,6099,317.08,328.44,440.54,1.0000,0
10826,6100,6103,317.17,348.24,460.23,1.0000,0
10827,6100,6102,316.97,308.75,460.34,1.0000,0
10828,6101,6099,356.57,328.24,440.57,1.0000,0
10829,6101,6103,356.65,348.04,460.26,1.0000,0
10830,6101,6098,356.54,328.35,480.06,1.0000,0
10831,6102,6099,336.73,308.60,440.61,1.0000,0
10832,6102,6101,356.45,308.55,460.37,1.0000,0
10833,6102,6098,336.69,308.71,480.10,1.0000,0
10834,6103,6098,336.89,348.20,479.99,1.0000,0
10835,6103,6099,336.93,348.09,440.50,1.0000,0
10836,6104,6113,395.97,308.24,420.92,1.0000,0
10837,6105,6113,435.46,308.04,420.95,1.0000,0
10838,6106,6113,435.66,347.53,420.84,1.0000,0
10839,6107,6113,396.18,347.73,420.81,1.0000,0
10840,6104,6114,376.21,308.40,440.64,1.0000,0
10841,6107,6114,376.41,347.89,440.53,1.0000,0
10842,6108,6114,376.38,348.00,480.02,1.0000,0
10843,6109,6114,376.18,308.51,480.13,1.0000,0
10844,6104,6116,395.86,288.55,440.72,1.0000,0
10845,6105,6116,435.35,288.35,440.75,1.0000,0
10846,6109,6116,395.83,288.66,480.20,1.0000,0
10847,6110,6116,435.31,288.46,480.24,1.0000,0
10848,6114,6112,396.03,328.15,480.09,1.0000,0
10849,6114,6113,396.06,328.04,440.61,1.0000,0
10850,6114,6117,396.14,347.84,460.30,1.0000,0
10851,6114,6116,395.94,308.35,460.40,1.0000,0
10852,6115,6113,435.55,327.84,440.64,1.0000,0
10853,6115,6117,435.63,347.64,460.33,1.0000,0
10854,6115,6112,435.51,327.95,480.13,1.0000,0
10855,6116,6113,415.70,308.20,440.68,1.0000,0
10856,6116,6115,435.43,308.15,460.44,1.0000,0
10857,6116,6112,415.67,308.31,480.17,1.0000,0
10858,6117,6112,415.87,347.80,480.06,1.0000,0
10859,6117,6113,415.90,347.69,440.57,1.0000,0
10860,6118,6127,474.95,307.84,420.98,1.0000,0
10861,6119,6127,514.44,307.64,421.01,1.0000,0
10862,6120,6127,514.64,347.13,420.91,1.0000,0
10863,6121,6127,475.15,347.33,420.87,1.0000,0
10864,6118,6128,455.19,308.00,440.71,1.0000,0
10865,6121,6128,455.39,347.48,440.60,1.0000,0
10866,6122,6128,455.36,347.59,480.09,1.0000,0
10867,6123,6128,455.16,308.11,480.20,1.0000,0
10868,6118,6130,474.83,288.15,440.78,1.0000,0
10869,6119,6130,514.32,287.95,440.81,1.0000,0
10870,6123,6130,474.80,288.26,480.27,1.0000,0
10871,6124,6130,514.29,288.06,480.30,1.0000,0
10872,6128,6126,475.00,327.75,480.16,1.0000,0
10873,6128,6127,475.04,327.64,440.67,1.0000,0
10874,6128,6131,475.12,347.44,460.36,1.0000,0
10875,6128,6130,474.92,307.95,460.47,1.0000,0
10876,6129,6127,514.52,327.44,440.70,1.0000,0
10877,6129,6131,514.61,347.24,460.39,0.9200,0
10878,6129,6126,514.49,327.55,480.19,1.0000,0
10879,6130,6127,494.68,307.80,440.74,1.0000,0
10880,6130,6129,514.41,307.75,460.50,1.0000,0
10881,6130,6126,494.65,307.91,480.23,1.0000,0
10882,6131,6126,494.85,347.39,480.12,1.0000,0
10883,6131,6127,494.88,347.28,440.63,1.0000,0
10884,6132,6141,553.93,307.44,421.05,1.0000,0
10885,6133,6141,593.42,307.24,421.08,0.2400,1
10886,6134,6141,593.62,346.73,420.97,1.0000,0
10887,6135,6141,554.13,346.93,420.94,1.0000,0
10888,6132,6142,534.17,307.60,440.78,1.0000,0
10889,6135,6142,534.37,347.08,440.67,1.0000,0
10890,6136,6142,534.34,347.19,480.15,1.0000,0
10891,6137,6142,534.13,307.70,480.26,1.0000,0
10892,6132,6144,553.81,287.75,440.85,1.0000,0
10893,6133,6144,593.30,287.55,440.88,1.0000,0
10894,6137,6144,553.78,287.86,480.33,1.0000,0
10895,6138,6144,593.27,287.66,480.37,0.8400,0
10896,6142,6140,553.98,327.35,480.23,0.8800,0
10897,6142,6141,554.01,327.24,440.74,0.9200,0
10898,6142,6145,554.10,347.04,460.43,0.9200,0
10899,6142,6144,553.90,307.55,460.54,0.7200,0
10900,6143,6141,593.50,327.04,440.77,0.6000,0
10901,6143,6145,593.58,346.84,460.46,0.2000,1
10902,6143,6140,593.47,327.15,480.26,1.0000,0
10903,6144,6141,573.66,307.39,440.81,0.4400,0
10904,6144,6143,593.38,307.35,460.57,1.0000,0
10905,6144,6140,573.62,307.50,480.30,0.1600,1
10906,6145,6140,573.82,346.99,480.19,0.8800,0
10907,6145,6141,573.86,346.88,440.70,0.5600,0
10908,6146,6155,632.90,307.04,421.11,0.8400,0
10909,6147,6155,672.39,306.84,421.15,0.0800,1
10910,6148,6155,672.59,346.33,421.04,0.9200,0
10911,6149,6155,633.10,346.53,421.00,0.0800,1
10912,6146,6156,613.14,307.19,440.84,0.0800,1
10913,6149,6156,613.34,346.68,440.73,0.8400,0
10914,6150,6156,613.31,346.79,480.22,0.2000,1
10915,6151,6156,613.11,307.30,480.33,0.4400,0
10916,6146,6158,632.79,287.35,440.91,0.2400,1
10917,6147,6158,672.28,287.15,440.94,0.8800,0
10918,6151,6158,632.76,287.46,480.40,1.0000,0
10919,6152,6158,672.24,287.26,480.43,0.7200,0
10920,6156,6154,632.96,326.95,480.29,0.5600,0
10921,6156,6155,632.99,326.84,440.80,0.9600,0
10922,6156,6159,633.07,346.64,460.49,0.6400,0
10923,6156,6158,632.87,307.15,460.60,0.0800,1
10924,6157,6155,672.48,326.64,440.83,0.2800,1
10925,6157,6159,672.56,346.44,460.52,0.0400,1
10926,6157,6154,672.44,326.75,480.32,1.0000,0
10927,6158,6155,652.63,306.99,440.87,0.0800,1
10928,6158,6157,672.36,306.95,460.63,0.9200,0
10929,6158,6154,652.60,307.10,480.36,0.0400,1
10930,6159,6154,652.80,346.59,480.25,0.0800,1
10931,6159,6155,652.83,346.48,440.76,0.0400,1
10932,6160,6169,711.88,306.64,421.18,0.7600,0
10933,6161,6169,751.37,306.44,421.21,0.0000,1
10934,6162,6169,751.57,345.92,421.10,1.0000,0
10935,6163,6169,712.08,346.12,421.07,0.0800,1
10936,6160,6170,692.12,306.79,440.91,0.0400,1
10937,6163,6170,692.32,346.28,440.80,0.1200,1
10938,6164,6170,692.29,346.39,480.29,0.0400,1
10939,6165,6170,692.09,306.90,480.39,0.0000,1
10940,6161,6171,771.10,306.39,440.97,0.0000,1
10941,6162,6171,771.30,345.88,440.86,0.0000,1
10942,6166,6171,771.06,306.50,480.46,0.0000,1
10943,6167,6171,771.27,345.99,480.35,0.0000,1
10944,6160,6172,711.76,286.95,440.98,0.0800,1
10945,6161,6172,751.25,286.75,441.01,0.8000,0
10946,6165,6172,711.73,287.06,480.47,0.9600,0
10947,6166,6172,751.22,286.86,480.50,0.0800,1
10948,6170,6168,711.93,326.55,480.36,0.0800,1
10949,6170,6169,711.96,326.44,440.87,1.0000,0
10950,6170,6173,712.05,346.23,460.56,1.0000,0
10951,6170,6172,711.85,306.75,460.67,0.0400,1
10952,6171,6169,751.45,326.23,440.90,0.0800,1
10953,6171,6173,751.54,346.03,460.59,0.0000,1
10954,6171,6168,751.42,326.34,480.39,1.0000,0
10955,6172,6169,731.61,306.59,440.94,0.1200,1
10956,6172,6171,751.34,306.55,460.70,1.0000,0
10957,6172,6168,731.58,306.70,480.43,0.0800,1
10958,6173,6168,731.78,346.19,480.32,0.1200,1
10959,6173,6169,731.81,346.08,440.83,0.1200,1
10960,6174,6183,80.47,388.83,420.44,0.8400,0
10961,6175,6183,119.96,388.63,420.47,1.0000,0
10962,6176,6183,120.16,428.11,420.36,1.0000,0
10963,6177,6183,80.67,428.31,420.33,1.0000,0
10964,6174,6184,60.71,388.98,440.16,1.0000,0
10965,6177,6184,60.91,428.47,440.05,1.0000,0
10966,6178,6184,60.88,428.58,479.54,1.0000,0
10967,6179,6184,60.68,389.09,479.65,1.0000,0
10968,6174,6186,80.35,369.14,440.23,1.0000,0
10969,6175,6186,119.84,368.94,440.27,0.6800,0
10970,6179,6186,80.32,369.25,479.72,1.0000,0
10971,6180,6186,119.81,369.05,479.76,1.0000,0
10972,6184,6182,80.52,408.73,479.61,1.0000,0
10973,6184,6183,80.55,408.62,440.13,0.5600,0
10974,6184,6187,80.64,428.42,459.82,0.7200,0
10975,6184,6186,80.44,388.94,459.92,1.0000,0
10976,6185,6183,120.04,408.42,440.16,1.0000,0
10977,6185,6187,120.13,428.22,459.85,1.0000,0
10978,6185,6182,120.01,408.53,479.65,1.0000,0
10979,6186,6183,100.20,388.78,440.20,1.0000,0
10980,6186,6185,119.93,388.73,459.96,1.0000,0
10981,6186,6182,100.17,388.89,479.69,1.0000,0
10982,6187,6182,100.37,428.38,479.58,1.0000,0
10983,6187,6183,100.40,428.27,440.09,1.0000,0
10984,6188,6197,159.45,388.42,420.50,1.0000,0
10985,6189,6197,198.93,388.22,420.53,1.0000,0
10986,6190,6197,199.14,427.71,420.42,1.0000,0
10987,6191,6197,159.65,427.91,420.39,1.0000,0
10988,6188,6198,139.69,388.58,440.23,1.0000,0
10989,6191,6198,139.89,428.07,440.12,1.0000,0
10990,6192,6198,139.85,428.18,479.61,1.0000,0
10991,6193,6198,139.65,388.69,479.72,1.0000,0
10992,6188,6200,159.33,368.73,440.30,1.0000,0
10993,6189,6200,198.82,368.53,440.33,1.0000,0
10994,6193,6200,159.30,368.84,479.79,1.0000,0
10995,6194,6200,198.79,368.64,479.82,1.0000,0
10996,6198,6196,159.50,408.33,479.68,1.0000,0
10997,6198,6197,159.53,408.22,440.19,1.0000,0
10998,6198,6201,159.61,428.02,459.88,1.0000,0
10999,6198,6200,159.41,388.53,459.99,1.0000,0
11000,6199,6197,199.02,408.02,440.22,1.0000,0
11001,6199,6201,199.10,427.82,459.91,1.0000,0
11002,6199,6196,198.99,408.13,479.71,1.0000,0
11003,6200,6197,179.17,388.38,440.26,1.0000,0
11004,6200,6199,198.90,388.33,460.02,1.0000,0
11005,6200,6196,179.14,388.49,479.75,1.0000,0
11006,6201,6196,179.34,427.98,479.64,1.0000,0
11007,6201,6197,179.38,427.87,440.15,1.0000,0
11008,6202,6211,238.42,388.02,420.57,1.0000,0
11009,6203,6211,277.91,387.82,420.60,1.0000,0
11010,6204,6211,278.11,427.31,420.49,1.0000,0
11011,6205,6211,238.62,427.51,420.46,1.0000,0
11012,6202,6212,218.66,388.18,440.29,1.0000,0
11013,6205,6212,218.86,427.67,440.19,1.0000,0
11014,6206,6212,218.83,427.78,479.67,1.0000,0
11015,6207,6212,218.63,388.29,479.78,1.0000,0
11016,6202,6214,238.31,368.33,440.37,1.0000,0
11017,6203,6214,277.79,368.13,440.40,1.0000,0
11018,6207,6214,238.27,368.44,479.85,1.0000,0
11019,6208,6214,277.76,368.24,479.89,1.0000,0
11020,6212,6210,238.47,407.93,479.75,1.0000,0
11021,6212,6211,238.51,407.82,440.26,1.0000,0
11022,6212,6215,238.59,427.62,459.95,1.0000,0
11023,6212,6214,238.39,388.13,460.06,1.0000,0
11024,6213,6211,278.00,407.62,440.29,1.0000,0
11025,6213,6215,278.08,427.42,459.98,1.0000,0
11026,6213,6210,277.96,407.73,479.78,1.0000,0
11027,6214,6211,258.15,387.98,440.33,1.0000,0
11028,6214,6213,277.88,387.93,460.09,1.0000,0
11029,6214,6210,258.12,388.09,479.82,1.0000,0
11030,6215,6210,258.32,427.57,479.71,1.0000,0
11031,6215,6211,258.35,427.47,440.22,1.0000,0
11032,6216,6225,317.40,387.62,420.63,1.0000,0
11033,6217,6225,356.89,387.42,420.67,1.0000,0
11034,6218,6225,357.09,426.91,420.56,1.0000,0
11035,6219,6225,317.60,427.11,420.52,1.0000,0
11036,6216,6226,297.64,387.78,440.36,1.0000,0
11037,6219,6226,297.84,427.26,440.25,1.0000,0
11038,6220,6226,297.81,427.37,479.74,1.0000,0
11039,6221,6226,297.61,387.89,479.85,1.0000,0
11040,6216,6228,317.28,367.93,440.43,1.0000,0
11041,6217,6228,356.77,367.73,440.46,0.6800,0
11042,6221,6228,317.25,368.04,479.92,1.0000,0
11043,6222,6228,356.74,367.84,479.95,1.0000,0
11044,6226,6224,317.45,407.53,479.81,1.0000,0
11045,6226,6225,317.48,407.42,440.32,1.0000,0
11046,6226,6229,317.57,427.22,460.01,1.0000,0
11047,6226,6228,317.37,387.73,460.12,1.0000,0
11048,6227,6225,356.97,407.22,440.35,1.0000,0
11049,6227,6229,357.06,427.02,460.04,1.0000,0
11050,6227,6224,356.94,407.33,479.84,1.0000,0
11051,6228,6225,337.13,387.58,440.39,1.0000,0
11052,6228,6227,356.86,387.53,460.15,1.0000,0
11053,6228,6224,337.10,387.68,479.88,1.0000,0
11054,6229,6224,337.30,427.17,479.77,1.0000,0
11055,6229,6225,337.33,427.06,440.28,1.0000,0
11056,6230,6239,396.38,387.22,420.70,1.0000,0
11057,6231,6239,435.86,387.02,420.73,1.0000,0
11058,6232,6239,436.07,426.51,420.62,1.0000,0
11059,6233,6239,396.58,426.71,420.59,1.0000,0
11060,6230,6240,376.62,387.37,440.43,1.0000,0
11061,6233,6240,376.82,426.86,440.32,1.0000,0
11062,6234,6240,376.78,426.97,479.81,1.0000,0
11063,6235,6240,376.58,387.48,479.91,1.0000,0
11064,6230,6242,396.26,367.53,440.50,1.0000,0
11065,6231,6242,435.75,367.33,440.53,1.0000,0
11066,6235,6242,396.23,367.64,479.99,1.0000,0
11067,6236,6242,435.72,367.44,480.02,1.0000,0
11068,6240,6238,396.43,407.13,479.88,1.0000,0
11069,6240,6239,396.46,407.02,440.39,1.0000,0
11070,6240,6243,396.54,426.82,460.08,1.0000,0
11071,6240,6242,396.34,387.33,460.19,1.0000,0
11072,6241,6239,435.95,406.82,440.42,1.0000,0
11073,6241,6243,436.03,426.62,460.11,1.0000,0
11074,6241,6238,435.92,406.93,479.91,1.0000,0
11075,6242,6239,416.10,387.17,440.46,1.0000,0
11076,6242,6241,435.83,387.13,460.22,1.0000,0
11077,6242,6238,416.07,387.28,479.95,1.0000,0
11078,6243,6238,416.27,426.77,479.84,1.0000,0
11079,6243,6239,416.30,426.66,440.35,1.0000,0
11080,6244,6253,475.35,386.82,420.76,1.0000,0
11081,6245,6253,514.84,386.62,420.80,0.8400,0
11082,6246,6253,515.04,426.11,420.69,1.0000,0
11083,6247,6253,475.55,426.31,420.65,1.0000,0
11084,6244,6254,455.59,386.97,440.49,1.0000,0
11085,6247,6254,455.79,426.46,440.38,1.0000,0
11086,6248,6254,455.76,426.57,479.87,1.0000,0
11087,6249,6254,455.56,387.08,479.98,1.0000,0
11088,6244,6256,475.24,367.13,440.56,1.0000,0
11089,6245,6256,514.72,366.93,440.59,1.0000,0
11090,6249,6256,475.20,367.24,480.05,1.0000,0
11091,6250,6256,514.69,367.04,480.08,0.5600,0
11092,6254,6252,475.40,406.73,479.94,0.9600,0
11093,6254,6253,475.44,406.62,440.45,1.0000,0
11094,6254,6257,475.52,426.42,460.14,1.0000,0
11095,6254,6256,475.32,386.93,460.25,1.0000,0
11096,6255,6253,514.93,406.42,440.49,1.0000,0
11097,6255,6257,515.01,426.21,460.18,0.8400,0
11098,6255,6252,514.89,406.53,479.97,1.0000,0
11099,6256,6253,495.08,386.77,440.52,1.0000,0
11100,6256,6255,514.81,386.73,460.28,1.0000,0
11101,6256,6252,495.05,386.88,480.01,1.0000,0
11102,6257,6252,495.25,426.37,479.90,1.0000,0
11103,6257,6253,495.28,426.26,440.41,1.0000,0
11104,6258,6267,554.33,386.42,420.83,1.0000,0
11105,6259,6267,593.82,386.22,420.86,0.5200,0
11106,6260,6267,594.02,425.70,420.75,1.0000,0
11107,6261,6267,554.53,425.90,420.72,0.6000,0
11108,6258,6268,534.57,386.57,440.56,0.6800,0
11109,6261,6268,534.77,426.06,440.45,1.0000,0
11110,6262,6268,534.74,426.17,479.94,0.7600,0
11111,6263,6268,534.54,386.68,480.05,1.0000,0
11112,6258,6270,554.21,366.73,440.63,0.6400,0
11113,6259,6270,593.70,366.53,440.66,1.0000,0
11114,6263,6270,554.18,366.84,480.12,1.0000,0
11115,6264,6270,593.67,366.64,480.15,0.8000,0
11116,6268,6266,554.38,406.32,480.01,0.9200,0
11117,6268,6267,554.41,406.22,440.52,1.0000,0
11118,6268,6271,554.50,426.01,460.21,0.8400,0
11119,6268,6270,554.30,386.53,460.32,0.5200,0
11120,6269,6267,593.90,406.01,440.55,0.6800,0
11121,6269,6271,593.99,425.81,460.24,0.1600,1
11122,6269,6266,593.87,406.12,480.04,1.0000,0
11123,6270,6267,574.06,386.37,440.59,1.0000,0
11124,6270,6269,593.79,386.32,460.35,0.9600,0
11125,6270,6266,574.02,386.48,480.08,0.5200,0
11126,6271,6266,574.23,425.97,479.97,1.0000,0
11127,6271,6267,574.26,425.86,440.48,0.5600,0
11128,6272,6281,633.31,386.01,420.89,1.0000,0
11129,6273,6281,672.79,385.81,420.93,0.0800,1
11130,6274,6281,672.99,425.30,420.82,0.9200,0
11131,6275,6281,633.51,425.50,420.78,0.0400,1
11132,6272,6282,613.55,386.17,440.62,0.0800,1
11133,6275,6282,613.75,425.66,440.51,0.3600,0
11134,6276,6282,613.71,425.77,480.00,0.0400,1
11135,6277,6282,613.51,386.28,480.11,0.5600,0
11136,6272,6284,633.19,366.33,440.69,0.2800,1
11137,6273,6284,672.68,366.12,440.73,1.0000,0
11138,6277,6284,633.16,366.43,480.18,1.0000,0
11139,6278,6284,672.65,366.23,480.21,0.0800,1
11140,6282,6280,633.36,405.92,480.07,0.0800,1
11141,6282,6281,633.39,405.81,440.58,1.0000,0
11142,6282,6285,633.47,425.61,460.27,0.7600,0
11143,6282,6284,633.27,386.12,460.38,0.0800,1
11144,6283,6281,672.88,405.61,440.62,0.0400,1
11145,6283,6285,672.96,425.41,460.31,0.0400,1
11146,6283,6280,672.85,405.72,480.11,1.0000,0
11147,6284,6281,653.03,385.97,440.65,0.1200,1
11148,6284,6283,672.76,385.92,460.42,0.5200,0
11149,6284,6280,653.00,386.08,480.14,0.1200,1
11150,6285,6280,653.20,425.57,480.03,0.5200,0
11151,6285,6281,653.23,425.46,440.55,0.0400,1
11152,6286,6295,712.28,385.61,420.96,1.0000,0
11153,6287,6295,751.77,385.41,420.99,0.0000,1
11154,6288,6295,751.97,424.90,420.88,1.0000,0
11155,6289,6295,712.48,425.10,420.85,0.0800,1
11156,6286,6296,692.52,385.77,440.69,0.0400,1
11157,6289,6296,692.72,425.26,440.58,0.1200,1
11158,6290,6296,692.69,425.37,480.07,0.0800,1
11159,6291,6296,692.49,385.88,480.18,0.0800,1
11160,6287,6297,771.50,385.37,440.75,0.0000,1
11161,6288,6297,771.70,424.85,440.64,0.0000,1
11162,6292,6297,771.47,385.48,480.24,0.0000,1
11163,6293,6297,771.67,424.96,480.13,0.0000,1
11164,6286,6298,712.17,365.92,440.76,0.0400,1
11165,6287,6298,751.65,365.72,440.79,0.2800,1
11166,6291,6298,712.13,366.03,480.25,0.9600,0
11167,6292,6298,751.62,365.83,480.28,0.1200,1
11168,6296,6294,712.33,405.52,480.14,0.2000,1
11169,6296,6295,712.37,405.41,440.65,0.8400,0
11170,6296,6299,712.45,425.21,460.34,0.8400,0
11171,6296,6298,712.25,385.72,460.45,0.0400,1
11172,6297,6295,751.85,405.21,440.68,0.0800,1
11173,6297,6299,751.94,425.01,460.37,0.0000,1
11174,6297,6294,751.82,405.32,480.17,0.8400,0
11175,6298,6295,732.01,385.57,440.72,0.1200,1
11176,6298,6297,751.74,385.52,460.48,1.0000,0
11177,6298,6294,731.98,385.68,480.21,0.0800,1
11178,6299,6294,732.18,425.16,480.10,0.1600,1
11179,6299,6295,732.21,425.06,440.61,0.0800,1
11180,6300,6309,80.87,467.80,420.22,0.8800,0
11181,6301,6309,120.36,467.60,420.25,1.0000,0
11182,6302,6309,120.56,507.09,420.14,1.0000,0
11183,6303,6309,81.07,507.29,420.11,1.0000,0
11184,6300,6310,61.11,467.96,439.95,0.9200,0
11185,6303,6310,61.31,507.45,439.84,1.0000,0
11186,6304,6310,61.28,507.55,479.32,0.8000,0
11187,6305,6310,61.08,468.07,479.43,1.0000,0
11188,6300,6312,80.75,448.11,440.02,0.7600,0
11189,6301,6312,120.24,447.91,440.05,1.0000,0
11190,6305,6312,80.72,448.22,479.51,0.8800,0
11191,6306,6312,120.21,448.02,479.54,1.0000,0
11192,6310,6308,80.92,487.71,479.40,1.0000,0
11193,6310,6309,80.96,487.60,439.91,1.0000,0
11194,6310,6313,81.04,507.40,459.60,0.7600,0
11195,6310,6312,80.84,467.91,459.71,1.0000,0
11196,6311,6309,120.44,487.40,439.94,1.0000,0
11197,6311,6313,120.53,507.20,459.63,1.0000,0
11198,6311,6308,120.41,487.51,479.43,1.0000,0
11199,6312,6309,100.60,467.76,439.98,1.0000,0
11200,6312,6311,120.33,467.71,459.74,1.0000,0
11201,6312,6308,100.57,467.87,479.47,1.0000,0
11202,6313,6308,100.77,507.35,479.36,1.0000,0
11203,6313,6309,100.80,507.24,439.87,1.0000,0
11204,6314,6323,159.85,467.40,420.28,1.0000,0
11205,6315,6323,199.34,467.20,420.32,1.0000,0
11206,6316,6323,199.54,506.69,420.21,1.0000,0
11207,6317,6323,160.05,506.89,420.17,1.0000,0
11208,6314,6324,140.09,467.56,440.01,1.0000,0
11209,6317,6324,140.29,507.04,439.90,1.0000,0
11210,6318,6324,140.26,507.15,479.39,1.0000,0
11211,6319,6324,140.06,467.67,479.50,1.0000,0
11212,6314,6326,159.73,447.71,440.08,1.0000,0
11213,6315,6326,199.22,447.51,440.11,1.0000,0
11214,6319,6326,159.70,447.82,479.57,1.0000,0
11215,6320,6326,199.19,447.62,479.60,1.0000,0
11216,6324,6322,159.90,487.31,479.46,1.0000,0
11217,6324,6323,159.93,487.20,439.97,1.0000,0
11218,6324,6327,160.02,507.00,459.66,0.9600,0
11219,6324,6326,159.82,467.51,459.77,1.0000,0
11220,6325,6323,199.42,487.00,440.01,1.0000,0
11221,6325,6327,199.50,506.80,459.70,1.0000,0
11222,6325,6322,199.39,487.11,479.49,1.0000,0
11223,6326,6323,179.58,467.35,440.04,1.0000,0
11224,6326,6325,199.30,467.31,459.80,1.0000,0
11225,6326,6322,179.54,467.46,479.53,1.0000,0
11226,6327,6322,179.74,506.95,479.42,1.0000,0
11227,6327,6323,179.78,506.84,439.93,1.0000,0
11228,6328,6337,238.82,467.00,420.35,1.0000,0
11229,6329,6337,278.31,466.80,420.38,1.0000,0
11230,6330,6337,278.51,506.29,420.27,1.0000,0
11231,6331,6337,239.03,506.49,420.24,1.0000,0
11232,6328,6338,219.06,467.15,440.08,1.0000,0
11233,6331,6338,219.27,506.64,439.97,1.0000,0
11234,6332,6338,219.23,506.75,479.46,1.0000,0
11235,6333,6338,219.03,467.26,479.56,1.0000,0
11236,6328,6340,238.71,447.31,440.15,1.0000,0
11237,6329,6340,278.20,447.11,440.18,0.8400,0
11238,6333,6340,238.68,447.42,479.64,1.0000,0
11239,6334,6340,278.16,447.22,479.67,1.0000,0
11240,6338,6336,238.88,486.91,479.53,1.0000,0
11241,6338,6337,238.91,486.80,440.04,1.0000,0
11242,6338,6341,238.99,506.60,459.73,1.0000,0
11243,6338,6340,238.79,467.11,459.84,1.0000,0
11244,6339,6337,278.40,486.60,440.07,1.0000,0
11245,6339,6341,278.48,506.40,459.76,1.0000,0
11246,6339,6336,278.37,486.71,479.56,1.0000,0
11247,6340,6337,258.55,466.95,440.11,1.0000,0
11248,6340,6339,278.28,466.91,459.87,1.0000,0
11249,6340,6336,258.52,467.06,479.60,1.0000,0
11250,6341,6336,258.72,506.55,479.49,1.0000,0
11251,6341,6337,258.75,506.44,440.00,1.0000,0
11252,6342,6351,317.80,466.60,420.41,1.0000,0
11253,6343,6351,357.29,466.40,420.45,1.0000,0
11254,6344,6351,357.49,505.88,420.34,1.0000,0
11255,6345,6351,318.00,506.09,420.30,1.0000,0
11256,6342,6352,298.04,466.75,440.14,1.0000,0
11257,6345,6352,298.24,506.24,440.03,1.0000,0
11258,6346,6352,298.21,506.35,479.52,1.0000,0
11259,6347,6352,298.01,466.86,479.63,1.0000,0
11260,6342,6354,317.68,446.91,440.21,1.0000,0
11261,6343,6354,357.17,446.71,440.25,1.0000,0
11262,6347,6354,317.65,447.02,479.70,1.0000,0
11263,6348,6354,357.14,446.82,479.73,1.0000,0
11264,6352,6350,317.85,486.51,479.59,1.0000,0
11265,6352,6351,317.89,486.40,440.10,1.0000,0
11266,6352,6355,317.97,506.19,459.79,1.0000,0
11267,6352,6354,317.77,466.71,459.90,1.0000,0
11268,6353,6351,357.37,486.20,440.14,1.0000,0
11269,6353,6355,357.46,505.99,459.83,1.0000,0
11270,6353,6350,357.34,486.30,479.62,1.0000,0
11271,6354,6351,337.53,466.55,440.17,1.0000,0
11272,6354,6353,357.26,466.51,459.94,1.0000,0
11273,6354,6350,337.50,466.66,479.66,1.0000,0
11274,6355,6350,337.70,506.15,479.55,1.0000,0
11275,6355,6351,337.73,506.04,440.07,1.0000,0
11276,6356,6365,396.78,466.20,420.48,1.0000,0
11277,6357,6365,436.27,465.99,420.51,1.0000,0
11278,6358,6365,436.47,505.48,420.40,1.0000,0
11279,6359,6365,396.98,505.68,420.37,1.0000,0
11280,6356,6366,377.02,466.35,440.21,1.0000,0
11281,6359,6366,377.22,505.84,440.10,1.0000,0
11282,6360,6366,377.19,505.95,479.59,1.0000,0
11283,6361,6366,376.99,466.46,479.70,1.0000,0
11284,6356,6368,396.66,446.51,440.28,1.0000,0
11285,6357,6368,436.15,446.31,440.31,1.0000,0
11286,6361,6368,396.63,446.62,479.77,1.0000,0
11287,6362,6368,436.12,446.42,479.80,1.0000,0
11288,6366,6364,396.83,486.10,479.66,1.0000,0
11289,6366,6365,396.86,485.99,440.17,1.0000,0
11290,6366,6369,396.95,505.79,459.86,1.0000,0
11291,6366,6368,396.75,466.31,459.97,1.0000,0
11292,6367,6365,436.35,485.79,440.20,1.0000,0
11293,6367,6369,436.43,505.59,459.89,1.0000,0
11294,6367,6364,436.32,485.90,479.69,0.8000,0
11295,6368,6365,416.51,466.15,440.24,1.0000,0
11296,6368,6367,436.23,466.10,460.00,1.0000,0
11297,6368,6364,416.47,466.26,479.73,1.0000,0
11298,6369,6364,416.67,505.75,479.62,1.0000,0
11299,6369,6365,416.71,505.64,440.13,0.9600,0
11300,6370,6379,475.75,465.79,420.54,1.0000,0
11301,6371,6379,515.24,465.59,420.58,1.0000,0
11302,6372,6379,515.44,505.08,420.47,0.9600,0
11303,6373,6379,475.96,505.28,420.44,0.3600,0
11304,6370,6380,455.99,465.95,440.27,1.0000,0
11305,6373,6380,456.19,505.44,440.16,1.0000,0
11306,6374,6380,456.16,505.55,479.65,1.0000,0
11307,6375,6380,455.96,466.06,479.76,1.0000,0
11308,6370,6382,475.64,446.10,440.34,1.0000,0
11309,6371,6382,515.13,445.90,440.38,1.0000,0
11310,6375,6382,475.61,446.21,479.83,1.0000,0
11311,6376,6382,515.09,446.01,479.87,1.0000,0
11312,6380,6378,475.81,485.70,479.72,1.0000,0
11313,6380,6379,475.84,485.59,440.23,1.0000,0
11314,6380,6383,475.92,505.39,459.92,1.0000,0
11315,6380,6382,475.72,465.90,460.03,0.9200,0
11316,6381,6379,515.33,485.39,440.27,0.9600,0
11317,6381,6383,515.41,505.19,459.96,0.8800,0
11318,6381,6378,515.29,485.50,479.76,1.0000,0
11319,6382,6379,495.48,465.75,440.31,1.0000,0
11320,6382,6381,515.21,465.70,460.07,1.0000,0
11321,6382,6378,495.45,465.86,479.79,0.9600,0
11322,6383,6378,495.65,505.35,479.68,1.0000,0
11323,6383,6379,495.68,505.24,440.20,0.9600,0
11324,6384,6393,554.73,465.39,420.61,1.0000,0
11325,6385,6393,594.22,465.19,420.64,0.3600,0
11326,6386,6393,594.42,504.68,420.53,1.0000,0
11327,6387,6393,554.93,504.88,420.50,0.1200,1
11328,6384,6394,534.97,465.55,440.34,0.9600,0
11329,6387,6394,535.17,505.04,440.23,1.0000,0
11330,6388,6394,535.14,505.15,479.72,0.7600,0
11331,6389,6394,534.94,465.66,479.83,1.0000,0
11332,6384,6396,554.61,445.70,440.41,0.9200,0
11333,6385,6396,594.10,445.50,440.44,1.0000,0
11334,6389,6396,554.58,445.81,479.90,1.0000,0
11335,6390,6396,594.07,445.61,479.93,0.9200,0
11336,6394,6392,554.78,485.30,479.79,0.9600,0
11337,6394,6393,554.82,485.19,440.30,1.0000,0
11338,6394,6397,554.90,504.99,459.99,0.8400,0
11339,6394,6396,554.70,465.50,460.10,0.4800,0
11340,6395,6393,594.30,484.99,440.33,0.1200,1
11341,6395,6397,594.39,504.79,460.02,0.0800,1
11342,6395,6392,594.27,485.10,479.82,1.0000,0
11343,6396,6393,574.46,465.35,440.37,1.0000,0
11344,6396,6395,594.19,465.30,460.13,0.9600,0
11345,6396,6392,574.43,465.46,479.86,0.7600,0
11346,6397,6392,574.63,504.94,479.75,0.9600,0
11347,6397,6393,574.66,504.84,440.26,0.0800,1
11348,6398,6407,633.71,464.99,420.68,0.9600,0
11349,6399,6407,673.20,464.79,420.71,0.0400,1
11350,6400,6407,673.40,504.28,420.60,1.0000,0
11351,6401,6407,633.91,504.48,420.57,0.0800,1
11352,6398,6408,613.95,465.15,440.40,0.0800,1
11353,6401,6408,614.15,504.63,440.29,1.0000,0
11354,6402,6408,614.12,504.74,479.78,0.0400,1
11355,6403,6408,613.91,465.26,479.89,0.6400,0
11356,6398,6410,633.59,445.30,440.47,0.0400,1
11357,6399,6410,673.08,445.10,440.51,1.0000,0
11358,6403,6410,633.56,445.41,479.96,0.8800,0
11359,6404,6410,673.05,445.21,480.00,0.0800,1
11360,6408,6406,633.76,484.90,479.85,0.0800,1
11361,6408,6407,633.79,484.79,440.37,1.0000,0
11362,6408,6411,633.88,504.59,460.05,0.8000,0
11363,6408,6410,633.68,465.10,460.16,0.0400,1
11364,6409,6407,673.28,484.59,440.40,0.0400,1
11365,6409,6411,673.36,504.39,460.09,0.0400,1
11366,6409,6406,673.25,484.70,479.89,1.0000,0
11367,6410,6407,653.44,464.95,440.44,0.8000,0
11368,6410,6409,673.16,464.90,460.20,0.8800,0
11369,6410,6406,653.40,465.05,479.92,0.0400,1
11370,6411,6406,653.60,504.54,479.82,0.1200,1
11371,6411,6407,653.64,504.43,440.33,0.0800,1
11372,6412,6421,712.68,464.59,420.74,0.9600,0
11373,6413,6421,752.17,464.39,420.77,0.0000,1
11374,6414,6421,752.37,503.88,420.66,0.9600,0
11375,6415,6421,712.88,504.08,420.63,0.0400,1
11376,6412,6422,692.92,464.74,440.47,0.0800,1
11377,6415,6422,693.12,504.23,440.36,0.1200,1
11378,6416,6422,693.09,504.34,479.85,0.0400,1
11379,6417,6422,692.89,464.85,479.96,0.1200,1
11380,6413,6423,771.90,464.34,440.53,0.0000,1
11381,6414,6423,772.10,503.83,440.43,0.0000,1
11382,6418,6423,771.87,464.45,480.02,0.0000,1
11383,6419,6423,772.07,503.94,479.91,0.0000,1
11384,6412,6424,712.57,444.90,440.54,0.0800,1
11385,6413,6424,752.06,444.70,440.57,0.5200,0
11386,6417,6424,712.54,445.01,480.03,0.8400,0
11387,6418,6424,752.02,444.81,480.06,0.1200,1
11388,6422,6420,712.74,484.50,479.92,0.0800,1
11389,6422,6421,712.77,484.39,440.43,0.9600,0
11390,6422,6425,712.85,504.19,460.12,0.9600,0
11391,6422,6424,712.65,464.70,460.23,0.0400,1
11392,6423,6421,752.26,484.19,440.46,0.0800,1
11393,6423,6425,752.34,503.99,460.15,0.0000,1
11394,6423,6420,752.22,484.30,479.95,0.5200,0
11395,6424,6421,732.41,464.54,440.50,0.1200,1
11396,6424,6423,752.14,464.50,460.26,0.9200,0
11397,6424,6420,732.38,464.65,479.99,0.0800,1
11398,6425,6420,732.58,504.14,479.88,0.1200,1
11399,6425,6421,732.61,504.03,440.39,0.0800,1
11400,6426,6435,81.27,546.78,420.00,0.8000,0
11401,6427,6435,120.76,546.58,420.03,1.0000,0
11402,6428,6435,120.96,586.07,419.92,1.0000,0
11403,6429,6435,81.47,586.27,419.89,1.0000,0
11404,6426,6436,61.51,546.93,439.73,0.6000,0
11405,6429,6436,61.71,586.42,439.62,1.0000,0
11406,6430,6436,61.68,586.53,479.11,0.9200,0
11407,6431,6436,61.48,547.04,479.22,0.8000,0
11408,6426,6438,81.16,527.09,439.80,1.0000,0
11409,6427,6438,120.64,526.89,439.83,1.0000,0
11410,6431,6438,81.12,527.20,479.29,0.9200,0
11411,6432,6438,120.61,527.00,479.32,1.0000,0
11412,6436,6434,81.33,566.69,479.18,0.9200,0
11413,6436,6435,81.36,566.58,439.69,1.0000,0
11414,6436,6439,81.44,586.38,459.38,0.8400,0
11415,6436,6438,81.24,546.89,459.49,1.0000,0
11416,6437,6435,120.85,566.38,439.72,1.0000,0
11417,6437,6439,120.93,586.18,459.41,1.0000,0
11418,6437,6434,120.81,566.49,479.21,1.0000,0
11419,6438,6435,101.00,546.73,439.76,1.0000,0
11420,6438,6437,120.73,546.69,459.52,1.0000,0
11421,6438,6434,100.97,546.84,479.25,1.0000,0
11422,6439,6434,101.17,586.33,479.14,1.0000,0
11423,6439,6435,101.20,586.22,439.65,1.0000,0
11424,6440,6449,160.25,546.38,420.06,1.0000,0
11425,6441,6449,199.74,546.18,420.10,1.0000,0
11426,6442,6449,199.94,585.66,419.99,1.0000,0
11427,6443,6449,160.45,585.86,419.96,1.0000,0
11428,6440,6450,140.49,546.53,439.79,1.0000,0
11429,6443,6450,140.69,586.02,439.68,1.0000,0
11430,6444,6450,140.66,586.13,479.17,1.0000,0
11431,6445,6450,140.46,546.64,479.28,1.0000,0
11432,6440,6452,160.13,526.69,439.86,1.0000,0
11433,6441,6452,199.62,526.49,439.90,1.0000,0
11434,6445,6452,160.10,526.80,479.35,1.0000,0
11435,6446,6452,199.59,526.60,479.38,1.0000,0
11436,6450,6448,160.30,566.29,479.24,1.0000,0
11437,6450,6449,160.33,566.18,439.75,1.0000,0
11438,6450,6453,160.42,585.97,459.44,1.0000,0
11439,6450,6452,160.22,546.49,459.55,1.0000,0
11440,6451,6449,199.82,565.97,439.79,1.0000,0
11441,6451,6453,199.91,585.77,459.48,1.0000,0
11442,6451,6448,199.79,566.08,479.28,1.0000,0
11443,6452,6449,179.98,546.33,439.83,1.0000,0
11444,6452,6451,199.71,546.29,459.59,1.0000,0
11445,6452,6448,179.95,546.44,479.31,1.0000,0
11446,6453,6448,180.15,585.93,479.20,1.0000,0
11447,6453,6449,180.18,585.82,439.72,1.0000,0
11448,6454,6463,239.23,545.98,420.13,1.0000,0
11449,6455,6463,278.71,545.77,420.16,1.0000,0
11450,6456,6463,278.92,585.26,420.05,1.0000,0
11451,6457,6463,239.43,585.46,420.02,1.0000,0
11452,6454,6464,219.47,546.13,439.86,1.0000,0
11453,6457,6464,219.67,585.62,439.75,1.0000,0
11454,6458,6464,219.63,585.73,479.24,1.0000,0
11455,6459,6464,219.43,546.24,479.35,1.0000,0
11456,6454,6466,239.11,526.29,439.93,1.0000,0
11457,6455,6466,278.60,526.09,439.96,1.0000,0
11458,6459,6466,239.08,526.40,479.42,1.0000,0
11459,6460,6466,278.57,526.19,479.45,1.0000,0
11460,6464,6462,239.28,565.88,479.31,1.0000,0
11461,6464,6463,239.31,565.77,439.82,1.0000,0
11462,6464,6467,239.40,585.57,459.51,1.0000,0
11463,6464,6466,239.19,546.08,459.62,1.0000,0
11464,6465,6463,278.80,565.57,439.85,1.0000,0
11465,6465,6467,278.88,585.37,459.54,1.0000,0
11466,6465,6462,278.77,565.68,479.34,0.9600,0
11467,6466,6463,258.95,545.93,439.89,1.0000,0
11468,6466,6465,278.68,545.88,459.65,1.0000,0
11469,6466,6462,258.92,546.04,479.38,1.0000,0
11470,6467,6462,259.12,585.53,479.27,1.0000,0
11471,6467,6463,259.16,585.42,439.78,1.0000,0
11472,6468,6477,318.20,545.57,420.20,1.0000,0
11473,6469,6477,357.69,545.37,420.23,1.0000,0
11474,6470,6477,357.89,584.86,420.12,1.0000,0
11475,6471,6477,318.40,585.06,420.09,1.0000,0
11476,6468,6478,298.44,545.73,439.92,1.0000,0
11477,6471,6478,298.64,585.22,439.81,1.0000,0
11478,6472,6478,298.61,585.33,479.30,1.0000,0
11479,6473,6478,298.41,545.84,479.41,1.0000,0
11480,6468,6480,318.09,525.88,439.99,1.0000,0
11481,6469,6480,357.57,525.68,440.03,1.0000,0
11482,6473,6480,318.05,525.99,479.48,1.0000,0
11483,6474,6480,357.54,525.79,479.52,1.0000,0
11484,6478,6476,318.26,565.48,479.37,1.0000,0
11485,6478,6477,318.29,565.37,439.89,1.0000,0
11486,6478,6481,318.37,585.17,459.57,1.0000,0
11487,6478,6480,318.17,545.68,459.68,1.0000,0
11488,6479,6477,357.78,565.17,439.92,1.0000,0
11489,6479,6481,357.86,584.97,459.61,1.0000,0
11490,6479,6476,357.74,565.28,479.41,0.7600,0
11491,6480,6477,337.93,545.53,439.96,1.0000,0
11492,6480,6479,357.66,545.48,459.72,1.0000,0
11493,6480,6476,337.90,545.64,479.44,1.0000,0
11494,6481,6476,338.10,585.13,479.34,1.0000,0
11495,6481,6477,338.13,585.02,439.85,1.0000,0
11496,6482,6491,397.18,545.17,420.26,1.0000,0
11497,6483,6491,436.67,544.97,420.29,0.8400,0
11498,6484,6491,436.87,584.46,420.18,1.0000,0
11499,6485,6491,397.38,584.66,420.15,1.0000,0
11500,6482,6492,377.42,545.33,439.99,1.0000,0
11501,6485,6492,377.62,584.82,439.88,1.0000,0
11502,6486,6492,377.59,584.92,479.37,1.0000,0
11503,6487,6492,377.39,545.44,479.48,1.0000,0
11504,6482,6494,397.06,525.48,440.06,1.0000,0
11505,6483,6494,436.55,525.28,440.09,1.0000,0
11506,6487,6494,397.03,525.59,479.55,1.0000,0
11507,6488,6494,436.52,525.39,479.58,1.0000,0
11508,6492,6490,397.23,565.08,479.44,1.0000,0
11509,6492,6491,397.26,564.97,439.95,1.0000,0
11510,6492,6495,397.35,584.77,459.64,1.0000,0
11511,6492,6494,397.15,545.28,459.75,1.0000,0
11512,6493,6491,436.75,564.77,439.98,0.9200,0
11513,6493,6495,436.84,584.57,459.67,1.0000,0
11514,6493,6490,436.72,564.88,479.47,1.0000,0
11515,6494,6491,416.91,545.13,440.02,1.0000,0
11516,6494,6493,436.64,545.08,459.78,1.0000,0
11517,6494,6490,416.88,545.24,479.51,1.0000,0
11518,6495,6490,417.08,584.72,479.40,1.0000,0
11519,6495,6491,417.11,584.61,439.91,1.0000,0
11520,6496,6505,476.16,544.77,420.33,0.9600,0
11521,6497,6505,515.64,544.57,420.36,0.4000,0
11522,6498,6505,515.85,584.06,420.25,1.0000,0
11523,6499,6505,476.36,584.26,420.22,0.6800,0
11524,6496,6506,456.40,544.93,440.05,1.0000,0
11525,6499,6506,456.60,584.41,439.94,1.0000,0
11526,6500,6506,456.56,584.52,479.43,1.0000,0
11527,6501,6506,456.36,545.03,479.54,1.0000,0
11528,6496,6508,476.04,525.08,440.13,0.8000,0
11529,6497,6508,515.53,524.88,440.16,1.0000,0
11530,6501,6508,476.01,525.19,479.61,1.0000,0
11531,6502,6508,515.50,524.99,479.65,1.0000,0
11532,6506,6504,476.21,564.68,479.50,1.0000,0
11533,6506,6505,476.24,564.57,440.02,1.0000,0
11534,6506,6509,476.32,584.37,459.71,1.0000,0
11535,6506,6508,476.12,544.88,459.81,0.7600,0
11536,6507,6505,515.73,564.37,440.05,1.0000,0
11537,6507,6509,515.81,584.17,459.74,0.7200,0
11538,6507,6504,515.70,564.48,479.54,1.0000,0
11539,6508,6505,495.88,544.72,440.09,1.0000,0
11540,6508,6507,515.61,544.68,459.85,1.0000,0
11541,6508,6504,495.85,544.83,479.58,0.9600,0
11542,6509,6504,496.05,584.32,479.47,1.0000,0
11543,6509,6505,496.08,584.21,439.98,0.8800,0
11544,6510,6519,555.13,544.37,420.39,1.0000,0
11545,6511,6519,594.62,544.17,420.42,0.0400,1
11546,6512,6519,594.82,583.66,420.32,0.8400,0
11547,6513,6519,555.33,583.86,420.28,0.0800,1
11548,6510,6520,535.37,544.52,440.12,0.8800,0
11549,6513,6520,535.57,584.01,440.01,1.0000,0
11550,6514,6520,535.54,584.12,479.50,0.6000,0
11551,6515,6520,535.34,544.63,479.61,1.0000,0
11552,6510,6522,555.02,524.68,440.19,0.4400,0
11553,6511,6522,594.50,524.48,440.22,1.0000,0
11554,6515,6522,554.98,524.79,479.68,1.0000,0
11555,6516,6522,594.47,524.59,479.71,0.1600,1
11556,6520,6518,555.18,564.28,479.57,0.6800,0
11557,6520,6519,555.22,564.17,440.08,1.0000,0
11558,6520,6523,555.30,583.97,459.77,1.0000,0
11559,6520,6522,555.10,544.48,459.88,0.2000,1
11560,6521,6519,594.71,563.97,440.11,0.4400,0
11561,6521,6523,594.79,583.77,459.80,0.2400,1
11562,6521,6518,594.67,564.08,479.60,1.0000,0
11563,6522,6519,574.86,544.32,440.15,1.0000,0
11564,6522,6521,594.59,544.28,459.91,1.0000,0
11565,6522,6518,574.83,544.43,479.64,0.0400,1
11566,6523,6518,575.03,583.92,479.53,1.0000,0
11567,6523,6519,575.06,583.81,440.04,0.3600,0
11568,6524,6533,634.11,543.97,420.46,0.9200,0
11569,6525,6533,673.60,543.77,420.49,0.0400,1
11570,6526,6533,673.80,583.25,420.38,0.6800,0
11571,6527,6533,634.31,583.46,420.35,0.0400,1
11572,6524,6534,614.35,544.12,440.19,0.0800,1
11573,6527,6534,614.55,583.61,440.08,0.8000,0
11574,6528,6534,614.52,583.72,479.56,0.1200,1
11575,6529,6534,614.32,544.23,479.67,1.0000,0
11576,6524,6536,633.99,524.28,440.26,0.0400,1
11577,6525,6536,673.48,524.08,440.29,1.0000,0
11578,6529,6536,633.96,524.39,479.74,1.0000,0
11579,6530,6536,673.45,524.19,479.78,0.0800,1
11580,6534,6532,634.16,563.88,479.64,0.2000,1
11581,6534,6533,634.19,563.77,440.15,1.0000,0
11582,6534,6537,634.28,583.56,459.84,0.8400,0
11583,6534,6536,634.08,544.08,459.95,0.0400,1
11584,6535,6533,673.68,563.57,440.18,0.0400,1
11585,6535,6537,673.77,583.36,459.87,0.0400,1
11586,6535,6532,673.65,563.67,479.67,1.0000,0
11587,6536,6533,653.84,543.92,440.22,0.3200,0
11588,6536,6535,673.57,543.88,459.98,0.8000,0
11589,6536,6532,653.81,544.03,479.71,0.0400,1
11590,6537,6532,654.01,583.52,479.60,0.8800,0
11591,6537,6533,654.04,583.41,440.11,0.0800,1
11592,6538,6547,713.09,543.57,420.52,0.8800,0
11593,6539,6547,752.57,543.36,420.56,0.0000,1
11594,6540,6547,752.77,582.85,420.45,0.6400,0
11595,6541,6547,713.29,583.05,420.41,0.0400,1
11596,6538,6548,693.33,543.72,440.25,0.0400,1
11597,6541,6548,693.53,583.21,440.14,0.2400,1
11598,6542,6548,693.49,583.32,479.63,0.0800,1
11599,6543,6548,693.29,543.83,479.74,0.1200,1
11600,6539,6549,772.30,543.32,440.32,0.0000,1
11601,6540,6549,772.50,582.81,440.21,0.0000,1
11602,6544,6549,772.27,543.43,479.80,0.0000,1
11603,6545,6549,772.47,582.92,479.70,0.0000,1
11604,6538,6550,712.97,523.88,440.32,0.0800,1
11605,6539,6550,752.46,523.68,440.35,0.2800,1
11606,6543,6550,712.94,523.99,479.81,0.7600,0
11607,6544,6550,752.43,523.78,479.84,0.0800,1
11608,6548,6546,713.14,563.47,479.70,0.0400,1
11609,6548,6547,713.17,563.36,440.21,1.0000,0
11610,6548,6551,713.25,583.16,459.90,0.9600,0
11611,6548,6550,713.05,543.68,460.01,0.0400,1
11612,6549,6547,752.66,563.16,440.24,0.0800,1
11613,6549,6551,752.74,582.96,459.93,0.0000,1
11614,6549,6546,752.63,563.27,479.73,0.7200,0
11615,6550,6547,732.81,543.52,440.28,0.1200,1
11616,6550,6549,752.54,543.47,460.04,1.0000,0
11617,6550,6546,732.78,543.63,479.77,0.0800,1
11618,6551,6546,732.98,583.12,479.66,0.1200,1
11619,6551,6547,733.01,583.01,440.17,0.1200,1
11620,6552,6561,81.67,625.75,419.78,0.9200,0
11621,6553,6561,121.16,625.55,419.81,1.0000,0
11622,6554,6561,121.36,665.04,419.70,1.0000,0
11623,6555,6561,81.88,665.24,419.67,1.0000,0
11624,6552,6562,61.91,625.91,439.51,0.4400,0
11625,6555,6562,62.12,665.40,439.40,1.0000,0
11626,6556,6562,62.08,665.51,478.89,0.4800,0
11627,6557,6562,61.88,626.02,479.00,1.0000,0
11628,6552,6564,81.56,606.07,439.58,1.0000,0
11629,6553,6564,121.05,605.86,439.61,0.6400,0
11630,6557,6564,81.53,606.17,479.07,1.0000,0
11631,6558,6564,121.01,605.97,479.10,1.0000,0
11632,6562,6560,81.73,645.66,478.96,1.0000,0
11633,6562,6561,81.76,645.55,439.47,0.6000,0
11634,6562,6565,81.84,665.35,459.16,0.8000,0
11635,6562,6564,81.64,625.86,459.27,1.0000,0
11636,6563,6561,121.25,645.35,439.50,1.0000,0
11637,6563,6565,121.33,665.15,459.19,1.0000,0
11638,6563,6560,121.22,645.46,478.99,1.0000,0
11639,6564,6561,101.40,625.71,439.54,1.0000,0
11640,6564,6563,121.13,625.66,459.30,1.0000,0
11641,6564,6560,101.37,625.82,479.03,1.0000,0
11642,6565,6560,101.57,665.31,478.92,1.0000,0
11643,6565,6561,101.60,665.20,439.43,1.0000,0
11644,6566,6575,160.65,625.35,419.85,1.0000,0
11645,6567,6575,200.14,625.15,419.88,1.0000,0
11646,6568,6575,200.34,664.64,419.77,1.0000,0
11647,6569,6575,160.85,664.84,419.74,1.0000,0
11648,6566,6576,140.89,625.51,439.57,1.0000,0
11649,6569,6576,141.09,665.00,439.46,1.0000,0
11650,6570,6576,141.06,665.11,478.95,0.0000,1
11651,6571,6576,140.86,625.62,479.06,1.0000,0
11652,6566,6578,160.53,605.66,439.64,1.0000,0
11653,6567,6578,200.02,605.46,439.68,1.0000,0
11654,6571,6578,160.50,605.77,479.13,1.0000,0
11655,6572,6578,199.99,605.57,479.17,1.0000,0
11656,6576,6574,160.70,645.26,479.02,1.0000,0
11657,6576,6575,160.74,645.15,439.54,1.0000,0
11658,6576,6579,160.82,664.95,459.23,1.0000,0
11659,6576,6578,160.62,625.46,459.33,1.0000,0
11660,6577,6575,200.22,644.95,439.57,1.0000,0
11661,6577,6579,200.31,664.75,459.26,1.0000,0
11662,6577,6574,200.19,645.06,479.06,1.0000,0
11663,6578,6575,180.38,625.31,439.61,1.0000,0
11664,6578,6577,200.11,625.26,459.37,1.0000,0
11665,6578,6574,180.35,625.42,479.10,1.0000,0
11666,6579,6574,180.55,664.91,478.99,1.0000,0
11667,6579,6575,180.58,664.80,439.50,1.0000,0
11668,6580,6589,239.63,624.95,419.91,1.0000,0
11669,6581,6589,279.12,624.75,419.94,1.0000,0
11670,6582,6589,279.32,664.24,419.83,1.0000,0
11671,6583,6589,239.83,664.44,419.80,1.0000,0
11672,6580,6590,219.87,625.11,439.64,1.0000,0
11673,6583,6590,220.07,664.59,439.53,1.0000,0
11674,6584,6590,220.04,664.70,479.02,1.0000,0
11675,6585,6590,219.84,625.22,479.13,1.0000,0
11676,6580,6592,239.51,605.26,439.71,1.0000,0
11677,6581,6592,279.00,605.06,439.74,1.0000,0
11678,6585,6592,239.48,605.37,479.20,0.8400,0
11679,6586,6592,278.97,605.17,479.23,1.0000,0
11680,6590,6588,239.68,644.86,479.09,1.0000,0
11681,6590,6589,239.71,644.75,439.60,0.5200,0
11682,6590,6593,239.80,664.55,459.29,1.0000,0
11683,6590,6592,239.60,625.06,459.40,1.0000,0
11684,6591,6589,279.20,644.55,439.63,1.0000,0
11685,6591,6593,279.29,664.35,459.32,1.0000,0
11686,6591,6588,279.17,644.66,479.12,1.0000,0
11687,6592,6589,259.36,624.91,439.67,1.0000,0
11688,6592,6591,279.08,624.86,459.43,1.0000,0
11689,6592,6588,259.32,625.02,479.16,1.0000,0
11690,6593,6588,259.52,664.50,479.05,1.0000,0
11691,6593,6589,259.56,664.39,439.56,1.0000,0
11692,6594,6603,318.60,624.55,419.98,1.0000,0
11693,6595,6603,358.09,624.35,420.01,1.0000,0
11694,6596,6603,358.29,663.84,419.90,1.0000,0
11695,6597,6603,318.81,664.04,419.87,1.0000,0
11696,6594,6604,298.84,624.71,439.70,1.0000,0
11697,6597,6604,299.05,664.19,439.60,1.0000,0
11698,6598,6604,299.01,664.30,479.08,1.0000,0
11699,6599,6604,298.81,624.81,479.19,1.0000,0
11700,6594,6606,318.49,604.86,439.78,0.9600,0
11701,6595,6606,357.98,604.66,439.81,1.0000,0
11702,6599,6606,318.46,604.97,479.26,1.0000,0
11703,6600,6606,357.94,604.77,479.30,1.0000,0
11704,6604,6602,318.66,644.46,479.16,1.0000,0
11705,6604,6603,318.69,644.35,439.67,1.0000,0
11706,6604,6607,318.77,664.15,459.36,0.9600,0
11707,6604,6606,318.57,624.66,459.47,1.0000,0
11708,6605,6603,358.18,644.15,439.70,0.4000,0
11709,6605,6607,358.26,663.95,459.39,0.9600,0
11710,6605,6602,358.15,644.26,479.19,0.7200,0
11711,6606,6603,338.33,624.50,439.74,1.0000,0
11712,6606,6605,358.06,624.46,459.50,1.0000,0
11713,6606,6602,338.30,624.61,479.23,1.0000,0
11714,6607,6602,338.50,664.10,479.12,1.0000,0
11715,6607,6603,338.53,663.99,439.63,1.0000,0
11716,6608,6617,397.58,624.15,420.04,1.0000,0
11717,6609,6617,437.07,623.95,420.07,0.9600,0
11718,6610,6617,437.27,663.44,419.97,1.0000,0
11719,6611,6617,397.78,663.64,419.93,1.0000,0
11720,6608,6618,377.82,624.30,439.77,1.0000,0
11721,6611,6618,378.02,663.79,439.66,1.0000,0
11722,6612,6618,377.99,663.90,479.15,1.0000,0
11723,6613,6618,377.79,624.41,479.26,1.0000,0
11724,6608,6620,397.46,604.46,439.84,1.0000,0
11725,6609,6620,436.95,604.26,439.87,1.0000,0
11726,6613,6620,397.43,604.57,479.33,1.0000,0
11727,6614,6620,436.92,604.37,479.36,1.0000,0
11728,6618,6616,397.63,644.06,479.22,1.0000,0
11729,6618,6617,397.67,643.95,439.73,1.0000,0
11730,6618,6621,397.75,663.75,459.42,0.8800,0
11731,6618,6620,397.55,624.26,459.53,1.0000,0
11732,6619,6617,437.15,643.75,439.76,1.0000,0
11733,6619,6621,437.24,663.55,459.45,0.6800,0
11734,6619,6616,437.12,643.86,479.25,1.0000,0
11735,6620,6617,417.31,624.10,439.80,1.0000,0
11736,6620,6619,437.04,624.06,459.56,1.0000,0
11737,6620,6616,417.28,624.21,479.29,1.0000,0
11738,6621,6616,417.48,663.70,479.18,1.0000,0
11739,6621,6617,417.51,663.59,439.69,1.0000,0
11740,6622,6631,476.56,623.75,420.11,1.0000,0
11741,6623,6631,516.05,623.55,420.14,0.5600,0
11742,6624,6631,516.25,663.03,420.03,1.0000,0
11743,6625,6631,476.76,663.23,420.00,0.8000,0
11744,6622,6632,456.80,623.90,439.84,0.9600,0
11745,6625,6632,457.00,663.39,439.73,1.0000,0
11746,6626,6632,456.97,663.50,479.22,1.0000,0
11747,6627,6632,456.77,624.01,479.32,1.0000,0
11748,6622,6634,476.44,604.06,439.91,1.0000,0
11749,6623,6634,515.93,603.86,439.94,1.0000,0
11750,6627,6634,476.41,604.17,479.40,1.0000,0
11751,6628,6634,515.90,603.97,479.43,1.0000,0
11752,6632,6630,476.61,643.65,479.29,1.0000,0
11753,6632,6631,476.64,643.55,439.80,1.0000,0
11754,6632,6635,476.73,663.34,459.49,1.0000,0
11755,6632,6634,476.53,623.86,459.60,0.9200,0
11756,6633,6631,516.13,643.34,439.83,1.0000,0
11757,6633,6635,516.21,663.14,459.52,0.6800,0
11758,6633,6630,516.10,643.45,479.32,1.0000,0
11759,6634,6631,496.29,623.70,439.87,1.0000,0
11760,6634,6633,516.01,623.66,459.63,1.0000,0
11761,6634,6630,496.25,623.81,479.36,1.0000,0
11762,6635,6630,496.45,663.30,479.25,1.0000,0
11763,6635,6631,496.49,663.19,439.76,0.9200,0
11764,6636,6645,555.53,623.35,420.17,1.0000,0
11765,6637,6645,595.02,623.14,420.21,0.0400,1
11766,6638,6645,595.22,662.63,420.10,0.0000,1
11767,6639,6645,555.74,662.83,420.06,0.1600,1
11768,6636,6646,535.77,623.50,439.90,0.4800,0
11769,6639,6646,535.98,662.99,439.79,1.0000,0
11770,6640,6646,535.94,663.10,479.28,0.8000,0
11771,6641,6646,535.74,623.61,479.39,1.0000,0
11772,6636,6648,555.42,603.66,439.97,0.6400,0
11773,6637,6648,594.91,603.46,440.00,1.0000,0
11774,6641,6648,555.39,603.77,479.46,1.0000,0
11775,6642,6648,594.87,603.56,479.49,0.5200,0
11776,6646,6644,555.59,643.25,479.35,0.9600,0
11777,6646,6645,555.62,643.14,439.86,1.0000,0
11778,6646,6649,555.70,662.94,459.55,1.0000,0
11779,6646,6648,555.50,623.45,459.66,0.2800,1
11780,6647,6645,595.11,642.94,439.90,0.2800,1
11781,6647,6649,595.19,662.74,459.59,0.0400,1
11782,6647,6644,595.07,643.05,479.38,1.0000,0
11783,6648,6645,575.26,623.30,439.93,1.0000,0
11784,6648,6647,594.99,623.25,459.69,1.0000,0
11785,6648,6644,575.23,623.41,479.42,0.6800,0
11786,6649,6644,575.43,662.90,479.31,1.0000,0
11787,6649,6645,575.46,662.79,439.82,0.7200,0
11788,6650,6659,634.51,622.94,420.24,0.8800,0
11789,6651,6659,674.00,622.74,420.27,0.0400,1
11790,6652,6659,674.20,662.23,420.16,0.7600,0
11791,6653,6659,634.71,662.43,420.13,0.0400,1
11792,6650,6660,614.75,623.10,439.97,0.0800,1
11793,6653,6660,614.95,662.59,439.86,0.0000,1
11794,6654,6660,614.92,662.70,479.35,0.0800,1
11795,6655,6660,614.72,623.21,479.46,1.0000,0
11796,6650,6662,634.39,603.25,440.04,0.1200,1
11797,6651,6662,673.88,603.05,440.07,1.0000,0
11798,6655,6662,634.36,603.36,479.53,1.0000,0
11799,6656,6662,673.85,603.16,479.56,0.2000,1
11800,6660,6658,634.56,642.85,479.42,0.1200,1
11801,6660,6659,634.60,642.74,439.93,0.5200,0
11802,6660,6663,634.68,662.54,459.62,1.0000,0
11803,6660,6662,634.48,623.05,459.73,0.0400,1
11804,6661,6659,674.08,642.54,439.96,0.0400,1
11805,6661,6663,674.17,662.34,459.65,0.0400,1
11806,6661,6658,674.05,642.65,479.45,1.0000,0
11807,6662,6659,654.24,622.90,440.00,1.0000,0
11808,6662,6661,673.97,622.85,459.76,1.0000,0
11809,6662,6658,654.21,623.01,479.49,0.0800,1
11810,6663,6658,654.41,662.50,479.38,1.0000,0
11811,6663,6659,654.44,662.39,439.89,0.0800,1
11812,6664,6673,713.49,622.54,420.30,0.6400,0
11813,6665,6673,752.98,622.34,420.34,0.0400,1
11814,6666,6673,753.18,661.83,420.23,0.6400,0
11815,6667,6673,713.69,662.03,420.19,0.0800,1
11816,6664,6674,693.73,622.70,440.03,0.0400,1
11817,6667,6674,693.93,662.19,439.92,0.2800,1
11818,6668,6674,693.90,662.29,479.41,0.0400,1
11819,6669,6674,693.70,622.81,479.52,0.1200,1
11820,6665,6675,772.70,622.30,440.10,0.0000,1
11821,6666,6675,772.90,661.78,439.99,0.0000,1
11822,6670,6675,772.67,622.40,479.59,0.0000,1
11823,6671,6675,772.87,661.89,479.48,0.0000,1
11824,6664,6676,713.37,602.85,440.10,0.0400,1
11825,6665,6676,752.86,602.65,440.14,0.7600,0
11826,6669,6676,713.34,602.96,479.59,1.0000,0
11827,6670,6676,752.83,602.76,479.62,0.0800,1
11828,6674,6672,713.54,642.45,479.48,0.0400,1
11829,6674,6673,713.57,642.34,439.99,1.0000,0
11830,6674,6677,713.66,662.14,459.68,0.8400,0
11831,6674,6676,713.46,622.65,459.79,0.0800,1
11832,6675,6673,753.06,642.14,440.03,0.0800,1
11833,6675,6677,753.14,661.94,459.72,0.0000,1
11834,6675,6672,753.03,642.25,479.52,0.9600,0
11835,6676,6673,733.22,622.50,440.06,0.1200,1
11836,6676,6675,752.94,622.45,459.83,0.9600,0
11837,6676,6672,733.18,622.61,479.55,0.0400,1
11838,6677,6672,733.38,662.09,479.44,0.1200,1
11839,6677,6673,733.42,661.98,439.96,0.0800,1
11840,6678,6687,82.08,704.73,419.56,1.0000,0
11841,6679,6687,121.56,704.53,419.59,1.0000,0
11842,6680,6687,121.77,744.02,419.49,0.9200,0
11843,6681,6687,82.28,744.22,419.45,0.8800,0
11844,6678,6688,62.32,704.89,439.29,0.4000,0
11845,6681,6688,62.52,744.37,439.18,0.8800,0
11846,6682,6688,62.49,744.48,478.67,0.6800,0
11847,6683,6688,62.28,705.00,478.78,1.0000,0
11848,6678,6690,81.96,685.04,439.36,1.0000,0
11849,6679,6690,121.45,684.84,439.39,0.9600,0
11850,6683,6690,81.93,685.15,478.85,1.0000,0
11851,6684,6690,121.42,684.95,478.88,0.0000,1
11852,6680,6691,121.85,763.82,439.18,0.0000,1
11853,6681,6691,82.36,764.02,439.14,0.0000,1
11854,6682,6691,82.33,764.13,478.63,0.0000,1
11855,6685,6691,121.82,763.93,478.66,0.0000,1
11856,6688,6686,82.13,724.64,478.74,1.0000,0
11857,6688,6687,82.16,724.53,439.25,0.8800,0
11858,6688,6691,82.25,744.33,458.94,0.9600,0
11859,6688,6690,82.04,704.84,459.05,1.0000,0
11860,6689,6687,121.65,724.33,439.28,1.0000,0
11861,6689,6691,121.73,744.13,458.97,0.9200,0
11862,6689,6686,121.62,724.44,478.77,1.0000,0
11863,6690,6687,101.80,704.69,439.32,1.0000,0
11864,6690,6689,121.53,704.64,459.08,1.0000,0
11865,6690,6686,101.77,704.79,478.81,1.0000,0
11866,6691,6686,101.97,744.28,478.70,0.9600,0
11867,6691,6687,102.01,744.17,439.21,0.9600,0
11868,6692,6701,161.05,704.33,419.63,1.0000,0
11869,6693,6701,200.54,704.13,419.66,1.0000,0
11870,6694,6701,200.74,743.62,419.55,0.9600,0
11871,6695,6701,161.25,743.82,419.52,0.9200,0
11872,6692,6702,141.29,704.48,439.36,1.0000,0
11873,6695,6702,141.49,743.97,439.25,0.9600,0
11874,6696,6702,141.46,744.08,478.73,0.9600,0
11875,6697,6702,141.26,704.59,478.84,0.0000,1
11876,6692,6704,160.94,684.64,439.43,1.0000,0
11877,6693,6704,200.43,684.44,439.46,1.0000,0
11878,6697,6704,160.90,684.75,478.92,0.0000,1
11879,6698,6704,200.39,684.55,478.95,1.0000,0
11880,6694,6705,200.83,763.42,439.24,0.0000,1
11881,6695,6705,161.34,763.62,439.21,0.0000,1
11882,6696,6705,161.31,763.73,478.70,0.0000,1
11883,6699,6705,200.79,763.52,478.73,0.0000,1
11884,6702,6700,161.11,724.24,478.81,1.0000,0
11885,6702,6701,161.14,724.13,439.32,1.0000,0
11886,6702,6705,161.22,743.93,459.01,0.9200,0
11887,6702,6704,161.02,704.44,459.12,1.0000,0
11888,6703,6701,200.63,723.93,439.35,1.0000,0
11889,6703,6705,200.71,743.73,459.04,0.9600,0
11890,6703,6700,200.59,724.04,478.84,1.0000,0
11891,6704,6701,180.78,704.28,439.39,1.0000,0
11892,6704,6703,200.51,704.24,459.15,1.0000,0
11893,6704,6700,180.75,704.39,478.88,1.0000,0
11894,6705,6700,180.95,743.88,478.77,0.9600,0
11895,6705,6701,180.98,743.77,439.28,0.9600,0
11896,6706,6715,240.03,703.93,419.69,1.0000,0
11897,6707,6715,279.52,703.73,419.73,1.0000,0
11898,6708,6715,279.72,743.22,419.62,0.9200,0
11899,6709,6715,240.23,743.42,419.58,0.9600,0
11900,6706,6716,220.27,704.08,439.42,1.0000,0
11901,6709,6716,220.47,743.57,439.31,0.9600,0
11902,6710,6716,220.44,743.68,478.80,0.9600,0
11903,6711,6716,220.24,704.19,478.91,1.0000,0
11904,6706,6718,239.91,684.24,439.49,0.8800,0
11905,6707,6718,279.40,684.04,439.52,1.0000,0
11906,6711,6718,239.88,684.35,478.98,1.0000,0
11907,6712,6718,279.37,684.15,479.01,1.0000,0
11908,6708,6719,279.80,763.01,439.31,0.0000,1
11909,6709,6719,240.32,763.21,439.27,0.0000,1
11910,6710,6719,240.28,763.32,478.76,0.0000,1
11911,6713,6719,279.77,763.12,478.79,0.0000,1
11912,6716,6714,240.08,723.84,478.87,1.0000,0
11913,6716,6715,240.11,723.73,439.38,1.0000,0
11914,6716,6719,240.20,743.53,459.07,0.9200,0
11915,6716,6718,240.00,704.04,459.18,1.0000,0
11916,6717,6715,279.60,723.53,439.42,1.0000,0
11917,6717,6719,279.69,743.32,459.11,0.9600,0
11918,6717,6714,279.57,723.64,478.90,1.0000,0
11919,6718,6715,259.76,703.88,439.45,1.0000,0
11920,6718,6717,279.49,703.84,459.21,1.0000,0
11921,6718,6714,259.73,703.99,478.94,1.0000,0
11922,6719,6714,259.93,743.48,478.83,0.9600,0
11923,6719,6715,259.96,743.37,439.34,1.0000,0
11924,6720,6729,319.01,703.53,419.76,1.0000,0
11925,6721,6729,358.49,703.33,419.79,1.0000,0
11926,6722,6729,358.70,742.81,419.68,0.9200,0
11927,6723,6729,319.21,743.01,419.65,0.9200,0
11928,6720,6730,299.25,703.68,439.49,1.0000,0
11929,6723,6730,299.45,743.17,439.38,0.9200,0
11930,6724,6730,299.41,743.28,478.87,0.9600,0
11931,6725,6730,299.21,703.79,478.97,1.0000,0
11932,6720,6732,318.89,683.84,439.56,1.0000,0
11933,6721,6732,358.38,683.64,439.59,1.0000,0
11934,6725,6732,318.86,683.95,479.05,1.0000,0
11935,6726,6732,358.35,683.75,479.08,1.0000,0
11936,6722,6733,358.78,762.61,439.37,0.0000,1
11937,6723,6733,319.29,762.81,439.34,0.0000,1
11938,6724,6733,319.26,762.92,478.83,0.0000,1
11939,6727,6733,358.75,762.72,478.86,0.0000,1
11940,6730,6728,319.06,723.43,478.94,1.0000,0
11941,6730,6729,319.09,723.33,439.45,1.0000,0
11942,6730,6733,319.18,743.12,459.14,0.8800,0
11943,6730,6732,318.97,703.64,459.25,1.0000,0
11944,6731,6729,358.58,723.12,439.48,1.0000,0
11945,6731,6733,358.66,742.92,459.17,0.9200,0
11946,6731,6728,358.55,723.23,478.97,1.0000,0
11947,6732,6729,338.73,703.48,439.52,1.0000,0
11948,6732,6731,358.46,703.43,459.28,1.0000,0
11949,6732,6728,338.70,703.59,479.01,1.0000,0
11950,6733,6728,338.90,743.08,478.90,0.9200,0
11951,6733,6729,338.94,742.97,439.41,0.9200,0
11952,6734,6743,397.98,703.12,419.82,1.0000,0
11953,6735,6743,437.47,702.92,419.86,1.0000,0
11954,6736,6743,437.67,742.41,419.75,0.8800,0
11955,6737,6743,398.18,742.61,419.71,0.9200,0
11956,6734,6744,378.22,703.28,439.55,1.0000,0
11957,6737,6744,378.42,742.77,439.44,0.9600,0
11958,6738,6744,378.39,742.88,478.93,0.9600,0
11959,6739,6744,378.19,703.39,479.04,1.0000,0
11960,6734,6746,397.87,683.44,439.62,0.9200,0
11961,6735,6746,437.35,683.23,439.66,0.9200,0
11962,6739,6746,397.83,683.54,479.11,1.0000,0
11963,6740,6746,437.32,683.34,479.14,0.0000,1
11964,6736,6747,437.76,762.21,439.44,0.0000,1
11965,6737,6747,398.27,762.41,439.40,0.0000,1
11966,6738,6747,398.24,762.52,478.89,0.0000,1
11967,6741,6747,437.72,762.32,478.93,0.0000,1
11968,6744,6742,398.04,723.03,479.00,1.0000,0
11969,6744,6743,398.07,722.92,439.51,1.0000,0
11970,6744,6747,398.15,742.72,459.20,0.8800,0
11971,6744,6746,397.95,703.23,459.31,0.6800,0
11972,6745,6743,437.56,722.72,439.55,1.0000,0
11973,6745,6747,437.64,742.52,459.24,0.8400,0
11974,6745,6742,437.52,722.83,479.03,1.0000,0
11975,6746,6743,417.71,703.08,439.58,1.0000,0
11976,6746,6745,437.44,703.03,459.35,1.0000,0
11977,6746,6742,417.68,703.19,479.07,1.0000,0
11978,6747,6742,417.88,742.68,478.96,0.9200,0
11979,6747,6743,417.91,742.57,439.48,0.9600,0
11980,6748,6757,476.96,702.72,419.89,1.0000,0
11981,6749,6757,516.45,702.52,419.92,0.0800,1
11982,6750,6757,516.65,742.01,419.81,0.8800,0
11983,6751,6757,477.16,742.21,419.78,0.7200,0
11984,6748,6758,457.20,702.88,439.62,0.0000,1
11985,6751,6758,457.40,742.37,439.51,0.9200,0
11986,6752,6758,457.37,742.48,479.00,0.9200,0
11987,6753,6758,457.17,702.99,479.11,1.0000,0
11988,6748,6760,476.84,683.03,439.69,1.0000,0
11989,6749,6760,516.33,682.83,439.72,1.0000,0
11990,6753,6760,476.81,683.14,479.18,1.0000,0
11991,6754,6760,516.30,682.94,479.21,0.3200,0
11992,6750,6761,516.73,761.81,439.50,0.0000,1
11993,6751,6761,477.24,762.01,439.47,0.0000,1
11994,6752,6761,477.21,762.12,478.96,0.0000,1
11995,6755,6761,516.70,761.92,478.99,0.0000,1
11996,6758,6756,477.01,722.63,479.07,1.0000,0
11997,6758,6757,477.04,722.52,439.58,1.0000,0
11998,6758,6761,477.13,742.32,459.27,0.8800,0
11999,6758,6760,476.93,702.83,459.38,0.5600,0
12000,6759,6757,516.53,722.32,439.61,0.9600,0
12001,6759,6761,516.62,742.12,459.30,0.5200,0
12002,6759,6756,516.50,722.43,479.10,1.0000,0
12003,6760,6757,496.69,702.68,439.65,1.0000,0
12004,6760,6759,516.42,702.63,459.41,1.0000,0
12005,6760,6756,496.66,702.79,479.14,1.0000,0
12006,6761,6756,496.86,742.27,479.03,0.9200,0
12007,6761,6757,496.89,742.17,439.54,0.7200,0
12008,6762,6771,555.94,702.32,419.95,1.0000,0
12009,6763,6771,595.42,702.12,419.99,0.0000,1
12010,6764,6771,595.63,741.61,419.88,0.8400,0
12011,6765,6771,556.14,741.81,419.85,0.4400,0
12012,6762,6772,536.18,702.48,439.68,0.4400,0
12013,6765,6772,536.38,741.96,439.57,0.9200,0
12014,6766,6772,536.34,742.07,479.06,0.8800,0
12015,6767,6772,536.14,702.59,479.17,1.0000,0
12016,6762,6774,555.82,682.63,439.75,0.6000,0
12017,6763,6774,595.31,682.43,439.79,0.0000,1
12018,6767,6774,555.79,682.74,479.24,1.0000,0
12019,6768,6774,595.28,682.54,479.27,0.0800,1
12020,6764,6775,595.71,761.41,439.57,0.0000,1
12021,6765,6775,556.22,761.61,439.54,0.0000,1
12022,6766,6775,556.19,761.72,479.02,0.0000,1
12023,6769,6775,595.68,761.52,479.06,0.0000,1
12024,6772,6770,555.99,722.23,479.13,1.0000,0
12025,6772,6771,556.02,722.12,439.64,1.0000,0
12026,6772,6775,556.10,741.92,459.33,0.8400,0
12027,6772,6774,555.90,702.43,459.44,0.0800,1
12028,6773,6771,595.51,721.92,439.68,0.1200,1
12029,6773,6775,595.59,741.72,459.37,0.0400,1
12030,6773,6770,595.48,722.03,479.17,1.0000,0
12031,6774,6771,575.66,702.28,439.72,1.0000,0
12032,6774,6773,595.39,702.23,459.48,1.0000,0
12033,6774,6770,575.63,702.39,479.20,0.0800,1
12034,6775,6770,575.83,741.87,479.09,0.8800,0
12035,6775,6771,575.87,741.76,439.61,0.3200,0
12036,6776,6785,634.91,701.92,420.02,0.0800,1
12037,6777,6785,674.40,701.72,420.05,0.0800,1
12038,6778,6785,674.60,741.21,419.94,0.8000,0
12039,6779,6785,635.11,741.41,419.91,0.0800,1
12040,6776,6786,615.15,702.07,439.75,0.0000,1
12041,6779,6786,615.35,741.56,439.64,0.8400,0
12042,6780,6786,615.32,741.67,479.13,0.2000,1
12043,6781,6786,615.12,702.18,479.24,1.0000,0
12044,6776,6788,634.80,682.23,439.82,0.0000,1
12045,6777,6788,674.28,682.03,439.85,1.0000,0
12046,6781,6788,634.76,682.34,479.31,1.0000,0
12047,6782,6788,674.25,682.14,479.34,0.1600,1
12048,6778,6789,674.69,761.01,439.63,0.0000,1
12049,6779,6789,635.20,761.21,439.60,0.0000,1
12050,6780,6789,635.17,761.32,479.09,0.0000,1
12051,6783,6789,674.65,761.12,479.12,0.0000,1
12052,6786,6784,634.96,721.83,479.20,0.3200,0
12053,6786,6785,635.00,721.72,439.71,1.0000,0
12054,6786,6789,635.08,741.52,459.40,0.8000,0
12055,6786,6788,634.88,702.03,459.51,0.0800,1
12056,6787,6785,674.49,721.52,439.74,0.0400,1
12057,6787,6789,674.57,741.32,459.43,0.0400,1
12058,6787,6784,674.45,721.63,479.23,1.0000,0
12059,6788,6785,654.64,701.87,439.78,0.8000,0
12060,6788,6787,674.37,701.83,459.54,1.0000,0
12061,6788,6784,654.61,701.98,479.27,0.0800,1
12062,6789,6784,654.81,741.47,479.16,0.5600,0
12063,6789,6785,654.84,741.36,439.67,0.0400,1
12064,6790,6799,713.89,701.52,420.09,0.7200,0
12065,6791,6799,753.38,701.32,420.12,0.0400,1
12066,6792,6799,753.58,740.81,420.01,0.0000,1
12067,6793,6799,714.09,741.01,419.98,0.0800,1
12068,6790,6800,694.13,701.67,439.81,0.0800,1
12069,6793,6800,694.33,741.16,439.70,0.6400,0
12070,6794,6800,694.30,741.27,479.19,0.0400,1
12071,6795,6800,694.10,701.78,479.30,0.4800,0
12072,6791,6801,773.11,701.27,439.88,0.0000,1
12073,6792,6801,773.31,740.76,439.77,0.0000,1
12074,6796,6801,773.07,701.38,479.37,0.0000,1
12075,6797,6801,773.27,740.87,479.26,0.0000,1
12076,6790,6802,713.77,681.83,439.88,0.1200,1
12077,6791,6802,753.26,681.63,439.92,0.6400,0
12078,6795,6802,713.74,681.94,479.37,1.0000,0
12079,6796,6802,753.23,681.74,479.41,0.0400,1
12080,6792,6803,753.66,760.60,439.70,0.0000,1
12081,6793,6803,714.17,760.81,439.67,0.0000,1
12082,6794,6803,714.14,760.91,479.15,0.0000,1
12083,6797,6803,753.63,760.71,479.19,0.0000,1
12084,6800,6798,713.94,721.43,479.26,0.0800,1
12085,6800,6799,713.97,721.32,439.78,1.0000,0
12086,6800,6803,714.06,741.12,459.46,0.2800,1
12087,6800,6802,713.86,701.63,459.57,0.0800,1
12088,6801,6799,753.46,721.12,439.81,0.0000,1
12089,6801,6803,753.55,740.92,459.50,0.0800,1
12090,6801,6798,753.43,721.23,479.30,1.0000,0
12091,6802,6799,733.62,701.47,439.85,0.1200,1
12092,6802,6801,753.35,701.43,459.61,0.6800,0
12093,6802,6798,733.59,701.58,479.33,0.0800,1
12094,6803,6798,733.79,741.07,479.23,0.0000,1
12095,6803,6799,733.82,740.96,439.74,0.0400,1
12096,6804,6813,78.80,73.14,500.29,1.0000,0
12097,6805,6813,118.29,72.94,500.32,1.0000,0
12098,6806,6813,118.49,112.43,500.21,1.0000,0
12099,6807,6813,79.00,112.63,500.18,1.0000,0
12100,6804,6814,59.04,73.29,520.02,1.0000,0
12101,6807,6814,59.24,112.78,519.91,1.0000,0
12102,6808,6814,59.21,112.89,559.39,1.0000,0
12103,6809,6814,59.01,73.40,559.50,1.0000,0
12104,6804,6816,78.68,53.45,520.09,1.0000,0
12105,6805,6816,118.17,53.25,520.12,1.0000,0
12106,6809,6816,78.65,53.56,559.57,1.0000,0
12107,6810,6816,118.14,53.36,559.61,1.0000,0
12108,6814,6812,78.85,93.05,559.47,1.0000,0
12109,6814,6813,78.88,92.94,519.98,1.0000,0
12110,6814,6817,78.97,112.74,539.67,1.0000,0
12111,6814,6816,78.77,73.25,539.78,1.0000,0
12112,6815,6813,118.37,92.74,520.01,1.0000,0
12113,6815,6817,118.46,112.54,539.70,1.0000,0
12114,6815,6812,118.34,92.85,559.50,1.0000,0
12115,6816,6813,98.53,73.09,520.05,1.0000,0
12116,6816,6815,118.25,73.05,539.81,1.0000,0
12117,6816,6812,98.49,73.20,559.54,1.0000,0
12118,6817,6812,98.69,112.69,559.43,1.0000,0
12119,6817,6813,98.73,112.58,519.94,1.0000,0
12120,6818,6827,157.77,72.74,500.35,1.0000,0
12121,6819,6827,197.26,72.54,500.39,1.0000,0
12122,6820,6827,197.46,112.03,500.28,1.0000,0
12123,6821,6827,157.98,112.23,500.24,1.0000,0
12124,6818,6828,138.01,72.89,520.08,1.0000,0
12125,6821,6828,138.22,112.38,519.97,1.0000,0
12126,6822,6828,138.18,112.49,559.46,1.0000,0
12127,6823,6828,137.98,73.00,559.57,1.0000,0
12128,6818,6830,157.66,53.05,520.15,1.0000,0
12129,6819,6830,197.15,52.85,520.18,1.0000,0
12130,6823,6830,157.63,53.16,559.64,1.0000,0
12131,6824,6830,197.11,52.96,559.67,1.0000,0
12132,6828,6826,157.83,92.65,559.53,1.0000,0
12133,6828,6827,157.86,92.54,520.04,1.0000,0
12134,6828,6831,157.94,112.34,539.73,1.0000,0
12135,6828,6830,157.74,72.85,539.84,1.0000,0
12136,6829,6827,197.35,92.34,520.08,1.0000,0
12137,6829,6831,197.43,112.13,539.76,1.0000,0
12138,6829,6826,197.32,92.45,559.56,1.0000,0
12139,6830,6827,177.50,72.69,520.11,1.0000,0
12140,6830,6829,197.23,72.65,539.87,1.0000,0
12141,6830,6826,177.47,72.80,559.60,1.0000,0
12142,6831,6826,177.67,112.29,559.49,1.0000,0
12143,6831,6827,177.70,112.18,520.00,1.0000,0
12144,6832,6841,236.75,72.34,500.42,1.0000,0
12145,6833,6841,276.24,72.14,500.45,1.0000,0
12146,6834,6841,276.44,111.62,500.34,1.0000,0
12147,6835,6841,236.95,111.82,500.31,1.0000,0
12148,6832,6842,216.99,72.49,520.15,1.0000,0
12149,6835,6842,217.19,111.98,520.04,1.0000,0
12150,6836,6842,217.16,112.09,559.53,1.0000,0
12151,6837,6842,216.96,72.60,559.63,1.0000,0
12152,6832,6844,236.63,52.65,520.22,1.0000,0
12153,6833,6844,276.12,52.45,520.25,1.0000,0
12154,6837,6844,236.60,52.76,559.71,1.0000,0
12155,6838,6844,276.09,52.56,559.74,1.0000,0
12156,6842,6840,236.80,92.24,559.60,0.7600,0
12157,6842,6841,236.84,92.14,520.11,1.0000,0
12158,6842,6845,236.92,111.93,539.80,1.0000,0
12159,6842,6844,236.72,72.45,539.91,1.0000,0
12160,6843,6841,276.32,91.93,520.14,1.0000,0
12161,6843,6845,276.41,111.73,539.83,1.0000,0
12162,6843,6840,276.29,92.04,559.63,1.0000,0
12163,6844,6841,256.48,72.29,520.18,1.0000,0
12164,6844,6843,276.21,72.24,539.94,1.0000,0
12165,6844,6840,256.45,72.40,559.67,1.0000,0
12166,6845,6840,256.65,111.89,559.56,1.0000,0
12167,6845,6841,256.68,111.78,520.07,1.0000,0
12168,6846,6855,315.73,71.93,500.48,1.0000,0
12169,6847,6855,355.22,71.73,500.52,1.0000,0
12170,6848,6855,355.42,111.22,500.41,1.0000,0
12171,6849,6855,315.93,111.42,500.37,1.0000,0
12172,6846,6856,295.97,72.09,520.21,1.0000,0
12173,6849,6856,296.17,111.58,520.10,1.0000,0
12174,6850,6856,296.14,111.69,559.59,1.0000,0
12175,6851,6856,295.94,72.20,559.70,1.0000,0
12176,6846,6858,315.61,52.25,520.28,1.0000,0
12177,6847,6858,355.10,52.04,520.32,1.0000,0
12178,6851,6858,315.58,52.35,559.77,1.0000,0
12179,6852,6858,355.07,52.15,559.80,1.0000,0
12180,6856,6854,315.78,91.84,559.66,1.0000,0
12181,6856,6855,315.81,91.73,520.17,1.0000,0
12182,6856,6859,315.90,111.53,539.86,1.0000,0
12183,6856,6858,315.70,72.04,539.97,1.0000,0
12184,6857,6855,355.30,91.53,520.21,1.0000,0
12185,6857,6859,355.38,111.33,539.90,1.0000,0
12186,6857,6854,355.27,91.64,559.69,1.0000,0
12187,6858,6855,335.46,71.89,520.24,1.0000,0
12188,6858,6857,355.18,71.84,540.00,1.0000,0
12189,6858,6854,335.42,72.00,559.73,1.0000,0
12190,6859,6854,335.62,111.49,559.62,1.0000,0
12191,6859,6855,335.66,111.38,520.13,1.0000,0
12192,6860,6869,394.70,71.53,500.55,1.0000,0
12193,6861,6869,434.19,71.33,500.58,1.0000,0
12194,6862,6869,434.39,110.82,500.47,1.0000,0
12195,6863,6869,394.91,111.02,500.44,1.0000,0
12196,6860,6870,374.94,71.69,520.28,1.0000,0
12197,6863,6870,375.15,111.18,520.17,1.0000,0
12198,6864,6870,375.11,111.29,559.66,1.0000,0
12199,6865,6870,374.91,71.80,559.77,1.0000,0
12200,6860,6872,394.59,51.84,520.35,1.0000,0
12201,6861,6872,434.08,51.64,520.38,1.0000,0
12202,6865,6872,394.56,51.95,559.84,1.0000,0
12203,6866,6872,434.04,51.75,559.87,1.0000,0
12204,6870,6868,394.76,91.44,559.73,1.0000,0
12205,6870,6869,394.79,91.33,520.24,1.0000,0
12206,6870,6873,394.87,111.13,539.93,1.0000,0
12207,6870,6872,394.67,71.64,540.04,1.0000,0
12208,6871,6869,434.28,91.13,520.27,1.0000,0
12209,6871,6873,434.36,110.93,539.96,1.0000,0
12210,6871,6868,434.24,91.24,559.76,1.0000,0
12211,6872,6869,414.43,71.49,520.31,1.0000,0
12212,6872,6871,434.16,71.44,540.07,1.0000,0
12213,6872,6868,414.40,71.60,559.80,1.0000,0
12214,6873,6868,414.60,111.08,559.69,1.0000,0
12215,6873,6869,414.63,110.98,520.20,1.0000,0
12216,6874,6883,473.68,71.13,500.61,0.9200,0
12217,6875,6883,513.17,70.93,500.65,1.0000,0
12218,6876,6883,513.37,110.42,500.54,1.0000,0
12219,6877,6883,473.88,110.62,500.51,1.0000,0
12220,6874,6884,453.92,71.29,520.34,1.0000,0
12221,6877,6884,454.12,110.77,520.23,1.0000,0
12222,6878,6884,454.09,110.88,559.72,1.0000,0
12223,6879,6884,453.89,71.40,559.83,1.0000,0
12224,6874,6886,473.56,51.44,520.41,1.0000,0
12225,6875,6886,513.05,51.24,520.45,1.0000,0
12226,6879,6886,473.53,51.55,559.90,1.0000,0
12227,6880,6886,513.02,51.35,559.93,1.0000,0
12228,6884,6882,473.73,91.04,559.79,1.0000,0
12229,6884,6883,473.77,90.93,520.30,1.0000,0
12230,6884,6887,473.85,110.73,539.99,1.0000,0
12231,6884,6886,473.65,71.24,540.10,1.0000,0
12232,6885,6883,513.25,90.73,520.34,1.0000,0
12233,6885,6887,513.34,110.53,540.03,1.0000,0
12234,6885,6882,513.22,90.84,559.83,1.0000,0
12235,6886,6883,493.41,71.09,520.38,1.0000,0
12236,6886,6885,513.14,71.04,540.14,0.9600,0
12237,6886,6882,493.38,71.20,559.86,1.0000,0
12238,6887,6882,493.58,110.68,559.75,1.0000,0
12239,6887,6883,493.61,110.57,520.27,1.0000,0
12240,6888,6897,552.66,70.73,500.68,1.0000,0
12241,6889,6897,592.15,70.53,500.71,1.0000,0
12242,6890,6897,592.35,110.02,500.60,1.0000,0
12243,6891,6897,552.86,110.22,500.57,1.0000,0
12244,6888,6898,532.90,70.89,520.41,1.0000,0
12245,6891,6898,533.10,110.37,520.30,1.0000,0
12246,6892,6898,533.07,110.48,559.79,1.0000,0
12247,6893,6898,532.87,70.99,559.90,0.9200,0
12248,6888,6900,552.54,51.04,520.48,1.0000,0
12249,6889,6900,592.03,50.84,520.51,1.0000,0
12250,6893,6900,552.51,51.15,559.97,1.0000,0
12251,6894,6900,592.00,50.95,560.00,1.0000,0
12252,6898,6896,552.71,90.64,559.86,1.0000,0
12253,6898,6897,552.74,90.53,520.37,1.0000,0
12254,6898,6901,552.83,110.33,540.06,1.0000,0
12255,6898,6900,552.63,70.84,540.17,0.9600,0
12256,6899,6897,592.23,90.33,520.40,1.0000,0
12257,6899,6901,592.31,110.13,540.09,0.9600,0
12258,6899,6896,592.20,90.44,559.89,1.0000,0
12259,6900,6897,572.39,70.68,520.44,0.9600,0
12260,6900,6899,592.11,70.64,540.20,1.0000,0
12261,6900,6896,572.35,70.79,559.93,1.0000,0
12262,6901,6896,572.55,110.28,559.82,0.4400,0
12263,6901,6897,572.59,110.17,520.33,0.6400,0
12264,6902,6911,631.63,70.33,500.75,1.0000,0
12265,6903,6911,671.12,70.13,500.78,0.4400,0
12266,6904,6911,671.32,109.62,500.67,1.0000,0
12267,6905,6911,631.84,109.82,500.64,0.6800,0
12268,6902,6912,611.87,70.48,520.47,0.8000,0
12269,6905,6912,612.07,109.97,520.36,0.1200,1
12270,6906,6912,612.04,110.08,559.85,0.4400,0
12271,6907,6912,611.84,70.59,559.96,0.1200,1
12272,6902,6914,631.52,50.64,520.54,1.0000,0
12273,6903,6914,671.01,50.44,520.58,1.0000,0
12274,6907,6914,631.49,50.75,560.03,1.0000,0
12275,6908,6914,670.97,50.55,560.07,0.6000,0
12276,6912,6910,631.69,90.24,559.92,0.7600,0
12277,6912,6911,631.72,90.13,520.44,1.0000,0
12278,6912,6915,631.80,109.93,540.12,1.0000,0
12279,6912,6914,631.60,70.44,540.23,0.8000,0
12280,6913,6911,671.21,89.93,520.47,0.2800,1
12281,6913,6915,671.29,109.73,540.16,0.0400,1
12282,6913,6910,671.17,90.04,559.96,1.0000,0
12283,6914,6911,651.36,70.28,520.51,0.2400,1
12284,6914,6913,671.09,70.24,540.27,1.0000,0
12285,6914,6910,651.33,70.39,559.99,0.3600,0
12286,6915,6910,651.53,109.88,559.89,0.0400,1
12287,6915,6911,651.56,109.77,520.40,0.0800,1
12288,6916,6925,710.61,69.93,500.81,0.8800,0
12289,6917,6925,750.10,69.73,500.84,0.1200,1
12290,6918,6925,750.30,109.21,500.73,1.0000,0
12291,6919,6925,710.81,109.41,500.70,0.0800,1
12292,6916,6926,690.85,70.08,520.54,0.0400,1
12293,6919,6926,691.05,109.57,520.43,0.0400,1
12294,6920,6926,691.02,109.68,559.92,0.0800,1
12295,6921,6926,690.82,70.19,560.03,0.0400,1
12296,6917,6927,769.83,69.68,520.60,0.0000,1
12297,6918,6927,770.03,109.17,520.49,0.0000,1
12298,6922,6927,769.79,69.79,560.09,0.0000,1
12299,6923,6927,770.00,109.28,559.98,0.0000,1
12300,6916,6928,710.49,50.24,520.61,0.0000,1
12301,6917,6928,749.98,50.04,520.64,1.0000,0
12302,6921,6928,710.46,50.35,560.10,1.0000,0
12303,6922,6928,749.95,50.15,560.13,0.0000,1
12304,6926,6924,710.66,89.83,559.99,0.1200,1
12305,6926,6925,710.70,89.73,520.50,1.0000,0
12306,6926,6929,710.78,109.52,540.19,1.0000,0
12307,6926,6928,710.58,70.04,540.30,0.1600,1
12308,6927,6925,750.18,89.52,520.53,0.0000,1
12309,6927,6929,750.27,109.32,540.22,0.0400,1
12310,6927,6924,750.15,89.63,560.02,0.8800,0
12311,6928,6925,730.34,69.88,520.57,0.0800,1
12312,6928,6927,750.07,69.84,540.33,0.7600,0
12313,6928,6924,730.31,69.99,560.06,0.0800,1
12314,6929,6924,730.51,109.48,559.95,0.0800,1
12315,6929,6925,730.54,109.37,520.46,0.0800,1
12316,6930,6939,79.20,152.12,500.07,1.0000,0
12317,6931,6939,118.69,151.91,500.10,1.0000,0
12318,6932,6939,118.89,191.40,499.99,1.0000,0
12319,6933,6939,79.40,191.60,499.96,1.0000,0
12320,6930,6940,59.44,152.27,519.80,1.0000,0
12321,6933,6940,59.64,191.76,519.69,1.0000,0
12322,6934,6940,59.61,191.87,559.18,1.0000,0
12323,6935,6940,59.41,152.38,559.29,1.0000,0
12324,6930,6942,79.08,132.43,519.87,1.0000,0
12325,6931,6942,118.57,132.23,519.90,1.0000,0
12326,6935,6942,79.05,132.54,559.36,1.0000,0
12327,6936,6942,118.54,132.34,559.39,1.0000,0
12328,6940,6938,79.25,172.02,559.25,0.7200,0
12329,6940,6939,79.28,171.91,519.76,1.0000,0
12330,6940,6943,79.37,191.71,539.45,1.0000,0
12331,6940,6942,79.17,152.23,539.56,1.0000,0
12332,6941,6939,118.77,171.71,519.79,1.0000,0
12333,6941,6943,118.86,191.51,539.48,1.0000,0
12334,6941,6938,118.74,171.82,559.28,1.0000,0
12335,6942,6939,98.93,152.07,519.83,1.0000,0
12336,6942,6941,118.66,152.02,539.59,1.0000,0
12337,6942,6938,98.90,152.18,559.32,1.0000,0
12338,6943,6938,99.10,191.67,559.21,1.0000,0
12339,6943,6939,99.13,191.56,519.72,1.0000,0
12340,6944,6953,158.18,151.71,500.13,1.0000,0
12341,6945,6953,197.66,151.51,500.17,1.0000,0
12342,6946,6953,197.87,191.00,500.06,1.0000,0
12343,6947,6953,158.38,191.20,500.02,1.0000,0
12344,6944,6954,138.42,151.87,519.86,1.0000,0
12345,6947,6954,138.62,191.36,519.75,1.0000,0
12346,6948,6954,138.59,191.47,559.24,1.0000,0
12347,6949,6954,138.38,151.98,559.35,1.0000,0
12348,6944,6956,158.06,132.02,519.93,1.0000,0
12349,6945,6956,197.55,131.82,519.97,1.0000,0
12350,6949,6956,158.03,132.13,559.42,1.0000,0
12351,6950,6956,197.52,131.93,559.45,1.0000,0
12352,6954,6952,158.23,171.62,559.31,0.6800,0
12353,6954,6953,158.26,171.51,519.82,1.0000,0
12354,6954,6957,158.35,191.31,539.51,1.0000,0
12355,6954,6956,158.14,151.82,539.62,1.0000,0
12356,6955,6953,197.75,171.31,519.86,1.0000,0
12357,6955,6957,197.83,191.11,539.55,1.0000,0
12358,6955,6952,197.72,171.42,559.35,1.0000,0
12359,6956,6953,177.90,151.67,519.89,1.0000,0
12360,6956,6955,197.63,151.62,539.66,1.0000,0
12361,6956,6952,177.87,151.78,559.38,1.0000,0
12362,6957,6952,178.07,191.27,559.27,1.0000,0
12363,6957,6953,178.11,191.16,519.79,1.0000,0
12364,6958,6967,237.15,151.31,500.20,1.0000,0
12365,6959,6967,276.64,151.11,500.23,1.0000,0
12366,6960,6967,276.84,190.60,500.12,1.0000,0
12367,6961,6967,237.35,190.80,500.09,1.0000,0
12368,6958,6968,217.39,151.47,519.93,1.0000,0
12369,6961,6968,217.59,190.96,519.82,1.0000,0
12370,6962,6968,217.56,191.07,559.31,1.0000,0
12371,6963,6968,217.36,151.58,559.42,1.0000,0
12372,6958,6970,237.04,131.62,520.00,1.0000,0
12373,6959,6970,276.52,131.42,520.03,1.0000,0
12374,6963,6970,237.00,131.73,559.49,1.0000,0
12375,6964,6970,276.49,131.53,559.52,1.0000,0
12376,6968,6966,237.21,171.22,559.38,1.0000,0
12377,6968,6967,237.24,171.11,519.89,1.0000,0
12378,6968,6971,237.32,190.91,539.58,1.0000,0
12379,6968,6970,237.12,151.42,539.69,1.0000,0
12380,6969,6967,276.73,170.91,519.92,1.0000,0
12381,6969,6971,276.81,190.71,539.61,1.0000,0
12382,6969,6966,276.69,171.02,559.41,1.0000,0
12383,6970,6967,256.88,151.27,519.96,1.0000,0
12384,6970,6969,276.61,151.22,539.72,1.0000,0
12385,6970,6966,256.85,151.38,559.45,1.0000,0
12386,6971,6966,257.05,190.86,559.34,1.0000,0
12387,6971,6967,257.08,190.76,519.85,1.0000,0
12388,6972,6981,316.13,150.91,500.27,1.0000,0
12389,6973,6981,355.62,150.71,500.30,1.0000,0
12390,6974,6981,355.82,190.20,500.19,1.0000,0
12391,6975,6981,316.33,190.40,500.16,1.0000,0
12392,6972,6982,296.37,151.07,519.99,1.0000,0
12393,6975,6982,296.57,190.55,519.88,1.0000,0
12394,6976,6982,296.54,190.66,559.37,1.0000,0
12395,6977,6982,296.34,151.18,559.48,1.0000,0
12396,6972,6984,316.01,131.22,520.06,1.0000,0
12397,6973,6984,355.50,131.02,520.10,1.0000,0
12398,6977,6984,315.98,131.33,559.55,1.0000,0
12399,6978,6984,355.47,131.13,559.59,0.8000,0
12400,6982,6980,316.18,170.82,559.44,1.0000,0
12401,6982,6981,316.21,170.71,519.95,1.0000,0
12402,6982,6985,316.30,190.51,539.64,1.0000,0
12403,6982,6984,316.10,151.02,539.75,1.0000,0
12404,6983,6981,355.70,170.51,519.99,1.0000,0
12405,6983,6985,355.79,190.31,539.68,1.0000,0
12406,6983,6980,355.67,170.62,559.48,1.0000,0
12407,6984,6981,335.86,150.87,520.03,1.0000,0
12408,6984,6983,355.59,150.82,539.79,1.0000,0
12409,6984,6980,335.83,150.97,559.51,1.0000,0
12410,6985,6980,336.03,190.46,559.41,1.0000,0
12411,6985,6981,336.06,190.35,519.92,1.0000,0
12412,6986,6995,395.11,150.51,500.33,1.0000,0
12413,6987,6995,434.59,150.31,500.36,1.0000,0
12414,6988,6995,434.80,189.80,500.25,1.0000,0
12415,6989,6995,395.31,190.00,500.22,1.0000,0
12416,6986,6996,375.35,150.66,520.06,1.0000,0
12417,6989,6996,375.55,190.15,519.95,1.0000,0
12418,6990,6996,375.51,190.26,559.44,1.0000,0
12419,6991,6996,375.31,150.77,559.55,1.0000,0
12420,6986,6998,394.99,130.82,520.13,1.0000,0
12421,6987,6998,434.48,130.62,520.16,1.0000,0
12422,6991,6998,394.96,130.93,559.62,1.0000,0
12423,6992,6998,434.45,130.73,559.65,1.0000,0
12424,6996,6994,395.16,170.42,559.51,1.0000,0
12425,6996,6995,395.19,170.31,520.02,1.0000,0
12426,6996,6999,395.27,190.11,539.71,1.0000,0
12427,6996,6998,395.07,150.62,539.82,1.0000,0
12428,6997,6995,434.68,170.11,520.05,1.0000,0
12429,6997,6999,434.76,189.91,539.74,1.0000,0
12430,6997,6994,434.65,170.22,559.54,1.0000,0
12431,6998,6995,414.83,150.46,520.09,1.0000,0
12432,6998,6997,434.56,150.42,539.85,1.0000,0
12433,6998,6994,414.80,150.57,559.58,1.0000,0
12434,6999,6994,415.00,190.06,559.47,1.0000,0
12435,6999,6995,415.04,189.95,519.98,1.0000,0
12436,7000,7009,474.08,150.11,500.40,1.0000,0
12437,7001,7009,513.57,149.91,500.43,1.0000,0
12438,7002,7009,513.77,189.40,500.32,1.0000,0
12439,7003,7009,474.28,189.60,500.29,1.0000,0
12440,7000,7010,454.32,150.26,520.12,1.0000,0
12441,7003,7010,454.52,189.75,520.01,1.0000,0
12442,7004,7010,454.49,189.86,559.50,1.0000,0
12443,7005,7010,454.29,150.37,559.61,1.0000,0
12444,7000,7012,473.97,130.42,520.19,1.0000,0
12445,7001,7012,513.45,130.22,520.23,1.0000,0
12446,7005,7012,473.93,130.53,559.68,1.0000,0
12447,7006,7012,513.42,130.33,559.72,1.0000,0
12448,7010,7008,474.14,170.02,559.57,1.0000,0
12449,7010,7009,474.17,169.91,520.09,1.0000,0
12450,7010,7013,474.25,189.71,539.78,1.0000,0
12451,7010,7012,474.05,150.22,539.88,1.0000,0
12452,7011,7009,513.66,169.71,520.12,1.0000,0
12453,7011,7013,513.74,189.50,539.81,0.9600,0
12454,7011,7008,513.62,169.82,559.61,1.0000,0
12455,7012,7009,493.81,150.06,520.16,1.0000,0
12456,7012,7011,513.54,150.02,539.92,1.0000,0
12457,7012,7008,493.78,150.17,559.65,1.0000,0
12458,7013,7008,493.98,189.66,559.54,1.0000,0
12459,7013,7009,494.01,189.55,520.05,1.0000,0
12460,7014,7023,553.06,149.71,500.46,1.0000,0
12461,7015,7023,592.55,149.51,500.49,0.6000,0
12462,7016,7023,592.75,188.99,500.38,1.0000,0
12463,7017,7023,553.26,189.19,500.35,0.8000,0
12464,7014,7024,533.30,149.86,520.19,1.0000,0
12465,7017,7024,533.50,189.35,520.08,0.9600,0
12466,7018,7024,533.47,189.46,559.57,1.0000,0
12467,7019,7024,533.27,149.97,559.68,1.0000,0
12468,7014,7026,552.94,130.02,520.26,1.0000,0
12469,7015,7026,592.43,129.82,520.29,1.0000,0
12470,7019,7026,552.91,130.13,559.75,1.0000,0
12471,7020,7026,592.40,129.93,559.78,0.9600,0
12472,7024,7022,553.11,169.61,559.64,0.9200,0
12473,7024,7023,553.14,169.51,520.15,1.0000,0
12474,7024,7027,553.23,189.30,539.84,1.0000,0
12475,7024,7026,553.03,149.82,539.95,0.9600,0
12476,7025,7023,592.63,169.30,520.18,0.9600,0
12477,7025,7027,592.72,189.10,539.87,0.4800,0
12478,7025,7022,592.60,169.41,559.67,1.0000,0
12479,7026,7023,572.79,149.66,520.22,0.7200,0
12480,7026,7025,592.52,149.61,539.98,1.0000,0
12481,7026,7022,572.76,149.77,559.71,0.8800,0
12482,7027,7022,572.96,189.26,559.60,0.6000,0
12483,7027,7023,572.99,189.15,520.11,0.7600,0
12484,7028,7037,632.04,149.30,500.53,1.0000,0
12485,7029,7037,671.52,149.10,500.56,0.0800,1
12486,7030,7037,671.73,188.59,500.45,1.0000,0
12487,7031,7037,632.24,188.79,500.42,0.1600,1
12488,7028,7038,612.28,149.46,520.25,0.0800,1
12489,7031,7038,612.48,188.95,520.15,0.4800,0
12490,7032,7038,612.44,189.06,559.63,0.6800,0
12491,7033,7038,612.24,149.57,559.74,0.5600,0
12492,7028,7040,631.92,129.62,520.33,0.6800,0
12493,7029,7040,671.41,129.41,520.36,1.0000,0
12494,7033,7040,631.89,129.72,559.81,1.0000,0
12495,7034,7040,671.38,129.52,559.85,0.4000,0
12496,7038,7036,632.09,169.21,559.71,0.6800,0
12497,7038,7037,632.12,169.10,520.22,0.6400,0
12498,7038,7041,632.20,188.90,539.91,1.0000,0
12499,7038,7040,632.00,149.41,540.02,0.4000,0
12500,7039,7037,671.61,168.90,520.25,0.2800,1
12501,7039,7041,671.69,188.70,539.94,0.2000,1
12502,7039,7036,671.58,169.01,559.74,1.0000,0
12503,7040,7037,651.76,149.26,520.29,0.0400,1
12504,7040,7039,671.49,149.21,540.05,0.9600,0
12505,7040,7036,651.73,149.37,559.78,0.0800,1
12506,7041,7036,651.93,188.86,559.67,0.0400,1
12507,7041,7037,651.96,188.75,520.18,0.0800,1
12508,7042,7051,711.01,148.90,500.59,1.0000,0
12509,7043,7051,750.50,148.70,500.62,0.0000,1
12510,7044,7051,750.70,188.19,500.52,1.0000,0
12511,7045,7051,711.21,188.39,500.48,0.0800,1
12512,7042,7052,691.25,149.06,520.32,0.0800,1
12513,7045,7052,691.45,188.55,520.21,0.0800,1
12514,7046,7052,691.42,188.66,559.70,0.0400,1
12515,7047,7052,691.22,149.17,559.81,0.0800,1
12516,7043,7053,770.23,148.66,520.39,0.0000,1
12517,7044,7053,770.43,188.14,520.28,0.0000,1
12518,7048,7053,770.20,148.77,559.87,0.0000,1
12519,7049,7053,770.40,188.25,559.77,0.0000,1
12520,7042,7054,710.90,129.21,520.39,0.0400,1
12521,7043,7054,750.38,129.01,520.42,0.4000,0
12522,7047,7054,710.86,129.32,559.88,1.0000,0
12523,7048,7054,750.35,129.12,559.91,0.0400,1
12524,7052,7050,711.06,168.81,559.77,0.0400,1
12525,7052,7051,711.10,168.70,520.28,1.0000,0
12526,7052,7055,711.18,188.50,539.97,1.0000,0
12527,7052,7054,710.98,149.01,540.08,0.0800,1
12528,7053,7051,750.59,168.50,520.31,0.1600,1
12529,7053,7055,750.67,188.30,540.00,0.0400,1
12530,7053,7050,750.55,168.61,559.80,0.3600,0
12531,7054,7051,730.74,148.86,520.35,0.0800,1
12532,7054,7053,750.47,148.81,540.11,0.8400,0
12533,7054,7050,730.71,148.97,559.84,0.1600,1
12534,7055,7050,730.91,188.45,559.73,0.0800,1
12535,7055,7051,730.94,188.35,520.24,0.0800,1
12536,7056,7065,79.60,231.09,499.85,1.0000,0
12537,7057,7065,119.09,230.89,499.88,1.0000,0
12538,7058,7065,119.29,270.38,499.77,1.0000,0
12539,7059,7065,79.80,270.58,499.74,1.0000,0
12540,7056,7066,59.84,231.25,519.58,1.0000,0
12541,7059,7066,60.04,270.74,519.47,1.0000,0
12542,7060,7066,60.01,270.84,558.96,1.0000,0
12543,7061,7066,59.81,231.36,559.07,1.0000,0
12544,7056,7068,79.49,211.40,519.65,1.0000,0
12545,7057,7068,118.97,211.20,519.68,1.0000,0
12546,7061,7068,79.45,211.51,559.14,1.0000,0
12547,7062,7068,118.94,211.31,559.17,1.0000,0
12548,7066,7064,79.65,251.00,559.03,1.0000,0
12549,7066,7065,79.69,250.89,519.54,0.4000,0
12550,7066,7069,79.77,270.69,539.23,1.0000,0
12551,7066,7068,79.57,231.20,539.34,1.0000,0
12552,7067,7065,119.17,250.69,519.57,1.0000,0
12553,7067,7069,119.26,270.49,539.26,1.0000,0
12554,7067,7064,119.14,250.80,559.06,1.0000,0
12555,7068,7065,99.33,231.05,519.61,1.0000,0
12556,7068,7067,119.06,231.00,539.37,1.0000,0
12557,7068,7064,99.30,231.16,559.10,1.0000,0
12558,7069,7064,99.50,270.64,558.99,1.0000,0
12559,7069,7065,99.53,270.53,519.50,1.0000,0
12560,7070,7079,158.58,230.69,499.92,1.0000,0
12561,7071,7079,198.07,230.49,499.95,1.0000,0
12562,7072,7079,198.27,269.98,499.84,1.0000,0
12563,7073,7079,158.78,270.18,499.81,1.0000,0
12564,7070,7080,138.82,230.85,519.64,1.0000,0
12565,7073,7080,139.02,270.33,519.53,1.0000,0
12566,7074,7080,138.99,270.44,559.02,1.0000,0
12567,7075,7080,138.79,230.95,559.13,1.0000,0
12568,7070,7082,158.46,211.00,519.71,1.0000,0
12569,7071,7082,197.95,210.80,519.75,0.8000,0
12570,7075,7082,158.43,211.11,559.20,1.0000,0
12571,7076,7082,197.92,210.91,559.24,1.0000,0
12572,7080,7078,158.63,250.60,559.09,1.0000,0
12573,7080,7079,158.66,250.49,519.61,1.0000,0
12574,7080,7083,158.75,270.29,539.30,1.0000,0
12575,7080,7082,158.55,230.80,539.40,1.0000,0
12576,7081,7079,198.15,250.29,519.64,1.0000,0
12577,7081,7083,198.24,270.09,539.33,1.0000,0
12578,7081,7078,198.12,250.40,559.13,0.7200,0
12579,7082,7079,178.31,230.64,519.68,1.0000,0
12580,7082,7081,198.03,230.60,539.44,1.0000,0
12581,7082,7078,178.27,230.75,559.17,1.0000,0
12582,7083,7078,178.48,270.24,559.06,1.0000,0
12583,7083,7079,178.51,270.13,519.57,1.0000,0
12584,7084,7093,237.55,230.29,499.98,1.0000,0
12585,7085,7093,277.04,230.09,500.01,1.0000,0
12586,7086,7093,277.24,269.58,499.90,1.0000,0
12587,7087,7093,237.76,269.78,499.87,1.0000,0
12588,7084,7094,217.79,230.44,519.71,1.0000,0
12589,7087,7094,218.00,269.93,519.60,1.0000,0
12590,7088,7094,217.96,270.04,559.09,1.0000,0
12591,7089,7094,217.76,230.55,559.20,1.0000,0
12592,7084,7096,237.44,210.60,519.78,1.0000,0
12593,7085,7096,276.93,210.40,519.81,1.0000,0
12594,7089,7096,237.41,210.71,559.27,1.0000,0
12595,7090,7096,276.89,210.51,559.30,1.0000,0
12596,7094,7092,237.61,250.20,559.16,1.0000,0
12597,7094,7093,237.64,250.09,519.67,1.0000,0
12598,7094,7097,237.72,269.89,539.36,1.0000,0
12599,7094,7096,237.52,230.40,539.47,1.0000,0
12600,7095,7093,277.13,249.89,519.70,1.0000,0
12601,7095,7097,277.21,269.69,539.39,1.0000,0
12602,7095,7092,277.10,250.00,559.19,1.0000,0
12603,7096,7093,257.28,230.24,519.74,1.0000,0
12604,7096,7095,277.01,230.20,539.50,1.0000,0
12605,7096,7092,257.25,230.35,559.23,1.0000,0
12606,7097,7092,257.45,269.84,559.12,1.0000,0
12607,7097,7093,257.48,269.73,519.63,1.0000,0
12608,7098,7107,316.53,229.89,500.05,1.0000,0
12609,7099,7107,356.02,229.69,500.08,1.0000,0
12610,7100,7107,356.22,269.17,499.97,1.0000,0
12611,7101,7107,316.73,269.38,499.94,1.0000,0
12612,7098,7108,296.77,230.04,519.77,1.0000,0
12613,7101,7108,296.97,269.53,519.67,1.0000,0
12614,7102,7108,296.94,269.64,559.15,1.0000,0
12615,7103,7108,296.74,230.15,559.26,1.0000,0
12616,7098,7110,316.41,210.20,519.85,1.0000,0
12617,7099,7110,355.90,210.00,519.88,1.0000,0
12618,7103,7110,316.38,210.31,559.33,1.0000,0
12619,7104,7110,355.87,210.11,559.37,0.0000,1
12620,7108,7106,316.58,249.80,559.22,1.0000,0
12621,7108,7107,316.62,249.69,519.74,1.0000,0
12622,7108,7111,316.70,269.48,539.43,1.0000,0
12623,7108,7110,316.50,230.00,539.54,1.0000,0
12624,7109,7107,356.10,249.49,519.77,1.0000,0
12625,7109,7111,356.19,269.28,539.46,1.0000,0
12626,7109,7106,356.07,249.59,559.26,1.0000,0
12627,7110,7107,336.26,229.84,519.81,1.0000,0
12628,7110,7109,355.99,229.80,539.57,1.0000,0
12629,7110,7106,336.23,229.95,559.30,1.0000,0
12630,7111,7106,336.43,269.44,559.19,1.0000,0
12631,7111,7107,336.46,269.33,519.70,1.0000,0
12632,7112,7121,395.51,229.49,500.11,1.0000,0
12633,7113,7121,435.00,229.28,500.14,1.0000,0
12634,7114,7121,435.20,268.77,500.04,1.0000,0
12635,7115,7121,395.71,268.97,500.00,1.0000,0
12636,7112,7122,375.75,229.64,519.84,1.0000,0
12637,7115,7122,375.95,269.13,519.73,1.0000,0
12638,7116,7122,375.92,269.24,559.22,1.0000,0
12639,7117,7122,375.72,229.75,559.33,0.0400,1
12640,7112,7124,395.39,209.80,519.91,1.0000,0
12641,7113,7124,434.88,209.60,519.94,1.0000,0
12642,7117,7124,395.36,209.91,559.40,1.0000,0
12643,7118,7124,434.85,209.70,559.43,1.0000,0
12644,7122,7120,395.56,249.39,559.29,0.7200,0
12645,7122,7121,395.59,249.28,519.80,1.0000,0
12646,7122,7125,395.68,269.08,539.49,1.0000,0
12647,7122,7124,395.48,229.60,539.60,1.0000,0
12648,7123,7121,435.08,249.08,519.83,1.0000,0
12649,7123,7125,435.17,268.88,539.52,1.0000,0
12650,7123,7120,435.05,249.19,559.32,1.0000,0
12651,7124,7121,415.24,229.44,519.87,1.0000,0
12652,7124,7123,434.96,229.39,539.63,1.0000,0
12653,7124,7120,415.20,229.55,559.36,1.0000,0
12654,7125,7120,415.40,269.04,559.25,1.0000,0
12655,7125,7121,415.44,268.93,519.76,1.0000,0
12656,7126,7135,474.48,229.08,500.18,1.0000,0
12657,7127,7135,513.97,228.88,500.21,1.0000,0
12658,7128,7135,514.17,268.37,500.10,1.0000,0
12659,7129,7135,474.69,268.57,500.07,1.0000,0
12660,7126,7136,454.72,229.24,519.91,1.0000,0
12661,7129,7136,454.93,268.73,519.80,1.0000,0
12662,7130,7136,454.89,268.84,559.28,1.0000,0
12663,7131,7136,454.69,229.35,559.39,1.0000,0
12664,7126,7138,474.37,209.39,519.98,1.0000,0
12665,7127,7138,513.86,209.19,520.01,0.9600,0
12666,7131,7138,474.34,209.50,559.47,1.0000,0
12667,7132,7138,513.82,209.30,559.50,1.0000,0
12668,7136,7134,474.54,248.99,559.36,1.0000,0
12669,7136,7135,474.57,248.88,519.87,1.0000,0
12670,7136,7139,474.65,268.68,539.56,1.0000,0
12671,7136,7138,474.45,229.19,539.67,1.0000,0
12672,7137,7135,514.06,248.68,519.90,0.8000,0
12673,7137,7139,514.14,268.48,539.59,1.0000,0
12674,7137,7134,514.03,248.79,559.39,0.8400,0
12675,7138,7135,494.21,229.04,519.94,1.0000,0
12676,7138,7137,513.94,228.99,539.70,1.0000,0
12677,7138,7134,494.18,229.15,559.43,1.0000,0
12678,7139,7134,494.38,268.64,559.32,1.0000,0
12679,7139,7135,494.41,268.53,519.83,1.0000,0
12680,7140,7149,553.46,228.68,500.24,1.0000,0
12681,7141,7149,592.95,228.48,500.28,0.5600,0
12682,7142,7149,593.15,267.97,500.17,1.0000,0
12683,7143,7149,553.66,268.17,500.13,0.8800,0
12684,7140,7150,533.70,228.84,519.97,0.9600,0
12685,7143,7150,533.90,268.33,519.86,1.0000,0
12686,7144,7150,533.87,268.44,559.35,1.0000,0
12687,7145,7150,533.67,228.95,559.46,1.0000,0
12688,7140,7152,553.34,208.99,520.04,1.0000,0
12689,7141,7152,592.83,208.79,520.07,1.0000,0
12690,7145,7152,553.31,209.10,559.53,1.0000,0
12691,7146,7152,592.80,208.90,559.56,1.0000,0
12692,7150,7148,553.51,248.59,559.42,1.0000,0
12693,7150,7149,553.55,248.48,519.93,0.9600,0
12694,7150,7153,553.63,268.28,539.62,1.0000,0
12695,7150,7152,553.43,228.79,539.73,0.9200,0
12696,7151,7149,593.03,248.28,519.97,0.9600,0
12697,7151,7153,593.12,268.08,539.66,0.5600,0
12698,7151,7148,593.00,248.39,559.45,1.0000,0
12699,7152,7149,573.19,228.64,520.00,0.8000,0
12700,7152,7151,592.92,228.59,539.76,1.0000,0
12701,7152,7148,573.16,228.75,559.49,0.7600,0
12702,7153,7148,573.36,268.23,559.38,0.9600,0
12703,7153,7149,573.39,268.12,519.89,0.8800,0
12704,7154,7163,632.44,228.28,500.31,1.0000,0
12705,7155,7163,671.93,228.08,500.34,0.0800,1
12706,7156,7163,672.13,267.57,500.23,0.9600,0
12707,7157,7163,632.64,267.77,500.20,0.0800,1
12708,7154,7164,612.68,228.44,520.04,0.0800,1
12709,7157,7164,612.88,267.92,519.93,0.0400,1
12710,7158,7164,612.85,268.03,559.42,0.0800,1
12711,7159,7164,612.65,228.55,559.52,0.0800,1
12712,7154,7166,632.32,208.59,520.11,0.1600,1
12713,7155,7166,671.81,208.39,520.14,1.0000,0
12714,7159,7166,632.29,208.70,559.60,1.0000,0
12715,7160,7166,671.78,208.50,559.63,0.0800,1
12716,7164,7162,632.49,248.19,559.49,0.2400,1
12717,7164,7163,632.52,248.08,520.00,1.0000,0
12718,7164,7167,632.61,267.88,539.69,1.0000,0
12719,7164,7166,632.41,228.39,539.80,0.2400,1
12720,7165,7163,672.01,247.88,520.03,0.1200,1
12721,7165,7167,672.09,267.68,539.72,0.0800,1
12722,7165,7162,671.98,247.99,559.52,0.7600,0
12723,7166,7163,652.17,228.24,520.07,0.0800,1
12724,7166,7165,671.89,228.19,539.83,1.0000,0
12725,7166,7162,652.13,228.34,559.56,0.1200,1
12726,7167,7162,652.33,267.83,559.45,0.0400,1
12727,7167,7163,652.37,267.72,519.96,0.0800,1
12728,7168,7177,711.41,227.88,500.37,0.6800,0
12729,7169,7177,750.90,227.68,500.41,0.0000,1
12730,7170,7177,751.10,267.17,500.30,1.0000,0
12731,7171,7177,711.62,267.37,500.26,0.0800,1
12732,7168,7178,691.65,228.03,520.10,0.0800,1
12733,7171,7178,691.85,267.52,519.99,0.0800,1
12734,7172,7178,691.82,267.63,559.48,0.0400,1
12735,7173,7178,691.62,228.14,559.59,0.1200,1
12736,7169,7179,770.63,227.63,520.17,0.0000,1
12737,7170,7179,770.83,267.12,520.06,0.0000,1
12738,7174,7179,770.60,227.74,559.66,0.0000,1
12739,7175,7179,770.80,267.23,559.55,0.0000,1
12740,7168,7180,711.30,208.19,520.17,0.0800,1
12741,7169,7180,750.79,207.99,520.21,0.9600,0
12742,7173,7180,711.27,208.30,559.66,0.6400,0
12743,7174,7180,750.75,208.10,559.69,0.0400,1
12744,7178,7176,711.47,247.79,559.55,0.0800,1
12745,7178,7177,711.50,247.68,520.06,0.5200,0
12746,7178,7181,711.58,267.48,539.75,1.0000,0
12747,7178,7180,711.38,227.99,539.86,0.1200,1
12748,7179,7177,750.99,247.48,520.10,0.2000,1
12749,7179,7181,751.07,267.28,539.79,0.0000,1
12750,7179,7176,750.95,247.59,559.58,0.4000,0
12751,7180,7177,731.14,227.83,520.13,0.0800,1
12752,7180,7179,750.87,227.79,539.90,1.0000,0
12753,7180,7176,731.11,227.94,559.62,0.0800,1
12754,7181,7176,731.31,267.43,559.51,0.0800,1
12755,7181,7177,731.34,267.32,520.03,0.1200,1
12756,7182,7191,80.00,310.07,499.63,1.0000,0
12757,7183,7191,119.49,309.87,499.66,1.0000,0
12758,7184,7191,119.69,349.36,499.56,1.0000,0
12759,7185,7191,80.20,349.56,499.52,1.0000,0
12760,7182,7192,60.24,310.22,519.36,1.0000,0
12761,7185,7192,60.44,349.71,519.25,1.0000,0
12762,7186,7192,60.41,349.82,558.74,1.0000,0
12763,7187,7192,60.21,310.33,558.85,1.0000,0
12764,7182,7194,79.89,290.38,519.43,1.0000,0
12765,7183,7194,119.38,290.18,519.46,0.8000,0
12766,7187,7194,79.85,290.49,558.92,1.0000,0
12767,7188,7194,119.34,290.29,558.95,1.0000,0
12768,7192,7190,80.06,329.98,558.81,1.0000,0
12769,7192,7191,80.09,329.87,519.32,1.0000,0
12770,7192,7195,80.17,349.67,539.01,1.0000,0
12771,7192,7194,79.97,310.18,539.12,1.0000,0
12772,7193,7191,119.58,329.67,519.35,1.0000,0
12773,7193,7195,119.66,349.47,539.04,1.0000,0
12774,7193,7190,119.54,329.78,558.84,1.0000,0
12775,7194,7191,99.73,310.02,519.39,1.0000,0
12776,7194,7193,119.46,309.98,539.15,1.0000,0
12777,7194,7190,99.70,310.13,558.88,1.0000,0
12778,7195,7190,99.90,349.62,558.77,1.0000,0
12779,7195,7191,99.93,349.51,519.28,1.0000,0
12780,7196,7205,158.98,309.67,499.70,1.0000,0
12781,7197,7205,198.47,309.47,499.73,1.0000,0
12782,7198,7205,198.67,348.95,499.62,1.0000,0
12783,7199,7205,159.18,349.15,499.59,1.0000,0
12784,7196,7206,139.22,309.82,519.43,1.0000,0
12785,7199,7206,139.42,349.31,519.32,1.0000,0
12786,7200,7206,139.39,349.42,558.80,1.0000,0
12787,7201,7206,139.19,309.93,558.91,1.0000,0
12788,7196,7208,158.86,289.98,519.50,1.0000,0
12789,7197,7208,198.35,289.78,519.53,1.0000,0
12790,7201,7208,158.83,290.09,558.98,1.0000,0
12791,7202,7208,198.32,289.89,559.02,1.0000,0
12792,7206,7204,159.03,329.57,558.88,1.0000,0
12793,7206,7205,159.06,329.47,519.39,1.0000,0
12794,7206,7209,159.15,349.26,539.08,1.0000,0
12795,7206,7208,158.95,309.78,539.19,1.0000,0
12796,7207,7205,198.55,329.26,519.42,1.0000,0
12797,7207,7209,198.64,349.06,539.11,1.0000,0
12798,7207,7204,198.52,329.37,558.91,1.0000,0
12799,7208,7205,178.71,309.62,519.46,1.0000,0
12800,7208,7207,198.44,309.58,539.22,1.0000,0
12801,7208,7204,178.68,309.73,558.95,1.0000,0
12802,7209,7204,178.88,349.22,558.84,1.0000,0
12803,7209,7205,178.91,349.11,519.35,1.0000,0
12804,7210,7219,237.96,309.27,499.76,1.0000,0
12805,7211,7219,277.44,309.06,499.80,1.0000,0
12806,7212,7219,277.65,348.55,499.69,1.0000,0
12807,7213,7219,238.16,348.75,499.65,1.0000,0
12808,7210,7220,218.20,309.42,519.49,1.0000,0
12809,7213,7220,218.40,348.91,519.38,1.0000,0
12810,7214,7220,218.37,349.02,558.87,1.0000,0
12811,7215,7220,218.16,309.53,558.98,1.0000,0
12812,7210,7222,237.84,289.58,519.56,1.0000,0
12813,7211,7222,277.33,289.38,519.59,1.0000,0
12814,7215,7222,237.81,289.69,559.05,1.0000,0
12815,7216,7222,277.30,289.48,559.08,1.0000,0
12816,7220,7218,238.01,329.17,558.94,1.0000,0
12817,7220,7219,238.04,329.06,519.45,1.0000,0
12818,7220,7223,238.13,348.86,539.14,1.0000,0
12819,7220,7222,237.92,309.37,539.25,1.0000,0
12820,7221,7219,277.53,328.86,519.49,1.0000,0
12821,7221,7223,277.61,348.66,539.17,1.0000,0
12822,7221,7218,277.50,328.97,558.97,1.0000,0
12823,7222,7219,257.68,309.22,519.52,1.0000,0
12824,7222,7221,277.41,309.17,539.28,1.0000,0
12825,7222,7218,257.65,309.33,559.01,1.0000,0
12826,7223,7218,257.85,348.82,558.90,1.0000,0
12827,7223,7219,257.89,348.71,519.41,1.0000,0
12828,7224,7233,316.93,308.86,499.83,1.0000,0
12829,7225,7233,356.42,308.66,499.86,1.0000,0
12830,7226,7233,356.62,348.15,499.75,1.0000,0
12831,7227,7233,317.13,348.35,499.72,1.0000,0
12832,7224,7234,297.17,309.02,519.56,1.0000,0
12833,7227,7234,297.37,348.51,519.45,1.0000,0
12834,7228,7234,297.34,348.62,558.94,1.0000,0
12835,7229,7234,297.14,309.13,559.04,1.0000,0
12836,7224,7236,316.82,289.17,519.63,1.0000,0
12837,7225,7236,356.30,288.97,519.66,1.0000,0
12838,7229,7236,316.78,289.28,559.12,1.0000,0
12839,7230,7236,356.27,289.08,559.15,1.0000,0
12840,7234,7232,316.99,328.77,559.01,1.0000,0
12841,7234,7233,317.02,328.66,519.52,1.0000,0
12842,7234,7237,317.10,348.46,539.21,1.0000,0
12843,7234,7236,316.90,308.97,539.32,1.0000,0
12844,7235,7233,356.51,328.46,519.55,1.0000,0
12845,7235,7237,356.59,348.26,539.24,1.0000,0
12846,7235,7232,356.47,328.57,559.04,1.0000,0
12847,7236,7233,336.66,308.82,519.59,1.0000,0
12848,7236,7235,356.39,308.77,539.35,1.0000,0
12849,7236,7232,336.63,308.93,559.08,1.0000,0
12850,7237,7232,336.83,348.42,558.97,1.0000,0
12851,7237,7233,336.86,348.31,519.48,1.0000,0
12852,7238,7247,395.91,308.46,499.89,1.0000,0
12853,7239,7247,435.40,308.26,499.93,1.0000,0
12854,7240,7247,435.60,347.75,499.82,1.0000,0
12855,7241,7247,396.11,347.95,499.78,1.0000,0
12856,7238,7248,376.15,308.62,519.62,1.0000,0
12857,7241,7248,376.35,348.11,519.51,1.0000,0
12858,7242,7248,376.32,348.21,559.00,1.0000,0
12859,7243,7248,376.12,308.73,559.11,1.0000,0
12860,7238,7250,395.79,288.77,519.69,1.0000,0
12861,7239,7250,435.28,288.57,519.73,0.8800,0
12862,7243,7250,395.76,288.88,559.18,1.0000,0
12863,7244,7250,435.25,288.68,559.21,1.0000,0
12864,7248,7246,395.96,328.37,559.07,1.0000,0
12865,7248,7247,395.99,328.26,519.58,1.0000,0
12866,7248,7251,396.08,348.06,539.27,1.0000,0
12867,7248,7250,395.88,308.57,539.38,1.0000,0
12868,7249,7247,435.48,328.06,519.62,1.0000,0
12869,7249,7251,435.57,347.86,539.31,1.0000,0
12870,7249,7246,435.45,328.17,559.10,1.0000,0
12871,7250,7247,415.64,308.42,519.65,1.0000,0
12872,7250,7249,435.37,308.37,539.41,1.0000,0
12873,7250,7246,415.61,308.53,559.14,1.0000,0
12874,7251,7246,415.81,348.01,559.03,1.0000,0
12875,7251,7247,415.84,347.90,519.54,1.0000,0
12876,7252,7261,474.89,308.06,499.96,1.0000,0
12877,7253,7261,514.37,307.86,499.99,0.9200,0
12878,7254,7261,514.58,347.35,499.88,1.0000,0
12879,7255,7261,475.09,347.55,499.85,1.0000,0
12880,7252,7262,455.13,308.22,519.69,1.0000,0
12881,7255,7262,455.33,347.70,519.58,1.0000,0
12882,7256,7262,455.29,347.81,559.07,1.0000,0
12883,7257,7262,455.09,308.32,559.18,1.0000,0
12884,7252,7264,474.77,288.37,519.76,1.0000,0
12885,7253,7264,514.26,288.17,519.79,1.0000,0
12886,7257,7264,474.74,288.48,559.25,1.0000,0
12887,7258,7264,514.23,288.28,559.28,1.0000,0
12888,7262,7260,474.94,327.97,559.14,1.0000,0
12889,7262,7261,474.97,327.86,519.65,1.0000,0
12890,7262,7265,475.06,347.66,539.34,1.0000,0
12891,7262,7264,474.85,308.17,539.45,1.0000,0
12892,7263,7261,514.46,327.66,519.68,1.0000,0
12893,7263,7265,514.54,347.46,539.37,0.9200,0
12894,7263,7260,514.43,327.77,559.17,0.9200,0
12895,7264,7261,494.61,308.01,519.72,1.0000,0
12896,7264,7263,514.34,307.97,539.48,1.0000,0
12897,7264,7260,494.58,308.12,559.21,1.0000,0
12898,7265,7260,494.78,347.61,559.10,1.0000,0
12899,7265,7261,494.82,347.50,519.61,1.0000,0
12900,7266,7275,553.86,307.66,500.02,1.0000,0
12901,7267,7275,593.35,307.46,500.06,0.4800,0
12902,7268,7275,593.55,346.95,499.95,1.0000,0
12903,7269,7275,554.06,347.15,499.92,0.7600,0
12904,7266,7276,534.10,307.81,519.75,1.0000,0
12905,7269,7276,534.30,347.30,519.64,1.0000,0
12906,7270,7276,534.27,347.41,559.13,1.0000,0
12907,7271,7276,534.07,307.92,559.24,1.0000,0
12908,7266,7278,553.75,287.97,519.82,1.0000,0
12909,7267,7278,593.23,287.77,519.86,1.0000,0
12910,7271,7278,553.71,288.08,559.31,1.0000,0
12911,7272,7278,593.20,287.88,559.34,1.0000,0
12912,7276,7274,553.92,327.57,559.20,1.0000,0
12913,7276,7275,553.95,327.46,519.71,1.0000,0
12914,7276,7279,554.03,347.26,539.40,1.0000,0
12915,7276,7278,553.83,307.77,539.51,0.7200,0
12916,7277,7275,593.44,327.26,519.75,1.0000,0
12917,7277,7279,593.52,347.06,539.44,0.3600,0
12918,7277,7274,593.40,327.37,559.24,1.0000,0
12919,7278,7275,573.59,307.61,519.79,0.5200,0
12920,7278,7277,593.32,307.57,539.55,1.0000,0
12921,7278,7274,573.56,307.72,559.27,0.3200,0
12922,7279,7274,573.76,347.21,559.16,0.9200,0
12923,7279,7275,573.79,347.10,519.68,0.6000,0
12924,7280,7289,632.84,307.26,500.09,1.0000,0
12925,7281,7289,672.33,307.06,500.12,0.1200,1
12926,7282,7289,672.53,346.54,500.01,1.0000,0
12927,7283,7289,633.04,346.75,499.98,0.1600,1
12928,7280,7290,613.08,307.41,519.82,0.1200,1
12929,7283,7290,613.28,346.90,519.71,0.7600,0
12930,7284,7290,613.25,347.01,559.20,0.2000,1
12931,7285,7290,613.05,307.52,559.31,0.2000,1
12932,7280,7292,632.72,287.57,519.89,0.2800,1
12933,7281,7292,672.21,287.37,519.92,1.0000,0
12934,7285,7292,632.69,287.68,559.38,1.0000,0
12935,7286,7292,672.18,287.48,559.41,0.2400,1
12936,7290,7288,632.89,327.17,559.27,0.6000,0
12937,7290,7289,632.92,327.06,519.78,0.5600,0
12938,7290,7293,633.01,346.85,539.47,1.0000,0
12939,7290,7292,632.81,307.37,539.58,0.1200,1
12940,7291,7289,672.41,326.86,519.81,0.1600,1
12941,7291,7293,672.50,346.65,539.50,0.0800,1
12942,7291,7288,672.38,326.96,559.30,1.0000,0
12943,7292,7289,652.57,307.21,519.85,0.0800,1
12944,7292,7291,672.30,307.17,539.61,1.0000,0
12945,7292,7288,652.54,307.32,559.34,0.1200,1
12946,7293,7288,652.74,346.81,559.23,0.0800,1
12947,7293,7289,652.77,346.70,519.74,0.0400,1
12948,7294,7303,711.82,306.86,500.16,0.9200,0
12949,7295,7303,751.30,306.65,500.19,0.0000,1
12950,7296,7303,751.51,346.14,500.08,1.0000,0
12951,7297,7303,712.02,346.34,500.05,0.0400,1
12952,7294,7304,692.06,307.01,519.88,0.1200,1
12953,7297,7304,692.26,346.50,519.77,0.1200,1
12954,7298,7304,692.22,346.61,559.26,0.0400,1
12955,7299,7304,692.02,307.12,559.37,0.1200,1
12956,7295,7305,771.03,306.61,519.95,0.0000,1
12957,7296,7305,771.23,346.10,519.84,0.0000,1
12958,7300,7305,771.00,306.72,559.44,0.0000,1
12959,7301,7305,771.20,346.21,559.33,0.0000,1
12960,7294,7306,711.70,287.17,519.95,0.0800,1
12961,7295,7306,751.19,286.97,519.99,0.9600,0
12962,7299,7306,711.67,287.28,559.44,0.6000,0
12963,7300,7306,751.16,287.07,559.48,0.0800,1
12964,7304,7302,711.87,326.76,559.33,0.0800,1
12965,7304,7303,711.90,326.65,519.84,0.8800,0
12966,7304,7307,711.98,346.45,539.53,1.0000,0
12967,7304,7306,711.78,306.97,539.64,0.0800,1
12968,7305,7303,751.39,326.45,519.88,0.0800,1
12969,7305,7307,751.47,346.25,539.57,0.0000,1
12970,7305,7302,751.36,326.56,559.37,0.6000,0
12971,7306,7303,731.54,306.81,519.92,0.1200,1
12972,7306,7305,751.27,306.76,539.68,1.0000,0
12973,7306,7302,731.51,306.92,559.40,0.0800,1
12974,7307,7302,731.71,346.41,559.30,0.1200,1
12975,7307,7303,731.75,346.30,519.81,0.1200,1
12976,7308,7317,80.41,389.04,499.41,0.8400,0
12977,7309,7317,119.89,388.84,499.45,1.0000,0
12978,7310,7317,120.09,428.33,499.34,1.0000,0
12979,7311,7317,80.61,428.53,499.30,1.0000,0
12980,7308,7318,60.65,389.20,519.14,1.0000,0
12981,7311,7318,60.85,428.69,519.03,1.0000,0
12982,7312,7318,60.81,428.80,558.52,0.9200,0
12983,7313,7318,60.61,389.31,558.63,1.0000,0
12984,7308,7320,80.29,369.36,519.21,0.5600,0
12985,7309,7320,119.78,369.15,519.24,1.0000,0
12986,7313,7320,80.26,369.46,558.70,1.0000,0
12987,7314,7320,119.74,369.26,558.73,1.0000,0
12988,7318,7316,80.46,408.95,558.59,1.0000,0
12989,7318,7317,80.49,408.84,519.10,1.0000,0
12990,7318,7321,80.57,428.64,538.79,0.9600,0
12991,7318,7320,80.37,389.15,538.90,1.0000,0
12992,7319,7317,119.98,408.64,519.14,1.0000,0
12993,7319,7321,120.06,428.44,538.83,1.0000,0
12994,7319,7316,119.95,408.75,558.62,1.0000,0
12995,7320,7317,100.13,389.00,519.17,1.0000,0
12996,7320,7319,119.86,388.95,538.93,1.0000,0
12997,7320,7316,100.10,389.11,558.66,1.0000,0
12998,7321,7316,100.30,428.60,558.55,1.0000,0
12999,7321,7317,100.33,428.49,519.06,1.0000,0
13000,7322,7331,159.38,388.64,499.48,1.0000,0
13001,7323,7331,198.87,388.44,499.51,1.0000,0
13002,7324,7331,199.07,427.93,499.40,1.0000,0
13003,7325,7331,159.58,428.13,499.37,1.0000,0
13004,7322,7332,139.62,388.80,519.21,1.0000,0
13005,7325,7332,139.82,428.29,519.10,1.0000,0
13006,7326,7332,139.79,428.40,558.59,1.0000,0
13007,7327,7332,139.59,388.91,558.70,1.0000,0
13008,7322,7334,159.27,368.95,519.28,1.0000,0
13009,7323,7334,198.75,368.75,519.31,1.0000,0
13010,7327,7334,159.23,369.06,558.77,1.0000,0
13011,7328,7334,198.72,368.86,558.80,1.0000,0
13012,7332,7330,159.43,408.55,558.66,1.0000,0
13013,7332,7331,159.47,408.44,519.17,1.0000,0
13014,7332,7335,159.55,428.24,538.86,1.0000,0
13015,7332,7334,159.35,388.75,538.97,1.0000,0
13016,7333,7331,198.95,408.24,519.20,0.7600,0
13017,7333,7335,199.04,428.04,538.89,1.0000,0
13018,7333,7330,198.92,408.35,558.69,1.0000,0
13019,7334,7331,179.11,388.60,519.24,1.0000,0
13020,7334,7333,198.84,388.55,539.00,1.0000,0
13021,7334,7330,179.08,388.71,558.73,1.0000,0
13022,7335,7330,179.28,428.19,558.62,1.0000,0
13023,7335,7331,179.31,428.09,519.13,1.0000,0
13024,7336,7345,238.36,388.24,499.54,1.0000,0
13025,7337,7345,277.85,388.04,499.58,1.0000,0
13026,7338,7345,278.05,427.53,499.47,1.0000,0
13027,7339,7345,238.56,427.73,499.43,1.0000,0
13028,7336,7346,218.60,388.40,519.27,1.0000,0
13029,7339,7346,218.80,427.88,519.16,1.0000,0
13030,7340,7346,218.77,427.99,558.65,1.0000,0
13031,7341,7346,218.57,388.51,558.76,1.0000,0
13032,7336,7348,238.24,368.55,519.34,1.0000,0
13033,7337,7348,277.73,368.35,519.38,1.0000,0
13034,7341,7348,238.21,368.66,558.83,1.0000,0
13035,7342,7348,277.70,368.46,558.86,1.0000,0
13036,7346,7344,238.41,408.15,558.72,1.0000,0
13037,7346,7345,238.44,408.04,519.23,1.0000,0
13038,7346,7349,238.53,427.84,538.92,1.0000,0
13039,7346,7348,238.33,388.35,539.03,1.0000,0
13040,7347,7345,277.93,407.84,519.27,1.0000,0
13041,7347,7349,278.02,427.64,538.96,1.0000,0
13042,7347,7344,277.90,407.95,558.76,1.0000,0
13043,7348,7345,258.09,388.20,519.30,1.0000,0
13044,7348,7347,277.81,388.15,539.07,1.0000,0
13045,7348,7344,258.05,388.31,558.79,1.0000,0
13046,7349,7344,258.26,427.79,558.68,1.0000,0
13047,7349,7345,258.29,427.68,519.20,1.0000,0
13048,7350,7359,317.33,387.84,499.61,1.0000,0
13049,7351,7359,356.82,387.64,499.64,1.0000,0
13050,7352,7359,357.02,427.13,499.53,1.0000,0
13051,7353,7359,317.54,427.33,499.50,1.0000,0
13052,7350,7360,297.57,387.99,519.34,1.0000,0
13053,7353,7360,297.78,427.48,519.23,1.0000,0
13054,7354,7360,297.74,427.59,558.72,1.0000,0
13055,7355,7360,297.54,388.10,558.83,1.0000,0
13056,7350,7362,317.22,368.15,519.41,1.0000,0
13057,7351,7362,356.71,367.95,519.44,1.0000,0
13058,7355,7362,317.19,368.26,558.90,1.0000,0
13059,7356,7362,356.67,368.06,558.93,1.0000,0
13060,7360,7358,317.39,407.75,558.79,1.0000,0
13061,7360,7359,317.42,407.64,519.30,0.0000,1
13062,7360,7363,317.50,427.44,538.99,1.0000,0
13063,7360,7362,317.30,387.95,539.10,1.0000,0
13064,7361,7359,356.91,407.44,519.33,1.0000,0
13065,7361,7363,356.99,427.24,539.02,1.0000,0
13066,7361,7358,356.88,407.55,558.82,1.0000,0
13067,7362,7359,337.06,387.79,519.37,1.0000,0
13068,7362,7361,356.79,387.75,539.13,1.0000,0
13069,7362,7358,337.03,387.90,558.86,1.0000,0
13070,7363,7358,337.23,427.39,558.75,1.0000,0
13071,7363,7359,337.26,427.28,519.26,1.0000,0
13072,7364,7373,396.31,387.44,499.68,1.0000,0
13073,7365,7373,435.80,387.24,499.71,1.0000,0
13074,7366,7373,436.00,426.73,499.60,1.0000,0
13075,7367,7373,396.51,426.93,499.57,1.0000,0
13076,7364,7374,376.55,387.59,519.40,1.0000,0
13077,7367,7374,376.75,427.08,519.29,1.0000,0
13078,7368,7374,376.72,427.19,558.78,1.0000,0
13079,7369,7374,376.52,387.70,558.89,1.0000,0
13080,7364,7376,396.20,367.75,519.47,1.0000,0
13081,7365,7376,435.68,367.55,519.51,1.0000,0
13082,7369,7376,396.16,367.86,558.96,1.0000,0
13083,7370,7376,435.65,367.66,559.00,1.0000,0
13084,7374,7372,396.36,407.35,558.85,1.0000,0
13085,7374,7373,396.40,407.24,519.36,1.0000,0
13086,7374,7377,396.48,427.04,539.05,1.0000,0
13087,7374,7376,396.28,387.55,539.16,1.0000,0
13088,7375,7373,435.88,407.04,519.40,1.0000,0
13089,7375,7377,435.97,426.84,539.09,1.0000,0
13090,7375,7372,435.85,407.15,558.89,1.0000,0
13091,7376,7373,416.04,387.39,519.44,1.0000,0
13092,7376,7375,435.77,387.35,539.20,1.0000,0
13093,7376,7372,416.01,387.50,558.92,1.0000,0
13094,7377,7372,416.21,426.99,558.82,1.0000,0
13095,7377,7373,416.24,426.88,519.33,1.0000,0
13096,7378,7387,475.29,387.04,499.74,1.0000,0
13097,7379,7387,514.78,386.84,499.77,1.0000,0
13098,7380,7387,514.98,426.32,499.66,1.0000,0
13099,7381,7387,475.49,426.52,499.63,1.0000,0
13100,7378,7388,455.53,387.19,519.47,1.0000,0
13101,7381,7388,455.73,426.68,519.36,1.0000,0
13102,7382,7388,455.70,426.79,558.85,1.0000,0
13103,7383,7388,455.50,387.30,558.96,1.0000,0
13104,7378,7390,475.17,367.35,519.54,1.0000,0
13105,7379,7390,514.66,367.15,519.57,1.0000,0
13106,7383,7390,475.14,367.46,559.03,1.0000,0
13107,7384,7390,514.63,367.26,559.06,0.4800,0
13108,7388,7386,475.34,406.94,558.92,1.0000,0
13109,7388,7387,475.37,406.84,519.43,1.0000,0
13110,7388,7391,475.46,426.63,539.12,1.0000,0
13111,7388,7390,475.26,387.15,539.23,1.0000,0
13112,7389,7387,514.86,406.63,519.46,1.0000,0
13113,7389,7391,514.95,426.43,539.15,0.9200,0
13114,7389,7386,514.83,406.74,558.95,1.0000,0
13115,7390,7387,495.02,386.99,519.50,1.0000,0
13116,7390,7389,514.74,386.95,539.26,1.0000,0
13117,7390,7386,494.98,387.10,558.99,1.0000,0
13118,7391,7386,495.18,426.59,558.88,1.0000,0
13119,7391,7387,495.22,426.48,519.39,1.0000,0
13120,7392,7401,554.26,386.64,499.81,1.0000,0
13121,7393,7401,593.75,386.43,499.84,0.6000,0
13122,7394,7401,593.95,425.92,499.73,1.0000,0
13123,7395,7401,554.47,426.12,499.70,0.8400,0
13124,7392,7402,534.50,386.79,519.53,0.9200,0
13125,7395,7402,534.71,426.28,519.42,1.0000,0
13126,7396,7402,534.67,426.39,558.91,0.8400,0
13127,7397,7402,534.47,386.90,559.02,1.0000,0
13128,7392,7404,554.15,366.95,519.60,1.0000,0
13129,7393,7404,593.64,366.74,519.64,1.0000,0
13130,7397,7404,554.12,367.06,559.09,1.0000,0
13131,7398,7404,593.60,366.85,559.13,1.0000,0
13132,7402,7400,554.32,406.54,558.98,1.0000,0
13133,7402,7401,554.35,406.43,519.50,1.0000,0
13134,7402,7405,554.43,426.23,539.19,1.0000,0
13135,7402,7404,554.23,386.74,539.29,0.7200,0
13136,7403,7401,593.84,406.23,519.53,0.8400,0
13137,7403,7405,593.92,426.03,539.22,0.3600,0
13138,7403,7400,593.81,406.34,559.02,1.0000,0
13139,7404,7401,573.99,386.59,519.57,1.0000,0
13140,7404,7403,593.72,386.54,539.33,1.0000,0
13141,7404,7400,573.96,386.70,559.06,0.6800,0
13142,7405,7400,574.16,426.19,558.95,1.0000,0
13143,7405,7401,574.19,426.08,519.46,0.8000,0
13144,7406,7415,633.24,386.23,499.87,1.0000,0
13145,7407,7415,672.73,386.03,499.90,0.0800,1
13146,7408,7415,672.93,425.52,499.79,1.0000,0
13147,7409,7415,633.44,425.72,499.76,0.0800,1
13148,7406,7416,613.48,386.39,519.60,0.2400,1
13149,7409,7416,613.68,425.88,519.49,0.4800,0
13150,7410,7416,613.65,425.99,558.98,0.0800,1
13151,7411,7416,613.45,386.50,559.09,0.9200,0
13152,7406,7418,633.12,366.54,519.67,0.3200,0
13153,7407,7418,672.61,366.34,519.70,0.7200,0
13154,7411,7418,633.09,366.65,559.16,0.8000,0
13155,7412,7418,672.58,366.45,559.19,0.6000,0
13156,7416,7414,633.29,406.14,559.05,0.3600,0
13157,7416,7415,633.33,406.03,519.56,1.0000,0
13158,7416,7419,633.41,425.83,539.25,1.0000,0
13159,7416,7418,633.21,386.34,539.36,0.1200,1
13160,7417,7415,672.81,405.83,519.59,0.0800,1
13161,7417,7419,672.90,425.63,539.28,0.0800,1
13162,7417,7414,672.78,405.94,559.08,1.0000,0
13163,7418,7415,652.97,386.19,519.63,0.1600,1
13164,7418,7417,672.70,386.14,539.39,1.0000,0
13165,7418,7414,652.94,386.30,559.12,0.1200,1
13166,7419,7414,653.14,425.79,559.01,0.2800,1
13167,7419,7415,653.17,425.68,519.52,0.0400,1
13168,7420,7429,712.22,385.83,499.94,1.0000,0
13169,7421,7429,751.71,385.63,499.97,0.0000,1
13170,7422,7429,751.91,425.12,499.86,1.0000,0
13171,7423,7429,712.42,425.32,499.83,0.0400,1
13172,7420,7430,692.46,385.99,519.66,0.0800,1
13173,7423,7430,692.66,425.48,519.56,0.1200,1
13174,7424,7430,692.63,425.58,559.04,0.0800,1
13175,7425,7430,692.43,386.10,559.15,0.1200,1
13176,7421,7431,771.43,385.59,519.73,0.0000,1
13177,7422,7431,771.64,425.07,519.62,0.0000,1
13178,7426,7431,771.40,385.69,559.22,0.0000,1
13179,7427,7431,771.60,425.18,559.11,0.0000,1
13180,7420,7432,712.10,366.14,519.74,0.1600,1
13181,7421,7432,751.59,365.94,519.77,0.7600,0
13182,7425,7432,712.07,366.25,559.22,0.7600,0
13183,7426,7432,751.56,366.05,559.26,0.0800,1
13184,7430,7428,712.27,405.74,559.12,0.1200,1
13185,7430,7429,712.30,405.63,519.63,0.8800,0
13186,7430,7433,712.39,425.43,539.32,1.0000,0
13187,7430,7432,712.19,385.94,539.43,0.0800,1
13188,7431,7429,751.79,405.43,519.66,0.0400,1
13189,7431,7433,751.87,425.23,539.35,0.0000,1
13190,7431,7428,751.76,405.54,559.15,0.7200,0
13191,7432,7429,731.95,385.79,519.70,0.1200,1
13192,7432,7431,751.67,385.74,539.46,1.0000,0
13193,7432,7428,731.91,385.90,559.19,0.0800,1
13194,7433,7428,732.11,425.38,559.08,0.1200,1
13195,7433,7429,732.15,425.27,519.59,0.0800,1
13196,7434,7443,80.81,468.02,499.19,0.8800,0
13197,7435,7443,120.30,467.82,499.23,1.0000,0
13198,7436,7443,120.50,507.31,499.12,1.0000,0
13199,7437,7443,81.01,507.51,499.09,1.0000,0
13200,7434,7444,61.05,468.18,518.92,0.9200,0
13201,7437,7444,61.25,507.66,518.81,0.8800,0
13202,7438,7444,61.22,507.77,558.30,0.8800,0
13203,7439,7444,61.01,468.29,558.41,0.8800,0
13204,7434,7446,80.69,448.33,518.99,0.8000,0
13205,7435,7446,120.18,448.13,519.03,1.0000,0
13206,7439,7446,80.66,448.44,558.48,1.0000,0
13207,7440,7446,120.15,448.24,558.52,1.0000,0
13208,7444,7442,80.86,487.93,558.37,1.0000,0
13209,7444,7443,80.89,487.82,518.88,0.4000,0
13210,7444,7447,80.98,507.62,538.57,0.9600,0
13211,7444,7446,80.77,468.13,538.68,1.0000,0
13212,7445,7443,120.38,487.62,518.92,1.0000,0
13213,7445,7447,120.46,507.42,538.61,1.0000,0
13214,7445,7442,120.35,487.73,558.41,0.6000,0
13215,7446,7443,100.54,467.98,518.96,1.0000,0
13216,7446,7445,120.26,467.93,538.72,1.0000,0
13217,7446,7442,100.50,468.08,558.44,1.0000,0
13218,7447,7442,100.70,507.57,558.33,1.0000,0
13219,7447,7443,100.74,507.46,518.85,1.0000,0
13220,7448,7457,159.78,467.62,499.26,1.0000,0
13221,7449,7457,199.27,467.42,499.29,1.0000,0
13222,7450,7457,199.47,506.91,499.18,1.0000,0
13223,7451,7457,159.98,507.11,499.15,1.0000,0
13224,7448,7458,140.02,467.77,518.99,1.0000,0
13225,7451,7458,140.22,507.26,518.88,1.0000,0
13226,7452,7458,140.19,507.37,558.37,1.0000,0
13227,7453,7458,139.99,467.88,558.48,1.0000,0
13228,7448,7460,159.67,447.93,519.06,1.0000,0
13229,7449,7460,199.16,447.73,519.09,1.0000,0
13230,7453,7460,159.63,448.04,558.55,1.0000,0
13231,7454,7460,199.12,447.84,558.58,1.0000,0
13232,7458,7456,159.84,487.53,558.44,0.0000,1
13233,7458,7457,159.87,487.42,518.95,1.0000,0
13234,7458,7461,159.95,507.22,538.64,1.0000,0
13235,7458,7460,159.75,467.73,538.75,1.0000,0
13236,7459,7457,199.36,487.22,518.98,0.8400,0
13237,7459,7461,199.44,507.02,538.67,1.0000,0
13238,7459,7456,199.32,487.33,558.47,1.0000,0
13239,7460,7457,179.51,467.57,519.02,1.0000,0
13240,7460,7459,199.24,467.53,538.78,1.0000,0
13241,7460,7456,179.48,467.68,558.51,1.0000,0
13242,7461,7456,179.68,507.17,558.40,1.0000,0
13243,7461,7457,179.71,507.06,518.91,1.0000,0
13244,7462,7471,238.76,467.22,499.33,1.0000,0
13245,7463,7471,278.25,467.02,499.36,1.0000,0
13246,7464,7471,278.45,506.51,499.25,1.0000,0
13247,7465,7471,238.96,506.71,499.22,1.0000,0
13248,7462,7472,219.00,467.37,519.05,1.0000,0
13249,7465,7472,219.20,506.86,518.94,1.0000,0
13250,7466,7472,219.17,506.97,558.43,1.0000,0
13251,7467,7472,218.97,467.48,558.54,1.0000,0
13252,7462,7474,238.64,447.53,519.12,1.0000,0
13253,7463,7474,278.13,447.33,519.16,1.0000,0
13254,7467,7474,238.61,447.64,558.61,1.0000,0
13255,7468,7474,278.10,447.44,558.65,1.0000,0
13256,7472,7470,238.81,487.13,558.50,1.0000,0
13257,7472,7471,238.84,487.02,519.02,1.0000,0
13258,7472,7475,238.93,506.82,538.71,1.0000,0
13259,7472,7474,238.73,467.33,538.81,1.0000,0
13260,7473,7471,278.33,486.82,519.05,1.0000,0
13261,7473,7475,278.42,506.61,538.74,1.0000,0
13262,7473,7470,278.30,486.93,558.54,1.0000,0
13263,7474,7471,258.49,467.17,519.09,1.0000,0
13264,7474,7473,278.22,467.13,538.85,1.0000,0
13265,7474,7470,258.46,467.28,558.57,1.0000,0
13266,7475,7470,258.66,506.77,558.47,1.0000,0
13267,7475,7471,258.69,506.66,518.98,1.0000,0
13268,7476,7485,317.74,466.82,499.39,1.0000,0
13269,7477,7485,357.23,466.62,499.42,1.0000,0
13270,7478,7485,357.43,506.10,499.31,1.0000,0
13271,7479,7485,317.94,506.30,499.28,1.0000,0
13272,7476,7486,297.98,466.97,519.12,1.0000,0
13273,7479,7486,298.18,506.46,519.01,1.0000,0
13274,7480,7486,298.15,506.57,558.50,1.0000,0
13275,7481,7486,297.94,467.08,558.61,1.0000,0
13276,7476,7488,317.62,447.13,519.19,1.0000,0
13277,7477,7488,357.11,446.93,519.22,1.0000,0
13278,7481,7488,317.59,447.24,558.68,1.0000,0
13279,7482,7488,357.08,447.04,558.71,1.0000,0
13280,7486,7484,317.79,486.72,558.57,1.0000,0
13281,7486,7485,317.82,486.61,519.08,1.0000,0
13282,7486,7489,317.91,506.41,538.77,1.0000,0
13283,7486,7488,317.70,466.93,538.88,1.0000,0
13284,7487,7485,357.31,486.41,519.11,1.0000,0
13285,7487,7489,357.39,506.21,538.80,1.0000,0
13286,7487,7484,357.28,486.52,558.60,1.0000,0
13287,7488,7485,337.46,466.77,519.15,1.0000,0
13288,7488,7487,357.19,466.72,538.91,1.0000,0
13289,7488,7484,337.43,466.88,558.64,1.0000,0
13290,7489,7484,337.63,506.37,558.53,1.0000,0
13291,7489,7485,337.67,506.26,519.04,1.0000,0
13292,7490,7499,396.71,466.41,499.46,1.0000,0
13293,7491,7499,436.20,466.21,499.49,0.9600,0
13294,7492,7499,436.40,505.70,499.38,1.0000,0
13295,7493,7499,396.91,505.90,499.35,1.0000,0
13296,7490,7500,376.95,466.57,519.18,1.0000,0
13297,7493,7500,377.15,506.06,519.08,1.0000,0
13298,7494,7500,377.12,506.17,558.56,1.0000,0
13299,7495,7500,376.92,466.68,558.67,1.0000,0
13300,7490,7502,396.60,446.73,519.26,0.9200,0
13301,7491,7502,436.09,446.52,519.29,1.0000,0
13302,7495,7502,396.56,446.83,558.74,1.0000,0
13303,7496,7502,436.05,446.63,558.78,1.0000,0
13304,7500,7498,396.77,486.32,558.63,1.0000,0
13305,7500,7499,396.80,486.21,519.15,1.0000,0
13306,7500,7503,396.88,506.01,538.84,1.0000,0
13307,7500,7502,396.68,466.52,538.95,1.0000,0
13308,7501,7499,436.29,486.01,519.18,1.0000,0
13309,7501,7503,436.37,505.81,538.87,0.9600,0
13310,7501,7498,436.25,486.12,558.67,1.0000,0
13311,7502,7499,416.44,466.37,519.22,1.0000,0
13312,7502,7501,436.17,466.32,538.98,1.0000,0
13313,7502,7498,416.41,466.48,558.71,1.0000,0
13314,7503,7498,416.61,505.97,558.60,1.0000,0
13315,7503,7499,416.64,505.86,519.11,1.0000,0
13316,7504,7513,475.69,466.01,499.52,1.0000,0
13317,7505,7513,515.18,465.81,499.55,0.9200,0
13318,7506,7513,515.38,505.30,499.45,1.0000,0
13319,7507,7513,475.89,505.50,499.41,0.8400,0
13320,7504,7514,455.93,466.17,519.25,1.0000,0
13321,7507,7514,456.13,505.66,519.14,1.0000,0
13322,7508,7514,456.10,505.77,558.63,1.0000,0
13323,7509,7514,455.90,466.28,558.74,1.0000,0
13324,7504,7516,475.57,446.32,519.32,1.0000,0
13325,7505,7516,515.06,446.12,519.35,1.0000,0
13326,7509,7516,475.54,446.43,558.81,1.0000,0
13327,7510,7516,515.03,446.23,558.84,1.0000,0
13328,7514,7512,475.74,485.92,558.70,1.0000,0
13329,7514,7513,475.77,485.81,519.21,1.0000,0
13330,7514,7517,475.86,505.61,538.90,1.0000,0
13331,7514,7516,475.66,466.12,539.01,0.9600,0
13332,7515,7513,515.26,485.61,519.24,1.0000,0
13333,7515,7517,515.35,505.41,538.93,0.8000,0
13334,7515,7512,515.23,485.72,558.73,1.0000,0
13335,7516,7513,495.42,465.97,519.28,1.0000,0
13336,7516,7515,515.15,465.92,539.04,1.0000,0
13337,7516,7512,495.39,466.08,558.77,1.0000,0
13338,7517,7512,495.59,505.56,558.66,1.0000,0
13339,7517,7513,495.62,505.46,519.17,0.7600,0
13340,7518,7527,554.67,465.61,499.59,1.0000,0
13341,7519,7527,594.15,465.41,499.62,0.2400,1
13342,7520,7527,594.36,504.90,499.51,1.0000,0
13343,7521,7527,554.87,505.10,499.48,0.2400,1
13344,7518,7528,534.91,465.77,519.32,0.8800,0
13345,7521,7528,535.11,505.25,519.21,0.0400,1
13346,7522,7528,535.07,505.36,558.69,0.9600,0
13347,7523,7528,534.87,465.88,558.80,1.0000,0
13348,7518,7530,554.55,445.92,519.39,1.0000,0
13349,7519,7530,594.04,445.72,519.42,0.8400,0
13350,7523,7530,554.52,446.03,558.88,0.7600,0
13351,7524,7530,594.01,445.83,558.91,1.0000,0
13352,7528,7526,554.72,485.52,558.77,1.0000,0
13353,7528,7527,554.75,485.41,519.28,1.0000,0
13354,7528,7531,554.84,505.21,538.97,1.0000,0
13355,7528,7530,554.63,465.72,539.08,0.6400,0
13356,7529,7527,594.24,485.21,519.31,0.3600,0
13357,7529,7531,594.32,505.01,539.00,0.0800,1
13358,7529,7526,594.21,485.32,558.80,1.0000,0
13359,7530,7527,574.39,465.57,519.35,1.0000,0
13360,7530,7529,594.12,465.52,539.11,1.0000,0
13361,7530,7526,574.36,465.68,558.84,0.8800,0
13362,7531,7526,574.56,505.16,558.73,1.0000,0
13363,7531,7527,574.60,505.05,519.24,0.1200,1
13364,7532,7541,633.64,465.21,499.65,1.0000,0
13365,7533,7541,673.13,465.01,499.69,0.0800,1
13366,7534,7541,673.33,504.50,499.58,1.0000,0
13367,7535,7541,633.84,504.70,499.54,0.0800,1
13368,7532,7542,613.88,465.36,519.38,0.0000,1
13369,7535,7542,614.08,504.85,519.27,0.9200,0
13370,7536,7542,614.05,504.96,558.76,0.0400,1
13371,7537,7542,613.85,465.47,558.87,0.6000,0
13372,7532,7544,633.53,445.52,519.45,0.8800,0
13373,7533,7544,673.01,445.32,519.48,1.0000,0
13374,7537,7544,633.49,445.63,558.94,1.0000,0
13375,7538,7544,672.98,445.43,558.97,0.5600,0
13376,7542,7540,633.70,485.12,558.83,0.4800,0
13377,7542,7541,633.73,485.01,519.34,1.0000,0
13378,7542,7545,633.81,504.81,539.03,1.0000,0
13379,7542,7544,633.61,465.32,539.14,0.0400,1
13380,7543,7541,673.22,484.81,519.38,0.0400,1
13381,7543,7545,673.30,504.61,539.06,0.0400,1
13382,7543,7540,673.18,484.92,558.86,1.0000,0
13383,7544,7541,653.37,465.16,519.41,0.4400,0
13384,7544,7543,673.10,465.12,539.17,1.0000,0
13385,7544,7540,653.34,465.27,558.90,0.1200,1
13386,7545,7540,653.54,504.76,558.79,0.3600,0
13387,7545,7541,653.57,504.65,519.30,0.0400,1
13388,7546,7555,712.62,464.81,499.72,1.0000,0
13389,7547,7555,752.11,464.61,499.75,0.0000,1
13390,7548,7555,752.31,504.10,499.64,1.0000,0
13391,7549,7555,712.82,504.30,499.61,0.0400,1
13392,7546,7556,692.86,464.96,519.45,0.0800,1
13393,7549,7556,693.06,504.45,519.34,0.1200,1
13394,7550,7556,693.03,504.56,558.83,0.0800,1
13395,7551,7556,692.83,465.07,558.93,0.1200,1
13396,7547,7557,771.84,464.56,519.51,0.0000,1
13397,7548,7557,772.04,504.05,519.40,0.0000,1
13398,7552,7557,771.80,464.67,559.00,0.0000,1
13399,7553,7557,772.00,504.16,558.89,0.0000,1
13400,7546,7558,712.50,445.12,519.52,0.0800,1
13401,7547,7558,751.99,444.92,519.55,0.4400,0
13402,7551,7558,712.47,445.23,559.01,0.9200,0
13403,7552,7558,751.96,445.03,559.04,0.0800,1
13404,7556,7554,712.67,484.72,558.90,0.1200,1
13405,7556,7555,712.70,484.61,519.41,0.9600,0
13406,7556,7559,712.79,504.41,539.10,1.0000,0
13407,7556,7558,712.59,464.92,539.21,0.0400,1
13408,7557,7555,752.19,484.41,519.44,0.1200,1
13409,7557,7559,752.28,504.20,539.13,0.0000,1
13410,7557,7554,752.16,484.52,558.93,0.7200,0
13411,7558,7555,732.35,464.76,519.48,0.1200,1
13412,7558,7557,752.08,464.72,539.24,1.0000,0
13413,7558,7554,732.32,464.87,558.97,0.0800,1
13414,7559,7554,732.52,504.36,558.86,0.1600,1
13415,7559,7555,732.55,504.25,519.37,0.1200,1
13416,7560,7569,81.21,547.00,498.98,0.7600,0
13417,7561,7569,120.70,546.80,499.01,1.0000,0
13418,7562,7569,120.90,586.28,498.90,1.0000,0
13419,7563,7569,81.41,586.49,498.87,1.0000,0
13420,7560,7570,61.45,547.15,518.70,0.7200,0
13421,7563,7570,61.65,586.64,518.59,1.0000,0
13422,7564,7570,61.62,586.75,558.08,1.0000,0
13423,7565,7570,61.42,547.26,558.19,0.5600,0
13424,7560,7572,81.09,527.31,518.78,1.0000,0
13425,7561,7572,120.58,527.11,518.81,1.0000,0
13426,7565,7572,81.06,527.42,558.26,0.7200,0
13427,7566,7572,120.55,527.22,558.30,1.0000,0
13428,7570,7568,81.26,566.91,558.15,0.9600,0
13429,7570,7569,81.29,566.80,518.67,1.0000,0
13430,7570,7573,81.38,586.59,538.36,0.8400,0
13431,7570,7572,81.18,547.11,538.46,1.0000,0
13432,7571,7569,120.78,566.60,518.70,1.0000,0
13433,7571,7573,120.87,586.39,538.39,1.0000,0
13434,7571,7568,120.75,566.70,558.19,1.0000,0
13435,7572,7569,100.94,546.95,518.74,1.0000,0
13436,7572,7571,120.66,546.91,538.50,0.9200,0
13437,7572,7568,100.90,547.06,558.23,1.0000,0
13438,7573,7568,101.11,586.55,558.12,1.0000,0
13439,7573,7569,101.14,586.44,518.63,1.0000,0
13440,7574,7583,160.19,546.60,499.04,1.0000,0
13441,7575,7583,199.67,546.39,499.07,1.0000,0
13442,7576,7583,199.87,585.88,498.97,1.0000,0
13443,7577,7583,160.39,586.08,498.93,1.0000,0
13444,7574,7584,140.43,546.75,518.77,1.0000,0
13445,7577,7584,140.63,586.24,518.66,1.0000,0
13446,7578,7584,140.59,586.35,558.15,1.0000,0
13447,7579,7584,140.39,546.86,558.26,1.0000,0
13448,7574,7586,160.07,526.91,518.84,1.0000,0
13449,7575,7586,199.56,526.71,518.87,0.8000,0
13450,7579,7586,160.04,527.02,558.33,1.0000,0
13451,7580,7586,199.52,526.81,558.36,1.0000,0
13452,7584,7582,160.24,566.50,558.22,0.0400,1
13453,7584,7583,160.27,566.39,518.73,1.0000,0
13454,7584,7587,160.35,586.19,538.42,1.0000,0
13455,7584,7586,160.15,546.71,538.53,1.0000,0
13456,7585,7583,199.76,566.19,518.76,1.0000,0
13457,7585,7587,199.84,585.99,538.45,1.0000,0
13458,7585,7582,199.73,566.30,558.25,1.0000,0
13459,7586,7583,179.91,546.55,518.80,1.0000,0
13460,7586,7585,199.64,546.50,538.56,1.0000,0
13461,7586,7582,179.88,546.66,558.29,1.0000,0
13462,7587,7582,180.08,586.15,558.18,1.0000,0
13463,7587,7583,180.11,586.04,518.69,1.0000,0
13464,7588,7597,239.16,546.19,499.11,1.0000,0
13465,7589,7597,278.65,545.99,499.14,1.0000,0
13466,7590,7597,278.85,585.48,499.03,1.0000,0
13467,7591,7597,239.36,585.68,499.00,1.0000,0
13468,7588,7598,219.40,546.35,518.84,1.0000,0
13469,7591,7598,219.60,585.84,518.73,1.0000,0
13470,7592,7598,219.57,585.95,558.21,1.0000,0
13471,7593,7598,219.37,546.46,558.32,1.0000,0
13472,7588,7600,239.05,526.50,518.91,1.0000,0
13473,7589,7600,278.53,526.30,518.94,1.0000,0
13474,7593,7600,239.01,526.61,558.39,1.0000,0
13475,7594,7600,278.50,526.41,558.43,1.0000,0
13476,7598,7596,239.21,566.10,558.29,1.0000,0
13477,7598,7597,239.25,565.99,518.80,1.0000,0
13478,7598,7601,239.33,585.79,538.49,1.0000,0
13479,7598,7600,239.13,546.30,538.60,1.0000,0
13480,7599,7597,278.73,565.79,518.83,1.0000,0
13481,7599,7601,278.82,585.59,538.52,1.0000,0
13482,7599,7596,278.70,565.90,558.32,1.0000,0
13483,7600,7597,258.89,546.15,518.87,1.0000,0
13484,7600,7599,278.62,546.10,538.63,1.0000,0
13485,7600,7596,258.86,546.26,558.36,1.0000,0
13486,7601,7596,259.06,585.75,558.25,1.0000,0
13487,7601,7597,259.09,585.64,518.76,1.0000,0
13488,7602,7611,318.14,545.79,499.17,1.0000,0
13489,7603,7611,357.63,545.59,499.21,1.0000,0
13490,7604,7611,357.83,585.08,499.10,1.0000,0
13491,7605,7611,318.34,585.28,499.06,1.0000,0
13492,7602,7612,298.38,545.95,518.90,1.0000,0
13493,7605,7612,298.58,585.44,518.79,1.0000,0
13494,7606,7612,298.55,585.55,558.28,1.0000,0
13495,7607,7612,298.35,546.06,558.39,1.0000,0
13496,7602,7614,318.02,526.10,518.97,1.0000,0
13497,7603,7614,357.51,525.90,519.00,1.0000,0
13498,7607,7614,317.99,526.21,558.46,1.0000,0
13499,7608,7614,357.48,526.01,558.49,0.8800,0
13500,7612,7610,318.19,565.70,558.35,1.0000,0
13501,7612,7611,318.22,565.59,518.86,1.0000,0
13502,7612,7615,318.31,585.39,538.55,1.0000,0
13503,7612,7614,318.11,545.90,538.66,1.0000,0
13504,7613,7611,357.71,565.39,518.90,1.0000,0
13505,7613,7615,357.80,585.19,538.58,1.0000,0
13506,7613,7610,357.68,565.50,558.38,1.0000,0
13507,7614,7611,337.87,545.75,518.93,1.0000,0
13508,7614,7613,357.59,545.70,538.69,1.0000,0
13509,7614,7610,337.83,545.86,558.42,1.0000,0
13510,7615,7610,338.04,585.34,558.31,1.0000,0
13511,7615,7611,338.07,585.23,518.82,1.0000,0
13512,7616,7625,397.12,545.39,499.24,1.0000,0
13513,7617,7625,436.60,545.19,499.27,1.0000,0
13514,7618,7625,436.80,584.68,499.16,1.0000,0
13515,7619,7625,397.32,584.88,499.13,1.0000,0
13516,7616,7626,377.35,545.55,518.97,1.0000,0
13517,7619,7626,377.56,585.03,518.86,1.0000,0
13518,7620,7626,377.52,585.14,558.35,1.0000,0
13519,7621,7626,377.32,545.66,558.45,1.0000,0
13520,7616,7628,397.00,525.70,519.04,1.0000,0
13521,7617,7628,436.49,525.50,519.07,1.0000,0
13522,7621,7628,396.97,525.81,558.53,1.0000,0
13523,7622,7628,436.45,525.61,558.56,1.0000,0
13524,7626,7624,397.17,565.30,558.42,1.0000,0
13525,7626,7625,397.20,565.19,518.93,1.0000,0
13526,7626,7629,397.28,584.99,538.62,1.0000,0
13527,7626,7628,397.08,545.50,538.73,1.0000,0
13528,7627,7625,436.69,564.99,518.96,1.0000,0
13529,7627,7629,436.77,584.79,538.65,1.0000,0
13530,7627,7624,436.66,565.10,558.45,1.0000,0
13531,7628,7625,416.84,545.35,519.00,1.0000,0
13532,7628,7627,436.57,545.30,538.76,1.0000,0
13533,7628,7624,416.81,545.45,558.49,1.0000,0
13534,7629,7624,417.01,584.94,558.38,1.0000,0
13535,7629,7625,417.04,584.83,518.89,1.0000,0
13536,7630,7639,476.09,544.99,499.30,1.0000,0
13537,7631,7639,515.58,544.79,499.34,0.4000,0
13538,7632,7639,515.78,584.28,499.23,1.0000,0
13539,7633,7639,476.29,584.48,499.19,1.0000,0
13540,7630,7640,456.33,545.14,519.03,1.0000,0
13541,7633,7640,456.53,584.63,518.92,1.0000,0
13542,7634,7640,456.50,584.74,558.41,1.0000,0
13543,7635,7640,456.30,545.25,558.52,1.0000,0
13544,7630,7642,475.98,525.30,519.10,1.0000,0
13545,7631,7642,515.46,525.10,519.14,1.0000,0
13546,7635,7642,475.94,525.41,558.59,1.0000,0
13547,7636,7642,515.43,525.21,558.62,1.0000,0
13548,7640,7638,476.14,564.90,558.48,1.0000,0
13549,7640,7639,476.18,564.79,518.99,1.0000,0
13550,7640,7643,476.26,584.59,538.68,1.0000,0
13551,7640,7642,476.06,545.10,538.79,0.9200,0
13552,7641,7639,515.66,564.59,519.03,1.0000,0
13553,7641,7643,515.75,584.39,538.72,0.9600,0
13554,7641,7638,515.63,564.70,558.51,1.0000,0
13555,7642,7639,495.82,544.94,519.06,1.0000,0
13556,7642,7641,515.55,544.90,538.82,1.0000,0
13557,7642,7638,495.79,545.05,558.55,1.0000,0
13558,7643,7638,495.99,584.54,558.44,1.0000,0
13559,7643,7639,496.02,584.43,518.95,1.0000,0
13560,7644,7653,555.07,544.59,499.37,1.0000,0
13561,7645,7653,594.56,544.39,499.40,0.0800,1
13562,7646,7653,594.76,583.88,499.29,1.0000,0
13563,7647,7653,555.27,584.08,499.26,0.3200,0
13564,7644,7654,535.31,544.74,519.10,0.9600,0
13565,7647,7654,535.51,584.23,518.99,1.0000,0
13566,7648,7654,535.48,584.34,558.48,0.9200,0
13567,7649,7654,535.28,544.85,558.59,1.0000,0
13568,7644,7656,554.95,524.90,519.17,0.6800,0
13569,7645,7656,594.44,524.70,519.20,1.0000,0
13570,7649,7656,554.92,525.01,558.66,1.0000,0
13571,7650,7656,594.41,524.81,558.69,0.7200,0
13572,7654,7652,555.12,564.50,558.55,1.0000,0
13573,7654,7653,555.15,564.39,519.06,1.0000,0
13574,7654,7657,555.24,584.19,538.75,1.0000,0
13575,7654,7656,555.04,544.70,538.86,0.4000,0
13576,7655,7653,594.64,564.19,519.09,0.5600,0
13577,7655,7657,594.73,583.98,538.78,0.3200,0
13578,7655,7652,594.61,564.30,558.58,1.0000,0
13579,7656,7653,574.80,544.54,519.13,1.0000,0
13580,7656,7655,594.52,544.50,538.89,1.0000,0
13581,7656,7652,574.76,544.65,558.62,0.0400,1
13582,7657,7652,574.97,584.14,558.51,1.0000,0
13583,7657,7653,575.00,584.03,519.02,0.1600,1
13584,7658,7667,634.04,544.19,499.43,1.0000,0
13585,7659,7667,673.53,543.99,499.47,0.0400,1
13586,7660,7667,673.73,583.47,499.36,1.0000,0
13587,7661,7667,634.25,583.67,499.33,0.0400,1
13588,7658,7668,614.28,544.34,519.16,0.0800,1
13589,7661,7668,614.49,583.83,519.05,0.7600,0
13590,7662,7668,614.45,583.94,558.54,0.3200,0
13591,7663,7668,614.25,544.45,558.65,0.9600,0
13592,7658,7670,633.93,524.50,519.23,0.4400,0
13593,7659,7670,673.42,524.30,519.27,1.0000,0
13594,7663,7670,633.90,524.61,558.72,1.0000,0
13595,7664,7670,673.38,524.41,558.75,0.6000,0
13596,7668,7666,634.10,564.09,558.61,0.4400,0
13597,7668,7667,634.13,563.98,519.12,0.9600,0
13598,7668,7671,634.21,583.78,538.81,1.0000,0
13599,7668,7670,634.01,544.30,538.92,0.0800,1
13600,7669,7667,673.62,563.78,519.16,0.0400,1
13601,7669,7671,673.70,583.58,538.85,0.0000,1
13602,7669,7666,673.59,563.89,558.65,1.0000,0
13603,7670,7667,653.77,544.14,519.20,0.2000,1
13604,7670,7669,673.50,544.09,538.96,1.0000,0
13605,7670,7666,653.74,544.25,558.68,0.1200,1
13606,7671,7666,653.94,583.74,558.57,0.3200,0
13607,7671,7667,653.97,583.63,519.09,0.0400,1
13608,7672,7681,713.02,543.78,499.50,1.0000,0
13609,7673,7681,752.51,543.58,499.53,0.0000,1
13610,7674,7681,752.71,583.07,499.42,1.0000,0
13611,7675,7681,713.22,583.27,499.39,0.0400,1
13612,7672,7682,693.26,543.94,519.23,0.1200,1
13613,7675,7682,693.46,583.43,519.12,0.2800,1
13614,7676,7682,693.43,583.54,558.61,0.0400,1
13615,7677,7682,693.23,544.05,558.72,0.1200,1
13616,7673,7683,772.24,543.54,519.29,0.0000,1
13617,7674,7683,772.44,583.03,519.18,0.0000,1
13618,7678,7683,772.21,543.65,558.78,0.0000,1
13619,7679,7683,772.41,583.14,558.67,0.0000,1
13620,7672,7684,712.90,524.10,519.30,0.0800,1
13621,7673,7684,752.39,523.89,519.33,0.4000,0
13622,7677,7684,712.87,524.20,558.79,0.8800,0
13623,7678,7684,752.36,524.00,558.82,0.0800,1
13624,7682,7680,713.07,563.69,558.68,0.0800,1
13625,7682,7681,713.11,563.58,519.19,0.9200,0
13626,7682,7685,713.19,583.38,538.88,1.0000,0
13627,7682,7684,712.99,543.89,538.99,0.0000,1
13628,7683,7681,752.59,563.38,519.22,0.0800,1
13629,7683,7685,752.68,583.18,538.91,0.0000,1
13630,7683,7680,752.56,563.49,558.71,0.5600,0
13631,7684,7681,732.75,543.74,519.26,0.1200,1
13632,7684,7683,752.48,543.69,539.02,1.0000,0
13633,7684,7680,732.72,543.85,558.75,0.0800,1
13634,7685,7680,732.92,583.34,558.64,0.1200,1
13635,7685,7681,732.95,583.23,519.15,0.0800,1
13636,7686,7695,81.61,625.97,498.76,0.9200,0
13637,7687,7695,121.10,625.77,498.79,1.0000,0
13638,7688,7695,121.30,665.26,498.68,0.0000,1
13639,7689,7695,81.81,665.46,498.65,1.0000,0
13640,7686,7696,61.85,626.13,518.49,0.9200,0
13641,7689,7696,62.05,665.62,518.38,1.0000,0
13642,7690,7696,62.02,665.73,557.87,1.0000,0
13643,7691,7696,61.82,626.24,557.97,1.0000,0
13644,7686,7698,81.49,606.28,518.56,0.6400,0
13645,7687,7698,120.98,606.08,518.59,0.8800,0
13646,7691,7698,81.46,606.39,558.05,1.0000,0
13647,7692,7698,120.95,606.19,558.08,1.0000,0
13648,7696,7694,81.66,645.88,557.94,1.0000,0
13649,7696,7695,81.69,645.77,518.45,0.8400,0
13650,7696,7699,81.78,665.57,538.14,0.9600,0
13651,7696,7698,81.58,626.08,538.25,1.0000,0
13652,7697,7695,121.18,645.57,518.48,1.0000,0
13653,7697,7699,121.27,665.37,538.17,1.0000,0
13654,7697,7694,121.15,645.68,557.97,1.0000,0
13655,7698,7695,101.34,625.93,518.52,1.0000,0
13656,7698,7697,121.07,625.88,538.28,1.0000,0
13657,7698,7694,101.31,626.04,558.01,1.0000,0
13658,7699,7694,101.51,665.53,557.90,1.0000,0
13659,7699,7695,101.54,665.42,518.41,1.0000,0
13660,7700,7709,160.59,625.57,498.82,1.0000,0
13661,7701,7709,200.08,625.37,498.86,1.0000,0
13662,7702,7709,200.28,664.86,498.75,1.0000,0
13663,7703,7709,160.79,665.06,498.71,0.0000,1
13664,7700,7710,140.83,625.73,518.55,1.0000,0
13665,7703,7710,141.03,665.22,518.44,0.0000,1
13666,7704,7710,141.00,665.32,557.93,1.0000,0
13667,7705,7710,140.79,625.84,558.04,1.0000,0
13668,7700,7712,160.47,605.88,518.62,1.0000,0
13669,7701,7712,199.96,605.68,518.65,1.0000,0
13670,7705,7712,160.44,605.99,558.11,1.0000,0
13671,7706,7712,199.93,605.79,558.14,1.0000,0
13672,7710,7708,160.64,645.48,558.00,1.0000,0
13673,7710,7709,160.67,645.37,518.51,1.0000,0
13674,7710,7713,160.76,665.17,538.20,1.0000,0
13675,7710,7712,160.55,625.68,538.31,1.0000,0
13676,7711,7709,200.16,645.17,518.55,1.0000,0
13677,7711,7713,200.24,664.97,538.24,1.0000,0
13678,7711,7708,200.13,645.28,558.03,1.0000,0
13679,7712,7709,180.32,625.53,518.58,1.0000,0
13680,7712,7711,200.04,625.48,538.34,1.0000,0
13681,7712,7708,180.28,625.64,558.07,1.0000,0
13682,7713,7708,180.48,665.12,557.96,1.0000,0
13683,7713,7709,180.52,665.01,518.47,1.0000,0
13684,7714,7723,239.56,625.17,498.89,1.0000,0
13685,7715,7723,279.05,624.97,498.92,1.0000,0
13686,7716,7723,279.25,664.46,498.81,1.0000,0
13687,7717,7723,239.76,664.66,498.78,1.0000,0
13688,7714,7724,219.80,625.33,518.62,1.0000,0
13689,7717,7724,220.00,664.81,518.51,1.0000,0
13690,7718,7724,219.97,664.92,558.00,1.0000,0
13691,7719,7724,219.77,625.43,558.11,1.0000,0
13692,7714,7726,239.45,605.48,518.69,1.0000,0
13693,7715,7726,278.94,605.28,518.72,1.0000,0
13694,7719,7726,239.42,605.59,558.18,1.0000,0
13695,7720,7726,278.90,605.39,558.21,1.0000,0
13696,7724,7722,239.62,645.08,558.07,1.0000,0
13697,7724,7723,239.65,644.97,518.58,1.0000,0
13698,7724,7727,239.73,664.77,538.27,1.0000,0
13699,7724,7726,239.53,625.28,538.38,1.0000,0
13700,7725,7723,279.14,644.77,518.61,1.0000,0
13701,7725,7727,279.22,664.57,538.30,1.0000,0
13702,7725,7722,279.10,644.88,558.10,1.0000,0
13703,7726,7723,259.29,625.12,518.65,1.0000,0
13704,7726,7725,279.02,625.08,538.41,1.0000,0
13705,7726,7722,259.26,625.23,558.14,1.0000,0
13706,7727,7722,259.46,664.72,558.03,1.0000,0
13707,7727,7723,259.49,664.61,518.54,1.0000,0
13708,7728,7737,318.54,624.77,498.95,1.0000,0
13709,7729,7737,358.03,624.57,498.99,1.0000,0
13710,7730,7737,358.23,664.06,498.88,1.0000,0
13711,7731,7737,318.74,664.26,498.84,1.0000,0
13712,7728,7738,298.78,624.92,518.68,1.0000,0
13713,7731,7738,298.98,664.41,518.57,1.0000,0
13714,7732,7738,298.95,664.52,558.06,1.0000,0
13715,7733,7738,298.75,625.03,558.17,1.0000,0
13716,7728,7740,318.42,605.08,518.75,1.0000,0
13717,7729,7740,357.91,604.88,518.79,1.0000,0
13718,7733,7740,318.39,605.19,558.24,1.0000,0
13719,7734,7740,357.88,604.99,558.27,1.0000,0
13720,7738,7736,318.59,644.68,558.13,1.0000,0
13721,7738,7737,318.62,644.57,518.64,1.0000,0
13722,7738,7741,318.71,664.37,538.33,1.0000,0
13723,7738,7740,318.51,624.88,538.44,1.0000,0
13724,7739,7737,358.11,644.37,518.68,1.0000,0
13725,7739,7741,358.20,664.17,538.37,1.0000,0
13726,7739,7736,358.08,644.48,558.17,1.0000,0
13727,7740,7737,338.27,624.72,518.71,1.0000,0
13728,7740,7739,358.00,624.68,538.48,1.0000,0
13729,7740,7736,338.24,624.83,558.20,1.0000,0
13730,7741,7736,338.44,664.32,558.09,1.0000,0
13731,7741,7737,338.47,664.21,518.61,1.0000,0
13732,7742,7751,397.52,624.37,499.02,1.0000,0
13733,7743,7751,437.01,624.17,499.05,1.0000,0
13734,7744,7751,437.21,663.65,498.94,1.0000,0
13735,7745,7751,397.72,663.86,498.91,1.0000,0
13736,7742,7752,377.76,624.52,518.75,1.0000,0
13737,7745,7752,377.96,664.01,518.64,1.0000,0
13738,7746,7752,377.93,664.12,558.13,1.0000,0
13739,7747,7752,377.72,624.63,558.24,1.0000,0
13740,7742,7754,397.40,604.68,518.82,1.0000,0
13741,7743,7754,436.89,604.48,518.85,1.0000,0
13742,7747,7754,397.37,604.79,558.31,1.0000,0
13743,7748,7754,436.86,604.59,558.34,1.0000,0
13744,7752,7750,397.57,644.28,558.20,1.0000,0
13745,7752,7751,397.60,644.17,518.71,1.0000,0
13746,7752,7755,397.69,663.96,538.40,1.0000,0
13747,7752,7754,397.48,624.48,538.51,1.0000,0
13748,7753,7751,437.09,643.97,518.74,1.0000,0
13749,7753,7755,437.17,663.76,538.43,1.0000,0
13750,7753,7750,437.06,644.07,558.23,1.0000,0
13751,7754,7751,417.24,624.32,518.78,1.0000,0
13752,7754,7753,436.97,624.28,538.54,1.0000,0
13753,7754,7750,417.21,624.43,558.27,1.0000,0
13754,7755,7750,417.41,663.92,558.16,1.0000,0
13755,7755,7751,417.45,663.81,518.67,1.0000,0
13756,7756,7765,476.49,623.97,499.09,1.0000,0
13757,7757,7765,515.98,623.76,499.12,0.5600,0
13758,7758,7765,516.18,663.25,499.01,1.0000,0
13759,7759,7765,476.69,663.45,498.98,0.8800,0
13760,7756,7766,456.73,624.12,518.81,1.0000,0
13761,7759,7766,456.93,663.61,518.70,1.0000,0
13762,7760,7766,456.90,663.72,558.19,1.0000,0
13763,7761,7766,456.70,624.23,558.30,1.0000,0
13764,7756,7768,476.38,604.28,518.88,1.0000,0
13765,7757,7768,515.87,604.08,518.92,1.0000,0
13766,7761,7768,476.34,604.39,558.37,1.0000,0
13767,7762,7768,515.83,604.18,558.41,1.0000,0
13768,7766,7764,476.55,643.87,558.26,1.0000,0
13769,7766,7765,476.58,643.76,518.77,1.0000,0
13770,7766,7769,476.66,663.56,538.46,1.0000,0
13771,7766,7768,476.46,624.08,538.57,1.0000,0
13772,7767,7765,516.07,643.56,518.81,1.0000,0
13773,7767,7769,516.15,663.36,538.50,0.6000,0
13774,7767,7764,516.03,643.67,558.30,1.0000,0
13775,7768,7765,496.22,623.92,518.85,1.0000,0
13776,7768,7767,515.95,623.87,538.61,1.0000,0
13777,7768,7764,496.19,624.03,558.33,1.0000,0
13778,7769,7764,496.39,663.52,558.23,1.0000,0
13779,7769,7765,496.42,663.41,518.74,1.0000,0
13780,7770,7779,555.47,623.56,499.15,1.0000,0
13781,7771,7779,594.96,623.36,499.18,0.0400,1
13782,7772,7779,595.16,662.85,499.07,1.0000,0
13783,7773,7779,555.67,663.05,499.04,0.4000,0
13784,7770,7780,535.71,623.72,518.88,0.8000,0
13785,7773,7780,535.91,663.21,518.77,1.0000,0
13786,7774,7780,535.88,663.32,558.26,0.9600,0
13787,7775,7780,535.68,623.83,558.37,1.0000,0
13788,7770,7782,555.35,603.87,518.95,0.9600,0
13789,7771,7782,594.84,603.67,518.98,1.0000,0
13790,7775,7782,555.32,603.98,558.44,1.0000,0
13791,7776,7782,594.81,603.78,558.47,0.8800,0
13792,7780,7778,555.52,643.47,558.33,0.8400,0
13793,7780,7779,555.55,643.36,518.84,1.0000,0
13794,7780,7783,555.64,663.16,538.53,1.0000,0
13795,7780,7782,555.44,623.67,538.64,0.6000,0
13796,7781,7779,595.04,643.16,518.87,0.9200,0
13797,7781,7783,595.13,662.96,538.56,0.1600,1
13798,7781,7778,595.01,643.27,558.36,1.0000,0
13799,7782,7779,575.20,623.52,518.91,1.0000,0
13800,7782,7781,594.93,623.47,538.67,1.0000,0
13801,7782,7778,575.17,623.63,558.40,0.8800,0
13802,7783,7778,575.37,663.12,558.29,1.0000,0
13803,7783,7779,575.40,663.01,518.80,0.7200,0
13804,7784,7793,634.45,623.16,499.22,1.0000,0
13805,7785,7793,673.93,622.96,499.25,0.0800,1
13806,7786,7793,674.14,662.45,499.14,1.0000,0
13807,7787,7793,634.65,662.65,499.11,0.0800,1
13808,7784,7794,614.69,623.32,518.94,0.0800,1
13809,7787,7794,614.89,662.81,518.83,1.0000,0
13810,7788,7794,614.86,662.92,558.32,0.0400,1
13811,7789,7794,614.65,623.43,558.43,0.9200,0
13812,7784,7796,634.33,603.47,519.01,0.6400,0
13813,7785,7796,673.82,603.27,519.05,1.0000,0
13814,7789,7796,634.30,603.58,558.50,1.0000,0
13815,7790,7796,673.79,603.38,558.54,0.3200,0
13816,7794,7792,634.50,643.07,558.39,0.4800,0
13817,7794,7793,634.53,642.96,518.91,1.0000,0
13818,7794,7797,634.62,662.76,538.60,1.0000,0
13819,7794,7796,634.41,623.27,538.70,0.1600,1
13820,7795,7793,674.02,642.76,518.94,0.0800,1
13821,7795,7797,674.10,662.56,538.63,0.1200,1
13822,7795,7792,673.99,642.87,558.43,1.0000,0
13823,7796,7793,654.17,623.12,518.98,0.9200,0
13824,7796,7795,673.90,623.07,538.74,1.0000,0
13825,7796,7792,654.14,623.23,558.47,0.0800,1
13826,7797,7792,654.34,662.71,558.36,0.9600,0
13827,7797,7793,654.38,662.60,518.87,0.0400,1
13828,7798,7807,713.42,622.76,499.28,1.0000,0
13829,7799,7807,752.91,622.56,499.31,0.0000,1
13830,7800,7807,753.11,662.05,499.20,1.0000,0
13831,7801,7807,713.62,662.25,499.17,0.0800,1
13832,7798,7808,693.66,622.92,519.01,0.0800,1
13833,7801,7808,693.86,662.40,518.90,0.1600,1
13834,7802,7808,693.83,662.51,558.39,0.0800,1
13835,7803,7808,693.63,623.03,558.50,0.1200,1
13836,7799,7809,772.64,622.51,519.07,0.0000,1
13837,7800,7809,772.84,662.00,518.97,0.0000,1
13838,7804,7809,772.61,622.62,558.56,0.0000,1
13839,7805,7809,772.81,662.11,558.45,0.0000,1
13840,7798,7810,713.31,603.07,519.08,0.0800,1
13841,7799,7810,752.79,602.87,519.11,0.4800,0
13842,7803,7810,713.27,603.18,558.57,0.7200,0
13843,7804,7810,752.76,602.98,558.60,0.0800,1
13844,7808,7806,713.48,642.67,558.46,0.0800,1
13845,7808,7807,713.51,642.56,518.97,1.0000,0
13846,7808,7811,713.59,662.36,538.66,1.0000,0
13847,7808,7810,713.39,622.87,538.77,0.0400,1
13848,7809,7807,753.00,642.36,519.00,0.0400,1
13849,7809,7811,753.08,662.16,538.69,0.0000,1
13850,7809,7806,752.96,642.47,558.49,0.4000,0
13851,7810,7807,733.15,622.72,519.04,0.1200,1
13852,7810,7809,752.88,622.67,538.80,1.0000,0
13853,7810,7806,733.12,622.82,558.53,0.0800,1
13854,7811,7806,733.32,662.31,558.42,0.1200,1
13855,7811,7807,733.35,662.20,518.93,0.0800,1
13856,7812,7821,82.01,704.95,498.54,1.0000,0
13857,7813,7821,121.50,704.75,498.57,0.0400,1
13858,7814,7821,121.70,744.24,498.46,0.9600,0
13859,7815,7821,82.21,744.44,498.43,0.9200,0
13860,7812,7822,62.25,705.10,518.27,0.8000,0
13861,7815,7822,62.45,744.59,518.16,0.9200,0
13862,7816,7822,62.42,744.70,557.65,0.8000,0
13863,7817,7822,62.22,705.21,557.76,1.0000,0
13864,7812,7824,81.90,685.26,518.34,0.9200,0
13865,7813,7824,121.38,685.06,518.37,0.0000,1
13866,7817,7824,81.86,685.37,557.83,1.0000,0
13867,7818,7824,121.35,685.17,557.86,1.0000,0
13868,7814,7825,121.79,764.04,518.15,0.0000,1
13869,7815,7825,82.30,764.24,518.12,0.0000,1
13870,7816,7825,82.27,764.35,557.61,0.0000,1
13871,7819,7825,121.75,764.15,557.64,0.0000,1
13872,7822,7820,82.06,724.86,557.72,1.0000,0
13873,7822,7821,82.10,724.75,518.23,1.0000,0
13874,7822,7825,82.18,744.55,537.92,0.9600,0
13875,7822,7824,81.98,705.06,538.03,1.0000,0
13876,7823,7821,121.59,724.55,518.26,1.0000,0
13877,7823,7825,121.67,744.35,537.95,0.9200,0
13878,7823,7820,121.55,724.66,557.75,1.0000,0
13879,7824,7821,101.74,704.90,518.30,1.0000,0
13880,7824,7823,121.47,704.86,538.06,1.0000,0
13881,7824,7820,101.71,705.01,557.79,1.0000,0
13882,7825,7820,101.91,744.50,557.68,0.9600,0
13883,7825,7821,101.94,744.39,518.19,0.9600,0
13884,7826,7835,160.99,704.55,498.60,0.0000,1
13885,7827,7835,200.48,704.35,498.64,1.0000,0
13886,7828,7835,200.68,743.84,498.53,0.9600,0
13887,7829,7835,161.19,744.04,498.50,0.9200,0
13888,7826,7836,141.23,704.70,518.33,0.0000,1
13889,7829,7836,141.43,744.19,518.22,0.9600,0
13890,7830,7836,141.40,744.30,557.71,0.9600,0
13891,7831,7836,141.20,704.81,557.82,1.0000,0
13892,7826,7838,160.87,684.86,518.40,0.0000,1
13893,7827,7838,200.36,684.66,518.44,1.0000,0
13894,7831,7838,160.84,684.97,557.89,1.0000,0
13895,7832,7838,200.33,684.77,557.93,1.0000,0
13896,7828,7839,200.76,763.63,518.22,0.0000,1
13897,7829,7839,161.27,763.84,518.19,0.0000,1
13898,7830,7839,161.24,763.94,557.67,0.0000,1
13899,7833,7839,200.73,763.74,557.71,0.0000,1
13900,7836,7834,161.04,724.46,557.78,1.0000,0
13901,7836,7835,161.07,724.35,518.29,1.0000,0
13902,7836,7839,161.16,744.15,537.98,0.9200,0
13903,7836,7838,160.96,704.66,538.09,1.0000,0
13904,7837,7835,200.56,724.15,518.33,1.0000,0
13905,7837,7839,200.65,743.95,538.02,0.9200,0
13906,7837,7834,200.53,724.26,557.82,1.0000,0
13907,7838,7835,180.72,704.50,518.37,1.0000,0
13908,7838,7837,200.45,704.46,538.13,1.0000,0
13909,7838,7834,180.68,704.61,557.85,1.0000,0
13910,7839,7834,180.89,744.10,557.74,0.9600,0
13911,7839,7835,180.92,743.99,518.26,0.9600,0
13912,7840,7849,239.97,704.15,498.67,1.0000,0
13913,7841,7849,279.45,703.95,498.70,1.0000,0
13914,7842,7849,279.65,743.43,498.59,0.9600,0
13915,7843,7849,240.17,743.63,498.56,0.9600,0
13916,7840,7850,220.21,704.30,518.40,1.0000,0
13917,7843,7850,220.41,743.79,518.29,0.9600,0
13918,7844,7850,220.37,743.90,557.78,0.9600,0
13919,7845,7850,220.17,704.41,557.89,1.0000,0
13920,7840,7852,239.85,684.46,518.47,1.0000,0
13921,7841,7852,279.34,684.26,518.50,0.5200,0
13922,7845,7852,239.82,684.57,557.96,1.0000,0
13923,7846,7852,279.31,684.37,557.99,1.0000,0
13924,7842,7853,279.74,763.23,518.28,0.0000,1
13925,7843,7853,240.25,763.43,518.25,0.0000,1
13926,7844,7853,240.22,763.54,557.74,0.0000,1
13927,7847,7853,279.71,763.34,557.77,0.0000,1
13928,7850,7848,240.02,724.05,557.85,1.0000,0
13929,7850,7849,240.05,723.95,518.36,1.0000,0
13930,7850,7853,240.13,743.74,538.05,0.9600,0
13931,7850,7852,239.93,704.26,538.16,1.0000,0
13932,7851,7849,279.54,723.74,518.39,1.0000,0
13933,7851,7853,279.62,743.54,538.08,0.9600,0
13934,7851,7848,279.51,723.85,557.88,1.0000,0
13935,7852,7849,259.69,704.10,518.43,1.0000,0
13936,7852,7851,279.42,704.06,538.19,1.0000,0
13937,7852,7848,259.66,704.21,557.92,1.0000,0
13938,7853,7848,259.86,743.70,557.81,0.9600,0
13939,7853,7849,259.89,743.59,518.32,0.9600,0
13940,7854,7863,318.94,703.75,498.74,1.0000,0
13941,7855,7863,358.43,703.54,498.77,1.0000,0
13942,7856,7863,358.63,743.03,498.66,0.9200,0
13943,7857,7863,319.14,743.23,498.63,0.9600,0
13944,7854,7864,299.18,703.90,518.46,1.0000,0
13945,7857,7864,299.38,743.39,518.35,0.9600,0
13946,7858,7864,299.35,743.50,557.84,0.9600,0
13947,7859,7864,299.15,704.01,557.95,1.0000,0
13948,7854,7866,318.83,684.06,518.53,1.0000,0
13949,7855,7866,358.31,683.85,518.57,1.0000,0
13950,7859,7866,318.79,684.17,558.02,1.0000,0
13951,7860,7866,358.28,683.96,558.06,1.0000,0
13952,7856,7867,358.72,762.83,518.35,0.0000,1
13953,7857,7867,319.23,763.03,518.32,0.0000,1
13954,7858,7867,319.20,763.14,557.80,0.0000,1
13955,7861,7867,358.68,762.94,557.84,0.0000,1
13956,7864,7862,318.99,723.65,557.91,0.8800,0
13957,7864,7863,319.03,723.54,518.43,1.0000,0
13958,7864,7867,319.11,743.34,538.12,0.9200,0
13959,7864,7866,318.91,703.85,538.22,1.0000,0
13960,7865,7863,358.51,723.34,518.46,1.0000,0
13961,7865,7867,358.60,743.14,538.15,0.9600,0
13962,7865,7862,358.48,723.45,557.95,1.0000,0
13963,7866,7863,338.67,703.70,518.50,1.0000,0
13964,7866,7865,358.40,703.65,538.26,1.0000,0
13965,7866,7862,338.64,703.81,557.98,1.0000,0
13966,7867,7862,338.84,743.30,557.88,0.9200,0
13967,7867,7863,338.87,743.19,518.39,0.9600,0
13968,7868,7877,397.92,703.34,498.80,1.0000,0
13969,7869,7877,437.41,703.14,498.83,0.9600,0
13970,7870,7877,437.61,742.63,498.72,0.9200,0
13971,7871,7877,398.12,742.83,498.69,0.9600,0
13972,7868,7878,378.16,703.50,518.53,1.0000,0
13973,7871,7878,378.36,742.99,518.42,0.9200,0
13974,7872,7878,378.33,743.10,557.91,0.9600,0
13975,7873,7878,378.13,703.61,558.02,1.0000,0
13976,7868,7880,397.80,683.65,518.60,1.0000,0
13977,7869,7880,437.29,683.45,518.63,1.0000,0
13978,7873,7880,397.77,683.76,558.09,1.0000,0
13979,7874,7880,437.26,683.56,558.12,1.0000,0
13980,7870,7881,437.69,762.43,518.41,0.0000,1
13981,7871,7881,398.20,762.63,518.38,0.0000,1
13982,7872,7881,398.17,762.74,557.87,0.0000,1
13983,7875,7881,437.66,762.54,557.90,0.0000,1
13984,7878,7876,397.97,723.25,557.98,1.0000,0
13985,7878,7877,398.00,723.14,518.49,1.0000,0
13986,7878,7881,398.09,742.94,538.18,0.9200,0
13987,7878,7880,397.89,703.45,538.29,1.0000,0
13988,7879,7877,437.49,722.94,518.52,1.0000,0
13989,7879,7881,437.58,742.74,538.21,0.8400,0
13990,7879,7876,437.46,723.05,558.01,1.0000,0
13991,7880,7877,417.65,703.30,518.56,1.0000,0
13992,7880,7879,437.37,703.25,538.32,1.0000,0
13993,7880,7876,417.61,703.41,558.05,1.0000,0
13994,7881,7876,417.82,742.90,557.94,0.9200,0
13995,7881,7877,417.85,742.79,518.45,0.9600,0
13996,7882,7891,476.90,702.94,498.87,1.0000,0
13997,7883,7891,516.38,702.74,498.90,0.6400,0
13998,7884,7891,516.58,742.23,498.79,0.8800,0
13999,7885,7891,477.10,742.43,498.76,0.7600,0
14000,7882,7892,457.13,703.10,518.59,0.9200,0
14001,7885,7892,457.34,742.59,518.49,0.9200,0
14002,7886,7892,457.30,742.69,557.97,0.9200,0
14003,7887,7892,457.10,703.21,558.08,1.0000,0
14004,7882,7894,476.78,683.25,518.67,1.0000,0
14005,7883,7894,516.27,683.05,518.70,1.0000,0
14006,7887,7894,476.75,683.36,558.15,1.0000,0
14007,7888,7894,516.23,683.16,558.19,0.9600,0
14008,7884,7895,516.67,762.03,518.48,0.0000,1
14009,7885,7895,477.18,762.23,518.45,0.0000,1
14010,7886,7895,477.15,762.34,557.94,0.0000,1
14011,7889,7895,516.64,762.14,557.97,0.0000,1
14012,7892,7890,476.95,722.85,558.04,0.9200,0
14013,7892,7891,476.98,722.74,518.56,1.0000,0
14014,7892,7895,477.06,742.54,538.25,0.8800,0
14015,7892,7894,476.86,703.05,538.36,0.7600,0
14016,7893,7891,516.47,722.54,518.59,0.9200,0
14017,7893,7895,516.55,742.34,538.28,0.6800,0
14018,7893,7890,516.44,722.65,558.08,0.8400,0
14019,7894,7891,496.62,702.90,518.63,1.0000,0
14020,7894,7893,516.35,702.85,538.39,1.0000,0
14021,7894,7890,496.59,703.01,558.12,0.9600,0
14022,7895,7890,496.79,742.49,558.01,0.8800,0
14023,7895,7891,496.82,742.38,518.52,0.8800,0
14024,7896,7905,555.87,702.54,498.93,1.0000,0
14025,7897,7905,595.36,702.34,498.96,0.0400,1
14026,7898,7905,595.56,741.83,498.86,0.8800,0
14027,7899,7905,556.07,742.03,498.82,0.6400,0
14028,7896,7906,536.11,702.70,518.66,1.0000,0
14029,7899,7906,536.31,742.18,518.55,0.9200,0
14030,7900,7906,536.28,742.29,558.04,0.8000,0
14031,7901,7906,536.08,702.80,558.15,1.0000,0
14032,7896,7908,555.76,682.85,518.73,0.8800,0
14033,7897,7908,595.24,682.65,518.76,1.0000,0
14034,7901,7908,555.72,682.96,558.22,1.0000,0
14035,7902,7908,595.21,682.76,558.25,0.8800,0
14036,7898,7909,595.65,761.63,518.55,0.0000,1
14037,7899,7909,556.16,761.83,518.51,0.0000,1
14038,7900,7909,556.12,761.94,558.00,0.0000,1
14039,7903,7909,595.61,761.74,558.03,0.0000,1
14040,7906,7904,555.92,722.45,558.11,1.0000,0
14041,7906,7905,555.96,722.34,518.62,1.0000,0
14042,7906,7909,556.04,742.14,538.31,0.8800,0
14043,7906,7908,555.84,702.65,538.42,0.2400,1
14044,7907,7905,595.44,722.14,518.65,0.2800,1
14045,7907,7909,595.53,741.94,538.34,0.0800,1
14046,7907,7904,595.41,722.25,558.14,1.0000,0
14047,7908,7905,575.60,702.49,518.69,1.0000,0
14048,7908,7907,595.33,702.45,538.45,1.0000,0
14049,7908,7904,575.57,702.60,558.18,0.0800,1
14050,7909,7904,575.77,742.09,558.07,0.8800,0
14051,7909,7905,575.80,741.98,518.58,0.0400,1
14052,7910,7919,634.85,702.14,499.00,1.0000,0
14053,7911,7919,674.34,701.94,499.03,0.0800,1
14054,7912,7919,674.54,741.43,498.92,0.8400,0
14055,7913,7919,635.05,741.63,498.89,0.1200,1
14056,7910,7920,615.09,702.29,518.73,0.0800,1
14057,7913,7920,615.29,741.78,518.62,0.8800,0
14058,7914,7920,615.26,741.89,558.10,0.3600,0
14059,7915,7920,615.06,702.40,558.21,1.0000,0
14060,7910,7922,634.73,682.45,518.80,0.7600,0
14061,7911,7922,674.22,682.25,518.83,1.0000,0
14062,7915,7922,634.70,682.56,558.28,1.0000,0
14063,7916,7922,674.19,682.36,558.32,0.3600,0
14064,7912,7923,674.62,761.22,518.61,0.0000,1
14065,7913,7923,635.13,761.43,518.58,0.0000,1
14066,7914,7923,635.10,761.54,558.07,0.0000,1
14067,7917,7923,674.59,761.33,558.10,0.0000,1
14068,7920,7918,634.90,722.05,558.18,0.4000,0
14069,7920,7919,634.93,721.94,518.69,1.0000,0
14070,7920,7923,635.02,741.74,538.38,0.8400,0
14071,7920,7922,634.82,702.25,538.49,0.0400,1
14072,7921,7919,674.42,721.74,518.72,0.0400,1
14073,7921,7923,674.51,741.54,538.41,0.0400,1
14074,7921,7918,674.39,721.85,558.21,0.5200,0
14075,7922,7919,654.58,702.09,518.76,0.4000,0
14076,7922,7921,674.30,702.05,538.52,1.0000,0
14077,7922,7918,654.54,702.20,558.25,0.1200,1
14078,7923,7918,654.75,741.69,558.14,0.2000,1
14079,7923,7919,654.78,741.58,518.65,0.0400,1
14080,7924,7933,713.82,701.74,499.06,1.0000,0
14081,7925,7933,753.31,701.54,499.10,0.0000,1
14082,7926,7933,753.51,741.02,498.99,0.4000,0
14083,7927,7933,714.03,741.23,498.95,0.0800,1
14084,7924,7934,694.06,701.89,518.79,0.0800,1
14085,7927,7934,694.27,741.38,518.68,0.2800,1
14086,7928,7934,694.23,741.49,558.17,0.0000,1
14087,7929,7934,694.03,702.00,558.28,0.2400,1
14088,7925,7935,773.04,701.49,518.86,0.0000,1
14089,7926,7935,773.24,740.98,518.75,0.0000,1
14090,7930,7935,773.01,701.60,558.34,0.0000,1
14091,7931,7935,773.21,741.09,558.24,0.0000,1
14092,7924,7936,713.71,682.05,518.86,0.0400,1
14093,7925,7936,753.20,681.85,518.89,1.0000,0
14094,7929,7936,713.68,682.16,558.35,1.0000,0
14095,7930,7936,753.16,681.96,558.38,0.0400,1
14096,7926,7937,753.60,760.82,518.68,0.0000,1
14097,7927,7937,714.11,761.02,518.64,0.0000,1
14098,7928,7937,714.08,761.13,558.13,0.0000,1
14099,7931,7937,753.57,760.93,558.16,0.0000,1
14100,7934,7932,713.88,721.65,558.24,0.0400,1
14101,7934,7933,713.91,721.54,518.75,1.0000,0
14102,7934,7937,713.99,741.33,538.44,0.6800,0
14103,7934,7936,713.79,701.85,538.55,0.0800,1
14104,7935,7933,753.40,721.34,518.79,0.0400,1
14105,7935,7937,753.48,741.13,538.47,0.0800,1
14106,7935,7932,753.37,721.44,558.27,1.0000,0
14107,7936,7933,733.55,701.69,518.82,0.1200,1
14108,7936,7935,753.28,701.65,538.58,1.0000,0
14109,7936,7932,733.52,701.80,558.31,0.0800,1
14110,7937,7932,733.72,741.29,558.20,0.0000,1
14111,7937,7933,733.75,741.18,518.71,0.0400,1
14112,7938,7947,78.73,73.36,579.26,1.0000,0
14113,7939,7947,118.22,73.16,579.30,1.0000,0
14114,7940,7947,118.42,112.65,579.19,1.0000,0
14115,7941,7947,78.93,112.85,579.16,1.0000,0
14116,7938,7948,58.97,73.51,598.99,1.0000,0
14117,7941,7948,59.17,113.00,598.88,1.0000,0
14118,7942,7948,59.14,113.11,638.37,1.0000,0
14119,7943,7948,58.94,73.62,638.48,0.0000,1
14120,7938,7950,78.62,53.67,599.06,1.0000,0
14121,7939,7950,118.11,53.47,599.10,1.0000,0
14122,7943,7950,78.59,53.78,638.55,1.0000,0
14123,7944,7950,118.07,53.58,638.58,1.0000,0
14124,7948,7946,78.79,93.27,638.44,1.0000,0
14125,7948,7947,78.82,93.16,598.95,1.0000,0
14126,7948,7951,78.90,112.96,618.64,1.0000,0
14127,7948,7950,78.70,73.47,618.75,1.0000,0
14128,7949,7947,118.31,92.96,598.99,1.0000,0
14129,7949,7951,118.39,112.76,618.68,1.0000,0
14130,7949,7946,118.27,93.07,638.48,1.0000,0
14131,7950,7947,98.46,73.31,599.03,1.0000,0
14132,7950,7949,118.19,73.27,618.79,1.0000,0
14133,7950,7946,98.43,73.42,638.51,1.0000,0
14134,7951,7946,98.63,112.91,638.40,1.0000,0
14135,7951,7947,98.66,112.80,598.92,1.0000,0
14136,7952,7961,157.71,72.96,579.33,1.0000,0
14137,7953,7961,197.20,72.76,579.36,1.0000,0
14138,7954,7961,197.40,112.24,579.25,1.0000,0
14139,7955,7961,157.91,112.44,579.22,1.0000,0
14140,7952,7962,137.95,73.11,599.06,1.0000,0
14141,7955,7962,138.15,112.60,598.95,1.0000,0
14142,7956,7962,138.12,112.71,638.44,1.0000,0
14143,7957,7962,137.92,73.22,638.55,1.0000,0
14144,7952,7964,157.59,53.27,599.13,1.0000,0
14145,7953,7964,197.08,53.07,599.16,1.0000,0
14146,7957,7964,157.56,53.38,638.62,1.0000,0
14147,7958,7964,197.05,53.18,638.65,1.0000,0
14148,7962,7960,157.76,92.86,638.51,1.0000,0
14149,7962,7961,157.79,92.76,599.02,1.0000,0
14150,7962,7965,157.88,112.55,618.71,1.0000,0
14151,7962,7964,157.68,73.07,618.82,1.0000,0
14152,7963,7961,197.28,92.55,599.05,1.0000,0
14153,7963,7965,197.37,112.35,618.74,1.0000,0
14154,7963,7960,197.25,92.66,638.54,1.0000,0
14155,7964,7961,177.44,72.91,599.09,1.0000,0
14156,7964,7963,197.17,72.87,618.85,1.0000,0
14157,7964,7960,177.41,73.02,638.58,1.0000,0
14158,7965,7960,177.61,112.51,638.47,1.0000,0
14159,7965,7961,177.64,112.40,598.98,1.0000,0
14160,7966,7975,236.69,72.56,579.40,1.0000,0
14161,7967,7975,276.18,72.35,579.43,1.0000,0
14162,7968,7975,276.38,111.84,579.32,1.0000,0
14163,7969,7975,236.89,112.04,579.29,1.0000,0
14164,7966,7976,216.93,72.71,599.12,1.0000,0
14165,7969,7976,217.13,112.20,599.01,1.0000,0
14166,7970,7976,217.10,112.31,638.50,1.0000,0
14167,7971,7976,216.89,72.82,638.61,1.0000,0
14168,7966,7978,236.57,52.87,599.19,1.0000,0
14169,7967,7978,276.06,52.66,599.23,1.0000,0
14170,7971,7978,236.54,52.98,638.68,1.0000,0
14171,7972,7978,276.03,52.77,638.72,1.0000,0
14172,7976,7974,236.74,92.46,638.57,1.0000,0
14173,7976,7975,236.77,92.35,599.09,1.0000,0
14174,7976,7979,236.86,112.15,618.77,1.0000,0
14175,7976,7978,236.65,72.66,618.88,1.0000,0
14176,7977,7975,276.26,92.15,599.12,1.0000,0
14177,7977,7979,276.34,111.95,618.81,1.0000,0
14178,7977,7974,276.23,92.26,638.61,1.0000,0
14179,7978,7975,256.42,72.51,599.16,1.0000,0
14180,7978,7977,276.14,72.46,618.92,1.0000,0
14181,7978,7974,256.38,72.62,638.64,1.0000,0
14182,7979,7974,256.58,112.11,638.54,1.0000,0
14183,7979,7975,256.62,112.00,599.05,1.0000,0
14184,7980,7989,315.66,72.15,579.46,1.0000,0
14185,7981,7989,355.15,71.95,579.49,1.0000,0
14186,7982,7989,355.35,111.44,579.38,1.0000,0
14187,7983,7989,315.86,111.64,579.35,1.0000,0
14188,7980,7990,295.90,72.31,599.19,1.0000,0
14189,7983,7990,296.10,111.80,599.08,1.0000,0
14190,7984,7990,296.07,111.91,638.57,1.0000,0
14191,7985,7990,295.87,72.42,638.68,1.0000,0
14192,7980,7992,315.55,52.46,599.26,1.0000,0
14193,7981,7992,355.04,52.26,599.29,1.0000,0
14194,7985,7992,315.51,52.57,638.75,1.0000,0
14195,7986,7992,355.00,52.37,638.78,1.0000,0
14196,7990,7988,315.72,92.06,638.64,1.0000,0
14197,7990,7989,315.75,91.95,599.15,1.0000,0
14198,7990,7993,315.83,111.75,618.84,1.0000,0
14199,7990,7992,315.63,72.26,618.95,1.0000,0
14200,7991,7989,355.24,91.75,599.18,1.0000,0
14201,7991,7993,355.32,111.55,618.87,1.0000,0
14202,7991,7988,355.20,91.86,638.67,1.0000,0
14203,7992,7989,335.39,72.11,599.22,1.0000,0
14204,7992,7991,355.12,72.06,618.98,1.0000,0
14205,7992,7988,335.36,72.22,638.71,1.0000,0
14206,7993,7988,335.56,111.71,638.60,1.0000,0
14207,7993,7989,335.59,111.60,599.11,1.0000,0
14208,7994,8003,394.64,71.75,579.53,1.0000,0
14209,7995,8003,434.13,71.55,579.56,1.0000,0
14210,7996,8003,434.33,111.04,579.45,0.0000,1
14211,7997,8003,394.84,111.24,579.42,1.0000,0
14212,7994,8004,374.88,71.91,599.25,1.0000,0
14213,7997,8004,375.08,111.40,599.14,1.0000,0
14214,7998,8004,375.05,111.50,638.63,1.0000,0
14215,7999,8004,374.85,72.02,638.74,1.0000,0
14216,7994,8006,394.52,52.06,599.33,1.0000,0
14217,7995,8006,434.01,51.86,599.36,1.0000,0
14218,7999,8006,394.49,52.17,638.81,1.0000,0
14219,8000,8006,433.98,51.97,638.85,1.0000,0
14220,8004,8002,394.69,91.66,638.70,1.0000,0
14221,8004,8003,394.72,91.55,599.22,1.0000,0
14222,8004,8007,394.81,111.35,618.91,1.0000,0
14223,8004,8006,394.61,71.86,619.01,1.0000,0
14224,8005,8003,434.21,91.35,599.25,1.0000,0
14225,8005,8007,434.30,111.15,618.94,1.0000,0
14226,8005,8002,434.18,91.46,638.74,1.0000,0
14227,8006,8003,414.37,71.71,599.29,1.0000,0
14228,8006,8005,434.10,71.66,619.05,1.0000,0
14229,8006,8002,414.34,71.82,638.78,1.0000,0
14230,8007,8002,414.54,111.30,638.67,1.0000,0
14231,8007,8003,414.57,111.19,599.18,1.0000,0
14232,8008,8017,473.62,71.35,579.59,1.0000,0
14233,8009,8017,513.11,71.15,579.62,1.0000,0
14234,8010,8017,513.31,110.64,579.52,1.0000,0
14235,8011,8017,473.82,110.84,579.48,1.0000,0
14236,8008,8018,453.86,71.51,599.32,1.0000,0
14237,8011,8018,454.06,110.99,599.21,1.0000,0
14238,8012,8018,454.03,111.10,638.70,1.0000,0
14239,8013,8018,453.82,71.61,638.81,1.0000,0
14240,8008,8020,473.50,51.66,599.39,1.0000,0
14241,8009,8020,512.99,51.46,599.42,1.0000,0
14242,8013,8020,473.47,51.77,638.88,1.0000,0
14243,8014,8020,512.96,51.57,638.91,1.0000,0
14244,8018,8016,473.67,91.26,638.77,1.0000,0
14245,8018,8017,473.70,91.15,599.28,1.0000,0
14246,8018,8021,473.79,110.95,618.97,1.0000,0
14247,8018,8020,473.58,71.46,619.08,1.0000,0
14248,8019,8017,513.19,90.95,599.31,1.0000,0
14249,8019,8021,513.27,110.75,619.00,1.0000,0
14250,8019,8016,513.16,91.06,638.80,1.0000,0
14251,8020,8017,493.34,71.30,599.35,1.0000,0
14252,8020,8019,513.07,71.26,619.11,1.0000,0
14253,8020,8016,493.31,71.41,638.84,1.0000,0
14254,8021,8016,493.51,110.90,638.73,1.0000,0
14255,8021,8017,493.55,110.79,599.24,1.0000,0
14256,8022,8031,552.59,70.95,579.66,0.8400,0
14257,8023,8031,592.08,70.75,579.69,1.0000,0
14258,8024,8031,592.28,110.24,579.58,1.0000,0
14259,8025,8031,552.79,110.44,579.55,0.9200,0
14260,8022,8032,532.83,71.10,599.39,1.0000,0
14261,8025,8032,533.03,110.59,599.28,1.0000,0
14262,8026,8032,533.00,110.70,638.76,1.0000,0
14263,8027,8032,532.80,71.21,638.87,0.9600,0
14264,8022,8034,552.48,51.26,599.46,1.0000,0
14265,8023,8034,591.97,51.06,599.49,1.0000,0
14266,8027,8034,552.44,51.37,638.94,1.0000,0
14267,8028,8034,591.93,51.17,638.98,1.0000,0
14268,8032,8030,552.65,90.86,638.84,1.0000,0
14269,8032,8031,552.68,90.75,599.35,1.0000,0
14270,8032,8035,552.76,110.55,619.04,1.0000,0
14271,8032,8034,552.56,71.06,619.15,1.0000,0
14272,8033,8031,592.17,90.55,599.38,1.0000,0
14273,8033,8035,592.25,110.35,619.07,0.6000,0
14274,8033,8030,592.13,90.66,638.87,1.0000,0
14275,8034,8031,572.32,70.90,599.42,0.8800,0
14276,8034,8033,592.05,70.86,619.18,0.9200,0
14277,8034,8030,572.29,71.01,638.91,1.0000,0
14278,8035,8030,572.49,110.50,638.80,0.6000,0
14279,8035,8031,572.52,110.39,599.31,0.5200,0
14280,8036,8045,631.57,70.55,579.72,1.0000,0
14281,8037,8045,671.06,70.35,579.76,0.5600,0
14282,8038,8045,671.26,109.83,579.65,1.0000,0
14283,8039,8045,631.77,110.04,579.61,0.7200,0
14284,8036,8046,611.81,70.70,599.45,0.0800,1
14285,8039,8046,612.01,110.19,599.34,0.0400,1
14286,8040,8046,611.98,110.30,638.83,0.1600,1
14287,8041,8046,611.78,70.81,638.94,0.0800,1
14288,8036,8048,631.45,50.86,599.52,1.0000,0
14289,8037,8048,670.94,50.66,599.55,0.9600,0
14290,8041,8048,631.42,50.97,639.01,1.0000,0
14291,8042,8048,670.91,50.77,639.04,0.6800,0
14292,8046,8044,631.62,90.46,638.90,0.4000,0
14293,8046,8045,631.65,90.35,599.41,1.0000,0
14294,8046,8049,631.74,110.14,619.10,1.0000,0
14295,8046,8048,631.54,70.66,619.21,0.5200,0
14296,8047,8045,671.14,90.15,599.45,0.0400,1
14297,8047,8049,671.23,109.94,619.13,0.0800,1
14298,8047,8044,671.11,90.25,638.93,1.0000,0
14299,8048,8045,651.30,70.50,599.48,0.0800,1
14300,8048,8047,671.03,70.46,619.24,0.9200,0
14301,8048,8044,651.27,70.61,638.97,0.1200,1
14302,8049,8044,651.47,110.10,638.86,0.1600,1
14303,8049,8045,651.50,109.99,599.37,0.0400,1
14304,8050,8059,710.55,70.15,579.79,0.7600,0
14305,8051,8059,750.03,69.94,579.82,0.1200,1
14306,8052,8059,750.24,109.43,579.71,1.0000,0
14307,8053,8059,710.75,109.63,579.68,0.1600,1
14308,8050,8060,690.79,70.30,599.52,0.1200,1
14309,8053,8060,690.99,109.79,599.41,0.0400,1
14310,8054,8060,690.95,109.90,638.90,0.0400,1
14311,8055,8060,690.75,70.41,639.00,0.0800,1
14312,8051,8061,769.76,69.90,599.58,0.0000,1
14313,8052,8061,769.96,109.39,599.47,0.0000,1
14314,8056,8061,769.73,70.01,639.07,0.0000,1
14315,8057,8061,769.93,109.50,638.96,0.0000,1
14316,8050,8062,710.43,50.46,599.59,0.2000,1
14317,8051,8062,749.92,50.26,599.62,0.9600,0
14318,8055,8062,710.40,50.57,639.08,0.9200,0
14319,8056,8062,749.89,50.36,639.11,0.2000,1
14320,8060,8058,710.60,90.05,638.97,0.3600,0
14321,8060,8059,710.63,89.94,599.48,0.8000,0
14322,8060,8063,710.72,109.74,619.17,1.0000,0
14323,8060,8062,710.51,70.25,619.28,0.1200,1
14324,8061,8059,750.12,89.74,599.51,0.0000,1
14325,8061,8063,750.20,109.54,619.20,0.0400,1
14326,8061,8058,750.09,89.85,639.00,0.9200,0
14327,8062,8059,730.27,70.10,599.55,0.0800,1
14328,8062,8061,750.00,70.05,619.31,1.0000,0
14329,8062,8058,730.24,70.21,639.04,0.0800,1
14330,8063,8058,730.44,109.70,638.93,0.0400,1
14331,8063,8059,730.48,109.59,599.44,0.0400,1
14332,8064,8073,79.14,152.33,579.05,1.0000,0
14333,8065,8073,118.62,152.13,579.08,1.0000,0
14334,8066,8073,118.82,191.62,578.97,1.0000,0
14335,8067,8073,79.34,191.82,578.94,1.0000,0
14336,8064,8074,59.38,152.49,598.77,1.0000,0
14337,8067,8074,59.58,191.98,598.66,1.0000,0
14338,8068,8074,59.54,192.09,638.15,1.0000,0
14339,8069,8074,59.34,152.60,638.26,1.0000,0
14340,8064,8076,79.02,132.65,598.84,1.0000,0
14341,8065,8076,118.51,132.44,598.88,1.0000,0
14342,8069,8076,78.99,132.75,638.33,1.0000,0
14343,8070,8076,118.48,132.55,638.37,1.0000,0
14344,8074,8072,79.19,172.24,638.22,1.0000,0
14345,8074,8073,79.22,172.13,598.74,1.0000,0
14346,8074,8077,79.30,191.93,618.43,1.0000,0
14347,8074,8076,79.10,152.44,618.53,1.0000,0
14348,8075,8073,118.71,171.93,598.77,1.0000,0
14349,8075,8077,118.79,191.73,618.46,1.0000,0
14350,8075,8072,118.68,172.04,638.26,1.0000,0
14351,8076,8073,98.86,152.29,598.81,1.0000,0
14352,8076,8075,118.59,152.24,618.57,1.0000,0
14353,8076,8072,98.83,152.40,638.30,1.0000,0
14354,8077,8072,99.03,191.89,638.19,1.0000,0
14355,8077,8073,99.06,191.78,598.70,1.0000,0
14356,8078,8087,158.11,151.93,579.11,1.0000,0
14357,8079,8087,197.60,151.73,579.14,1.0000,0
14358,8080,8087,197.80,191.22,579.03,1.0000,0
14359,8081,8087,158.31,191.42,579.00,1.0000,0
14360,8078,8088,138.35,152.09,598.84,1.0000,0
14361,8081,8088,138.55,191.58,598.73,1.0000,0
14362,8082,8088,138.52,191.69,638.22,1.0000,0
14363,8083,8088,138.32,152.20,638.33,1.0000,0
14364,8078,8090,158.00,132.24,598.91,1.0000,0
14365,8079,8090,197.48,132.04,598.94,1.0000,0
14366,8083,8090,157.96,132.35,638.40,1.0000,0
14367,8084,8090,197.45,132.15,638.43,1.0000,0
14368,8088,8086,158.16,171.84,638.29,1.0000,0
14369,8088,8087,158.20,171.73,598.80,1.0000,0
14370,8088,8091,158.28,191.53,618.49,1.0000,0
14371,8088,8090,158.08,152.04,618.60,1.0000,0
14372,8089,8087,197.68,171.53,598.83,1.0000,0
14373,8089,8091,197.77,191.33,618.52,1.0000,0
14374,8089,8086,197.65,171.64,638.32,1.0000,0
14375,8090,8087,177.84,151.89,598.87,1.0000,0
14376,8090,8089,197.57,151.84,618.63,1.0000,0
14377,8090,8086,177.81,152.00,638.36,1.0000,0
14378,8091,8086,178.01,191.48,638.25,1.0000,0
14379,8091,8087,178.04,191.38,598.76,1.0000,0
14380,8092,8101,237.09,151.53,579.18,1.0000,0
14381,8093,8101,276.58,151.33,579.21,1.0000,0
14382,8094,8101,276.78,190.82,579.10,1.0000,0
14383,8095,8101,237.29,191.02,579.07,1.0000,0
14384,8092,8102,217.33,151.69,598.90,1.0000,0
14385,8095,8102,217.53,191.17,598.80,1.0000,0
14386,8096,8102,217.50,191.28,638.28,1.0000,0
14387,8097,8102,217.30,151.80,638.39,1.0000,0
14388,8092,8104,236.97,131.84,598.98,1.0000,0
14389,8093,8104,276.46,131.64,599.01,1.0000,0
14390,8097,8104,236.94,131.95,638.46,1.0000,0
14391,8098,8104,276.43,131.75,638.50,1.0000,0
14392,8102,8100,237.14,171.44,638.36,1.0000,0
14393,8102,8101,237.17,171.33,598.87,1.0000,0
14394,8102,8105,237.26,191.13,618.56,1.0000,0
14395,8102,8104,237.06,151.64,618.67,1.0000,0
14396,8103,8101,276.66,171.13,598.90,1.0000,0
14397,8103,8105,276.75,190.93,618.59,1.0000,0
14398,8103,8100,276.63,171.24,638.39,1.0000,0
14399,8104,8101,256.82,151.49,598.94,1.0000,0
14400,8104,8103,276.54,151.44,618.70,1.0000,0
14401,8104,8100,256.78,151.60,638.43,1.0000,0
14402,8105,8100,256.99,191.08,638.32,1.0000,0
14403,8105,8101,257.02,190.97,598.83,1.0000,0
14404,8106,8115,316.07,151.13,579.24,1.0000,0
14405,8107,8115,355.55,150.93,579.28,1.0000,0
14406,8108,8115,355.75,190.42,579.17,1.0000,0
14407,8109,8115,316.27,190.62,579.13,1.0000,0
14408,8106,8116,296.31,151.28,598.97,1.0000,0
14409,8109,8116,296.51,190.77,598.86,1.0000,0
14410,8110,8116,296.47,190.88,638.35,1.0000,0
14411,8111,8116,296.27,151.39,638.46,1.0000,0
14412,8106,8118,315.95,131.44,599.04,1.0000,0
14413,8107,8118,355.44,131.24,599.07,1.0000,0
14414,8111,8118,315.92,131.55,638.53,1.0000,0
14415,8112,8118,355.40,131.35,638.56,1.0000,0
14416,8116,8114,316.12,171.04,638.42,1.0000,0
14417,8116,8115,316.15,170.93,598.93,1.0000,0
14418,8116,8119,316.23,190.73,618.62,1.0000,0
14419,8116,8118,316.03,151.24,618.73,1.0000,0
14420,8117,8115,355.64,170.73,598.96,1.0000,0
14421,8117,8119,355.72,190.53,618.65,1.0000,0
14422,8117,8114,355.61,170.84,638.45,1.0000,0
14423,8118,8115,335.79,151.08,599.00,1.0000,0
14424,8118,8117,355.52,151.04,618.76,1.0000,0
14425,8118,8114,335.76,151.19,638.49,1.0000,0
14426,8119,8114,335.96,190.68,638.38,1.0000,0
14427,8119,8115,335.99,190.57,598.89,1.0000,0
14428,8120,8129,395.04,150.73,579.31,1.0000,0
14429,8121,8129,434.53,150.53,579.34,1.0000,0
14430,8122,8129,434.73,190.02,579.23,1.0000,0
14431,8123,8129,395.24,190.22,579.20,1.0000,0
14432,8120,8130,375.28,150.88,599.04,1.0000,0
14433,8123,8130,375.48,190.37,598.93,1.0000,0
14434,8124,8130,375.45,190.48,638.42,1.0000,0
14435,8125,8130,375.25,150.99,638.52,1.0000,0
14436,8120,8132,394.93,131.04,599.11,1.0000,0
14437,8121,8132,434.41,130.84,599.14,1.0000,0
14438,8125,8132,394.89,131.15,638.60,1.0000,0
14439,8126,8132,434.38,130.95,638.63,1.0000,0
14440,8130,8128,395.09,170.64,638.49,1.0000,0
14441,8130,8129,395.13,170.53,599.00,1.0000,0
14442,8130,8133,395.21,190.33,618.69,1.0000,0
14443,8130,8132,395.01,150.84,618.80,1.0000,0
14444,8131,8129,434.61,170.33,599.03,1.0000,0
14445,8131,8133,434.70,190.12,618.72,1.0000,0
14446,8131,8128,434.58,170.44,638.52,1.0000,0
14447,8132,8129,414.77,150.68,599.07,1.0000,0
14448,8132,8131,434.50,150.64,618.83,1.0000,0
14449,8132,8128,414.74,150.79,638.56,1.0000,0
14450,8133,8128,414.94,190.28,638.45,1.0000,0
14451,8133,8129,414.97,190.17,598.96,1.0000,0
14452,8134,8143,474.02,150.33,579.37,1.0000,0
14453,8135,8143,513.51,150.13,579.41,1.0000,0
14454,8136,8143,513.71,189.61,579.30,1.0000,0
14455,8137,8143,474.22,189.81,579.26,1.0000,0
14456,8134,8144,454.26,150.48,599.10,1.0000,0
14457,8137,8144,454.46,189.97,598.99,1.0000,0
14458,8138,8144,454.43,190.08,638.48,1.0000,0
14459,8139,8144,454.23,150.59,638.59,1.0000,0
14460,8134,8146,473.90,130.64,599.17,0.9200,0
14461,8135,8146,513.39,130.44,599.20,1.0000,0
14462,8139,8146,473.87,130.75,638.66,1.0000,0
14463,8140,8146,513.36,130.55,638.69,1.0000,0
14464,8144,8142,474.07,170.23,638.55,1.0000,0
14465,8144,8143,474.10,170.13,599.06,1.0000,0
14466,8144,8147,474.19,189.92,618.75,1.0000,0
14467,8144,8146,473.99,150.44,618.86,1.0000,0
14468,8145,8143,513.59,169.92,599.10,1.0000,0
14469,8145,8147,513.68,189.72,618.79,0.9600,0
14470,8145,8142,513.56,170.03,638.58,1.0000,0
14471,8146,8143,493.75,150.28,599.13,1.0000,0
14472,8146,8145,513.47,150.24,618.89,1.0000,0
14473,8146,8142,493.71,150.39,638.62,1.0000,0
14474,8147,8142,493.92,189.88,638.51,1.0000,0
14475,8147,8143,493.95,189.77,599.02,1.0000,0
14476,8148,8157,553.00,149.93,579.44,1.0000,0
14477,8149,8157,592.48,149.72,579.47,0.4800,0
14478,8150,8157,592.68,189.21,579.36,1.0000,0
14479,8151,8157,553.20,189.41,579.33,0.5600,0
14480,8148,8158,533.23,150.08,599.17,1.0000,0
14481,8151,8158,533.44,189.57,599.06,1.0000,0
14482,8152,8158,533.40,189.68,638.55,1.0000,0
14483,8153,8158,533.20,150.19,638.66,1.0000,0
14484,8148,8160,552.88,130.24,599.24,1.0000,0
14485,8149,8160,592.37,130.03,599.27,1.0000,0
14486,8153,8160,552.85,130.35,638.73,1.0000,0
14487,8154,8160,592.33,130.14,638.76,0.4000,0
14488,8158,8156,553.05,169.83,638.62,0.6400,0
14489,8158,8157,553.08,169.72,599.13,1.0000,0
14490,8158,8161,553.16,189.52,618.82,1.0000,0
14491,8158,8160,552.96,150.03,618.93,0.8800,0
14492,8159,8157,592.57,169.52,599.16,1.0000,0
14493,8159,8161,592.65,189.32,618.85,0.3200,0
14494,8159,8156,592.54,169.63,638.65,1.0000,0
14495,8160,8157,572.72,149.88,599.20,0.2400,1
14496,8160,8159,592.45,149.83,618.96,1.0000,0
14497,8160,8156,572.69,149.99,638.69,0.2400,1
14498,8161,8156,572.89,189.48,638.58,0.2000,1
14499,8161,8157,572.92,189.37,599.09,0.5200,0
14500,8162,8171,631.97,149.52,579.50,1.0000,0
14501,8163,8171,671.46,149.32,579.54,0.1600,1
14502,8164,8171,671.66,188.81,579.43,1.0000,0
14503,8165,8171,632.17,189.01,579.39,0.1600,1
14504,8162,8172,612.21,149.68,599.23,0.3200,0
14505,8165,8172,612.41,189.17,599.12,0.7200,0
14506,8166,8172,612.38,189.28,638.61,0.4800,0
14507,8167,8172,612.18,149.79,638.72,0.0400,1
14508,8162,8174,631.86,129.83,599.30,0.7200,0
14509,8163,8174,671.34,129.63,599.34,1.0000,0
14510,8167,8174,631.82,129.94,638.79,1.0000,0
14511,8168,8174,671.31,129.74,638.82,0.3600,0
14512,8172,8170,632.02,169.43,638.68,0.9200,0
14513,8172,8171,632.06,169.32,599.19,1.0000,0
14514,8172,8175,632.14,189.12,618.88,1.0000,0
14515,8172,8174,631.94,149.63,618.99,0.2000,1
14516,8173,8171,671.54,169.12,599.23,0.2000,1
14517,8173,8175,671.63,188.92,618.92,0.1600,1
14518,8173,8170,671.51,169.23,638.72,0.7200,0
14519,8174,8171,651.70,149.48,599.26,0.0800,1
14520,8174,8173,671.43,149.43,619.03,1.0000,0
14521,8174,8170,651.67,149.59,638.75,0.0400,1
14522,8175,8170,651.87,189.08,638.64,0.0800,1
14523,8175,8171,651.90,188.97,599.16,0.0400,1
14524,8176,8185,710.95,149.12,579.57,1.0000,0
14525,8177,8185,750.44,148.92,579.60,0.0400,1
14526,8178,8185,750.64,188.41,579.49,1.0000,0
14527,8179,8185,711.15,188.61,579.46,0.0800,1
14528,8176,8186,691.19,149.28,599.30,0.0400,1
14529,8179,8186,691.39,188.77,599.19,0.0800,1
14530,8180,8186,691.36,188.87,638.68,0.1200,1
14531,8181,8186,691.16,149.39,638.79,0.0800,1
14532,8177,8187,770.16,148.88,599.36,0.0000,1
14533,8178,8187,770.37,188.36,599.25,0.0000,1
14534,8182,8187,770.13,148.98,638.85,0.0000,1
14535,8183,8187,770.33,188.47,638.74,0.0000,1
14536,8176,8188,710.83,129.43,599.37,0.0800,1
14537,8177,8188,750.32,129.23,599.40,0.8400,0
14538,8181,8188,710.80,129.54,638.86,1.0000,0
14539,8182,8188,750.29,129.34,638.89,0.2000,1
14540,8186,8184,711.00,169.03,638.75,0.1600,1
14541,8186,8185,711.03,168.92,599.26,0.8800,0
14542,8186,8189,711.12,188.72,618.95,1.0000,0
14543,8186,8188,710.92,149.23,619.06,0.0800,1
14544,8187,8185,750.52,168.72,599.29,0.0800,1
14545,8187,8189,750.61,188.52,618.98,0.0000,1
14546,8187,8184,750.49,168.83,638.78,0.1600,1
14547,8188,8185,730.68,149.08,599.33,0.1200,1
14548,8188,8187,750.40,149.03,619.09,0.9200,0
14549,8188,8184,730.64,149.19,638.82,0.0800,1
14550,8189,8184,730.84,188.67,638.71,0.0800,1
14551,8189,8185,730.88,188.56,599.22,0.1200,1
14552,8190,8199,79.54,231.31,578.83,1.0000,0
14553,8191,8199,119.03,231.11,578.86,1.0000,0
14554,8192,8199,119.23,270.60,578.75,1.0000,0
14555,8193,8199,79.74,270.80,578.72,1.0000,0
14556,8190,8200,59.78,231.47,598.56,1.0000,0
14557,8193,8200,59.98,270.95,598.45,1.0000,0
14558,8194,8200,59.95,271.06,637.93,1.0000,0
14559,8195,8200,59.75,231.58,638.04,1.0000,0
14560,8190,8202,79.42,211.62,598.63,1.0000,0
14561,8191,8202,118.91,211.42,598.66,1.0000,0
14562,8195,8202,79.39,211.73,638.12,0.8800,0
14563,8196,8202,118.88,211.53,638.15,1.0000,0
14564,8200,8198,79.59,251.22,638.01,1.0000,0
14565,8200,8199,79.62,251.11,598.52,1.0000,0
14566,8200,8203,79.71,270.91,618.21,1.0000,0
14567,8200,8202,79.51,231.42,618.32,1.0000,0
14568,8201,8199,119.11,250.91,598.55,1.0000,0
14569,8201,8203,119.19,270.71,618.24,1.0000,0
14570,8201,8198,119.08,251.02,638.04,1.0000,0
14571,8202,8199,99.27,231.27,598.59,1.0000,0
14572,8202,8201,118.99,231.22,618.35,1.0000,0
14573,8202,8198,99.23,231.37,638.08,1.0000,0
14574,8203,8198,99.43,270.86,637.97,1.0000,0
14575,8203,8199,99.47,270.75,598.48,1.0000,0
14576,8204,8213,158.51,230.91,578.89,0.0000,1
14577,8205,8213,198.00,230.71,578.93,1.0000,0
14578,8206,8213,198.20,270.20,578.82,1.0000,0
14579,8207,8213,158.71,270.40,578.78,1.0000,0
14580,8204,8214,138.75,231.06,598.62,1.0000,0
14581,8207,8214,138.95,270.55,598.51,1.0000,0
14582,8208,8214,138.92,270.66,638.00,1.0000,0
14583,8209,8214,138.72,231.17,638.11,1.0000,0
14584,8204,8216,158.40,211.22,598.69,1.0000,0
14585,8205,8216,197.89,211.02,598.72,1.0000,0
14586,8209,8216,158.37,211.33,638.18,1.0000,0
14587,8210,8216,197.85,211.13,638.21,1.0000,0
14588,8214,8212,158.57,250.82,638.07,1.0000,0
14589,8214,8213,158.60,250.71,598.58,1.0000,0
14590,8214,8217,158.68,270.51,618.27,1.0000,0
14591,8214,8216,158.48,231.02,618.38,1.0000,0
14592,8215,8213,198.09,250.51,598.62,1.0000,0
14593,8215,8217,198.17,270.31,618.31,1.0000,0
14594,8215,8212,198.05,250.62,638.10,0.8400,0
14595,8216,8213,178.24,230.86,598.65,1.0000,0
14596,8216,8215,197.97,230.82,618.41,1.0000,0
14597,8216,8212,178.21,230.97,638.14,1.0000,0
14598,8217,8212,178.41,270.46,638.03,1.0000,0
14599,8217,8213,178.44,270.35,598.54,1.0000,0
14600,8218,8227,237.49,230.51,578.96,1.0000,0
14601,8219,8227,276.98,230.31,578.99,1.0000,0
14602,8220,8227,277.18,269.80,578.88,1.0000,0
14603,8221,8227,237.69,270.00,578.85,1.0000,0
14604,8218,8228,217.73,230.66,598.69,1.0000,0
14605,8221,8228,217.93,270.15,598.58,1.0000,0
14606,8222,8228,217.90,270.26,638.07,1.0000,0
14607,8223,8228,217.70,230.77,638.18,1.0000,0
14608,8218,8230,237.37,210.82,598.76,1.0000,0
14609,8219,8230,276.86,210.62,598.79,1.0000,0
14610,8223,8230,237.34,210.93,638.25,1.0000,0
14611,8224,8230,276.83,210.73,638.28,1.0000,0
14612,8228,8226,237.54,250.42,638.14,1.0000,0
14613,8228,8227,237.57,250.31,598.65,1.0000,0
14614,8228,8231,237.66,270.11,618.34,1.0000,0
14615,8228,8230,237.46,230.62,618.45,1.0000,0
14616,8229,8227,277.06,250.11,598.68,1.0000,0
14617,8229,8231,277.15,269.90,618.37,1.0000,0
14618,8229,8226,277.03,250.22,638.17,1.0000,0
14619,8230,8227,257.22,230.46,598.72,1.0000,0
14620,8230,8229,276.95,230.42,618.48,1.0000,0
14621,8230,8226,257.19,230.57,638.21,1.0000,0
14622,8231,8226,257.39,270.06,638.10,1.0000,0
14623,8231,8227,257.42,269.95,598.61,1.0000,0
14624,8232,8241,316.47,230.11,579.02,1.0000,0
14625,8233,8241,355.96,229.91,579.06,0.0000,1
14626,8234,8241,356.16,269.39,578.95,1.0000,0
14627,8235,8241,316.67,269.59,578.91,1.0000,0
14628,8232,8242,296.71,230.26,598.75,1.0000,0
14629,8235,8242,296.91,269.75,598.64,1.0000,0
14630,8236,8242,296.88,269.86,638.13,1.0000,0
14631,8237,8242,296.67,230.37,638.24,1.0000,0
14632,8232,8244,316.35,210.42,598.82,1.0000,0
14633,8233,8244,355.84,210.22,598.86,1.0000,0
14634,8237,8244,316.32,210.53,638.31,0.8000,0
14635,8238,8244,355.81,210.33,638.34,1.0000,0
14636,8242,8240,316.52,250.01,638.20,1.0000,0
14637,8242,8241,316.55,249.90,598.71,0.0000,1
14638,8242,8245,316.64,269.70,618.40,1.0000,0
14639,8242,8244,316.43,230.22,618.51,1.0000,0
14640,8243,8241,356.04,249.70,598.75,0.8800,0
14641,8243,8245,356.12,269.50,618.44,1.0000,0
14642,8243,8240,356.01,249.81,638.23,1.0000,0
14643,8244,8241,336.20,230.06,598.78,1.0000,0
14644,8244,8243,355.92,230.01,618.55,1.0000,0
14645,8244,8240,336.16,230.17,638.27,1.0000,0
14646,8245,8240,336.36,269.66,638.16,1.0000,0
14647,8245,8241,336.40,269.55,598.68,1.0000,0
14648,8246,8255,395.44,229.70,579.09,1.0000,0
14649,8247,8255,434.93,229.50,579.12,1.0000,0
14650,8248,8255,435.13,268.99,579.01,1.0000,0
14651,8249,8255,395.64,269.19,578.98,1.0000,0
14652,8246,8256,375.68,229.86,598.82,1.0000,0
14653,8249,8256,375.88,269.35,598.71,1.0000,0
14654,8250,8256,375.85,269.46,638.20,1.0000,0
14655,8251,8256,375.65,229.97,638.31,1.0000,0
14656,8246,8258,395.33,210.02,598.89,1.0000,0
14657,8247,8258,434.82,209.81,598.92,1.0000,0
14658,8251,8258,395.29,210.12,638.38,1.0000,0
14659,8252,8258,434.78,209.92,638.41,1.0000,0
14660,8256,8254,395.50,249.61,638.27,1.0000,0
14661,8256,8255,395.53,249.50,598.78,1.0000,0
14662,8256,8259,395.61,269.30,618.47,1.0000,0
14663,8256,8258,395.41,229.81,618.58,1.0000,0
14664,8257,8255,435.02,249.30,598.81,0.9600,0
14665,8257,8259,435.10,269.10,618.50,1.0000,0
14666,8257,8254,434.98,249.41,638.30,0.9600,0
14667,8258,8255,415.17,229.66,598.85,1.0000,0
14668,8258,8257,434.90,229.61,618.61,1.0000,0
14669,8258,8254,415.14,229.77,638.34,1.0000,0
14670,8259,8254,415.34,269.26,638.23,1.0000,0
14671,8259,8255,415.37,269.15,598.74,1.0000,0
14672,8260,8269,474.42,229.30,579.15,1.0000,0
14673,8261,8269,513.91,229.10,579.19,1.0000,0
14674,8262,8269,514.11,268.59,579.08,1.0000,0
14675,8263,8269,474.62,268.79,579.05,1.0000,0
14676,8260,8270,454.66,229.46,598.88,1.0000,0
14677,8263,8270,454.86,268.95,598.77,1.0000,0
14678,8264,8270,454.83,269.06,638.26,1.0000,0
14679,8265,8270,454.63,229.57,638.37,1.0000,0
14680,8260,8272,474.30,209.61,598.95,1.0000,0
14681,8261,8272,513.79,209.41,598.99,1.0000,0
14682,8265,8272,474.27,209.72,638.44,1.0000,0
14683,8266,8272,513.76,209.52,638.48,1.0000,0
14684,8270,8268,474.47,249.21,638.33,1.0000,0
14685,8270,8269,474.50,249.10,598.84,1.0000,0
14686,8270,8273,474.59,268.90,618.53,1.0000,0
14687,8270,8272,474.39,229.41,618.64,1.0000,0
14688,8271,8269,513.99,248.90,598.88,1.0000,0
14689,8271,8273,514.08,268.70,618.57,0.9200,0
14690,8271,8268,513.96,249.01,638.37,1.0000,0
14691,8272,8269,494.15,229.26,598.92,1.0000,0
14692,8272,8271,513.88,229.21,618.68,1.0000,0
14693,8272,8268,494.12,229.37,638.40,1.0000,0
14694,8273,8268,494.32,268.85,638.29,1.0000,0
14695,8273,8269,494.35,268.75,598.81,1.0000,0
14696,8274,8283,553.40,228.90,579.22,1.0000,0
14697,8275,8283,592.89,228.70,579.25,0.3600,0
14698,8276,8283,593.09,268.19,579.14,1.0000,0
14699,8277,8283,553.60,268.39,579.11,0.5200,0
14700,8274,8284,533.64,229.06,598.95,0.8800,0
14701,8277,8284,533.84,268.54,598.84,1.0000,0
14702,8278,8284,533.81,268.65,638.33,1.0000,0
14703,8279,8284,533.60,229.17,638.44,0.7600,0
14704,8274,8286,553.28,209.21,599.02,1.0000,0
14705,8275,8286,592.77,209.01,599.05,1.0000,0
14706,8279,8286,553.25,209.32,638.51,1.0000,0
14707,8280,8286,592.74,209.12,638.54,1.0000,0
14708,8284,8282,553.45,248.81,638.40,1.0000,0
14709,8284,8283,553.48,248.70,598.91,0.8800,0
14710,8284,8287,553.57,268.50,618.60,1.0000,0
14711,8284,8286,553.36,229.01,618.71,0.8400,0
14712,8285,8283,592.97,248.50,598.94,0.9600,0
14713,8285,8287,593.05,268.30,618.63,0.5600,0
14714,8285,8282,592.94,248.61,638.43,1.0000,0
14715,8286,8283,573.12,228.86,598.98,0.8800,0
14716,8286,8285,592.85,228.81,618.74,1.0000,0
14717,8286,8282,573.09,228.97,638.47,0.7200,0
14718,8287,8282,573.29,268.45,638.36,1.0000,0
14719,8287,8283,573.33,268.34,598.87,0.8800,0
14720,8288,8297,632.37,228.50,579.29,1.0000,0
14721,8289,8297,671.86,228.30,579.32,0.0800,1
14722,8290,8297,672.06,267.79,579.21,1.0000,0
14723,8291,8297,632.57,267.99,579.18,0.3200,0
14724,8288,8298,612.61,228.65,599.01,0.0400,1
14725,8291,8298,612.81,268.14,598.90,0.0800,1
14726,8292,8298,612.78,268.25,638.39,0.0800,1
14727,8293,8298,612.58,228.76,638.50,0.0400,1
14728,8288,8300,632.26,208.81,599.08,0.8000,0
14729,8289,8300,671.75,208.61,599.12,1.0000,0
14730,8293,8300,632.22,208.92,638.57,1.0000,0
14731,8294,8300,671.71,208.72,638.61,0.8400,0
14732,8298,8296,632.43,248.41,638.46,1.0000,0
14733,8298,8297,632.46,248.30,598.98,1.0000,0
14734,8298,8301,632.54,268.10,618.67,1.0000,0
14735,8298,8300,632.34,228.61,618.77,0.2000,1
14736,8299,8297,671.95,248.10,599.01,0.1600,1
14737,8299,8301,672.03,267.90,618.70,0.1200,1
14738,8299,8296,671.91,248.21,638.50,1.0000,0
14739,8300,8297,652.10,228.45,599.05,0.0800,1
14740,8300,8299,671.83,228.41,618.81,1.0000,0
14741,8300,8296,652.07,228.56,638.53,0.0800,1
14742,8301,8296,652.27,268.05,638.43,0.0400,1
14743,8301,8297,652.30,267.94,598.94,0.0800,1
14744,8302,8311,711.35,228.10,579.35,1.0000,0
14745,8303,8311,750.84,227.90,579.38,0.0000,1
14746,8304,8311,751.04,267.39,579.27,1.0000,0
14747,8305,8311,711.55,267.59,579.24,0.0800,1
14748,8302,8312,691.59,228.25,599.08,0.1200,1
14749,8305,8312,691.79,267.74,598.97,0.0800,1
14750,8306,8312,691.76,267.85,638.46,0.0800,1
14751,8307,8312,691.56,228.36,638.57,0.0800,1
14752,8303,8313,770.57,227.85,599.14,0.0000,1
14753,8304,8313,770.77,267.34,599.04,0.0000,1
14754,8308,8313,770.53,227.96,638.63,0.0000,1
14755,8309,8313,770.74,267.45,638.52,0.0000,1
14756,8302,8314,711.23,208.41,599.15,0.1200,1
14757,8303,8314,750.72,208.21,599.18,0.4000,0
14758,8307,8314,711.20,208.52,638.64,0.4400,0
14759,8308,8314,750.69,208.32,638.67,0.0800,1
14760,8312,8310,711.40,248.01,638.53,0.0800,1
14761,8312,8311,711.43,247.90,599.04,0.5600,0
14762,8312,8315,711.52,267.70,618.73,1.0000,0
14763,8312,8314,711.32,228.21,618.84,0.0800,1
14764,8313,8311,750.92,247.70,599.07,0.1200,1
14765,8313,8315,751.01,267.49,618.76,0.0000,1
14766,8313,8310,750.89,247.81,638.56,0.2400,1
14767,8314,8311,731.08,228.05,599.11,0.1200,1
14768,8314,8313,750.81,228.01,618.87,1.0000,0
14769,8314,8310,731.05,228.16,638.60,0.0800,1
14770,8315,8310,731.25,267.65,638.49,0.0800,1
14771,8315,8311,731.28,267.54,599.00,0.0800,1
14772,8316,8325,79.94,310.29,578.61,1.0000,0
14773,8317,8325,119.43,310.09,578.64,1.0000,0
14774,8318,8325,119.63,349.57,578.53,1.0000,0
14775,8319,8325,80.14,349.78,578.50,1.0000,0
14776,8316,8326,60.18,310.44,598.34,1.0000,0
14777,8319,8326,60.38,349.93,598.23,0.4000,0
14778,8320,8326,60.35,350.04,637.72,1.0000,0
14779,8321,8326,60.15,310.55,637.83,0.4000,0
14780,8316,8328,79.82,290.60,598.41,0.8400,0
14781,8317,8328,119.31,290.40,598.44,1.0000,0
14782,8321,8328,79.79,290.71,637.90,0.9200,0
14783,8322,8328,119.28,290.51,637.93,1.0000,0
14784,8326,8324,79.99,330.20,637.79,0.9200,0
14785,8326,8325,80.02,330.09,598.30,0.9200,0
14786,8326,8329,80.11,349.88,617.99,1.0000,0
14787,8326,8328,79.91,310.40,618.10,1.0000,0
14788,8327,8325,119.51,329.89,598.33,1.0000,0
14789,8327,8329,119.60,349.68,618.02,1.0000,0
14790,8327,8324,119.48,329.99,637.82,1.0000,0
14791,8328,8325,99.67,310.24,598.37,1.0000,0
14792,8328,8327,119.40,310.20,618.13,1.0000,0
14793,8328,8324,99.64,310.35,637.86,1.0000,0
14794,8329,8324,99.84,349.84,637.75,1.0000,0
14795,8329,8325,99.87,349.73,598.26,1.0000,0
14796,8330,8339,158.92,309.89,578.67,1.0000,0
14797,8331,8339,198.40,309.68,578.71,1.0000,0
14798,8332,8339,198.60,349.17,578.60,1.0000,0
14799,8333,8339,159.12,349.37,578.57,1.0000,0
14800,8330,8340,139.16,310.04,598.40,1.0000,0
14801,8333,8340,139.36,349.53,598.29,1.0000,0
14802,8334,8340,139.32,349.64,637.78,1.0000,0
14803,8335,8340,139.12,310.15,637.89,1.0000,0
14804,8330,8342,158.80,290.20,598.47,1.0000,0
14805,8331,8342,198.29,290.00,598.51,1.0000,0
14806,8335,8342,158.77,290.31,637.96,1.0000,0
14807,8336,8342,198.26,290.10,637.99,1.0000,0
14808,8340,8338,158.97,329.79,637.85,1.0000,0
14809,8340,8339,159.00,329.68,598.36,1.0000,0
14810,8340,8343,159.08,349.48,618.05,1.0000,0
14811,8340,8342,158.88,310.00,618.16,1.0000,0
14812,8341,8339,198.49,329.48,598.40,1.0000,0
14813,8341,8343,198.57,349.28,618.09,1.0000,0
14814,8341,8338,198.46,329.59,637.89,1.0000,0
14815,8342,8339,178.64,309.84,598.44,1.0000,0
14816,8342,8341,198.37,309.79,618.20,1.0000,0
14817,8342,8338,178.61,309.95,637.92,1.0000,0
14818,8343,8338,178.81,349.44,637.81,1.0000,0
14819,8343,8339,178.84,349.33,598.33,1.0000,0
14820,8344,8353,237.89,309.48,578.74,1.0000,0
14821,8345,8353,277.38,309.28,578.77,1.0000,0
14822,8346,8353,277.58,348.77,578.66,1.0000,0
14823,8347,8353,238.09,348.97,578.63,1.0000,0
14824,8344,8354,218.13,309.64,598.47,1.0000,0
14825,8347,8354,218.33,349.13,598.36,1.0000,0
14826,8348,8354,218.30,349.24,637.85,1.0000,0
14827,8349,8354,218.10,309.75,637.96,1.0000,0
14828,8344,8356,237.78,289.79,598.54,1.0000,0
14829,8345,8356,277.26,289.59,598.57,1.0000,0
14830,8349,8356,237.74,289.90,638.03,1.0000,0
14831,8350,8356,277.23,289.70,638.06,1.0000,0
14832,8354,8352,237.94,329.39,637.92,1.0000,0
14833,8354,8353,237.98,329.28,598.43,1.0000,0
14834,8354,8357,238.06,349.08,618.12,1.0000,0
14835,8354,8356,237.86,309.59,618.23,1.0000,0
14836,8355,8353,277.46,329.08,598.46,1.0000,0
14837,8355,8357,277.55,348.88,618.15,1.0000,0
14838,8355,8352,277.43,329.19,637.95,1.0000,0
14839,8356,8353,257.62,309.44,598.50,1.0000,0
14840,8356,8355,277.35,309.39,618.26,1.0000,0
14841,8356,8352,257.59,309.55,637.99,1.0000,0
14842,8357,8352,257.79,349.04,637.88,1.0000,0
14843,8357,8353,257.82,348.93,598.39,1.0000,0
14844,8358,8367,316.87,309.08,578.81,1.0000,0
14845,8359,8367,356.36,308.88,578.84,1.0000,0
14846,8360,8367,356.56,348.37,578.73,1.0000,0
14847,8361,8367,317.07,348.57,578.70,1.0000,0
14848,8358,8368,297.11,309.24,598.53,1.0000,0
14849,8361,8368,297.31,348.73,598.42,1.0000,0
14850,8362,8368,297.28,348.84,637.91,1.0000,0
14851,8363,8368,297.08,309.35,638.02,1.0000,0
14852,8358,8370,316.75,289.39,598.60,1.0000,0
14853,8359,8370,356.24,289.19,598.64,1.0000,0
14854,8363,8370,316.72,289.50,638.09,0.7600,0
14855,8364,8370,356.21,289.30,638.13,1.0000,0
14856,8368,8366,316.92,328.99,637.98,1.0000,0
14857,8368,8367,316.95,328.88,598.50,1.0000,0
14858,8368,8371,317.04,348.68,618.18,1.0000,0
14859,8368,8370,316.84,309.19,618.29,1.0000,0
14860,8369,8367,356.44,328.68,598.53,1.0000,0
14861,8369,8371,356.53,348.48,618.22,1.0000,0
14862,8369,8366,356.41,328.79,638.02,1.0000,0
14863,8370,8367,336.60,309.04,598.57,1.0000,0
14864,8370,8369,356.33,308.99,618.33,1.0000,0
14865,8370,8366,336.56,309.15,638.05,1.0000,0
14866,8371,8366,336.77,348.63,637.95,1.0000,0
14867,8371,8367,336.80,348.52,598.46,1.0000,0
14868,8372,8381,395.85,308.68,578.87,1.0000,0
14869,8373,8381,435.33,308.48,578.90,1.0000,0
14870,8374,8381,435.53,347.97,578.79,1.0000,0
14871,8375,8381,396.05,348.17,578.76,1.0000,0
14872,8372,8382,376.09,308.84,598.60,1.0000,0
14873,8375,8382,376.29,348.32,598.49,1.0000,0
14874,8376,8382,376.25,348.43,637.98,1.0000,0
14875,8377,8382,376.05,308.95,638.09,1.0000,0
14876,8372,8384,395.73,288.99,598.67,1.0000,0
14877,8373,8384,435.22,288.79,598.70,1.0000,0
14878,8377,8384,395.70,289.10,638.16,1.0000,0
14879,8378,8384,435.19,288.90,638.19,1.0000,0
14880,8382,8380,395.90,328.59,638.05,1.0000,0
14881,8382,8381,395.93,328.48,598.56,1.0000,0
14882,8382,8385,396.01,348.28,618.25,1.0000,0
14883,8382,8384,395.81,308.79,618.36,1.0000,0
14884,8383,8381,435.42,328.28,598.59,1.0000,0
14885,8383,8385,435.50,348.08,618.28,0.9200,0
14886,8383,8380,435.39,328.39,638.08,1.0000,0
14887,8384,8381,415.57,308.64,598.63,1.0000,0
14888,8384,8383,435.30,308.59,618.39,1.0000,0
14889,8384,8380,415.54,308.74,638.12,1.0000,0
14890,8385,8380,415.74,348.23,638.01,1.0000,0
14891,8385,8381,415.77,348.12,598.52,1.0000,0
14892,8386,8395,474.82,308.28,578.94,1.0000,0
14893,8387,8395,514.31,308.08,578.97,0.8800,0
14894,8388,8395,514.51,347.57,578.86,1.0000,0
14895,8389,8395,475.02,347.77,578.83,1.0000,0
14896,8386,8396,455.06,308.43,598.66,1.0000,0
14897,8389,8396,455.26,347.92,598.55,1.0000,0
14898,8390,8396,455.23,348.03,638.04,1.0000,0
14899,8391,8396,455.03,308.54,638.15,1.0000,0
14900,8386,8398,474.71,288.59,598.74,1.0000,0
14901,8387,8398,514.19,288.39,598.77,1.0000,0
14902,8391,8398,474.67,288.70,638.22,1.0000,0
14903,8392,8398,514.16,288.50,638.26,1.0000,0
14904,8396,8394,474.87,328.19,638.11,1.0000,0
14905,8396,8395,474.91,328.08,598.63,1.0000,0
14906,8396,8399,474.99,347.88,618.32,1.0000,0
14907,8396,8398,474.79,308.39,618.42,1.0000,0
14908,8397,8395,514.39,327.88,598.66,1.0000,0
14909,8397,8399,514.48,347.68,618.35,0.9200,0
14910,8397,8394,514.36,327.99,638.15,1.0000,0
14911,8398,8395,494.55,308.23,598.70,1.0000,0
14912,8398,8397,514.28,308.19,618.46,1.0000,0
14913,8398,8394,494.52,308.34,638.19,1.0000,0
14914,8399,8394,494.72,347.83,638.08,1.0000,0
14915,8399,8395,494.75,347.72,598.59,1.0000,0
14916,8400,8409,553.80,307.88,579.00,1.0000,0
14917,8401,8409,593.29,307.68,579.03,0.3200,0
14918,8402,8409,593.49,347.16,578.93,1.0000,0
14919,8403,8409,554.00,347.37,578.89,0.7200,0
14920,8400,8410,534.04,308.03,598.73,1.0000,0
14921,8403,8410,534.24,347.52,598.62,1.0000,0
14922,8404,8410,534.21,347.63,638.11,1.0000,0
14923,8405,8410,534.01,308.14,638.22,1.0000,0
14924,8400,8412,553.68,288.19,598.80,1.0000,0
14925,8401,8412,593.17,287.99,598.83,1.0000,0
14926,8405,8412,553.65,288.30,638.29,1.0000,0
14927,8406,8412,593.14,288.10,638.32,0.4800,0
14928,8410,8408,553.85,327.79,638.18,1.0000,0
14929,8410,8409,553.88,327.68,598.69,0.6000,0
14930,8410,8413,553.97,347.48,618.38,1.0000,0
14931,8410,8412,553.77,307.99,618.49,0.9200,0
14932,8411,8409,593.37,327.48,598.72,1.0000,0
14933,8411,8413,593.46,347.27,618.41,0.5600,0
14934,8411,8408,593.34,327.59,638.21,1.0000,0
14935,8412,8409,573.53,307.83,598.76,0.5200,0
14936,8412,8411,593.25,307.79,618.52,1.0000,0
14937,8412,8408,573.49,307.94,638.25,0.7200,0
14938,8413,8408,573.70,347.43,638.14,0.2400,1
14939,8413,8409,573.73,347.32,598.65,0.6000,0
14940,8414,8423,632.78,307.48,579.07,1.0000,0
14941,8415,8423,672.26,307.28,579.10,0.0800,1
14942,8416,8423,672.46,346.76,578.99,1.0000,0
14943,8417,8423,632.98,346.96,578.96,0.1600,1
14944,8414,8424,613.01,307.63,598.80,0.0800,1
14945,8417,8424,613.22,347.12,598.69,0.6400,0
14946,8418,8424,613.18,347.23,638.17,0.6800,0
14947,8419,8424,612.98,307.74,638.28,0.2000,1
14948,8414,8426,632.66,287.79,598.87,0.3600,0
14949,8415,8426,672.15,287.59,598.90,0.9600,0
14950,8419,8426,632.63,287.90,638.35,1.0000,0
14951,8420,8426,672.11,287.70,638.39,0.9600,0
14952,8424,8422,632.83,327.38,638.25,0.8000,0
14953,8424,8423,632.86,327.27,598.76,1.0000,0
14954,8424,8427,632.94,347.07,618.45,1.0000,0
14955,8424,8426,632.74,307.59,618.56,0.2800,1
14956,8425,8423,672.35,327.07,598.79,0.2000,1
14957,8425,8427,672.43,346.87,618.48,0.1200,1
14958,8425,8422,672.32,327.18,638.28,0.8400,0
14959,8426,8423,652.50,307.43,598.83,0.1600,1
14960,8426,8425,672.23,307.38,618.59,1.0000,0
14961,8426,8422,652.47,307.54,638.32,0.1600,1
14962,8427,8422,652.67,347.03,638.21,0.0800,1
14963,8427,8423,652.70,346.92,598.72,0.0800,1
14964,8428,8437,711.75,307.07,579.13,1.0000,0
14965,8429,8437,751.24,306.87,579.17,0.0000,1
14966,8430,8437,751.44,346.36,579.06,1.0000,0
14967,8431,8437,711.95,346.56,579.02,0.0400,1
14968,8428,8438,691.99,307.23,598.86,0.0800,1
14969,8431,8438,692.19,346.72,598.75,0.0800,1
14970,8432,8438,692.16,346.83,638.24,0.0800,1
14971,8433,8438,691.96,307.34,638.35,0.0800,1
14972,8429,8439,770.97,306.83,598.93,0.0000,1
14973,8430,8439,771.17,346.32,598.82,0.0000,1
14974,8434,8439,770.94,306.94,638.41,0.0000,1
14975,8435,8439,771.14,346.43,638.31,0.0000,1
14976,8428,8440,711.64,287.39,598.93,0.0800,1
14977,8429,8440,751.12,287.18,598.96,0.2800,1
14978,8433,8440,711.60,287.49,638.42,0.5600,0
14979,8434,8440,751.09,287.29,638.45,0.4400,0
14980,8438,8436,711.80,326.98,638.31,0.1200,1
14981,8438,8437,711.84,326.87,598.82,0.5200,0
14982,8438,8441,711.92,346.67,618.51,1.0000,0
14983,8438,8440,711.72,307.18,618.62,0.0800,1
14984,8439,8437,751.32,326.67,598.86,0.1200,1
14985,8439,8441,751.41,346.47,618.54,0.0000,1
14986,8439,8436,751.29,326.78,638.34,0.2400,1
14987,8440,8437,731.48,307.03,598.89,0.1200,1
14988,8440,8439,751.21,306.98,618.65,1.0000,0
14989,8440,8436,731.45,307.14,638.38,0.1200,1
14990,8441,8436,731.65,346.63,638.27,0.0800,1
14991,8441,8437,731.68,346.52,598.78,0.0800,1
14992,8442,8451,80.34,389.26,578.39,0.9600,0
14993,8443,8451,119.83,389.06,578.42,1.0000,0
14994,8444,8451,120.03,428.55,578.31,1.0000,0
14995,8445,8451,80.54,428.75,578.28,1.0000,0
14996,8442,8452,60.58,389.42,598.12,0.9600,0
14997,8445,8452,60.78,428.91,598.01,1.0000,0
14998,8446,8452,60.75,429.02,637.50,1.0000,0
14999,8447,8452,60.55,389.53,637.61,0.6400,0
15000,8442,8454,80.22,369.57,598.19,0.8800,0
15001,8443,8454,119.71,369.37,598.22,1.0000,0
15002,8447,8454,80.19,369.68,637.68,0.8800,0
15003,8448,8454,119.68,369.48,637.71,1.0000,0
15004,8452,8450,80.39,409.17,637.57,0.4800,0
15005,8452,8451,80.43,409.06,598.08,1.0000,0
15006,8452,8455,80.51,428.86,617.77,0.8800,0
15007,8452,8454,80.31,389.37,617.88,1.0000,0
15008,8453,8451,119.91,408.86,598.11,0.9200,0
15009,8453,8455,120.00,428.66,617.80,1.0000,0
15010,8453,8450,119.88,408.97,637.60,1.0000,0
15011,8454,8451,100.07,389.22,598.15,1.0000,0
15012,8454,8453,119.80,389.17,617.91,1.0000,0
15013,8454,8450,100.04,389.33,637.64,1.0000,0
15014,8455,8450,100.24,428.82,637.53,1.0000,0
15015,8455,8451,100.27,428.71,598.04,1.0000,0
15016,8456,8465,159.32,388.86,578.46,1.0000,0
15017,8457,8465,198.81,388.66,578.49,1.0000,0
15018,8458,8465,199.01,428.15,578.38,1.0000,0
15019,8459,8465,159.52,428.35,578.35,1.0000,0
15020,8456,8466,139.56,389.02,598.18,1.0000,0
15021,8459,8466,139.76,428.51,598.07,1.0000,0
15022,8460,8466,139.73,428.61,637.56,1.0000,0
15023,8461,8466,139.53,389.13,637.67,1.0000,0
15024,8456,8468,159.20,369.17,598.25,1.0000,0
15025,8457,8468,198.69,368.97,598.29,1.0000,0
15026,8461,8468,159.17,369.28,637.74,1.0000,0
15027,8462,8468,198.66,369.08,637.78,1.0000,0
15028,8466,8464,159.37,408.77,637.63,1.0000,0
15029,8466,8465,159.40,408.66,598.15,1.0000,0
15030,8466,8469,159.49,428.46,617.84,1.0000,0
15031,8466,8468,159.29,388.97,617.94,1.0000,0
15032,8467,8465,198.89,408.46,598.18,1.0000,0
15033,8467,8469,198.97,428.26,617.87,1.0000,0
15034,8467,8464,198.86,408.57,637.67,1.0000,0
15035,8468,8465,179.05,388.82,598.22,1.0000,0
15036,8468,8467,198.77,388.77,617.98,1.0000,0
15037,8468,8464,179.01,388.93,637.71,1.0000,0
15038,8469,8464,179.21,428.41,637.60,1.0000,0
15039,8469,8465,179.25,428.30,598.11,1.0000,0
15040,8470,8479,238.29,388.46,578.52,1.0000,0
15041,8471,8479,277.78,388.26,578.55,1.0000,0
15042,8472,8479,277.98,427.75,578.44,1.0000,0
15043,8473,8479,238.49,427.95,578.41,1.0000,0
15044,8470,8480,218.53,388.62,598.25,1.0000,0
15045,8473,8480,218.73,428.10,598.14,1.0000,0
15046,8474,8480,218.70,428.21,637.63,1.0000,0
15047,8475,8480,218.50,388.72,637.74,1.0000,0
15048,8470,8482,238.18,368.77,598.32,1.0000,0
15049,8471,8482,277.67,368.57,598.35,1.0000,0
15050,8475,8482,238.15,368.88,637.81,1.0000,0
15051,8476,8482,277.63,368.68,637.84,1.0000,0
15052,8480,8478,238.35,408.37,637.70,1.0000,0
15053,8480,8479,238.38,408.26,598.21,1.0000,0
15054,8480,8483,238.46,428.06,617.90,1.0000,0
15055,8480,8482,238.26,388.57,618.01,1.0000,0
15056,8481,8479,277.87,408.06,598.24,1.0000,0
15057,8481,8483,277.95,427.86,617.93,1.0000,0
15058,8481,8478,277.83,408.17,637.73,1.0000,0
15059,8482,8479,258.02,388.41,598.28,1.0000,0
15060,8482,8481,277.75,388.37,618.04,1.0000,0
15061,8482,8478,257.99,388.52,637.77,1.0000,0
15062,8483,8478,258.19,428.01,637.66,1.0000,0
15063,8483,8479,258.22,427.90,598.17,1.0000,0
15064,8484,8493,317.27,388.06,578.59,1.0000,0
15065,8485,8493,356.76,387.86,578.62,1.0000,0
15066,8486,8493,356.96,427.35,578.51,1.0000,0
15067,8487,8493,317.47,427.55,578.48,1.0000,0
15068,8484,8494,297.51,388.21,598.31,1.0000,0
15069,8487,8494,297.71,427.70,598.21,1.0000,0
15070,8488,8494,297.68,427.81,637.69,1.0000,0
15071,8489,8494,297.48,388.32,637.80,1.0000,0
15072,8484,8496,317.15,368.37,598.39,1.0000,0
15073,8485,8496,356.64,368.17,598.42,1.0000,0
15074,8489,8496,317.12,368.48,637.87,0.7600,0
15075,8490,8496,356.61,368.28,637.91,1.0000,0
15076,8494,8492,317.32,407.97,637.77,1.0000,0
15077,8494,8493,317.36,407.86,598.28,1.0000,0
15078,8494,8497,317.44,427.66,617.97,1.0000,0
15079,8494,8496,317.24,388.17,618.08,1.0000,0
15080,8495,8493,356.84,407.66,598.31,1.0000,0
15081,8495,8497,356.93,427.46,618.00,1.0000,0
15082,8495,8492,356.81,407.77,637.80,1.0000,0
15083,8496,8493,337.00,388.01,598.35,1.0000,0
15084,8496,8495,356.73,387.97,618.11,1.0000,0
15085,8496,8492,336.97,388.12,637.84,1.0000,0
15086,8497,8492,337.17,427.61,637.73,1.0000,0
15087,8497,8493,337.20,427.50,598.24,1.0000,0
15088,8498,8507,396.25,387.66,578.65,1.0000,0
15089,8499,8507,435.74,387.46,578.69,0.9600,0
15090,8500,8507,435.94,426.94,578.58,1.0000,0
15091,8501,8507,396.45,427.15,578.54,1.0000,0
15092,8498,8508,376.49,387.81,598.38,1.0000,0
15093,8501,8508,376.69,427.30,598.27,1.0000,0
15094,8502,8508,376.66,427.41,637.76,1.0000,0
15095,8503,8508,376.45,387.92,637.87,1.0000,0
15096,8498,8510,396.13,367.97,598.45,1.0000,0
15097,8499,8510,435.62,367.77,598.48,1.0000,0
15098,8503,8510,396.10,368.08,637.94,1.0000,0
15099,8504,8510,435.59,367.88,637.97,1.0000,0
15100,8508,8506,396.30,407.57,637.83,1.0000,0
15101,8508,8507,396.33,407.46,598.34,1.0000,0
15102,8508,8511,396.42,427.25,618.03,1.0000,0
15103,8508,8510,396.22,387.77,618.14,1.0000,0
15104,8509,8507,435.82,407.26,598.37,1.0000,0
15105,8509,8511,435.90,427.05,618.06,0.8800,0
15106,8509,8506,435.79,407.36,637.86,1.0000,0
15107,8510,8507,415.98,387.61,598.41,1.0000,0
15108,8510,8509,435.70,387.57,618.17,1.0000,0
15109,8510,8506,415.94,387.72,637.90,1.0000,0
15110,8511,8506,416.14,427.21,637.79,1.0000,0
15111,8511,8507,416.18,427.10,598.30,1.0000,0
15112,8512,8521,475.22,387.26,578.72,1.0000,0
15113,8513,8521,514.71,387.05,578.75,0.8000,0
15114,8514,8521,514.91,426.54,578.64,1.0000,0
15115,8515,8521,475.42,426.74,578.61,1.0000,0
15116,8512,8522,455.46,387.41,598.45,1.0000,0
15117,8515,8522,455.66,426.90,598.34,1.0000,0
15118,8516,8522,455.63,427.01,637.83,1.0000,0
15119,8517,8522,455.43,387.52,637.93,1.0000,0
15120,8512,8524,475.11,367.57,598.52,1.0000,0
15121,8513,8524,514.60,367.37,598.55,1.0000,0
15122,8517,8524,475.08,367.68,638.01,0.4000,0
15123,8518,8524,514.56,367.47,638.04,1.0000,0
15124,8522,8520,475.28,407.16,637.90,1.0000,0
15125,8522,8521,475.31,407.05,598.41,1.0000,0
15126,8522,8525,475.39,426.85,618.10,1.0000,0
15127,8522,8524,475.19,387.36,618.21,1.0000,0
15128,8523,8521,514.80,406.85,598.44,1.0000,0
15129,8523,8525,514.88,426.65,618.13,1.0000,0
15130,8523,8520,514.76,406.96,637.93,1.0000,0
15131,8524,8521,494.95,387.21,598.48,1.0000,0
15132,8524,8523,514.68,387.16,618.24,1.0000,0
15133,8524,8520,494.92,387.32,637.97,1.0000,0
15134,8525,8520,495.12,426.81,637.86,1.0000,0
15135,8525,8521,495.15,426.70,598.37,1.0000,0
15136,8526,8535,554.20,386.85,578.78,1.0000,0
15137,8527,8535,593.69,386.65,578.82,0.4000,0
15138,8528,8535,593.89,426.14,578.71,1.0000,0
15139,8529,8535,554.40,426.34,578.67,0.8800,0
15140,8526,8536,534.44,387.01,598.51,1.0000,0
15141,8529,8536,534.64,426.50,598.40,1.0000,0
15142,8530,8536,534.61,426.61,637.89,1.0000,0
15143,8531,8536,534.41,387.12,638.00,1.0000,0
15144,8526,8538,554.08,367.16,598.58,1.0000,0
15145,8527,8538,593.57,366.96,598.61,1.0000,0
15146,8531,8538,554.05,367.27,638.07,1.0000,0
15147,8532,8538,593.54,367.07,638.10,1.0000,0
15148,8536,8534,554.25,406.76,637.96,1.0000,0
15149,8536,8535,554.28,406.65,598.47,0.6000,0
15150,8536,8539,554.37,426.45,618.16,1.0000,0
15151,8536,8538,554.17,386.96,618.27,0.9200,0
15152,8537,8535,593.77,406.45,598.51,1.0000,0
15153,8537,8539,593.86,426.25,618.20,0.4800,0
15154,8537,8534,593.74,406.56,637.99,1.0000,0
15155,8538,8535,573.93,386.81,598.54,0.8800,0
15156,8538,8537,593.66,386.76,618.30,1.0000,0
15157,8538,8534,573.90,386.92,638.03,0.9600,0
15158,8539,8534,574.10,426.41,637.92,0.9600,0
15159,8539,8535,574.13,426.30,598.43,1.0000,0
15160,8540,8549,633.18,386.45,578.85,1.0000,0
15161,8541,8549,672.67,386.25,578.88,0.0800,1
15162,8542,8549,672.87,425.74,578.77,1.0000,0
15163,8543,8549,633.38,425.94,578.74,0.0800,1
15164,8540,8550,613.42,386.61,598.58,0.4000,0
15165,8543,8550,613.62,426.10,598.47,0.2400,1
15166,8544,8550,613.59,426.21,637.96,0.1600,1
15167,8545,8550,613.38,386.72,638.07,0.9600,0
15168,8540,8552,633.06,366.76,598.65,0.6400,0
15169,8541,8552,672.55,366.56,598.68,0.9600,0
15170,8545,8552,633.03,366.87,638.14,0.8000,0
15171,8546,8552,672.52,366.67,638.17,0.5200,0
15172,8550,8548,633.23,406.36,638.03,0.9600,0
15173,8550,8549,633.26,406.25,598.54,1.0000,0
15174,8550,8553,633.35,426.05,618.23,1.0000,0
15175,8550,8552,633.14,386.56,618.34,0.2800,1
15176,8551,8549,672.75,406.05,598.57,0.2800,1
15177,8551,8553,672.83,425.85,618.26,0.0800,1
15178,8551,8548,672.72,406.16,638.06,0.7200,0
15179,8552,8549,652.91,386.41,598.61,0.0800,1
15180,8552,8551,672.63,386.36,618.37,1.0000,0
15181,8552,8548,652.87,386.52,638.10,0.0800,1
15182,8553,8548,653.07,426.00,637.99,0.1200,1
15183,8553,8549,653.11,425.89,598.50,0.0800,1
15184,8554,8563,712.15,386.05,578.91,1.0000,0
15185,8555,8563,751.64,385.85,578.95,0.0000,1
15186,8556,8563,751.84,425.34,578.84,1.0000,0
15187,8557,8563,712.35,425.54,578.80,0.0400,1
15188,8554,8564,692.39,386.21,598.64,0.0800,1
15189,8557,8564,692.59,425.69,598.53,0.0800,1
15190,8558,8564,692.56,425.80,638.02,0.0800,1
15191,8559,8564,692.36,386.32,638.13,0.0800,1
15192,8555,8565,771.37,385.80,598.71,0.0000,1
15193,8556,8565,771.57,425.29,598.60,0.0000,1
15194,8560,8565,771.34,385.91,638.20,0.0000,1
15195,8561,8565,771.54,425.40,638.09,0.0000,1
15196,8554,8566,712.04,366.36,598.71,0.0800,1
15197,8555,8566,751.53,366.16,598.75,0.2400,1
15198,8559,8566,712.00,366.47,638.20,0.8800,0
15199,8560,8566,751.49,366.27,638.23,0.1200,1
15200,8564,8562,712.21,405.96,638.09,0.1600,1
15201,8564,8563,712.24,405.85,598.60,0.7600,0
15202,8564,8567,712.32,425.65,618.29,1.0000,0
15203,8564,8566,712.12,386.16,618.40,0.0800,1
15204,8565,8563,751.73,405.65,598.64,0.1200,1
15205,8565,8567,751.81,425.45,618.33,0.0000,1
15206,8565,8562,751.69,405.76,638.13,0.4000,0
15207,8566,8563,731.88,386.01,598.67,0.1200,1
15208,8566,8565,751.61,385.96,618.44,1.0000,0
15209,8566,8562,731.85,386.11,638.16,0.1200,1
15210,8567,8562,732.05,425.60,638.05,0.0800,1
15211,8567,8563,732.08,425.49,598.57,0.0800,1
15212,8568,8577,80.74,468.24,578.17,0.9200,0
15213,8569,8577,120.23,468.04,578.20,1.0000,0
15214,8570,8577,120.43,507.53,578.10,1.0000,0
15215,8571,8577,80.94,507.73,578.06,1.0000,0
15216,8568,8578,60.98,468.39,597.90,1.0000,0
15217,8571,8578,61.18,507.88,597.79,0.8000,0
15218,8572,8578,61.15,507.99,637.28,0.8800,0
15219,8573,8578,60.95,468.50,637.39,0.6400,0
15220,8568,8580,80.63,448.55,597.97,1.0000,0
15221,8569,8580,120.11,448.35,598.00,1.0000,0
15222,8573,8580,80.59,448.66,637.46,1.0000,0
15223,8574,8580,120.08,448.46,637.49,1.0000,0
15224,8578,8576,80.79,488.15,637.35,1.0000,0
15225,8578,8577,80.83,488.04,597.86,0.8000,0
15226,8578,8581,80.91,507.84,617.55,0.8800,0
15227,8578,8580,80.71,468.35,617.66,1.0000,0
15228,8579,8577,120.32,487.84,597.89,1.0000,0
15229,8579,8581,120.40,507.64,617.58,1.0000,0
15230,8579,8576,120.28,487.95,637.38,1.0000,0
15231,8580,8577,100.47,468.19,597.93,1.0000,0
15232,8580,8579,120.20,468.15,617.69,1.0000,0
15233,8580,8576,100.44,468.30,637.42,1.0000,0
15234,8581,8576,100.64,507.79,637.31,1.0000,0
15235,8581,8577,100.67,507.68,597.82,1.0000,0
15236,8582,8591,159.72,467.84,578.24,1.0000,0
15237,8583,8591,199.21,467.64,578.27,1.0000,0
15238,8584,8591,199.41,507.13,578.16,1.0000,0
15239,8585,8591,159.92,507.33,578.13,1.0000,0
15240,8582,8592,139.96,467.99,597.97,1.0000,0
15241,8585,8592,140.16,507.48,597.86,1.0000,0
15242,8586,8592,140.13,507.59,637.34,1.0000,0
15243,8587,8592,139.93,468.10,637.45,1.0000,0
15244,8582,8594,159.60,448.15,598.04,0.8800,0
15245,8583,8594,199.09,447.95,598.07,1.0000,0
15246,8587,8594,159.57,448.26,637.53,1.0000,0
15247,8588,8594,199.06,448.06,637.56,1.0000,0
15248,8592,8590,159.77,487.75,637.42,1.0000,0
15249,8592,8591,159.80,487.64,597.93,1.0000,0
15250,8592,8595,159.89,507.44,617.62,1.0000,0
15251,8592,8594,159.69,467.95,617.73,1.0000,0
15252,8593,8591,199.29,487.44,597.96,1.0000,0
15253,8593,8595,199.38,507.23,617.65,1.0000,0
15254,8593,8590,199.26,487.55,637.45,1.0000,0
15255,8594,8591,179.45,467.79,598.00,1.0000,0
15256,8594,8593,199.18,467.75,617.76,1.0000,0
15257,8594,8590,179.42,467.90,637.49,1.0000,0
15258,8595,8590,179.62,507.39,637.38,1.0000,0
15259,8595,8591,179.65,507.28,597.89,1.0000,0
15260,8596,8605,238.70,467.44,578.30,1.0000,0
15261,8597,8605,278.18,467.24,578.34,1.0000,0
15262,8598,8605,278.39,506.72,578.23,1.0000,0
15263,8599,8605,238.90,506.92,578.19,1.0000,0
15264,8596,8606,218.94,467.59,598.03,1.0000,0
15265,8599,8606,219.14,507.08,597.92,1.0000,0
15266,8600,8606,219.10,507.19,637.41,1.0000,0
15267,8601,8606,218.90,467.70,637.52,1.0000,0
15268,8596,8608,238.58,447.75,598.10,1.0000,0
15269,8597,8608,278.07,447.55,598.13,1.0000,0
15270,8601,8608,238.55,447.86,637.59,1.0000,0
15271,8602,8608,278.04,447.66,637.62,1.0000,0
15272,8606,8604,238.75,487.34,637.48,1.0000,0
15273,8606,8605,238.78,487.24,597.99,1.0000,0
15274,8606,8609,238.86,507.03,617.68,1.0000,0
15275,8606,8608,238.66,467.55,617.79,1.0000,0
15276,8607,8605,278.27,487.03,598.03,1.0000,0
15277,8607,8609,278.35,506.83,617.72,1.0000,0
15278,8607,8604,278.24,487.14,637.51,1.0000,0
15279,8608,8605,258.42,467.39,598.06,1.0000,0
15280,8608,8607,278.15,467.35,617.82,1.0000,0
15281,8608,8604,258.39,467.50,637.55,1.0000,0
15282,8609,8604,258.59,506.99,637.44,1.0000,0
15283,8609,8605,258.62,506.88,597.95,1.0000,0
15284,8610,8619,317.67,467.04,578.37,1.0000,0
15285,8611,8619,357.16,466.83,578.40,1.0000,0
15286,8612,8619,357.36,506.32,578.29,1.0000,0
15287,8613,8619,317.87,506.52,578.26,1.0000,0
15288,8610,8620,297.91,467.19,598.10,1.0000,0
15289,8613,8620,298.11,506.68,597.99,1.0000,0
15290,8614,8620,298.08,506.79,637.48,1.0000,0
15291,8615,8620,297.88,467.30,637.58,1.0000,0
15292,8610,8622,317.56,447.35,598.17,1.0000,0
15293,8611,8622,357.04,447.14,598.20,1.0000,0
15294,8615,8622,317.52,447.46,637.66,0.8000,0
15295,8616,8622,357.01,447.25,637.69,1.0000,0
15296,8620,8618,317.72,486.94,637.55,1.0000,0
15297,8620,8619,317.76,486.83,598.06,1.0000,0
15298,8620,8623,317.84,506.63,617.75,1.0000,0
15299,8620,8622,317.64,467.14,617.86,1.0000,0
15300,8621,8619,357.25,486.63,598.09,1.0000,0
15301,8621,8623,357.33,506.43,617.78,1.0000,0
15302,8621,8618,357.21,486.74,637.58,1.0000,0
15303,8622,8619,337.40,466.99,598.13,1.0000,0
15304,8622,8621,357.13,466.94,617.89,1.0000,0
15305,8622,8618,337.37,467.10,637.62,1.0000,0
15306,8623,8618,337.57,506.59,637.51,1.0000,0
15307,8623,8619,337.60,506.48,598.02,1.0000,0
15308,8624,8633,396.65,466.63,578.43,1.0000,0
15309,8625,8633,436.14,466.43,578.47,1.0000,0
15310,8626,8633,436.34,505.92,578.36,1.0000,0
15311,8627,8633,396.85,506.12,578.32,1.0000,0
15312,8624,8634,376.89,466.79,598.16,1.0000,0
15313,8627,8634,377.09,506.28,598.05,1.0000,0
15314,8628,8634,377.06,506.39,637.54,1.0000,0
15315,8629,8634,376.86,466.90,637.65,1.0000,0
15316,8624,8636,396.53,446.94,598.23,1.0000,0
15317,8625,8636,436.02,446.74,598.27,1.0000,0
15318,8629,8636,396.50,447.05,637.72,1.0000,0
15319,8630,8636,435.99,446.85,637.75,1.0000,0
15320,8634,8632,396.70,486.54,637.61,1.0000,0
15321,8634,8633,396.73,486.43,598.12,1.0000,0
15322,8634,8637,396.82,506.23,617.81,1.0000,0
15323,8634,8636,396.62,466.74,617.92,1.0000,0
15324,8635,8633,436.22,486.23,598.16,1.0000,0
15325,8635,8637,436.31,506.03,617.85,1.0000,0
15326,8635,8632,436.19,486.34,637.64,1.0000,0
15327,8636,8633,416.38,466.59,598.19,1.0000,0
15328,8636,8635,436.11,466.54,617.96,1.0000,0
15329,8636,8632,416.34,466.70,637.68,1.0000,0
15330,8637,8632,416.55,506.19,637.57,1.0000,0
15331,8637,8633,416.58,506.08,598.09,1.0000,0
15332,8638,8647,475.63,466.23,578.50,1.0000,0
15333,8639,8647,515.11,466.03,578.53,0.8800,0
15334,8640,8647,515.31,505.52,578.42,1.0000,0
15335,8641,8647,475.83,505.72,578.39,0.9200,0
15336,8638,8648,455.87,466.39,598.23,1.0000,0
15337,8641,8648,456.07,505.88,598.12,1.0000,0
15338,8642,8648,456.03,505.98,637.61,1.0000,0
15339,8643,8648,455.83,466.50,637.72,1.0000,0
15340,8638,8650,475.51,446.54,598.30,1.0000,0
15341,8639,8650,515.00,446.34,598.33,1.0000,0
15342,8643,8650,475.48,446.65,637.79,1.0000,0
15343,8644,8650,514.97,446.45,637.82,1.0000,0
15344,8648,8646,475.68,486.14,637.68,1.0000,0
15345,8648,8647,475.71,486.03,598.19,1.0000,0
15346,8648,8651,475.79,505.83,617.88,1.0000,0
15347,8648,8650,475.59,466.34,617.99,1.0000,0
15348,8649,8647,515.20,485.83,598.22,0.7600,0
15349,8649,8651,515.28,505.63,617.91,1.0000,0
15350,8649,8646,515.17,485.94,637.71,1.0000,0
15351,8650,8647,495.35,466.19,598.26,1.0000,0
15352,8650,8649,515.08,466.14,618.02,1.0000,0
15353,8650,8646,495.32,466.30,637.75,1.0000,0
15354,8651,8646,495.52,505.78,637.64,1.0000,0
15355,8651,8647,495.55,505.67,598.15,0.9200,0
15356,8652,8661,554.60,465.83,578.56,1.0000,0
15357,8653,8661,594.09,465.63,578.60,0.4800,0
15358,8654,8661,594.29,505.12,578.49,1.0000,0
15359,8655,8661,554.80,505.32,578.46,0.6000,0
15360,8652,8662,534.84,465.99,598.29,0.9200,0
15361,8655,8662,535.04,505.47,598.18,1.0000,0
15362,8656,8662,535.01,505.58,637.67,1.0000,0
15363,8657,8662,534.81,466.09,637.78,1.0000,0
15364,8652,8664,554.49,446.14,598.36,1.0000,0
15365,8653,8664,593.97,445.94,598.40,1.0000,0
15366,8657,8664,554.45,446.25,637.85,1.0000,0
15367,8658,8664,593.94,446.05,637.89,1.0000,0
15368,8662,8660,554.65,485.74,637.74,1.0000,0
15369,8662,8661,554.69,485.63,598.25,1.0000,0
15370,8662,8665,554.77,505.43,617.94,1.0000,0
15371,8662,8664,554.57,465.94,618.05,0.9600,0
15372,8663,8661,594.17,485.43,598.29,0.9600,0
15373,8663,8665,594.26,505.23,617.98,0.6000,0
15374,8663,8660,594.14,485.54,637.78,1.0000,0
15375,8664,8661,574.33,465.78,598.33,1.0000,0
15376,8664,8663,594.06,465.74,618.09,1.0000,0
15377,8664,8660,574.30,465.89,637.81,1.0000,0
15378,8665,8660,574.50,505.38,637.70,0.8400,0
15379,8665,8661,574.53,505.27,598.22,0.3200,0
15380,8666,8675,633.58,465.43,578.63,1.0000,0
15381,8667,8675,673.07,465.23,578.66,0.0800,1
15382,8668,8675,673.27,504.72,578.55,1.0000,0
15383,8669,8675,633.78,504.92,578.52,0.1600,1
15384,8666,8676,613.82,465.58,598.36,0.0400,1
15385,8669,8676,614.02,505.07,598.25,0.8000,0
15386,8670,8676,613.99,505.18,637.74,0.0400,1
15387,8671,8676,613.79,465.69,637.85,0.2400,1
15388,8666,8678,633.46,445.74,598.43,0.6800,0
15389,8667,8678,672.95,445.54,598.46,1.0000,0
15390,8671,8678,633.43,445.85,637.92,1.0000,0
15391,8672,8678,672.92,445.65,637.95,0.2800,1
15392,8676,8674,633.63,485.34,637.81,0.6000,0
15393,8676,8675,633.66,485.23,598.32,1.0000,0
15394,8676,8679,633.75,505.03,618.01,1.0000,0
15395,8676,8678,633.55,465.54,618.12,0.1200,1
15396,8677,8675,673.15,485.03,598.35,0.1600,1
15397,8677,8679,673.24,504.83,618.04,0.0400,1
15398,8677,8674,673.12,485.14,637.84,1.0000,0
15399,8678,8675,653.31,465.38,598.39,0.3200,0
15400,8678,8677,673.03,465.34,618.15,1.0000,0
15401,8678,8674,653.27,465.49,637.88,0.0800,1
15402,8679,8674,653.48,504.98,637.77,0.5200,0
15403,8679,8675,653.51,504.87,598.28,0.0800,1
15404,8680,8689,712.56,465.03,578.70,1.0000,0
15405,8681,8689,752.04,464.83,578.73,0.0000,1
15406,8682,8689,752.24,504.31,578.62,1.0000,0
15407,8683,8689,712.76,504.52,578.59,0.0400,1
15408,8680,8690,692.80,465.18,598.42,0.0800,1
15409,8683,8690,693.00,504.67,598.31,0.0800,1
15410,8684,8690,692.96,504.78,637.80,0.0800,1
15411,8685,8690,692.76,465.29,637.91,0.1200,1
15412,8681,8691,771.77,464.78,598.49,0.0000,1
15413,8682,8691,771.97,504.27,598.38,0.0000,1
15414,8686,8691,771.74,464.89,637.98,0.0000,1
15415,8687,8691,771.94,504.38,637.87,0.0000,1
15416,8680,8692,712.44,445.34,598.49,0.4400,0
15417,8681,8692,751.93,445.14,598.53,0.3600,0
15418,8685,8692,712.41,445.45,637.98,0.8800,0
15419,8686,8692,751.89,445.25,638.02,0.1200,1
15420,8690,8688,712.61,484.94,637.87,0.0800,1
15421,8690,8689,712.64,484.83,598.39,0.6800,0
15422,8690,8693,712.72,504.62,618.08,1.0000,0
15423,8690,8692,712.52,465.14,618.18,0.0800,1
15424,8691,8689,752.13,484.63,598.42,0.1200,1
15425,8691,8693,752.21,504.42,618.11,0.0000,1
15426,8691,8688,752.10,484.73,637.91,0.1600,1
15427,8692,8689,732.28,464.98,598.46,0.1200,1
15428,8692,8691,752.01,464.94,618.22,1.0000,0
15429,8692,8688,732.25,465.09,637.94,0.0800,1
15430,8693,8688,732.45,504.58,637.84,0.1200,1
15431,8693,8689,732.48,504.47,598.35,0.1200,1
15432,8694,8703,81.14,547.22,577.95,0.8800,0
15433,8695,8703,120.63,547.02,577.99,1.0000,0
15434,8696,8703,120.83,586.50,577.88,1.0000,0
15435,8697,8703,81.35,586.70,577.84,1.0000,0
15436,8694,8704,61.38,547.37,597.68,0.6400,0
15437,8697,8704,61.59,586.86,597.57,1.0000,0
15438,8698,8704,61.55,586.97,637.06,0.9200,0
15439,8699,8704,61.35,547.48,637.17,0.2000,1
15440,8694,8706,81.03,527.53,597.75,0.8000,0
15441,8695,8706,120.52,527.33,597.79,0.6000,0
15442,8699,8706,81.00,527.64,637.24,1.0000,0
15443,8700,8706,120.48,527.44,637.27,1.0000,0
15444,8704,8702,81.20,567.12,637.13,1.0000,0
15445,8704,8703,81.23,567.01,597.64,0.7600,0
15446,8704,8707,81.31,586.81,617.33,0.6800,0
15447,8704,8706,81.11,547.33,617.44,1.0000,0
15448,8705,8703,120.72,566.81,597.68,1.0000,0
15449,8705,8707,120.80,586.61,617.37,1.0000,0
15450,8705,8702,120.68,566.92,637.16,1.0000,0
15451,8706,8703,100.87,547.17,597.71,1.0000,0
15452,8706,8705,120.60,547.12,617.47,1.0000,0
15453,8706,8702,100.84,547.28,637.20,1.0000,0
15454,8707,8702,101.04,586.77,637.09,1.0000,0
15455,8707,8703,101.07,586.66,597.61,1.0000,0
15456,8708,8717,160.12,546.81,578.02,1.0000,0
15457,8709,8717,199.61,546.61,578.05,1.0000,0
15458,8710,8717,199.81,586.10,577.94,1.0000,0
15459,8711,8717,160.32,586.30,577.91,1.0000,0
15460,8708,8718,140.36,546.97,597.75,1.0000,0
15461,8711,8718,140.56,586.46,597.64,1.0000,0
15462,8712,8718,140.53,586.57,637.13,1.0000,0
15463,8713,8718,140.33,547.08,637.24,1.0000,0
15464,8708,8720,160.00,527.13,597.82,1.0000,0
15465,8709,8720,199.49,526.92,597.85,1.0000,0
15466,8713,8720,159.97,527.23,637.31,1.0000,0
15467,8714,8720,199.46,527.03,637.34,1.0000,0
15468,8718,8716,160.17,566.72,637.20,1.0000,0
15469,8718,8717,160.21,566.61,597.71,1.0000,0
15470,8718,8721,160.29,586.41,617.40,1.0000,0
15471,8718,8720,160.09,546.92,617.51,1.0000,0
15472,8719,8717,199.69,566.41,597.74,1.0000,0
15473,8719,8721,199.78,586.21,617.43,1.0000,0
15474,8719,8716,199.66,566.52,637.23,1.0000,0
15475,8720,8717,179.85,546.77,597.78,1.0000,0
15476,8720,8719,199.58,546.72,617.54,1.0000,0
15477,8720,8716,179.82,546.88,637.27,1.0000,0
15478,8721,8716,180.02,586.37,637.16,1.0000,0
15479,8721,8717,180.05,586.26,597.67,1.0000,0
15480,8722,8731,239.10,546.41,578.08,1.0000,0
15481,8723,8731,278.59,546.21,578.12,1.0000,0
15482,8724,8731,278.79,585.70,578.01,1.0000,0
15483,8725,8731,239.30,585.90,577.98,1.0000,0
15484,8722,8732,219.34,546.57,597.81,1.0000,0
15485,8725,8732,219.54,586.06,597.70,1.0000,0
15486,8726,8732,219.51,586.17,637.19,1.0000,0
15487,8727,8732,219.31,546.68,637.30,1.0000,0
15488,8722,8734,238.98,526.72,597.88,1.0000,0
15489,8723,8734,278.47,526.52,597.92,1.0000,0
15490,8727,8734,238.95,526.83,637.37,1.0000,0
15491,8728,8734,278.44,526.63,637.40,1.0000,0
15492,8732,8730,239.15,566.32,637.26,1.0000,0
15493,8732,8731,239.18,566.21,597.77,1.0000,0
15494,8732,8735,239.27,586.01,617.46,1.0000,0
15495,8732,8734,239.07,546.52,617.57,1.0000,0
15496,8733,8731,278.67,566.01,597.81,1.0000,0
15497,8733,8735,278.75,585.81,617.50,1.0000,0
15498,8733,8730,278.64,566.12,637.30,1.0000,0
15499,8734,8731,258.83,546.37,597.85,1.0000,0
15500,8734,8733,278.55,546.32,617.61,1.0000,0
15501,8734,8730,258.79,546.48,637.33,1.0000,0
15502,8735,8730,258.99,585.96,637.22,1.0000,0
15503,8735,8731,259.03,585.86,597.74,1.0000,0
15504,8736,8745,318.07,546.01,578.15,1.0000,0
15505,8737,8745,357.56,545.81,578.18,1.0000,0
15506,8738,8745,357.76,585.30,578.07,1.0000,0
15507,8739,8745,318.28,585.50,578.04,1.0000,0
15508,8736,8746,298.31,546.17,597.88,1.0000,0
15509,8739,8746,298.51,585.65,597.77,1.0000,0
15510,8740,8746,298.48,585.76,637.26,1.0000,0
15511,8741,8746,298.28,546.28,637.37,1.0000,0
15512,8736,8748,317.96,526.32,597.95,1.0000,0
15513,8737,8748,357.45,526.12,597.98,1.0000,0
15514,8741,8748,317.93,526.43,637.44,1.0000,0
15515,8742,8748,357.41,526.23,637.47,1.0000,0
15516,8746,8744,318.13,565.92,637.33,1.0000,0
15517,8746,8745,318.16,565.81,597.84,1.0000,0
15518,8746,8749,318.24,585.61,617.53,1.0000,0
15519,8746,8748,318.04,546.12,617.64,1.0000,0
15520,8747,8745,357.65,565.61,597.87,1.0000,0
15521,8747,8749,357.73,585.41,617.56,1.0000,0
15522,8747,8744,357.61,565.72,637.36,1.0000,0
15523,8748,8745,337.80,545.97,597.91,1.0000,0
15524,8748,8747,357.53,545.92,617.67,1.0000,0
15525,8748,8744,337.77,546.08,637.40,1.0000,0
15526,8749,8744,337.97,585.56,637.29,1.0000,0
15527,8749,8745,338.00,585.45,597.80,1.0000,0
15528,8750,8759,397.05,545.61,578.22,1.0000,0
15529,8751,8759,436.54,545.41,578.25,1.0000,0
15530,8752,8759,436.74,584.90,578.14,1.0000,0
15531,8753,8759,397.25,585.10,578.11,1.0000,0
15532,8750,8760,377.29,545.76,597.94,1.0000,0
15533,8753,8760,377.49,585.25,597.83,1.0000,0
15534,8754,8760,377.46,585.36,637.32,1.0000,0
15535,8755,8760,377.26,545.87,637.43,1.0000,0
15536,8750,8762,396.93,525.92,598.01,1.0000,0
15537,8751,8762,436.42,525.72,598.05,1.0000,0
15538,8755,8762,396.90,526.03,637.50,1.0000,0
15539,8756,8762,436.39,525.83,637.54,1.0000,0
15540,8760,8758,397.10,565.52,637.39,1.0000,0
15541,8760,8759,397.14,565.41,597.91,1.0000,0
15542,8760,8763,397.22,585.21,617.59,1.0000,0
15543,8760,8762,397.02,545.72,617.70,1.0000,0
15544,8761,8759,436.62,565.21,597.94,1.0000,0
15545,8761,8763,436.71,585.01,617.63,1.0000,0
15546,8761,8758,436.59,565.32,637.43,1.0000,0
15547,8762,8759,416.78,545.56,597.98,1.0000,0
15548,8762,8761,436.51,545.52,617.74,1.0000,0
15549,8762,8758,416.75,545.67,637.46,1.0000,0
15550,8763,8758,416.95,585.16,637.36,1.0000,0
15551,8763,8759,416.98,585.05,597.87,1.0000,0
15552,8764,8773,476.03,545.21,578.28,1.0000,0
15553,8765,8773,515.52,545.01,578.31,0.7600,0
15554,8766,8773,515.72,584.50,578.20,1.0000,0
15555,8767,8773,476.23,584.70,578.17,0.8800,0
15556,8764,8774,456.27,545.36,598.01,1.0000,0
15557,8767,8774,456.47,584.85,597.90,1.0000,0
15558,8768,8774,456.44,584.96,637.39,1.0000,0
15559,8769,8774,456.23,545.47,637.50,1.0000,0
15560,8764,8776,475.91,525.52,598.08,1.0000,0
15561,8765,8776,515.40,525.32,598.11,1.0000,0
15562,8769,8776,475.88,525.63,637.57,0.6800,0
15563,8770,8776,515.37,525.43,637.60,1.0000,0
15564,8774,8772,476.08,565.12,637.46,1.0000,0
15565,8774,8773,476.11,565.01,597.97,1.0000,0
15566,8774,8777,476.20,584.81,617.66,1.0000,0
15567,8774,8776,476.00,545.32,617.77,1.0000,0
15568,8775,8773,515.60,564.81,598.00,1.0000,0
15569,8775,8777,515.68,584.60,617.69,0.9600,0
15570,8775,8772,515.57,564.92,637.49,0.6400,0
15571,8776,8773,495.76,545.16,598.04,1.0000,0
15572,8776,8775,515.48,545.12,617.80,1.0000,0
15573,8776,8772,495.72,545.27,637.53,1.0000,0
15574,8777,8772,495.92,584.76,637.42,1.0000,0
15575,8777,8773,495.96,584.65,597.93,1.0000,0
15576,8778,8787,555.00,544.81,578.35,1.0000,0
15577,8779,8787,594.49,544.61,578.38,0.1200,1
15578,8780,8787,594.69,584.09,578.27,1.0000,0
15579,8781,8787,555.20,584.29,578.24,0.6000,0
15580,8778,8788,535.24,544.96,598.07,1.0000,0
15581,8781,8788,535.44,584.45,597.96,1.0000,0
15582,8782,8788,535.41,584.56,637.45,1.0000,0
15583,8783,8788,535.21,545.07,637.56,1.0000,0
15584,8778,8790,554.89,525.12,598.15,1.0000,0
15585,8779,8790,594.38,524.92,598.18,1.0000,0
15586,8783,8790,554.86,525.23,637.63,1.0000,0
15587,8784,8790,594.34,525.03,637.67,1.0000,0
15588,8788,8786,555.06,564.71,637.52,1.0000,0
15589,8788,8787,555.09,564.61,598.04,1.0000,0
15590,8788,8791,555.17,584.40,617.73,1.0000,0
15591,8788,8790,554.97,544.92,617.83,0.9200,0
15592,8789,8787,594.58,564.40,598.07,1.0000,0
15593,8789,8791,594.66,584.20,617.76,0.4000,0
15594,8789,8786,594.54,564.51,637.56,0.7600,0
15595,8790,8787,574.73,544.76,598.11,1.0000,0
15596,8790,8789,594.46,544.72,617.87,1.0000,0
15597,8790,8786,574.70,544.87,637.60,0.3600,0
15598,8791,8786,574.90,584.36,637.49,1.0000,0
15599,8791,8787,574.93,584.25,598.00,0.4800,0
15600,8792,8801,633.98,544.40,578.41,1.0000,0
15601,8793,8801,673.47,544.20,578.44,0.0800,1
15602,8794,8801,673.67,583.69,578.34,1.0000,0
15603,8795,8801,634.18,583.89,578.30,0.0800,1
15604,8792,8802,614.22,544.56,598.14,0.1200,1
15605,8795,8802,614.42,584.05,598.03,1.0000,0
15606,8796,8802,614.39,584.16,637.52,0.3200,0
15607,8797,8802,614.19,544.67,637.63,0.9200,0
15608,8792,8804,633.86,524.72,598.21,0.3200,0
15609,8793,8804,673.35,524.51,598.24,0.4400,0
15610,8797,8804,633.83,524.82,637.70,1.0000,0
15611,8798,8804,673.32,524.62,637.73,0.0800,1
15612,8802,8800,634.03,564.31,637.59,0.9200,0
15613,8802,8801,634.06,564.20,598.10,1.0000,0
15614,8802,8805,634.15,584.00,617.79,1.0000,0
15615,8802,8804,633.95,544.51,617.90,0.2000,1
15616,8803,8801,673.55,564.00,598.13,0.0800,1
15617,8803,8805,673.64,583.80,617.82,0.0400,1
15618,8803,8800,673.52,564.11,637.62,1.0000,0
15619,8804,8801,653.71,544.36,598.17,0.1600,1
15620,8804,8803,673.44,544.31,617.93,1.0000,0
15621,8804,8800,653.68,544.47,637.66,0.0800,1
15622,8805,8800,653.88,583.96,637.55,0.2400,1
15623,8805,8801,653.91,583.85,598.06,0.0800,1
15624,8806,8815,712.96,544.00,578.48,1.0000,0
15625,8807,8815,752.45,543.80,578.51,0.0000,1
15626,8808,8815,752.65,583.29,578.40,1.0000,0
15627,8809,8815,713.16,583.49,578.37,0.0400,1
15628,8806,8816,693.20,544.16,598.21,0.0800,1
15629,8809,8816,693.40,583.65,598.10,0.0800,1
15630,8810,8816,693.37,583.76,637.58,0.0800,1
15631,8811,8816,693.16,544.27,637.69,0.1200,1
15632,8807,8817,772.17,543.76,598.27,0.0000,1
15633,8808,8817,772.37,583.25,598.16,0.0000,1
15634,8812,8817,772.14,543.87,637.76,0.0000,1
15635,8813,8817,772.34,583.35,637.65,0.0000,1
15636,8806,8818,712.84,524.31,598.28,0.0800,1
15637,8807,8818,752.33,524.11,598.31,0.2400,1
15638,8811,8818,712.81,524.42,637.76,0.5600,0
15639,8812,8818,752.30,524.22,637.80,0.0800,1
15640,8816,8814,713.01,563.91,637.66,0.0800,1
15641,8816,8815,713.04,563.80,598.17,0.4000,0
15642,8816,8819,713.13,583.60,617.86,1.0000,0
15643,8816,8818,712.92,544.11,617.97,0.0400,1
15644,8817,8815,752.53,563.60,598.20,0.1200,1
15645,8817,8819,752.61,583.40,617.89,0.0000,1
15646,8817,8814,752.50,563.71,637.69,0.2000,1
15647,8818,8815,732.69,543.96,598.24,0.1200,1
15648,8818,8817,752.41,543.91,618.00,1.0000,0
15649,8818,8814,732.65,544.07,637.73,0.1200,1
15650,8819,8814,732.85,583.56,637.62,0.1200,1
15651,8819,8815,732.89,583.45,598.13,0.1200,1
15652,8820,8829,81.55,626.19,577.74,0.9200,0
15653,8821,8829,121.03,625.99,577.77,1.0000,0
15654,8822,8829,121.24,665.48,577.66,1.0000,0
15655,8823,8829,81.75,665.68,577.63,1.0000,0
15656,8820,8830,61.79,626.35,597.46,1.0000,0
15657,8823,8830,61.99,665.84,597.35,1.0000,0
15658,8824,8830,61.95,665.95,636.84,1.0000,0
15659,8825,8830,61.75,626.46,636.95,0.9200,0
15660,8820,8832,81.43,606.50,597.53,0.4400,0
15661,8821,8832,120.92,606.30,597.57,1.0000,0
15662,8825,8832,81.40,606.61,637.02,0.8400,0
15663,8826,8832,120.89,606.41,637.06,1.0000,0
15664,8830,8828,81.60,646.10,636.91,1.0000,0
15665,8830,8829,81.63,645.99,597.42,1.0000,0
15666,8830,8833,81.71,665.79,617.11,1.0000,0
15667,8830,8832,81.51,626.30,617.22,1.0000,0
15668,8831,8829,121.12,645.79,597.46,1.0000,0
15669,8831,8833,121.20,665.59,617.15,1.0000,0
15670,8831,8828,121.09,645.90,636.95,1.0000,0
15671,8832,8829,101.27,626.15,597.50,1.0000,0
15672,8832,8831,121.00,626.10,617.26,1.0000,0
15673,8832,8828,101.24,626.26,636.98,1.0000,0
15674,8833,8828,101.44,665.74,636.88,1.0000,0
15675,8833,8829,101.48,665.63,597.39,1.0000,0
15676,8834,8843,160.52,625.79,577.80,1.0000,0
15677,8835,8843,200.01,625.59,577.83,1.0000,0
15678,8836,8843,200.21,665.08,577.72,1.0000,0
15679,8837,8843,160.72,665.28,577.69,1.0000,0
15680,8834,8844,140.76,625.95,597.53,1.0000,0
15681,8837,8844,140.96,665.43,597.42,1.0000,0
15682,8838,8844,140.93,665.54,636.91,1.0000,0
15683,8839,8844,140.73,626.06,637.02,1.0000,0
15684,8834,8846,160.41,606.10,597.60,1.0000,0
15685,8835,8846,199.89,605.90,597.63,0.7200,0
15686,8839,8846,160.37,606.21,637.09,1.0000,0
15687,8840,8846,199.86,606.01,637.12,1.0000,0
15688,8844,8842,160.58,645.70,636.98,1.0000,0
15689,8844,8843,160.61,645.59,597.49,0.5600,0
15690,8844,8847,160.69,665.39,617.18,1.0000,0
15691,8844,8846,160.49,625.90,617.29,1.0000,0
15692,8845,8843,200.10,645.39,597.52,1.0000,0
15693,8845,8847,200.18,665.19,617.21,1.0000,0
15694,8845,8842,200.06,645.50,637.01,1.0000,0
15695,8846,8843,180.25,625.75,597.56,1.0000,0
15696,8846,8845,199.98,625.70,617.32,1.0000,0
15697,8846,8842,180.22,625.85,637.05,1.0000,0
15698,8847,8842,180.42,665.34,636.94,1.0000,0
15699,8847,8843,180.45,665.23,597.45,1.0000,0
15700,8848,8857,239.50,625.39,577.87,1.0000,0
15701,8849,8857,278.99,625.19,577.90,1.0000,0
15702,8850,8857,279.19,664.68,577.79,1.0000,0
15703,8851,8857,239.70,664.88,577.76,1.0000,0
15704,8848,8858,219.74,625.54,597.59,1.0000,0
15705,8851,8858,219.94,665.03,597.48,1.0000,0
15706,8852,8858,219.91,665.14,636.97,1.0000,0
15707,8853,8858,219.71,625.65,637.08,1.0000,0
15708,8848,8860,239.38,605.70,597.66,0.9200,0
15709,8849,8860,278.87,605.50,597.70,1.0000,0
15710,8853,8860,239.35,605.81,637.15,1.0000,0
15711,8854,8860,278.84,605.61,637.19,1.0000,0
15712,8858,8856,239.55,645.30,637.04,0.0000,1
15713,8858,8857,239.58,645.19,597.56,1.0000,0
15714,8858,8861,239.67,664.99,617.25,1.0000,0
15715,8858,8860,239.47,625.50,617.35,1.0000,0
15716,8859,8857,279.07,644.99,597.59,1.0000,0
15717,8859,8861,279.16,664.79,617.28,1.0000,0
15718,8859,8856,279.04,645.10,637.08,1.0000,0
15719,8860,8857,259.23,625.34,597.63,1.0000,0
15720,8860,8859,278.96,625.30,617.39,1.0000,0
15721,8860,8856,259.20,625.45,637.12,1.0000,0
15722,8861,8856,259.40,664.94,637.01,1.0000,0
15723,8861,8857,259.43,664.83,597.52,1.0000,0
15724,8862,8871,318.48,624.99,577.93,1.0000,0
15725,8863,8871,357.96,624.79,577.96,1.0000,0
15726,8864,8871,358.17,664.27,577.85,1.0000,0
15727,8865,8871,318.68,664.48,577.82,1.0000,0
15728,8862,8872,298.72,625.14,597.66,1.0000,0
15729,8865,8872,298.92,664.63,597.55,1.0000,0
15730,8866,8872,298.88,664.74,637.04,1.0000,0
15731,8867,8872,298.68,625.25,637.15,1.0000,0
15732,8862,8874,318.36,605.30,597.73,1.0000,0
15733,8863,8874,357.85,605.10,597.76,1.0000,0
15734,8867,8874,318.33,605.41,637.22,1.0000,0
15735,8868,8874,357.82,605.21,637.25,1.0000,0
15736,8872,8870,318.53,644.90,637.11,1.0000,0
15737,8872,8871,318.56,644.79,597.62,1.0000,0
15738,8872,8875,318.64,664.59,617.31,1.0000,0
15739,8872,8874,318.44,625.10,617.42,1.0000,0
15740,8873,8871,358.05,644.59,597.65,1.0000,0
15741,8873,8875,358.13,664.38,617.34,1.0000,0
15742,8873,8870,358.02,644.69,637.14,1.0000,0
15743,8874,8871,338.20,624.94,597.69,1.0000,0
15744,8874,8873,357.93,624.90,617.45,1.0000,0
15745,8874,8870,338.17,625.05,637.18,1.0000,0
15746,8875,8870,338.37,664.54,637.07,1.0000,0
15747,8875,8871,338.40,664.43,597.58,1.0000,0
15748,8876,8885,397.45,624.59,578.00,1.0000,0
15749,8877,8885,436.94,624.39,578.03,1.0000,0
15750,8878,8885,437.14,663.87,577.92,1.0000,0
15751,8879,8885,397.65,664.07,577.89,1.0000,0
15752,8876,8886,377.69,624.74,597.72,1.0000,0
15753,8879,8886,377.89,664.23,597.62,1.0000,0
15754,8880,8886,377.86,664.34,637.10,1.0000,0
15755,8881,8886,377.66,624.85,637.21,1.0000,0
15756,8876,8888,397.34,604.90,597.80,1.0000,0
15757,8877,8888,436.82,604.70,597.83,1.0000,0
15758,8881,8888,397.30,605.01,637.28,1.0000,0
15759,8882,8888,436.79,604.81,637.32,0.6800,0
15760,8886,8884,397.50,644.49,637.18,1.0000,0
15761,8886,8885,397.54,644.38,597.69,1.0000,0
15762,8886,8889,397.62,664.18,617.38,1.0000,0
15763,8886,8888,397.42,624.70,617.49,1.0000,0
15764,8887,8885,437.03,644.18,597.72,1.0000,0
15765,8887,8889,437.11,663.98,617.41,1.0000,0
15766,8887,8884,436.99,644.29,637.21,1.0000,0
15767,8888,8885,417.18,624.54,597.76,1.0000,0
15768,8888,8887,436.91,624.49,617.52,1.0000,0
15769,8888,8884,417.15,624.65,637.25,1.0000,0
15770,8889,8884,417.35,664.14,637.14,1.0000,0
15771,8889,8885,417.38,664.03,597.65,1.0000,0
15772,8890,8899,476.43,624.18,578.06,1.0000,0
15773,8891,8899,515.92,623.98,578.10,0.9600,0
15774,8892,8899,516.12,663.47,577.99,1.0000,0
15775,8893,8899,476.63,663.67,577.95,1.0000,0
15776,8890,8900,456.67,624.34,597.79,1.0000,0
15777,8893,8900,456.87,663.83,597.68,1.0000,0
15778,8894,8900,456.84,663.94,637.17,1.0000,0
15779,8895,8900,456.64,624.45,637.28,1.0000,0
15780,8890,8902,476.31,604.50,597.86,1.0000,0
15781,8891,8902,515.80,604.29,597.89,1.0000,0
15782,8895,8902,476.28,604.60,637.35,1.0000,0
15783,8896,8902,515.77,604.40,637.38,1.0000,0
15784,8900,8898,476.48,644.09,637.24,1.0000,0
15785,8900,8899,476.51,643.98,597.75,1.0000,0
15786,8900,8903,476.60,663.78,617.44,1.0000,0
15787,8900,8902,476.40,624.29,617.55,1.0000,0
15788,8901,8899,516.00,643.78,597.78,1.0000,0
15789,8901,8903,516.09,663.58,617.47,0.8000,0
15790,8901,8898,515.97,643.89,637.27,1.0000,0
15791,8902,8899,496.16,624.14,597.82,1.0000,0
15792,8902,8901,515.89,624.09,617.58,1.0000,0
15793,8902,8898,496.13,624.25,637.31,1.0000,0
15794,8903,8898,496.33,663.74,637.20,1.0000,0
15795,8903,8899,496.36,663.63,597.71,1.0000,0
15796,8904,8913,555.41,623.78,578.13,1.0000,0
15797,8905,8913,594.89,623.58,578.16,0.2000,1
15798,8906,8913,595.09,663.07,578.05,1.0000,0
15799,8907,8913,555.61,663.27,578.02,0.6800,0
15800,8904,8914,535.65,623.94,597.86,0.7600,0
15801,8907,8914,535.85,663.43,597.75,1.0000,0
15802,8908,8914,535.81,663.54,637.24,0.8400,0
15803,8909,8914,535.61,624.05,637.34,1.0000,0
15804,8904,8916,555.29,604.09,597.93,0.9200,0
15805,8905,8916,594.78,603.89,597.96,1.0000,0
15806,8909,8916,555.26,604.20,637.42,1.0000,0
15807,8910,8916,594.75,604.00,637.45,0.9600,0
15808,8914,8912,555.46,643.69,637.31,1.0000,0
15809,8914,8913,555.49,643.58,597.82,1.0000,0
15810,8914,8917,555.57,663.38,617.51,1.0000,0
15811,8914,8916,555.37,623.89,617.62,0.7600,0
15812,8915,8913,594.98,643.38,597.85,0.9600,0
15813,8915,8917,595.06,663.18,617.54,0.7600,0
15814,8915,8912,594.95,643.49,637.34,1.0000,0
15815,8916,8913,575.13,623.74,597.89,1.0000,0
15816,8916,8915,594.86,623.69,617.65,1.0000,0
15817,8916,8912,575.10,623.85,637.38,0.8000,0
15818,8917,8912,575.30,663.33,637.27,1.0000,0
15819,8917,8913,575.33,663.23,597.78,0.8000,0
15820,8918,8927,634.38,623.38,578.19,1.0000,0
15821,8919,8927,673.87,623.18,578.23,0.0400,1
15822,8920,8927,674.07,662.67,578.12,1.0000,0
15823,8921,8927,634.58,662.87,578.08,0.0400,1
15824,8918,8928,614.62,623.54,597.92,0.0800,1
15825,8921,8928,614.82,663.02,597.81,0.9600,0
15826,8922,8928,614.79,663.13,637.30,0.1200,1
15827,8923,8928,614.59,623.65,637.41,0.7600,0
15828,8918,8930,634.27,603.69,597.99,0.2000,1
15829,8919,8930,673.75,603.49,598.02,0.6400,0
15830,8923,8930,634.23,603.80,637.48,0.6000,0
15831,8924,8930,673.72,603.60,637.51,0.0800,1
15832,8928,8926,634.43,643.29,637.37,0.9200,0
15833,8928,8927,634.47,643.18,597.88,1.0000,0
15834,8928,8931,634.55,662.98,617.57,1.0000,0
15835,8928,8930,634.35,623.49,617.68,0.2400,1
15836,8929,8927,673.95,642.98,597.92,0.0800,1
15837,8929,8931,674.04,662.78,617.61,0.2000,1
15838,8929,8926,673.92,643.09,637.40,1.0000,0
15839,8930,8927,654.11,623.34,597.95,0.8800,0
15840,8930,8929,673.84,623.29,617.71,1.0000,0
15841,8930,8926,654.08,623.44,637.44,0.0800,1
15842,8931,8926,654.28,662.93,637.33,0.9200,0
15843,8931,8927,654.31,662.82,597.84,0.0400,1
15844,8932,8941,713.36,622.98,578.26,1.0000,0
15845,8933,8941,752.85,622.78,578.29,0.0000,1
15846,8934,8941,753.05,662.27,578.18,1.0000,0
15847,8935,8941,713.56,662.47,578.15,0.0400,1
15848,8932,8942,693.60,623.13,597.99,0.0800,1
15849,8935,8942,693.80,662.62,597.88,0.1200,1
15850,8936,8942,693.77,662.73,637.37,0.0400,1
15851,8937,8942,693.57,623.24,637.48,0.1200,1
15852,8933,8943,772.58,622.73,598.05,0.0000,1
15853,8934,8943,772.78,662.22,597.94,0.0000,1
15854,8938,8943,772.54,622.84,637.54,0.0000,1
15855,8939,8943,772.74,662.33,637.43,0.0000,1
15856,8932,8944,713.24,603.29,598.06,0.0800,1
15857,8933,8944,752.73,603.09,598.09,0.1600,1
15858,8937,8944,713.21,603.40,637.55,1.0000,0
15859,8938,8944,752.70,603.20,637.58,0.0800,1
15860,8942,8940,713.41,642.89,637.44,0.0800,1
15861,8942,8941,713.44,642.78,597.95,1.0000,0
15862,8942,8945,713.53,662.58,617.64,1.0000,0
15863,8942,8944,713.33,623.09,617.75,0.0800,1
15864,8943,8941,752.93,642.58,597.98,0.0800,1
15865,8943,8945,753.02,662.38,617.67,0.0000,1
15866,8943,8940,752.90,642.69,637.47,0.5200,0
15867,8944,8941,733.09,622.93,598.02,0.1200,1
15868,8944,8943,752.81,622.89,617.78,1.0000,0
15869,8944,8940,733.05,623.04,637.51,0.0800,1
15870,8945,8940,733.26,662.53,637.40,0.1200,1
15871,8945,8941,733.29,662.42,597.91,0.0800,1
15872,8946,8955,81.95,705.17,577.52,1.0000,0
15873,8947,8955,121.44,704.97,577.55,1.0000,0
15874,8948,8955,121.64,744.46,577.44,0.9600,0
15875,8949,8955,82.15,744.66,577.41,0.9200,0
15876,8946,8956,62.19,705.32,597.24,0.9600,0
15877,8949,8956,62.39,744.81,597.14,0.9200,0
15878,8950,8956,62.36,744.92,636.62,0.9200,0
15879,8951,8956,62.16,705.43,636.73,0.9600,0
15880,8946,8958,81.83,685.48,597.32,1.0000,0
15881,8947,8958,121.32,685.28,597.35,1.0000,0
15882,8951,8958,81.80,685.59,636.80,1.0000,0
15883,8952,8958,121.29,685.39,636.84,1.0000,0
15884,8948,8959,121.72,764.25,597.13,0.0000,1
15885,8949,8959,82.23,764.46,597.10,0.0000,1
15886,8950,8959,82.20,764.56,636.59,0.0000,1
15887,8953,8959,121.69,764.36,636.62,0.0000,1
15888,8956,8954,82.00,725.08,636.69,1.0000,0
15889,8956,8955,82.03,724.97,597.21,1.0000,0
15890,8956,8959,82.12,744.77,616.90,0.9600,0
15891,8956,8958,81.92,705.28,617.01,1.0000,0
15892,8957,8955,121.52,724.77,597.24,1.0000,0
15893,8957,8959,121.61,744.57,616.93,0.9200,0
15894,8957,8954,121.49,724.88,636.73,0.8000,0
15895,8958,8955,101.68,705.12,597.28,1.0000,0
15896,8958,8957,121.40,705.08,617.04,1.0000,0
15897,8958,8954,101.64,705.23,636.77,1.0000,0
15898,8959,8954,101.84,744.72,636.66,0.9600,0
15899,8959,8955,101.88,744.61,597.17,0.9600,0
15900,8960,8969,160.92,704.77,577.58,1.0000,0
15901,8961,8969,200.41,704.57,577.61,1.0000,0
15902,8962,8969,200.61,744.05,577.51,0.9200,0
15903,8963,8969,161.13,744.26,577.47,0.9600,0
15904,8960,8970,141.16,704.92,597.31,1.0000,0
15905,8963,8970,141.37,744.41,597.20,0.9600,0
15906,8964,8970,141.33,744.52,636.69,0.9600,0
15907,8965,8970,141.13,705.03,636.80,1.0000,0
15908,8960,8972,160.81,685.08,597.38,1.0000,0
15909,8961,8972,200.30,684.88,597.41,0.9600,0
15910,8965,8972,160.78,685.19,636.87,1.0000,0
15911,8966,8972,200.26,684.99,636.90,1.0000,0
15912,8962,8973,200.70,763.85,597.20,0.0000,1
15913,8963,8973,161.21,764.05,597.16,0.0000,1
15914,8964,8973,161.18,764.16,636.65,0.0000,1
15915,8967,8973,200.67,763.96,636.68,0.0000,1
15916,8970,8968,160.98,724.68,636.76,1.0000,0
15917,8970,8969,161.01,724.57,597.27,1.0000,0
15918,8970,8973,161.09,744.36,616.96,0.9600,0
15919,8970,8972,160.89,704.88,617.07,1.0000,0
15920,8971,8969,200.50,724.37,597.30,1.0000,0
15921,8971,8973,200.58,744.16,616.99,0.9600,0
15922,8971,8968,200.47,724.47,636.79,1.0000,0
15923,8972,8969,180.65,704.72,597.34,1.0000,0
15924,8972,8971,200.38,704.68,617.10,1.0000,0
15925,8972,8968,180.62,704.83,636.83,1.0000,0
15926,8973,8968,180.82,744.32,636.72,0.9600,0
15927,8973,8969,180.85,744.21,597.23,0.9600,0
15928,8974,8983,239.90,704.37,577.65,1.0000,0
15929,8975,8983,279.39,704.16,577.68,1.0000,0
15930,8976,8983,279.59,743.65,577.57,0.9600,0
15931,8977,8983,240.10,743.85,577.54,0.9200,0
15932,8974,8984,220.14,704.52,597.38,1.0000,0
15933,8977,8984,220.34,744.01,597.27,0.9600,0
15934,8978,8984,220.31,744.12,636.75,0.9600,0
15935,8979,8984,220.11,704.63,636.86,1.0000,0
15936,8974,8986,239.78,684.68,597.45,1.0000,0
15937,8975,8986,279.27,684.48,597.48,1.0000,0
15938,8979,8986,239.75,684.79,636.94,1.0000,0
15939,8980,8986,279.24,684.58,636.97,0.0000,1
15940,8976,8987,279.67,763.45,597.26,0.0000,1
15941,8977,8987,240.19,763.65,597.23,0.0000,1
15942,8978,8987,240.15,763.76,636.72,0.0000,1
15943,8981,8987,279.64,763.56,636.75,0.0000,1
15944,8984,8982,239.95,724.27,636.83,1.0000,0
15945,8984,8983,239.99,724.16,597.34,0.9200,0
15946,8984,8987,240.07,743.96,617.03,0.9600,0
15947,8984,8986,239.87,704.47,617.14,1.0000,0
15948,8985,8983,279.47,723.96,597.37,1.0000,0
15949,8985,8987,279.56,743.76,617.06,0.9600,0
15950,8985,8982,279.44,724.07,636.86,1.0000,0
15951,8986,8983,259.63,704.32,597.41,1.0000,0
15952,8986,8985,279.36,704.27,617.17,1.0000,0
15953,8986,8982,259.60,704.43,636.90,1.0000,0
15954,8987,8982,259.80,743.92,636.79,0.9600,0
15955,8987,8983,259.83,743.81,597.30,0.9600,0
15956,8988,8997,318.88,703.96,577.71,1.0000,0
15957,8989,8997,358.37,703.76,577.75,1.0000,0
15958,8990,8997,358.57,743.25,577.64,0.9200,0
15959,8991,8997,319.08,743.45,577.60,0.9600,0
15960,8988,8998,299.12,704.12,597.44,1.0000,0
15961,8991,8998,299.32,743.61,597.33,0.9600,0
15962,8992,8998,299.29,743.72,636.82,0.9600,0
15963,8993,8998,299.09,704.23,636.93,1.0000,0
15964,8988,9000,318.76,684.27,597.51,1.0000,0
15965,8989,9000,358.25,684.07,597.54,1.0000,0
15966,8993,9000,318.73,684.38,637.00,1.0000,0
15967,8994,9000,358.22,684.18,637.03,1.0000,0
15968,8990,9001,358.65,763.05,597.33,0.0000,1
15969,8991,9001,319.16,763.25,597.29,0.0000,1
15970,8992,9001,319.13,763.36,636.78,0.0000,1
15971,8995,9001,358.62,763.16,636.81,0.0000,1
15972,8998,8996,318.93,723.87,636.89,1.0000,0
15973,8998,8997,318.96,723.76,597.40,1.0000,0
15974,8998,9001,319.05,743.56,617.09,0.9600,0
15975,8998,9000,318.85,704.07,617.20,1.0000,0
15976,8999,8997,358.45,723.56,597.44,1.0000,0
15977,8999,9001,358.53,743.36,617.13,0.9200,0
15978,8999,8996,358.42,723.67,636.92,1.0000,0
15979,9000,8997,338.61,703.92,597.47,1.0000,0
15980,9000,8999,358.33,703.87,617.23,1.0000,0
15981,9000,8996,338.57,704.03,636.96,1.0000,0
15982,9001,8996,338.77,743.52,636.85,0.9600,0
15983,9001,8997,338.81,743.41,597.36,0.9600,0
15984,9002,9011,397.85,703.56,577.78,1.0000,0
15985,9003,9011,437.34,703.36,577.81,1.0000,0
15986,9004,9011,437.54,742.85,577.70,0.9200,0
15987,9005,9011,398.06,743.05,577.67,0.9600,0
15988,9002,9012,378.09,703.72,597.51,1.0000,0
15989,9005,9012,378.29,743.21,597.40,0.9200,0
15990,9006,9012,378.26,743.31,636.89,0.9600,0
15991,9007,9012,378.06,703.83,636.99,1.0000,0
15992,9002,9014,397.74,683.87,597.58,0.4400,0
15993,9003,9014,437.23,683.67,597.61,1.0000,0
15994,9007,9014,397.71,683.98,637.07,1.0000,0
15995,9008,9014,437.19,683.78,637.10,1.0000,0
15996,9004,9015,437.63,762.65,597.39,0.0000,1
15997,9005,9015,398.14,762.85,597.36,0.0000,1
15998,9006,9015,398.11,762.96,636.85,0.0000,1
15999,9009,9015,437.60,762.76,636.88,0.0000,1
16000,9012,9010,397.91,723.47,636.96,1.0000,0
16001,9012,9011,397.94,723.36,597.47,1.0000,0
16002,9012,9015,398.02,743.16,617.16,0.9200,0
16003,9012,9014,397.82,703.67,617.27,1.0000,0
16004,9013,9011,437.43,723.16,597.50,1.0000,0
16005,9013,9015,437.51,742.96,617.19,0.9200,0
16006,9013,9010,437.39,723.27,636.99,1.0000,0
16007,9014,9011,417.58,703.52,597.54,1.0000,0
16008,9014,9013,437.31,703.47,617.30,1.0000,0
16009,9014,9010,417.55,703.63,637.03,1.0000,0
16010,9015,9010,417.75,743.11,636.92,0.8800,0
16011,9015,9011,417.78,743.00,597.43,0.9200,0
16012,9016,9025,476.83,703.16,577.84,1.0000,0
16013,9017,9025,516.32,702.96,577.88,0.8800,0
16014,9018,9025,516.52,742.45,577.77,0.9200,0
16015,9019,9025,477.03,742.65,577.73,0.7600,0
16016,9016,9026,457.07,703.32,597.57,1.0000,0
16017,9019,9026,457.27,742.80,597.46,0.9600,0
16018,9020,9026,457.24,742.91,636.95,0.9200,0
16019,9021,9026,457.04,703.43,637.06,1.0000,0
16020,9016,9028,476.71,683.47,597.64,1.0000,0
16021,9017,9028,516.20,683.27,597.68,0.8000,0
16022,9021,9028,476.68,683.58,637.13,1.0000,0
16023,9022,9028,516.17,683.38,637.16,1.0000,0
16024,9018,9029,516.60,762.25,597.46,0.0000,1
16025,9019,9029,477.12,762.45,597.42,0.0000,1
16026,9020,9029,477.08,762.56,636.91,0.0000,1
16027,9023,9029,516.57,762.36,636.95,0.0000,1
16028,9026,9024,476.88,723.07,637.02,1.0000,0
16029,9026,9025,476.92,722.96,597.53,1.0000,0
16030,9026,9029,477.00,742.76,617.22,0.9200,0
16031,9026,9028,476.80,703.27,617.33,0.9600,0
16032,9027,9025,516.40,722.76,597.57,1.0000,0
16033,9027,9029,516.49,742.56,617.26,0.8800,0
16034,9027,9024,516.37,722.87,637.05,1.0000,0
16035,9028,9025,496.56,703.12,597.60,1.0000,0
16036,9028,9027,516.29,703.07,617.37,1.0000,0
16037,9028,9024,496.53,703.22,637.09,0.9600,0
16038,9029,9024,496.73,742.71,636.98,0.9200,0
16039,9029,9025,496.76,742.60,597.50,0.8400,0
16040,9030,9039,555.81,702.76,577.91,1.0000,0
16041,9031,9039,595.30,702.56,577.94,0.1200,1
16042,9032,9039,595.50,742.05,577.83,0.8800,0
16043,9033,9039,556.01,742.25,577.80,0.5600,0
16044,9030,9040,536.05,702.91,597.64,0.9600,0
16045,9033,9040,536.25,742.40,597.53,0.8800,0
16046,9034,9040,536.22,742.51,637.02,0.9200,0
16047,9035,9040,536.02,703.02,637.13,1.0000,0
16048,9030,9042,555.69,683.07,597.71,1.0000,0
16049,9031,9042,595.18,682.87,597.74,1.0000,0
16050,9035,9042,555.66,683.18,637.20,0.8400,0
16051,9036,9042,595.15,682.98,637.23,0.4400,0
16052,9032,9043,595.58,761.85,597.52,0.0000,1
16053,9033,9043,556.09,762.05,597.49,0.0000,1
16054,9034,9043,556.06,762.16,636.98,0.0000,1
16055,9037,9043,595.55,761.95,637.01,0.0000,1
16056,9040,9038,555.86,722.67,637.09,1.0000,0
16057,9040,9039,555.89,722.56,597.60,1.0000,0
16058,9040,9043,555.98,742.36,617.29,0.8800,0
16059,9040,9042,555.78,702.87,617.40,0.6000,0
16060,9041,9039,595.38,722.36,597.63,1.0000,0
16061,9041,9043,595.46,742.16,617.32,0.4800,0
16062,9041,9038,595.35,722.47,637.12,1.0000,0
16063,9042,9039,575.54,702.71,597.67,1.0000,0
16064,9042,9041,595.26,702.67,617.43,1.0000,0
16065,9042,9038,575.50,702.82,637.16,0.6400,0
16066,9043,9038,575.70,742.31,637.05,0.8800,0
16067,9043,9039,575.74,742.20,597.56,0.3600,0
16068,9044,9053,634.78,702.36,577.97,1.0000,0
16069,9045,9053,674.27,702.16,578.01,0.0800,1
16070,9046,9053,674.47,741.64,577.90,0.8000,0
16071,9047,9053,634.98,741.85,577.87,0.0800,1
16072,9044,9054,615.02,702.51,597.70,0.1200,1
16073,9047,9054,615.22,742.00,597.59,0.8800,0
16074,9048,9054,615.19,742.11,637.08,0.0800,1
16075,9049,9054,614.99,702.62,637.19,1.0000,0
16076,9044,9056,634.67,682.67,597.77,0.0800,1
16077,9045,9056,674.16,682.47,597.81,1.0000,0
16078,9049,9056,634.64,682.78,637.26,1.0000,0
16079,9050,9056,674.12,682.58,637.30,0.1600,1
16080,9046,9057,674.56,761.44,597.59,0.0000,1
16081,9047,9057,635.07,761.64,597.56,0.0000,1
16082,9048,9057,635.04,761.75,637.04,0.0000,1
16083,9051,9057,674.53,761.55,637.08,0.0000,1
16084,9054,9052,634.84,722.27,637.15,0.8400,0
16085,9054,9053,634.87,722.16,597.66,1.0000,0
16086,9054,9057,634.95,741.96,617.35,0.8800,0
16087,9054,9056,634.75,702.47,617.46,0.1200,1
16088,9055,9053,674.36,721.96,597.70,0.0400,1
16089,9055,9057,674.44,741.75,617.39,0.0400,1
16090,9055,9052,674.32,722.06,637.19,1.0000,0
16091,9056,9053,654.51,702.31,597.74,0.6800,0
16092,9056,9055,674.24,702.27,617.50,1.0000,0
16093,9056,9052,654.48,702.42,637.22,0.1200,1
16094,9057,9052,654.68,741.91,637.11,0.0800,1
16095,9057,9053,654.71,741.80,597.63,0.0000,1
16096,9058,9067,713.76,701.96,578.04,1.0000,0
16097,9059,9067,753.25,701.76,578.07,0.0000,1
16098,9060,9067,753.45,741.24,577.96,0.7200,0
16099,9061,9067,713.96,741.44,577.93,0.0400,1
16100,9058,9068,694.00,702.11,597.77,0.0800,1
16101,9061,9068,694.20,741.60,597.66,0.1600,1
16102,9062,9068,694.17,741.71,637.15,0.0000,1
16103,9063,9068,693.97,702.22,637.26,0.0800,1
16104,9059,9069,772.98,701.71,597.83,0.0000,1
16105,9060,9069,773.18,741.20,597.72,0.0000,1
16106,9064,9069,772.94,701.82,637.32,0.0000,1
16107,9065,9069,773.15,741.31,637.21,0.0000,1
16108,9058,9070,713.64,682.27,597.84,0.1200,1
16109,9059,9070,753.13,682.07,597.87,0.8800,0
16110,9063,9070,713.61,682.38,637.33,1.0000,0
16111,9064,9070,753.10,682.18,637.36,0.1600,1
16112,9060,9071,753.53,761.04,597.65,0.0000,1
16113,9061,9071,714.05,761.24,597.62,0.0000,1
16114,9062,9071,714.01,761.35,637.11,0.0000,1
16115,9065,9071,753.50,761.15,637.14,0.0000,1
16116,9068,9066,713.81,721.86,637.22,0.2000,1
16117,9068,9067,713.84,721.75,597.73,0.8400,0
16118,9068,9071,713.93,741.55,617.42,0.8000,0
16119,9068,9070,713.73,702.07,617.53,0.0400,1
16120,9069,9067,753.33,721.55,597.76,0.0400,1
16121,9069,9071,753.42,741.35,617.45,0.0400,1
16122,9069,9066,753.30,721.66,637.25,0.9600,0
16123,9070,9067,733.49,701.91,597.80,0.1200,1
16124,9070,9069,753.22,701.86,617.56,1.0000,0
16125,9070,9066,733.46,702.02,637.29,0.0800,1
16126,9071,9066,733.66,741.51,637.18,0.0000,1
16127,9071,9067,733.69,741.40,597.69,0.0000,1
16128,9072,9081,78.67,73.58,658.24,1.0000,0
16129,9073,9081,118.16,73.38,658.27,1.0000,0
16130,9074,9081,118.36,112.86,658.17,1.0000,0
16131,9075,9081,78.87,113.07,658.13,1.0000,0
16132,9076,9080,78.81,113.28,737.11,1.0000,0
16133,9077,9080,78.61,73.80,737.22,1.0000,0
16134,9078,9080,118.09,73.60,737.25,1.0000,0
16135,9079,9080,118.29,113.08,737.14,1.0000,0
16136,9072,9082,58.91,73.73,677.97,1.0000,0
16137,9075,9082,59.11,113.22,677.86,1.0000,0
16138,9076,9082,59.08,113.33,717.35,1.0000,0
16139,9077,9082,58.88,73.84,717.46,1.0000,0
16140,9072,9084,78.55,53.89,678.04,1.0000,0
16141,9073,9084,118.04,53.69,678.07,1.0000,0
16142,9077,9084,78.52,54.00,717.53,1.0000,0
16143,9078,9084,118.01,53.80,717.56,1.0000,0
16144,9082,9080,78.72,93.49,717.42,1.0000,0
16145,9082,9081,78.75,93.38,677.93,1.0000,0
16146,9082,9085,78.84,113.17,697.62,0.5600,0
16147,9082,9084,78.64,73.69,697.73,1.0000,0
16148,9083,9081,118.24,93.18,677.96,1.0000,0
16149,9083,9085,118.33,112.97,697.65,1.0000,0
16150,9083,9080,118.21,93.28,717.45,1.0000,0
16151,9084,9081,98.40,73.53,678.00,1.0000,0
16152,9084,9083,118.13,73.49,697.76,0.9200,0
16153,9084,9080,98.37,73.64,717.49,1.0000,0
16154,9085,9080,98.57,113.13,717.38,1.0000,0
16155,9085,9081,98.60,113.02,677.89,1.0000,0
16156,9086,9095,157.65,73.18,658.31,1.0000,0
16157,9087,9095,197.13,72.97,658.34,1.0000,0
16158,9088,9095,197.34,112.46,658.23,1.0000,0
16159,9089,9095,157.85,112.66,658.20,1.0000,0
16160,9090,9094,157.78,112.88,737.18,1.0000,0
16161,9091,9094,157.58,73.39,737.28,1.0000,0
16162,9092,9094,197.07,73.19,737.32,1.0000,0
16163,9093,9094,197.27,112.68,737.21,1.0000,0
16164,9086,9096,137.89,73.33,678.04,1.0000,0
16165,9089,9096,138.09,112.82,677.93,1.0000,0
16166,9090,9096,138.05,112.93,717.41,1.0000,0
16167,9091,9096,137.85,73.44,717.52,1.0000,0
16168,9086,9098,157.53,53.49,678.11,1.0000,0
16169,9087,9098,197.02,53.29,678.14,1.0000,0
16170,9091,9098,157.50,53.60,717.59,1.0000,0
16171,9092,9098,196.99,53.39,717.63,1.0000,0
16172,9096,9094,157.70,93.08,717.49,1.0000,0
16173,9096,9095,157.73,92.97,678.00,1.0000,0
16174,9096,9099,157.81,112.77,697.69,1.0000,0
16175,9096,9098,157.61,73.28,697.80,1.0000,0
16176,9097,9095,197.22,92.77,678.03,1.0000,0
16177,9097,9099,197.30,112.57,697.72,1.0000,0
16178,9097,9094,197.19,92.88,717.52,1.0000,0
16179,9098,9095,177.37,73.13,678.07,1.0000,0
16180,9098,9097,197.10,73.08,697.83,1.0000,0
16181,9098,9094,177.34,73.24,717.56,1.0000,0
16182,9099,9094,177.54,112.73,717.45,1.0000,0
16183,9099,9095,177.58,112.62,677.96,1.0000,0
16184,9100,9109,236.62,72.77,658.37,1.0000,0
16185,9101,9109,276.11,72.57,658.41,1.0000,0
16186,9102,9109,276.31,112.06,658.30,1.0000,0
16187,9103,9109,236.82,112.26,658.26,1.0000,0
16188,9104,9108,236.76,112.48,737.24,1.0000,0
16189,9105,9108,236.56,72.99,737.35,1.0000,0
16190,9106,9108,276.05,72.79,737.38,1.0000,0
16191,9107,9108,276.25,112.28,737.27,1.0000,0
16192,9100,9110,216.86,72.93,678.10,1.0000,0
16193,9103,9110,217.06,112.42,677.99,1.0000,0
16194,9104,9110,217.03,112.53,717.48,1.0000,0
16195,9105,9110,216.83,73.04,717.59,1.0000,0
16196,9100,9112,236.51,53.08,678.17,1.0000,0
16197,9101,9112,275.99,52.88,678.20,1.0000,0
16198,9105,9112,236.47,53.19,717.66,1.0000,0
16199,9106,9112,275.96,52.99,717.69,1.0000,0
16200,9110,9108,236.67,92.68,717.55,1.0000,0
16201,9110,9109,236.71,92.57,678.06,0.8000,0
16202,9110,9113,236.79,112.37,697.75,1.0000,0
16203,9110,9112,236.59,72.88,697.86,1.0000,0
16204,9111,9109,276.20,92.37,678.10,1.0000,0
16205,9111,9113,276.28,112.17,697.78,1.0000,0
16206,9111,9108,276.16,92.48,717.58,1.0000,0
16207,9112,9109,256.35,72.73,678.13,1.0000,0
16208,9112,9111,276.08,72.68,697.89,1.0000,0
16209,9112,9108,256.32,72.84,717.62,1.0000,0
16210,9113,9108,256.52,112.33,717.51,1.0000,0
16211,9113,9109,256.55,112.22,678.02,1.0000,0
16212,9114,9123,315.60,72.37,658.44,1.0000,0
16213,9115,9123,355.09,72.17,658.47,1.0000,0
16214,9116,9123,355.29,111.66,658.36,1.0000,0
16215,9117,9123,315.80,111.86,658.33,1.0000,0
16216,9118,9122,315.74,112.08,737.31,1.0000,0
16217,9119,9122,315.53,72.59,737.42,1.0000,0
16218,9120,9122,355.02,72.39,737.45,1.0000,0
16219,9121,9122,355.22,111.88,737.34,1.0000,0
16220,9114,9124,295.84,72.53,678.17,1.0000,0
16221,9117,9124,296.04,112.02,678.06,1.0000,0
16222,9118,9124,296.01,112.13,717.55,1.0000,0
16223,9119,9124,295.81,72.64,717.65,1.0000,0
16224,9114,9126,315.48,52.68,678.24,1.0000,0
16225,9115,9126,354.97,52.48,678.27,1.0000,0
16226,9119,9126,315.45,52.79,717.73,1.0000,0
16227,9120,9126,354.94,52.59,717.76,1.0000,0
16228,9124,9122,315.65,92.28,717.62,1.0000,0
16229,9124,9123,315.68,92.17,678.13,1.0000,0
16230,9124,9127,315.77,111.97,697.82,1.0000,0
16231,9124,9126,315.57,72.48,697.93,1.0000,0
16232,9125,9123,355.17,91.97,678.16,1.0000,0
16233,9125,9127,355.26,111.77,697.85,1.0000,0
16234,9125,9122,355.14,92.08,717.65,1.0000,0
16235,9126,9123,335.33,72.33,678.20,1.0000,0
16236,9126,9125,355.06,72.28,697.96,1.0000,0
16237,9126,9122,335.30,72.44,717.69,1.0000,0
16238,9127,9122,335.50,111.92,717.58,1.0000,0
16239,9127,9123,335.53,111.81,678.09,1.0000,0
16240,9128,9137,394.58,71.97,658.50,1.0000,0
16241,9129,9137,434.06,71.77,658.54,1.0000,0
16242,9130,9137,434.26,111.26,658.43,1.0000,0
16243,9131,9137,394.78,111.46,658.39,1.0000,0
16244,9132,9136,394.71,111.68,737.37,1.0000,0
16245,9133,9136,394.51,72.19,737.48,1.0000,0
16246,9134,9136,434.00,71.99,737.51,1.0000,0
16247,9135,9136,434.20,111.48,737.40,1.0000,0
16248,9128,9138,374.82,72.13,678.23,1.0000,0
16249,9131,9138,375.02,111.61,678.12,1.0000,0
16250,9132,9138,374.98,111.72,717.61,1.0000,0
16251,9133,9138,374.78,72.24,717.72,1.0000,0
16252,9128,9140,394.46,52.28,678.30,1.0000,0
16253,9129,9140,433.95,52.08,678.34,1.0000,0
16254,9133,9140,394.43,52.39,717.79,1.0000,0
16255,9134,9140,433.92,52.19,717.82,1.0000,0
16256,9138,9136,394.63,91.88,717.68,1.0000,0
16257,9138,9137,394.66,91.77,678.19,1.0000,0
16258,9138,9141,394.74,111.57,697.88,1.0000,0
16259,9138,9140,394.54,72.08,697.99,1.0000,0
16260,9139,9137,434.15,91.57,678.23,1.0000,0
16261,9139,9141,434.23,111.37,697.92,1.0000,0
16262,9139,9136,434.12,91.68,717.71,1.0000,0
16263,9140,9137,414.30,71.93,678.26,1.0000,0
16264,9140,9139,434.03,71.88,698.02,1.0000,0
16265,9140,9136,414.27,72.03,717.75,1.0000,0
16266,9141,9136,414.47,111.52,717.64,1.0000,0
16267,9141,9137,414.50,111.41,678.16,1.0000,0
16268,9142,9151,473.55,71.57,658.57,1.0000,0
16269,9143,9151,513.04,71.37,658.60,1.0000,0
16270,9144,9151,513.24,110.86,658.49,1.0000,0
16271,9145,9151,473.75,111.06,658.46,1.0000,0
16272,9146,9150,473.69,111.28,737.44,1.0000,0
16273,9147,9150,473.49,71.79,737.55,1.0000,0
16274,9148,9150,512.98,71.59,737.58,1.0000,0
16275,9149,9150,513.18,111.08,737.47,1.0000,0
16276,9142,9152,453.79,71.72,678.30,1.0000,0
16277,9145,9152,453.99,111.21,678.19,1.0000,0
16278,9146,9152,453.96,111.32,717.68,1.0000,0
16279,9147,9152,453.76,71.83,717.79,1.0000,0
16280,9142,9154,473.44,51.88,678.37,1.0000,0
16281,9143,9154,512.92,51.68,678.40,1.0000,0
16282,9147,9154,473.40,51.99,717.86,1.0000,0
16283,9148,9154,512.89,51.79,717.89,1.0000,0
16284,9152,9150,473.60,91.48,717.75,1.0000,0
16285,9152,9151,473.64,91.37,678.26,1.0000,0
16286,9152,9155,473.72,111.17,697.95,1.0000,0
16287,9152,9154,473.52,71.68,698.06,1.0000,0
16288,9153,9151,513.13,91.17,678.29,1.0000,0
16289,9153,9155,513.21,110.97,697.98,1.0000,0
16290,9153,9150,513.09,91.28,717.78,1.0000,0
16291,9154,9151,493.28,71.52,678.33,1.0000,0
16292,9154,9153,513.01,71.48,698.09,1.0000,0
16293,9154,9150,493.25,71.63,717.82,1.0000,0
16294,9155,9150,493.45,111.12,717.71,1.0000,0
16295,9155,9151,493.48,111.01,678.22,0.9600,0
16296,9156,9165,552.53,71.17,658.63,1.0000,0
16297,9157,9165,592.02,70.97,658.67,1.0000,0
16298,9158,9165,592.22,110.45,658.56,1.0000,0
16299,9159,9165,552.73,110.66,658.53,1.0000,0
16300,9160,9164,552.67,110.87,737.50,1.0000,0
16301,9161,9164,552.46,71.39,737.61,1.0000,0
16302,9162,9164,591.95,71.19,737.64,1.0000,0
16303,9163,9164,592.15,110.67,737.54,1.0000,0
16304,9156,9166,532.77,71.32,678.36,1.0000,0
16305,9159,9166,532.97,110.81,678.25,1.0000,0
16306,9160,9166,532.94,110.92,717.74,1.0000,0
16307,9161,9166,532.74,71.43,717.85,1.0000,0
16308,9156,9168,552.41,51.48,678.43,1.0000,0
16309,9157,9168,591.90,51.28,678.47,1.0000,0
16310,9161,9168,552.38,51.59,717.92,0.9600,0
16311,9162,9168,591.87,51.39,717.95,1.0000,0
16312,9166,9164,552.58,91.08,717.81,1.0000,0
16313,9166,9165,552.61,90.97,678.32,1.0000,0
16314,9166,9169,552.70,110.77,698.01,1.0000,0
16315,9166,9168,552.50,71.28,698.12,1.0000,0
16316,9167,9165,592.10,90.77,678.36,1.0000,0
16317,9167,9169,592.19,110.56,698.05,1.0000,0
16318,9167,9164,592.07,90.87,717.85,1.0000,0
16319,9168,9165,572.26,71.12,678.40,1.0000,0
16320,9168,9167,591.99,71.08,698.16,1.0000,0
16321,9168,9164,572.22,71.23,717.88,1.0000,0
16322,9169,9164,572.43,110.72,717.77,1.0000,0
16323,9169,9165,572.46,110.61,678.29,0.9200,0
16324,9170,9179,631.51,70.77,658.70,0.7200,0
16325,9171,9179,670.99,70.57,658.73,0.9200,0
16326,9172,9179,671.19,110.05,658.62,1.0000,0
16327,9173,9179,631.71,110.25,658.59,0.8800,0
16328,9174,9178,631.64,110.47,737.57,1.0000,0
16329,9175,9178,631.44,70.98,737.68,1.0000,0
16330,9176,9178,670.93,70.78,737.71,1.0000,0
16331,9177,9178,671.13,110.27,737.60,1.0000,0
16332,9170,9180,611.75,70.92,678.43,0.1200,1
16333,9173,9180,611.95,110.41,678.32,0.3600,0
16334,9174,9180,611.91,110.52,717.81,0.6800,0
16335,9175,9180,611.71,71.03,717.92,0.7600,0
16336,9170,9182,631.39,51.08,678.50,1.0000,0
16337,9171,9182,670.88,50.88,678.53,1.0000,0
16338,9175,9182,631.36,51.19,717.99,1.0000,0
16339,9176,9182,670.85,50.99,718.02,1.0000,0
16340,9180,9178,631.56,90.67,717.88,1.0000,0
16341,9180,9179,631.59,90.56,678.39,1.0000,0
16342,9180,9183,631.67,110.36,698.08,1.0000,0
16343,9180,9182,631.47,70.88,698.19,0.9200,0
16344,9181,9179,671.08,90.36,678.42,0.9200,0
16345,9181,9183,671.16,110.16,698.11,0.4400,0
16346,9181,9178,671.05,90.47,717.91,1.0000,0
16347,9182,9179,651.23,70.72,678.46,0.2400,1
16348,9182,9181,670.96,70.67,698.22,0.7200,0
16349,9182,9178,651.20,70.83,717.95,0.4000,0
16350,9183,9178,651.40,110.32,717.84,0.8800,0
16351,9183,9179,651.43,110.21,678.35,0.2800,1
16352,9184,9193,710.48,70.36,658.77,0.9200,0
16353,9185,9193,749.97,70.16,658.80,0.0800,1
16354,9186,9193,750.17,109.65,658.69,1.0000,0
16355,9187,9193,710.68,109.85,658.66,0.4400,0
16356,9188,9192,710.62,110.07,737.63,1.0000,0
16357,9189,9192,710.42,70.58,737.74,1.0000,0
16358,9190,9192,749.91,70.38,737.78,1.0000,0
16359,9191,9192,750.11,109.87,737.67,1.0000,0
16360,9184,9194,690.72,70.52,678.49,0.0400,1
16361,9187,9194,690.92,110.01,678.38,0.0800,1
16362,9188,9194,690.89,110.12,717.87,0.0800,1
16363,9189,9194,690.69,70.63,717.98,0.0800,1
16364,9185,9195,769.70,70.12,678.56,0.0000,1
16365,9186,9195,769.90,109.61,678.45,0.0000,1
16366,9190,9195,769.67,70.23,718.05,0.0000,1
16367,9191,9195,769.87,109.72,717.94,0.0000,1
16368,9184,9196,710.37,50.68,678.56,0.3200,0
16369,9185,9196,749.85,50.47,678.60,0.8800,0
16370,9189,9196,710.33,50.78,718.05,0.9600,0
16371,9190,9196,749.82,50.58,718.09,0.2400,1
16372,9194,9192,710.53,90.27,717.94,0.7600,0
16373,9194,9193,710.57,90.16,678.46,1.0000,0
16374,9194,9197,710.65,109.96,698.14,0.9200,0
16375,9194,9196,710.45,70.47,698.25,0.4400,0
16376,9195,9193,750.05,89.96,678.49,0.0800,1
16377,9195,9197,750.14,109.76,698.18,0.0000,1
16378,9195,9192,750.02,90.07,717.98,0.9600,0
16379,9196,9193,730.21,70.32,678.53,0.0800,1
16380,9196,9195,749.94,70.27,698.29,0.8400,0
16381,9196,9192,730.18,70.43,718.01,0.0800,1
16382,9197,9192,730.38,109.92,717.91,0.0800,1
16383,9197,9193,730.41,109.81,678.42,0.0800,1
16384,9198,9207,79.07,152.55,658.02,1.0000,0
16385,9199,9207,118.56,152.35,658.06,1.0000,0
16386,9200,9207,118.76,191.84,657.95,1.0000,0
16387,9201,9207,79.27,192.04,657.91,1.0000,0
16388,9202,9206,79.21,192.26,736.89,1.0000,0
16389,9203,9206,79.01,152.77,737.00,1.0000,0
16390,9204,9206,118.50,152.57,737.03,1.0000,0
16391,9205,9206,118.70,192.06,736.92,1.0000,0
16392,9198,9208,59.31,152.71,677.75,1.0000,0
16393,9201,9208,59.51,192.20,677.64,0.6000,0
16394,9202,9208,59.48,192.31,717.13,1.0000,0
16395,9203,9208,59.28,152.82,717.24,0.9600,0
16396,9198,9210,78.95,132.86,677.82,1.0000,0
16397,9199,9210,118.44,132.66,677.85,1.0000,0
16398,9203,9210,78.92,132.97,717.31,1.0000,0
16399,9204,9210,118.41,132.77,717.34,1.0000,0
16400,9208,9206,79.12,172.46,717.20,0.9600,0
16401,9208,9207,79.16,172.35,677.71,1.0000,0
16402,9208,9211,79.24,192.15,697.40,0.7600,0
16403,9208,9210,79.04,152.66,697.51,1.0000,0
16404,9209,9207,118.64,172.15,677.75,1.0000,0
16405,9209,9211,118.73,191.95,697.44,1.0000,0
16406,9209,9206,118.61,172.26,717.23,1.0000,0
16407,9210,9207,98.80,152.51,677.78,1.0000,0
16408,9210,9209,118.53,152.46,697.54,0.5200,0
16409,9210,9206,98.77,152.62,717.27,1.0000,0
16410,9211,9206,98.97,192.11,717.16,1.0000,0
16411,9211,9207,99.00,192.00,677.67,1.0000,0
16412,9212,9221,158.05,152.15,658.09,1.0000,0
16413,9213,9221,197.54,151.95,658.12,1.0000,0
16414,9214,9221,197.74,191.44,658.01,1.0000,0
16415,9215,9221,158.25,191.64,657.98,1.0000,0
16416,9216,9220,158.18,191.86,736.96,1.0000,0
16417,9217,9220,157.98,152.37,737.07,1.0000,0
16418,9218,9220,197.47,152.17,737.10,1.0000,0
16419,9219,9220,197.67,191.66,736.99,1.0000,0
16420,9212,9222,138.29,152.31,677.82,1.0000,0
16421,9215,9222,138.49,191.80,677.71,1.0000,0
16422,9216,9222,138.46,191.90,717.20,1.0000,0
16423,9217,9222,138.26,152.42,717.31,1.0000,0
16424,9212,9224,157.93,132.46,677.89,1.0000,0
16425,9213,9224,197.42,132.26,677.92,1.0000,0
16426,9217,9224,157.90,132.57,717.38,1.0000,0
16427,9218,9224,197.39,132.37,717.41,1.0000,0
16428,9222,9220,158.10,172.06,717.27,1.0000,0
16429,9222,9221,158.13,171.95,677.78,1.0000,0
16430,9222,9225,158.22,191.75,697.47,0.7600,0
16431,9222,9224,158.02,152.26,697.58,1.0000,0
16432,9223,9221,197.62,171.75,677.81,1.0000,0
16433,9223,9225,197.70,191.55,697.50,1.0000,0
16434,9223,9220,197.59,171.86,717.30,1.0000,0
16435,9224,9221,177.78,152.11,677.85,1.0000,0
16436,9224,9223,197.50,152.06,697.61,0.9200,0
16437,9224,9220,177.74,152.22,717.34,1.0000,0
16438,9225,9220,177.94,191.70,717.23,1.0000,0
16439,9225,9221,177.98,191.59,677.74,1.0000,0
16440,9226,9235,237.02,151.75,658.15,1.0000,0
16441,9227,9235,276.51,151.55,658.19,1.0000,0
16442,9228,9235,276.71,191.04,658.08,1.0000,0
16443,9229,9235,237.23,191.24,658.04,1.0000,0
16444,9230,9234,237.16,191.46,737.02,1.0000,0
16445,9231,9234,236.96,151.97,737.13,1.0000,0
16446,9232,9234,276.45,151.77,737.16,1.0000,0
16447,9233,9234,276.65,191.26,737.05,1.0000,0
16448,9226,9236,217.26,151.91,677.88,1.0000,0
16449,9229,9236,217.47,191.39,677.77,1.0000,0
16450,9230,9236,217.43,191.50,717.26,1.0000,0
16451,9231,9236,217.23,152.01,717.37,1.0000,0
16452,9226,9238,236.91,132.06,677.95,1.0000,0
16453,9227,9238,276.40,131.86,677.99,1.0000,0
16454,9231,9238,236.88,132.17,717.44,1.0000,0
16455,9232,9238,276.36,131.97,717.47,1.0000,0
16456,9236,9234,237.08,171.66,717.33,1.0000,0
16457,9236,9235,237.11,171.55,677.84,1.0000,0
16458,9236,9239,237.19,191.35,697.53,0.9200,0
16459,9236,9238,236.99,151.86,697.64,1.0000,0
16460,9237,9235,276.60,171.35,677.88,1.0000,0
16461,9237,9239,276.68,191.15,697.57,1.0000,0
16462,9237,9234,276.56,171.46,717.37,1.0000,0
16463,9238,9235,256.75,151.70,677.91,1.0000,0
16464,9238,9237,276.48,151.66,697.68,1.0000,0
16465,9238,9234,256.72,151.81,717.40,1.0000,0
16466,9239,9234,256.92,191.30,717.29,1.0000,0
16467,9239,9235,256.95,191.19,677.81,1.0000,0
16468,9240,9249,316.00,151.35,658.22,1.0000,0
16469,9241,9249,355.49,151.15,658.25,1.0000,0
16470,9242,9249,355.69,190.64,658.14,1.0000,0
16471,9243,9249,316.20,190.84,658.11,1.0000,0
16472,9244,9248,316.14,191.06,737.09,1.0000,0
16473,9245,9248,315.94,151.57,737.20,1.0000,0
16474,9246,9248,355.42,151.37,737.23,1.0000,0
16475,9247,9248,355.63,190.85,737.12,1.0000,0
16476,9240,9250,296.24,151.50,677.95,1.0000,0
16477,9243,9250,296.44,190.99,677.84,1.0000,0
16478,9244,9250,296.41,191.10,717.33,1.0000,0
16479,9245,9250,296.21,151.61,717.44,1.0000,0
16480,9240,9252,315.88,131.66,678.02,1.0000,0
16481,9241,9252,355.37,131.46,678.05,1.0000,0
16482,9245,9252,315.85,131.77,717.51,1.0000,0
16483,9246,9252,355.34,131.57,717.54,1.0000,0
16484,9250,9248,316.05,171.26,717.40,1.0000,0
16485,9250,9249,316.09,171.15,677.91,1.0000,0
16486,9250,9253,316.17,190.95,697.60,1.0000,0
16487,9250,9252,315.97,151.46,697.71,1.0000,0
16488,9251,9249,355.57,170.95,677.94,1.0000,0
16489,9251,9253,355.66,190.75,697.63,1.0000,0
16490,9251,9248,355.54,171.06,717.43,1.0000,0
16491,9252,9249,335.73,151.30,677.98,1.0000,0
16492,9252,9251,355.46,151.26,697.74,1.0000,0
16493,9252,9248,335.70,151.41,717.47,1.0000,0
16494,9253,9248,335.90,190.90,717.36,1.0000,0
16495,9253,9249,335.93,190.79,677.87,1.0000,0
16496,9254,9263,394.98,150.95,658.29,1.0000,0
16497,9255,9263,434.47,150.75,658.32,1.0000,0
16498,9256,9263,434.67,190.23,658.21,1.0000,0
16499,9257,9263,395.18,190.44,658.18,1.0000,0
16500,9258,9262,395.11,190.65,737.15,1.0000,0
16501,9259,9262,394.91,151.17,737.26,1.0000,0
16502,9260,9262,434.40,150.97,737.30,1.0000,0
16503,9261,9262,434.60,190.45,737.19,1.0000,0
16504,9254,9264,375.22,151.10,678.01,1.0000,0
16505,9257,9264,375.42,190.59,677.90,1.0000,0
16506,9258,9264,375.39,190.70,717.39,1.0000,0
16507,9259,9264,375.19,151.21,717.50,1.0000,0
16508,9254,9266,394.86,131.26,678.08,1.0000,0
16509,9255,9266,434.35,131.06,678.12,1.0000,0
16510,9259,9266,394.83,131.37,717.57,1.0000,0
16511,9260,9266,434.32,131.17,717.61,1.0000,0
16512,9264,9262,395.03,170.86,717.46,1.0000,0
16513,9264,9263,395.06,170.75,677.97,1.0000,0
16514,9264,9267,395.15,190.54,697.66,1.0000,0
16515,9264,9266,394.95,151.06,697.77,1.0000,0
16516,9265,9263,434.55,170.55,678.01,1.0000,0
16517,9265,9267,434.63,190.34,697.70,1.0000,0
16518,9265,9262,434.52,170.65,717.50,1.0000,0
16519,9266,9263,414.71,150.90,678.05,1.0000,0
16520,9266,9265,434.43,150.86,697.81,1.0000,0
16521,9266,9262,414.67,151.01,717.53,1.0000,0
16522,9267,9262,414.87,190.50,717.43,1.0000,0
16523,9267,9263,414.91,190.39,677.94,1.0000,0
16524,9268,9277,473.95,150.55,658.35,1.0000,0
16525,9269,9277,513.44,150.34,658.38,1.0000,0
16526,9270,9277,513.64,189.83,658.27,1.0000,0
16527,9271,9277,474.16,190.03,658.24,1.0000,0
16528,9272,9276,474.09,190.25,737.22,1.0000,0
16529,9273,9276,473.89,150.76,737.33,1.0000,0
16530,9274,9276,513.38,150.56,737.36,1.0000,0
16531,9275,9276,513.58,190.05,737.25,1.0000,0
16532,9268,9278,454.19,150.70,678.08,1.0000,0
16533,9271,9278,454.39,190.19,677.97,1.0000,0
16534,9272,9278,454.36,190.30,717.46,1.0000,0
16535,9273,9278,454.16,150.81,717.57,1.0000,0
16536,9268,9280,473.84,130.86,678.15,1.0000,0
16537,9269,9280,513.33,130.66,678.18,1.0000,0
16538,9273,9280,473.81,130.97,717.64,1.0000,0
16539,9274,9280,513.29,130.76,717.67,1.0000,0
16540,9278,9276,474.01,170.45,717.53,1.0000,0
16541,9278,9277,474.04,170.34,678.04,1.0000,0
16542,9278,9281,474.12,190.14,697.73,1.0000,0
16543,9278,9280,473.92,150.65,697.84,1.0000,0
16544,9279,9277,513.53,170.14,678.07,1.0000,0
16545,9279,9281,513.61,189.94,697.76,1.0000,0
16546,9279,9276,513.49,170.25,717.56,0.9200,0
16547,9280,9277,493.68,150.50,678.11,1.0000,0
16548,9280,9279,513.41,150.45,697.87,1.0000,0
16549,9280,9276,493.65,150.61,717.60,1.0000,0
16550,9281,9276,493.85,190.10,717.49,1.0000,0
16551,9281,9277,493.88,189.99,678.00,1.0000,0
16552,9282,9291,552.93,150.14,658.42,1.0000,0
16553,9283,9291,592.42,149.94,658.45,0.8800,0
16554,9284,9291,592.62,189.43,658.34,1.0000,0
16555,9285,9291,553.13,189.63,658.31,1.0000,0
16556,9286,9290,553.07,189.85,737.28,1.0000,0
16557,9287,9290,552.87,150.36,737.39,1.0000,0
16558,9288,9290,592.35,150.16,737.43,1.0000,0
16559,9289,9290,592.56,189.65,737.32,1.0000,0
16560,9282,9292,533.17,150.30,678.14,1.0000,0
16561,9285,9292,533.37,189.79,678.03,1.0000,0
16562,9286,9292,533.34,189.90,717.52,1.0000,0
16563,9287,9292,533.14,150.41,717.63,1.0000,0
16564,9282,9294,552.81,130.45,678.21,1.0000,0
16565,9283,9294,592.30,130.25,678.25,1.0000,0
16566,9287,9294,552.78,130.56,717.70,0.6400,0
16567,9288,9294,592.27,130.36,717.74,1.0000,0
16568,9292,9290,552.98,170.05,717.59,1.0000,0
16569,9292,9291,553.02,169.94,678.11,1.0000,0
16570,9292,9295,553.10,189.74,697.80,1.0000,0
16571,9292,9294,552.90,150.25,697.90,1.0000,0
16572,9293,9291,592.50,169.74,678.14,1.0000,0
16573,9293,9295,592.59,189.54,697.83,1.0000,0
16574,9293,9290,592.47,169.85,717.63,1.0000,0
16575,9294,9291,572.66,150.10,678.18,0.5200,0
16576,9294,9293,592.39,150.05,697.94,1.0000,0
16577,9294,9290,572.63,150.21,717.67,1.0000,0
16578,9295,9290,572.83,189.70,717.56,1.0000,0
16579,9295,9291,572.86,189.59,678.07,1.0000,0
16580,9296,9305,631.91,149.74,658.48,1.0000,0
16581,9297,9305,671.40,149.54,658.51,0.2000,1
16582,9298,9305,671.60,189.03,658.40,1.0000,0
16583,9299,9305,632.11,189.23,658.37,0.4400,0
16584,9300,9304,632.04,189.45,737.35,1.0000,0
16585,9301,9304,631.84,149.96,737.46,1.0000,0
16586,9302,9304,671.33,149.76,737.49,1.0000,0
16587,9303,9304,671.53,189.25,737.38,1.0000,0
16588,9296,9306,612.15,149.90,678.21,0.2400,1
16589,9299,9306,612.35,189.39,678.10,0.5200,0
16590,9300,9306,612.32,189.49,717.59,1.0000,0
16591,9301,9306,612.11,150.01,717.70,0.8800,0
16592,9296,9308,631.79,130.05,678.28,0.9600,0
16593,9297,9308,671.28,129.85,678.31,0.8800,0
16594,9301,9308,631.76,130.16,717.77,1.0000,0
16595,9302,9308,671.25,129.96,717.80,0.9200,0
16596,9306,9304,631.96,169.65,717.66,1.0000,0
16597,9306,9305,631.99,169.54,678.17,1.0000,0
16598,9306,9309,632.08,189.34,697.86,1.0000,0
16599,9306,9308,631.88,149.85,697.97,0.8800,0
16600,9307,9305,671.48,169.34,678.20,0.7600,0
16601,9307,9309,671.56,189.14,697.89,0.2000,1
16602,9307,9304,671.45,169.45,717.69,0.9200,0
16603,9308,9305,651.64,149.70,678.24,0.0400,1
16604,9308,9307,671.36,149.65,698.00,1.0000,0
16605,9308,9304,651.60,149.81,717.73,0.0800,1
16606,9309,9304,651.80,189.29,717.62,0.0800,1
16607,9309,9305,651.84,189.18,678.13,0.0800,1
16608,9310,9319,710.88,149.34,658.55,1.0000,0
16609,9311,9319,750.37,149.14,658.58,0.0800,1
16610,9312,9319,750.57,188.63,658.47,1.0000,0
16611,9313,9319,711.08,188.83,658.44,0.0800,1
16612,9314,9318,711.02,189.05,737.41,1.0000,0
16613,9315,9318,710.82,149.56,737.52,1.0000,0
16614,9316,9318,750.31,149.36,737.56,0.6800,0
16615,9317,9318,750.51,188.85,737.45,0.8800,0
16616,9310,9320,691.12,149.50,678.27,0.0400,1
16617,9313,9320,691.32,188.98,678.17,0.1200,1
16618,9314,9320,691.29,189.09,717.65,0.0800,1
16619,9315,9320,691.09,149.61,717.76,0.0800,1
16620,9311,9321,770.10,149.09,678.34,0.0000,1
16621,9312,9321,770.30,188.58,678.23,0.0000,1
16622,9316,9321,770.07,149.20,717.83,0.0000,1
16623,9317,9321,770.27,188.69,717.72,0.0000,1
16624,9310,9322,710.77,129.65,678.35,0.2400,1
16625,9311,9322,750.26,129.45,678.38,0.6800,0
16626,9315,9322,710.74,129.76,717.83,0.9600,0
16627,9316,9322,750.22,129.56,717.87,0.0800,1
16628,9320,9318,710.94,169.25,717.73,0.5200,0
16629,9320,9319,710.97,169.14,678.24,0.7600,0
16630,9320,9323,711.05,188.94,697.93,1.0000,0
16631,9320,9322,710.85,149.45,698.04,0.1200,1
16632,9321,9319,750.46,168.94,678.27,0.1200,1
16633,9321,9323,750.54,188.74,697.96,0.0000,1
16634,9321,9318,750.42,169.05,717.76,0.5200,0
16635,9322,9319,730.61,149.29,678.31,0.1200,1
16636,9322,9321,750.34,149.25,698.07,1.0000,0
16637,9322,9318,730.58,149.40,717.80,0.1200,1
16638,9323,9318,730.78,188.89,717.69,0.1200,1
16639,9323,9319,730.81,188.78,678.20,0.0800,1
16640,9324,9333,79.47,231.53,657.80,0.9200,0
16641,9325,9333,118.96,231.33,657.84,1.0000,0
16642,9326,9333,119.16,270.82,657.73,1.0000,0
16643,9327,9333,79.67,271.02,657.70,1.0000,0
16644,9328,9332,79.61,271.24,736.67,1.0000,0
16645,9329,9332,79.41,231.75,736.78,1.0000,0
16646,9330,9332,118.90,231.55,736.81,1.0000,0
16647,9331,9332,119.10,271.04,736.71,1.0000,0
16648,9324,9334,59.71,231.68,677.53,1.0000,0
16649,9327,9334,59.91,271.17,677.42,1.0000,0
16650,9328,9334,59.88,271.28,716.91,1.0000,0
16651,9329,9334,59.68,231.79,717.02,1.0000,0
16652,9324,9336,79.36,211.84,677.60,0.9600,0
16653,9325,9336,118.84,211.64,677.64,1.0000,0
16654,9329,9336,79.32,211.95,717.09,0.9600,0
16655,9330,9336,118.81,211.75,717.13,1.0000,0
16656,9334,9332,79.53,251.44,716.98,0.8800,0
16657,9334,9333,79.56,251.33,677.49,1.0000,0
16658,9334,9337,79.64,271.13,697.18,0.6000,0
16659,9334,9336,79.44,231.64,697.29,1.0000,0
16660,9335,9333,119.05,251.13,677.53,1.0000,0
16661,9335,9337,119.13,270.93,697.22,1.0000,0
16662,9335,9332,119.01,251.24,717.02,1.0000,0
16663,9336,9333,99.20,231.48,677.57,1.0000,0
16664,9336,9335,118.93,231.44,697.33,0.7600,0
16665,9336,9332,99.17,231.59,717.05,1.0000,0
16666,9337,9332,99.37,271.08,716.94,1.0000,0
16667,9337,9333,99.40,270.97,677.46,1.0000,0
16668,9338,9347,158.45,231.13,657.87,1.0000,0
16669,9339,9347,197.94,230.93,657.90,1.0000,0
16670,9340,9347,198.14,270.42,657.79,1.0000,0
16671,9341,9347,158.65,270.62,657.76,1.0000,0
16672,9342,9346,158.59,270.84,736.74,1.0000,0
16673,9343,9346,158.39,231.35,736.85,1.0000,0
16674,9344,9346,197.87,231.15,736.88,1.0000,0
16675,9345,9346,198.07,270.63,736.77,1.0000,0
16676,9338,9348,138.69,231.28,677.60,1.0000,0
16677,9341,9348,138.89,270.77,677.49,1.0000,0
16678,9342,9348,138.86,270.88,716.98,1.0000,0
16679,9343,9348,138.66,231.39,717.09,1.0000,0
16680,9338,9350,158.33,211.44,677.67,1.0000,0
16681,9339,9350,197.82,211.24,677.70,1.0000,0
16682,9343,9350,158.30,211.55,717.16,1.0000,0
16683,9344,9350,197.79,211.35,717.19,1.0000,0
16684,9348,9346,158.50,251.04,717.05,1.0000,0
16685,9348,9347,158.53,250.93,677.56,1.0000,0
16686,9348,9351,158.62,270.73,697.25,1.0000,0
16687,9348,9350,158.42,231.24,697.36,1.0000,0
16688,9349,9347,198.02,250.73,677.59,1.0000,0
16689,9349,9351,198.11,270.52,697.28,1.0000,0
16690,9349,9346,197.99,250.84,717.08,1.0000,0
16691,9350,9347,178.18,231.08,677.63,1.0000,0
16692,9350,9349,197.91,231.04,697.39,1.0000,0
16693,9350,9346,178.15,231.19,717.12,1.0000,0
16694,9351,9346,178.35,270.68,717.01,1.0000,0
16695,9351,9347,178.38,270.57,677.52,1.0000,0
16696,9352,9361,237.43,230.73,657.94,1.0000,0
16697,9353,9361,276.91,230.53,657.97,1.0000,0
16698,9354,9361,277.12,270.01,657.86,1.0000,0
16699,9355,9361,237.63,270.21,657.83,1.0000,0
16700,9356,9360,237.56,270.43,736.80,1.0000,0
16701,9357,9360,237.36,230.95,736.91,1.0000,0
16702,9358,9360,276.85,230.74,736.95,1.0000,0
16703,9359,9360,277.05,270.23,736.84,1.0000,0
16704,9352,9362,217.67,230.88,677.66,1.0000,0
16705,9355,9362,217.87,270.37,677.55,1.0000,0
16706,9356,9362,217.83,270.48,717.04,1.0000,0
16707,9357,9362,217.63,230.99,717.15,1.0000,0
16708,9352,9364,237.31,211.04,677.73,1.0000,0
16709,9353,9364,276.80,210.84,677.77,1.0000,0
16710,9357,9364,237.28,211.15,717.22,1.0000,0
16711,9358,9364,276.77,210.95,717.26,1.0000,0
16712,9362,9360,237.48,250.63,717.11,1.0000,0
16713,9362,9361,237.51,250.53,677.63,1.0000,0
16714,9362,9365,237.59,270.32,697.32,0.7600,0
16715,9362,9364,237.39,230.84,697.42,1.0000,0
16716,9363,9361,277.00,250.32,677.66,1.0000,0
16717,9363,9365,277.08,270.12,697.35,1.0000,0
16718,9363,9360,276.97,250.43,717.15,1.0000,0
16719,9364,9361,257.15,230.68,677.70,1.0000,0
16720,9364,9363,276.88,230.64,697.46,1.0000,0
16721,9364,9360,257.12,230.79,717.19,1.0000,0
16722,9365,9360,257.32,270.28,717.08,1.0000,0
16723,9365,9361,257.36,270.17,677.59,1.0000,0
16724,9366,9375,316.40,230.32,658.00,1.0000,0
16725,9367,9375,355.89,230.12,658.03,1.0000,0
16726,9368,9375,356.09,269.61,657.92,1.0000,0
16727,9369,9375,316.60,269.81,657.89,1.0000,0
16728,9370,9374,316.54,270.03,736.87,1.0000,0
16729,9371,9374,316.34,230.54,736.98,1.0000,0
16730,9372,9374,355.83,230.34,737.01,1.0000,0
16731,9373,9374,356.03,269.83,736.90,1.0000,0
16732,9366,9376,296.64,230.48,677.73,1.0000,0
16733,9369,9376,296.84,269.97,677.62,1.0000,0
16734,9370,9376,296.81,270.08,717.11,1.0000,0
16735,9371,9376,296.61,230.59,717.22,1.0000,0
16736,9366,9378,316.29,210.64,677.80,1.0000,0
16737,9367,9378,355.77,210.43,677.83,1.0000,0
16738,9371,9378,316.25,210.74,717.29,1.0000,0
16739,9372,9378,355.74,210.54,717.32,1.0000,0
16740,9376,9374,316.45,250.23,717.18,1.0000,0
16741,9376,9375,316.49,250.12,677.69,1.0000,0
16742,9376,9379,316.57,269.92,697.38,1.0000,0
16743,9376,9378,316.37,230.43,697.49,1.0000,0
16744,9377,9375,355.98,249.92,677.72,1.0000,0
16745,9377,9379,356.06,269.72,697.41,1.0000,0
16746,9377,9374,355.94,250.03,717.21,1.0000,0
16747,9378,9375,336.13,230.28,677.76,1.0000,0
16748,9378,9377,355.86,230.23,697.52,1.0000,0
16749,9378,9374,336.10,230.39,717.25,1.0000,0
16750,9379,9374,336.30,269.88,717.14,1.0000,0
16751,9379,9375,336.33,269.77,677.65,1.0000,0
16752,9380,9389,395.38,229.92,658.07,1.0000,0
16753,9381,9389,434.87,229.72,658.10,1.0000,0
16754,9382,9389,435.07,269.21,657.99,1.0000,0
16755,9383,9389,395.58,269.41,657.96,1.0000,0
16756,9384,9388,395.52,269.63,736.93,1.0000,0
16757,9385,9388,395.32,230.14,737.04,1.0000,0
16758,9386,9388,434.80,229.94,737.08,1.0000,0
16759,9387,9388,435.00,269.43,736.97,1.0000,0
16760,9380,9390,375.62,230.08,677.79,1.0000,0
16761,9383,9390,375.82,269.57,677.69,1.0000,0
16762,9384,9390,375.79,269.68,717.17,1.0000,0
16763,9385,9390,375.59,230.19,717.28,1.0000,0
16764,9380,9392,395.26,210.23,677.87,1.0000,0
16765,9381,9392,434.75,210.03,677.90,1.0000,0
16766,9385,9392,395.23,210.34,717.35,1.0000,0
16767,9386,9392,434.72,210.14,717.39,1.0000,0
16768,9390,9388,395.43,249.83,717.24,1.0000,0
16769,9390,9389,395.46,249.72,677.76,1.0000,0
16770,9390,9393,395.55,269.52,697.45,1.0000,0
16771,9390,9392,395.35,230.03,697.56,1.0000,0
16772,9391,9389,434.95,249.52,677.79,1.0000,0
16773,9391,9393,435.04,269.32,697.48,1.0000,0
16774,9391,9388,434.92,249.63,717.28,1.0000,0
16775,9392,9389,415.11,229.88,677.83,1.0000,0
16776,9392,9391,434.84,229.83,697.59,1.0000,0
16777,9392,9388,415.08,229.99,717.32,1.0000,0
16778,9393,9388,415.28,269.48,717.21,1.0000,0
16779,9393,9389,415.31,269.37,677.72,1.0000,0
16780,9394,9403,474.36,229.52,658.13,1.0000,0
16781,9395,9403,513.84,229.32,658.16,1.0000,0
16782,9396,9403,514.05,268.81,658.06,1.0000,0
16783,9397,9403,474.56,269.01,658.02,1.0000,0
16784,9398,9402,474.49,269.23,737.00,1.0000,0
16785,9399,9402,474.29,229.74,737.11,1.0000,0
16786,9400,9402,513.78,229.54,737.14,1.0000,0
16787,9401,9402,513.98,269.03,737.03,1.0000,0
16788,9394,9404,454.60,229.68,677.86,1.0000,0
16789,9397,9404,454.80,269.17,677.75,1.0000,0
16790,9398,9404,454.76,269.27,717.24,1.0000,0
16791,9399,9404,454.56,229.79,717.35,1.0000,0
16792,9394,9406,474.24,209.83,677.93,1.0000,0
16793,9395,9406,513.73,209.63,677.96,1.0000,0
16794,9399,9406,474.21,209.94,717.42,1.0000,0
16795,9400,9406,513.70,209.74,717.45,1.0000,0
16796,9404,9402,474.41,249.43,717.31,1.0000,0
16797,9404,9403,474.44,249.32,677.82,1.0000,0
16798,9404,9407,474.52,269.12,697.51,1.0000,0
16799,9404,9406,474.32,229.63,697.62,1.0000,0
16800,9405,9403,513.93,249.12,677.85,1.0000,0
16801,9405,9407,514.01,268.92,697.54,1.0000,0
16802,9405,9402,513.90,249.23,717.34,1.0000,0
16803,9406,9403,494.08,229.48,677.89,1.0000,0
16804,9406,9405,513.81,229.43,697.65,1.0000,0
16805,9406,9402,494.05,229.59,717.38,1.0000,0
16806,9407,9402,494.25,269.07,717.27,1.0000,0
16807,9407,9403,494.28,268.96,677.78,1.0000,0
16808,9408,9417,553.33,229.12,658.20,1.0000,0
16809,9409,9417,592.82,228.92,658.23,0.5600,0
16810,9410,9417,593.02,268.41,658.12,1.0000,0
16811,9411,9417,553.53,268.61,658.09,1.0000,0
16812,9412,9416,553.47,268.83,737.07,1.0000,0
16813,9413,9416,553.27,229.34,737.17,1.0000,0
16814,9414,9416,592.76,229.14,737.21,1.0000,0
16815,9415,9416,592.96,268.63,737.10,1.0000,0
16816,9408,9418,533.57,229.28,677.93,0.8400,0
16817,9411,9418,533.77,268.76,677.82,1.0000,0
16818,9412,9418,533.74,268.87,717.30,1.0000,0
16819,9413,9418,533.54,229.38,717.41,0.9600,0
16820,9408,9420,553.22,209.43,678.00,0.0400,1
16821,9409,9420,592.70,209.23,678.03,1.0000,0
16822,9413,9420,553.18,209.54,717.49,1.0000,0
16823,9414,9420,592.67,209.34,717.52,1.0000,0
16824,9418,9416,553.38,249.03,717.38,1.0000,0
16825,9418,9417,553.42,248.92,677.89,0.6400,0
16826,9418,9421,553.50,268.72,697.58,1.0000,0
16827,9418,9420,553.30,229.23,697.69,1.0000,0
16828,9419,9417,592.91,248.72,677.92,1.0000,0
16829,9419,9421,592.99,268.52,697.61,0.9600,0
16830,9419,9416,592.87,248.83,717.41,0.9200,0
16831,9420,9417,573.06,229.07,677.96,0.9200,0
16832,9420,9419,592.79,229.03,697.72,1.0000,0
16833,9420,9416,573.03,229.18,717.45,1.0000,0
16834,9421,9416,573.23,268.67,717.34,1.0000,0
16835,9421,9417,573.26,268.56,677.85,1.0000,0
16836,9422,9431,632.31,228.72,658.26,1.0000,0
16837,9423,9431,671.80,228.52,658.30,0.2400,1
16838,9424,9431,672.00,268.01,658.19,1.0000,0
16839,9425,9431,632.51,268.21,658.15,0.4800,0
16840,9426,9430,632.45,268.43,737.13,1.0000,0
16841,9427,9430,632.24,228.94,737.24,1.0000,0
16842,9428,9430,671.73,228.74,737.27,1.0000,0
16843,9429,9430,671.93,268.22,737.16,1.0000,0
16844,9422,9432,612.55,228.87,677.99,0.2000,1
16845,9425,9432,612.75,268.36,677.88,0.0400,1
16846,9426,9432,612.72,268.47,717.37,0.3200,0
16847,9427,9432,612.52,228.98,717.48,0.4800,0
16848,9422,9434,632.19,209.03,678.06,1.0000,0
16849,9423,9434,671.68,208.83,678.09,0.9200,0
16850,9427,9434,632.16,209.14,717.55,1.0000,0
16851,9428,9434,671.65,208.94,717.58,1.0000,0
16852,9432,9430,632.36,248.63,717.44,1.0000,0
16853,9432,9431,632.39,248.52,677.95,0.7600,0
16854,9432,9435,632.48,268.32,697.64,1.0000,0
16855,9432,9434,632.28,228.83,697.75,0.9200,0
16856,9433,9431,671.88,248.32,677.99,0.8800,0
16857,9433,9435,671.97,268.12,697.68,0.2400,1
16858,9433,9430,671.85,248.43,717.47,0.7600,0
16859,9434,9431,652.04,228.67,678.02,0.0400,1
16860,9434,9433,671.77,228.63,697.78,1.0000,0
16861,9434,9430,652.00,228.78,717.51,0.1200,1
16862,9435,9430,652.21,268.27,717.40,0.3600,0
16863,9435,9431,652.24,268.16,677.91,0.0800,1
16864,9436,9445,711.29,228.32,658.33,1.0000,0
16865,9437,9445,750.77,228.12,658.36,0.0000,1
16866,9438,9445,750.97,267.60,658.25,1.0000,0
16867,9439,9445,711.49,267.81,658.22,0.0800,1
16868,9440,9444,711.42,268.02,737.20,1.0000,0
16869,9441,9444,711.22,228.54,737.31,1.0000,0
16870,9442,9444,750.71,228.34,737.34,0.2400,1
16871,9443,9444,750.91,267.82,737.23,0.6800,0
16872,9436,9446,691.53,228.47,678.06,0.0800,1
16873,9439,9446,691.73,267.96,677.95,0.0800,1
16874,9440,9446,691.69,268.07,717.44,0.1200,1
16875,9441,9446,691.49,228.58,717.54,0.0800,1
16876,9437,9447,770.50,228.07,678.12,0.0000,1
16877,9438,9447,770.70,267.56,678.01,0.0000,1
16878,9442,9447,770.47,228.18,717.61,0.0000,1
16879,9443,9447,770.67,267.67,717.50,0.0000,1
16880,9436,9448,711.17,208.63,678.13,0.2000,1
16881,9437,9448,750.66,208.43,678.16,0.5200,0
16882,9441,9448,711.14,208.74,717.62,0.2400,1
16883,9442,9448,750.63,208.54,717.65,0.1200,1
16884,9446,9444,711.34,248.23,717.51,0.7600,0
16885,9446,9445,711.37,248.12,678.02,0.9200,0
16886,9446,9449,711.45,267.91,697.71,1.0000,0
16887,9446,9448,711.25,228.43,697.82,0.0400,1
16888,9447,9445,750.86,247.91,678.05,0.1200,1
16889,9447,9449,750.94,267.71,697.74,0.0000,1
16890,9447,9444,750.83,248.02,717.54,0.1600,1
16891,9448,9445,731.01,228.27,678.09,0.1200,1
16892,9448,9447,750.74,228.23,697.85,1.0000,0
16893,9448,9444,730.98,228.38,717.58,0.1200,1
16894,9449,9444,731.18,267.87,717.47,0.2400,1
16895,9449,9445,731.21,267.76,677.98,0.0800,1
16896,9450,9459,79.87,310.51,657.59,0.4800,0
16897,9451,9459,119.36,310.31,657.62,1.0000,0
16898,9452,9459,119.56,349.79,657.51,0.9600,0
16899,9453,9459,80.08,349.99,657.48,1.0000,0
16900,9454,9458,80.01,350.21,736.45,1.0000,0
16901,9455,9458,79.81,310.72,736.56,1.0000,0
16902,9456,9458,119.30,310.52,736.60,1.0000,0
16903,9457,9458,119.50,350.01,736.49,1.0000,0
16904,9450,9460,60.11,310.66,677.31,1.0000,0
16905,9453,9460,60.32,350.15,677.21,0.0400,1
16906,9454,9460,60.28,350.26,716.69,1.0000,0
16907,9455,9460,60.08,310.77,716.80,0.6800,0
16908,9450,9462,79.76,290.82,677.39,0.9200,0
16909,9451,9462,119.25,290.62,677.42,1.0000,0
16910,9455,9462,79.73,290.93,716.87,1.0000,0
16911,9456,9462,119.21,290.73,716.91,1.0000,0
16912,9460,9458,79.93,330.41,716.76,1.0000,0
16913,9460,9459,79.96,330.30,677.28,1.0000,0
16914,9460,9463,80.04,350.10,696.97,0.1600,1
16915,9460,9462,79.84,310.62,697.07,1.0000,0
16916,9461,9459,119.45,330.10,677.31,1.0000,0
16917,9461,9463,119.53,349.90,697.00,1.0000,0
16918,9461,9458,119.42,330.21,716.80,0.8800,0
16919,9462,9459,99.60,310.46,677.35,1.0000,0
16920,9462,9461,119.33,310.41,697.11,0.8400,0
16921,9462,9458,99.57,310.57,716.84,1.0000,0
16922,9463,9458,99.77,350.06,716.73,1.0000,0
16923,9463,9459,99.80,349.95,677.24,1.0000,0
16924,9464,9473,158.85,310.10,657.65,1.0000,0
16925,9465,9473,198.34,309.90,657.68,1.0000,0
16926,9466,9473,198.54,349.39,657.58,1.0000,0
16927,9467,9473,159.05,349.59,657.54,1.0000,0
16928,9468,9472,158.99,349.81,736.52,1.0000,0
16929,9469,9472,158.79,310.32,736.63,1.0000,0
16930,9470,9472,198.28,310.12,736.66,1.0000,0
16931,9471,9472,198.48,349.61,736.55,1.0000,0
16932,9464,9474,139.09,310.26,677.38,1.0000,0
16933,9467,9474,139.29,349.75,677.27,1.0000,0
16934,9468,9474,139.26,349.86,716.76,1.0000,0
16935,9469,9474,139.06,310.37,716.87,1.0000,0
16936,9464,9476,158.73,290.42,677.45,1.0000,0
16937,9465,9476,198.22,290.21,677.48,1.0000,0
16938,9469,9476,158.70,290.52,716.94,0.7600,0
16939,9470,9476,198.19,290.32,716.97,1.0000,0
16940,9474,9472,158.90,330.01,716.83,1.0000,0
16941,9474,9473,158.94,329.90,677.34,1.0000,0
16942,9474,9477,159.02,349.70,697.03,1.0000,0
16943,9474,9476,158.82,310.21,697.14,1.0000,0
16944,9475,9473,198.42,329.70,677.37,1.0000,0
16945,9475,9477,198.51,349.50,697.06,1.0000,0
16946,9475,9472,198.39,329.81,716.86,1.0000,0
16947,9476,9473,178.58,310.06,677.41,1.0000,0
16948,9476,9475,198.31,310.01,697.17,1.0000,0
16949,9476,9472,178.55,310.17,716.90,1.0000,0
16950,9477,9472,178.75,349.66,716.79,1.0000,0
16951,9477,9473,178.78,349.55,677.30,1.0000,0
16952,9478,9487,237.83,309.70,657.72,1.0000,0
16953,9479,9487,277.32,309.50,657.75,1.0000,0
16954,9480,9487,277.52,348.99,657.64,1.0000,0
16955,9481,9487,238.03,349.19,657.61,1.0000,0
16956,9482,9486,237.96,349.41,736.59,1.0000,0
16957,9483,9486,237.76,309.92,736.69,1.0000,0
16958,9484,9486,277.25,309.72,736.73,1.0000,0
16959,9485,9486,277.45,349.21,736.62,1.0000,0
16960,9478,9488,218.07,309.86,677.45,1.0000,0
16961,9481,9488,218.27,349.35,677.34,1.0000,0
16962,9482,9488,218.24,349.46,716.82,1.0000,0
16963,9483,9488,218.04,309.97,716.93,1.0000,0
16964,9478,9490,237.71,290.01,677.52,1.0000,0
16965,9479,9490,277.20,289.81,677.55,1.0000,0
16966,9483,9490,237.68,290.12,717.00,1.0000,0
16967,9484,9490,277.17,289.92,717.04,1.0000,0
16968,9488,9486,237.88,329.61,716.90,1.0000,0
16969,9488,9487,237.91,329.50,677.41,1.0000,0
16970,9488,9491,238.00,349.30,697.10,1.0000,0
16971,9488,9490,237.80,309.81,697.21,1.0000,0
16972,9489,9487,277.40,329.30,677.44,1.0000,0
16973,9489,9491,277.48,349.10,697.13,1.0000,0
16974,9489,9486,277.37,329.41,716.93,1.0000,0
16975,9490,9487,257.56,309.66,677.48,1.0000,0
16976,9490,9489,277.28,309.61,697.24,1.0000,0
16977,9490,9486,257.52,309.77,716.97,1.0000,0
16978,9491,9486,257.72,349.25,716.86,1.0000,0
16979,9491,9487,257.76,349.15,677.37,1.0000,0
16980,9492,9501,316.80,309.30,657.78,1.0000,0
16981,9493,9501,356.29,309.10,657.82,1.0000,0
16982,9494,9501,356.49,348.59,657.71,1.0000,0
16983,9495,9501,317.01,348.79,657.67,1.0000,0
16984,9496,9500,316.94,349.01,736.65,1.0000,0
16985,9497,9500,316.74,309.52,736.76,1.0000,0
16986,9498,9500,356.23,309.32,736.79,1.0000,0
16987,9499,9500,356.43,348.81,736.68,1.0000,0
16988,9492,9502,297.04,309.46,677.51,1.0000,0
16989,9495,9502,297.25,348.94,677.40,1.0000,0
16990,9496,9502,297.21,349.05,716.89,1.0000,0
16991,9497,9502,297.01,309.57,717.00,1.0000,0
16992,9492,9504,316.69,289.61,677.58,1.0000,0
16993,9493,9504,356.18,289.41,677.61,1.0000,0
16994,9497,9504,316.66,289.72,717.07,1.0000,0
16995,9498,9504,356.14,289.52,717.10,1.0000,0
16996,9502,9500,316.86,329.21,716.96,0.9200,0
16997,9502,9501,316.89,329.10,677.47,1.0000,0
16998,9502,9505,316.97,348.90,697.16,1.0000,0
16999,9502,9504,316.77,309.41,697.27,1.0000,0
17000,9503,9501,356.38,328.90,677.51,1.0000,0
17001,9503,9505,356.46,348.70,697.19,1.0000,0
17002,9503,9500,356.35,329.01,716.99,1.0000,0
17003,9504,9501,336.53,309.26,677.54,1.0000,0
17004,9504,9503,356.26,309.21,697.30,1.0000,0
17005,9504,9500,336.50,309.36,717.03,1.0000,0
17006,9505,9500,336.70,348.85,716.92,1.0000,0
17007,9505,9501,336.73,348.74,677.43,0.0400,1
17008,9506,9515,395.78,308.90,657.85,1.0000,0
17009,9507,9515,435.27,308.70,657.88,1.0000,0
17010,9508,9515,435.47,348.19,657.77,1.0000,0
17011,9509,9515,395.98,348.39,657.74,1.0000,0
17012,9510,9514,395.92,348.61,736.72,1.0000,0
17013,9511,9514,395.72,309.12,736.83,1.0000,0
17014,9512,9514,435.21,308.92,736.86,1.0000,0
17015,9513,9514,435.41,348.41,736.75,1.0000,0
17016,9506,9516,376.02,309.05,677.58,1.0000,0
17017,9509,9516,376.22,348.54,677.47,1.0000,0
17018,9510,9516,376.19,348.65,716.96,1.0000,0
17019,9511,9516,375.99,309.16,717.06,1.0000,0
17020,9506,9518,395.66,289.21,677.65,1.0000,0
17021,9507,9518,435.15,289.01,677.68,1.0000,0
17022,9511,9518,395.63,289.32,717.14,1.0000,0
17023,9512,9518,435.12,289.12,717.17,1.0000,0
17024,9516,9514,395.83,328.81,717.03,0.9200,0
17025,9516,9515,395.87,328.70,677.54,0.7200,0
17026,9516,9519,395.95,348.50,697.23,1.0000,0
17027,9516,9518,395.75,309.01,697.34,1.0000,0
17028,9517,9515,435.35,328.50,677.57,1.0000,0
17029,9517,9519,435.44,348.30,697.26,1.0000,0
17030,9517,9514,435.32,328.61,717.06,1.0000,0
17031,9518,9515,415.51,308.85,677.61,1.0000,0
17032,9518,9517,435.24,308.81,697.37,1.0000,0
17033,9518,9514,415.48,308.96,717.10,1.0000,0
17034,9519,9514,415.68,348.45,716.99,1.0000,0
17035,9519,9515,415.71,348.34,677.50,1.0000,0
17036,9520,9529,474.76,308.50,657.91,1.0000,0
17037,9521,9529,514.25,308.30,657.95,1.0000,0
17038,9522,9529,514.45,347.79,657.84,1.0000,0
17039,9523,9529,474.96,347.99,657.80,1.0000,0
17040,9524,9528,474.89,348.21,736.78,1.0000,0
17041,9525,9528,474.69,308.72,736.89,1.0000,0
17042,9526,9528,514.18,308.52,736.92,1.0000,0
17043,9527,9528,514.38,348.00,736.81,1.0000,0
17044,9520,9530,455.00,308.65,677.64,1.0000,0
17045,9523,9530,455.20,348.14,677.53,1.0000,0
17046,9524,9530,455.17,348.25,717.02,1.0000,0
17047,9525,9530,454.97,308.76,717.13,1.0000,0
17048,9520,9532,474.64,288.81,677.71,1.0000,0
17049,9521,9532,514.13,288.61,677.75,1.0000,0
17050,9525,9532,474.61,288.92,717.20,1.0000,0
17051,9526,9532,514.10,288.72,717.23,1.0000,0
17052,9530,9528,474.81,328.41,717.09,1.0000,0
17053,9530,9529,474.84,328.30,677.60,1.0000,0
17054,9530,9533,474.93,348.10,697.29,1.0000,0
17055,9530,9532,474.73,308.61,697.40,1.0000,0
17056,9531,9529,514.33,328.10,677.64,1.0000,0
17057,9531,9533,514.41,347.89,697.33,1.0000,0
17058,9531,9528,514.30,328.21,717.12,0.7200,0
17059,9532,9529,494.49,308.45,677.67,1.0000,0
17060,9532,9531,514.21,308.41,697.43,1.0000,0
17061,9532,9528,494.45,308.56,717.16,1.0000,0
17062,9533,9528,494.65,348.05,717.05,1.0000,0
17063,9533,9529,494.69,347.94,677.56,1.0000,0
17064,9534,9543,553.73,308.10,657.98,1.0000,0
17065,9535,9543,593.22,307.90,658.01,0.9200,0
17066,9536,9543,593.42,347.38,657.90,1.0000,0
17067,9537,9543,553.94,347.58,657.87,1.0000,0
17068,9538,9542,553.87,347.80,736.85,1.0000,0
17069,9539,9542,553.67,308.32,736.96,1.0000,0
17070,9540,9542,593.16,308.11,736.99,1.0000,0
17071,9541,9542,593.36,347.60,736.88,1.0000,0
17072,9534,9544,533.97,308.25,677.71,1.0000,0
17073,9537,9544,534.17,347.74,677.60,1.0000,0
17074,9538,9544,534.14,347.85,717.09,1.0000,0
17075,9539,9544,533.94,308.36,717.20,1.0000,0
17076,9534,9546,553.62,288.41,677.78,1.0000,0
17077,9535,9546,593.11,288.21,677.81,0.7600,0
17078,9539,9546,553.59,288.52,717.27,1.0000,0
17079,9540,9546,593.07,288.32,717.30,1.0000,0
17080,9544,9542,553.79,328.00,717.16,1.0000,0
17081,9544,9543,553.82,327.90,677.67,1.0000,0
17082,9544,9547,553.90,347.69,697.36,1.0000,0
17083,9544,9546,553.70,308.21,697.47,1.0000,0
17084,9545,9543,593.31,327.69,677.70,1.0000,0
17085,9545,9547,593.39,347.49,697.39,1.0000,0
17086,9545,9542,593.27,327.80,717.19,1.0000,0
17087,9546,9543,573.46,308.05,677.74,0.8400,0
17088,9546,9545,593.19,308.01,697.50,1.0000,0
17089,9546,9542,573.43,308.16,717.23,1.0000,0
17090,9547,9542,573.63,347.65,717.12,0.7600,0
17091,9547,9543,573.66,347.54,677.63,0.6400,0
17092,9548,9557,632.71,307.69,658.04,1.0000,0
17093,9549,9557,672.20,307.49,658.08,0.1600,1
17094,9550,9557,672.40,346.98,657.97,1.0000,0
17095,9551,9557,632.91,347.18,657.94,0.4400,0
17096,9552,9556,632.85,347.40,736.91,1.0000,0
17097,9553,9556,632.65,307.91,737.02,1.0000,0
17098,9554,9556,672.13,307.71,737.05,1.0000,0
17099,9555,9556,672.34,347.20,736.95,1.0000,0
17100,9548,9558,612.95,307.85,677.77,0.4800,0
17101,9551,9558,613.15,347.34,677.66,0.4400,0
17102,9552,9558,613.12,347.45,717.15,0.8800,0
17103,9553,9558,612.92,307.96,717.26,0.5600,0
17104,9548,9560,632.59,288.01,677.84,1.0000,0
17105,9549,9560,672.08,287.80,677.88,0.9600,0
17106,9553,9560,632.56,288.11,717.33,1.0000,0
17107,9554,9560,672.05,287.91,717.36,0.3600,0
17108,9558,9556,632.76,327.60,717.22,0.5600,0
17109,9558,9557,632.80,327.49,677.73,0.8800,0
17110,9558,9561,632.88,347.29,697.42,1.0000,0
17111,9558,9560,632.68,307.80,697.53,0.8800,0
17112,9559,9557,672.28,327.29,677.77,0.7200,0
17113,9559,9561,672.37,347.09,697.46,0.2400,1
17114,9559,9556,672.25,327.40,717.26,0.4800,0
17115,9560,9557,652.44,307.65,677.81,0.2800,1
17116,9560,9559,672.17,307.60,697.57,1.0000,0
17117,9560,9556,652.41,307.76,717.29,0.8400,0
17118,9561,9556,652.61,347.25,717.18,0.0800,1
17119,9561,9557,652.64,347.14,677.70,0.0800,1
17120,9562,9571,711.69,307.29,658.11,1.0000,0
17121,9563,9571,751.18,307.09,658.14,0.0000,1
17122,9564,9571,751.38,346.58,658.03,1.0000,0
17123,9565,9571,711.89,346.78,658.00,0.0800,1
17124,9566,9570,711.82,347.00,736.98,1.0000,0
17125,9567,9570,711.62,307.51,737.09,1.0000,0
17126,9568,9570,751.11,307.31,737.12,0.4800,0
17127,9569,9570,751.31,346.80,737.01,0.7200,0
17128,9562,9572,691.93,307.45,677.84,0.0800,1
17129,9565,9572,692.13,346.94,677.73,0.0800,1
17130,9566,9572,692.10,347.05,717.22,0.1200,1
17131,9567,9572,691.90,307.56,717.33,0.0800,1
17132,9563,9573,770.90,307.05,677.90,0.0000,1
17133,9564,9573,771.10,346.53,677.79,0.0000,1
17134,9568,9573,770.87,307.16,717.39,0.0000,1
17135,9569,9573,771.07,346.64,717.28,0.0000,1
17136,9562,9574,711.57,287.60,677.91,0.2400,1
17137,9563,9574,751.06,287.40,677.94,0.6400,0
17138,9567,9574,711.54,287.71,717.40,0.2800,1
17139,9568,9574,751.03,287.51,717.43,0.0800,1
17140,9572,9570,711.74,327.20,717.29,0.4000,0
17141,9572,9571,711.77,327.09,677.80,0.5600,0
17142,9572,9575,711.86,346.89,697.49,1.0000,0
17143,9572,9574,711.66,307.40,697.60,0.0400,1
17144,9573,9571,751.26,326.89,677.83,0.1200,1
17145,9573,9575,751.34,346.69,697.52,0.0000,1
17146,9573,9570,751.23,327.00,717.32,0.1600,1
17147,9574,9571,731.42,307.25,677.87,0.1200,1
17148,9574,9573,751.14,307.20,697.63,1.0000,0
17149,9574,9570,731.38,307.36,717.36,0.1200,1
17150,9575,9570,731.58,346.85,717.25,0.1200,1
17151,9575,9571,731.62,346.74,677.76,0.0800,1
17152,9576,9585,80.28,389.48,657.37,0.6000,0
17153,9577,9585,119.76,389.28,657.40,1.0000,0
17154,9578,9585,119.97,428.77,657.29,1.0000,0
17155,9579,9585,80.48,428.97,657.26,1.0000,0
17156,9580,9584,80.41,429.19,736.24,1.0000,0
17157,9581,9584,80.21,389.70,736.35,1.0000,0
17158,9582,9584,119.70,389.50,736.38,1.0000,0
17159,9583,9584,119.90,428.99,736.27,1.0000,0
17160,9576,9586,60.52,389.64,677.10,0.9200,0
17161,9579,9586,60.72,429.13,676.99,0.2400,1
17162,9580,9586,60.69,429.23,716.48,1.0000,0
17163,9581,9586,60.48,389.75,716.58,0.5200,0
17164,9576,9588,80.16,369.79,677.17,0.8400,0
17165,9577,9588,119.65,369.59,677.20,1.0000,0
17166,9581,9588,80.13,369.90,716.66,0.9200,0
17167,9582,9588,119.62,369.70,716.69,1.0000,0
17168,9586,9584,80.33,409.39,716.55,0.4800,0
17169,9586,9585,80.36,409.28,677.06,0.9200,0
17170,9586,9589,80.45,429.08,696.75,0.1200,1
17171,9586,9588,80.24,389.59,696.86,1.0000,0
17172,9587,9585,119.85,409.08,677.09,0.9600,0
17173,9587,9589,119.93,428.88,696.78,1.0000,0
17174,9587,9584,119.82,409.19,716.58,1.0000,0
17175,9588,9585,100.00,389.44,677.13,1.0000,0
17176,9588,9587,119.73,389.39,696.89,0.4800,0
17177,9588,9584,99.97,389.55,716.62,1.0000,0
17178,9589,9584,100.17,429.03,716.51,1.0000,0
17179,9589,9585,100.21,428.92,677.02,1.0000,0
17180,9590,9599,159.25,389.08,657.43,1.0000,0
17181,9591,9599,198.74,388.88,657.47,1.0000,0
17182,9592,9599,198.94,428.37,657.36,1.0000,0
17183,9593,9599,159.45,428.57,657.32,1.0000,0
17184,9594,9598,159.39,428.79,736.30,1.0000,0
17185,9595,9598,159.19,389.30,736.41,1.0000,0
17186,9596,9598,198.68,389.10,736.44,1.0000,0
17187,9597,9598,198.88,428.59,736.33,1.0000,0
17188,9590,9600,139.49,389.24,677.16,1.0000,0
17189,9593,9600,139.69,428.72,677.05,1.0000,0
17190,9594,9600,139.66,428.83,716.54,1.0000,0
17191,9595,9600,139.46,389.35,716.65,1.0000,0
17192,9590,9602,159.14,369.39,677.23,1.0000,0
17193,9591,9602,198.62,369.19,677.26,1.0000,0
17194,9595,9602,159.10,369.50,716.72,1.0000,0
17195,9596,9602,198.59,369.30,716.75,1.0000,0
17196,9600,9598,159.31,408.99,716.61,1.0000,0
17197,9600,9599,159.34,408.88,677.12,0.9600,0
17198,9600,9603,159.42,428.68,696.81,0.7200,0
17199,9600,9602,159.22,389.19,696.92,1.0000,0
17200,9601,9599,198.83,408.68,677.16,0.8800,0
17201,9601,9603,198.91,428.48,696.85,1.0000,0
17202,9601,9598,198.79,408.79,716.64,1.0000,0
17203,9602,9599,178.98,389.04,677.19,1.0000,0
17204,9602,9601,198.71,388.99,696.95,0.9200,0
17205,9602,9598,178.95,389.14,716.68,1.0000,0
17206,9603,9598,179.15,428.63,716.57,1.0000,0
17207,9603,9599,179.18,428.52,677.08,1.0000,0
17208,9604,9613,238.23,388.68,657.50,1.0000,0
17209,9605,9613,277.72,388.48,657.53,1.0000,0
17210,9606,9613,277.92,427.97,657.42,1.0000,0
17211,9607,9613,238.43,428.17,657.39,1.0000,0
17212,9608,9612,238.37,428.39,736.37,1.0000,0
17213,9609,9612,238.17,388.90,736.48,1.0000,0
17214,9610,9612,277.65,388.70,736.51,1.0000,0
17215,9611,9612,277.85,428.19,736.40,1.0000,0
17216,9604,9614,218.47,388.83,677.23,1.0000,0
17217,9607,9614,218.67,428.32,677.12,1.0000,0
17218,9608,9614,218.64,428.43,716.61,1.0000,0
17219,9609,9614,218.44,388.94,716.72,1.0000,0
17220,9604,9616,238.11,368.99,677.30,1.0000,0
17221,9605,9616,277.60,368.79,677.33,1.0000,0
17222,9609,9616,238.08,369.10,716.79,1.0000,0
17223,9610,9616,277.57,368.90,716.82,1.0000,0
17224,9614,9612,238.28,408.59,716.68,1.0000,0
17225,9614,9613,238.31,408.48,677.19,1.0000,0
17226,9614,9617,238.40,428.28,696.88,1.0000,0
17227,9614,9616,238.20,388.79,696.99,1.0000,0
17228,9615,9613,277.80,408.28,677.22,1.0000,0
17229,9615,9617,277.89,428.08,696.91,1.0000,0
17230,9615,9612,277.77,408.39,716.71,1.0000,0
17231,9616,9613,257.96,388.63,677.26,1.0000,0
17232,9616,9615,277.69,388.59,697.02,1.0000,0
17233,9616,9612,257.93,388.74,716.75,1.0000,0
17234,9617,9612,258.13,428.23,716.64,1.0000,0
17235,9617,9613,258.16,428.12,677.15,1.0000,0
17236,9618,9627,317.21,388.28,657.56,1.0000,0
17237,9619,9627,356.69,388.08,657.60,1.0000,0
17238,9620,9627,356.90,427.56,657.49,1.0000,0
17239,9621,9627,317.41,427.77,657.45,1.0000,0
17240,9622,9626,317.34,427.98,736.43,1.0000,0
17241,9623,9626,317.14,388.50,736.54,1.0000,0
17242,9624,9626,356.63,388.30,736.57,1.0000,0
17243,9625,9626,356.83,427.78,736.46,1.0000,0
17244,9618,9628,297.45,388.43,677.29,1.0000,0
17245,9621,9628,297.65,427.92,677.18,1.0000,0
17246,9622,9628,297.61,428.03,716.67,1.0000,0
17247,9623,9628,297.41,388.54,716.78,1.0000,0
17248,9618,9630,317.09,368.59,677.36,0.6400,0
17249,9619,9630,356.58,368.39,677.40,1.0000,0
17250,9623,9630,317.06,368.70,716.85,1.0000,0
17251,9624,9630,356.55,368.50,716.88,1.0000,0
17252,9628,9626,317.26,408.19,716.74,1.0000,0
17253,9628,9627,317.29,408.08,677.25,1.0000,0
17254,9628,9631,317.38,427.88,696.94,1.0000,0
17255,9628,9630,317.17,388.39,697.05,1.0000,0
17256,9629,9627,356.78,407.88,677.29,1.0000,0
17257,9629,9631,356.86,427.67,696.98,1.0000,0
17258,9629,9626,356.75,407.98,716.78,1.0000,0
17259,9630,9627,336.93,388.23,677.32,1.0000,0
17260,9630,9629,356.66,388.19,697.09,1.0000,0
17261,9630,9626,336.90,388.34,716.81,1.0000,0
17262,9631,9626,337.10,427.83,716.70,1.0000,0
17263,9631,9627,337.14,427.72,677.22,1.0000,0
17264,9632,9641,396.18,387.88,657.63,1.0000,0
17265,9633,9641,435.67,387.68,657.66,1.0000,0
17266,9634,9641,435.87,427.16,657.55,1.0000,0
17267,9635,9641,396.38,427.36,657.52,1.0000,0
17268,9636,9640,396.32,427.58,736.50,1.0000,0
17269,9637,9640,396.12,388.09,736.61,1.0000,0
17270,9638,9640,435.61,387.89,736.64,1.0000,0
17271,9639,9640,435.81,427.38,736.53,1.0000,0
17272,9632,9642,376.42,388.03,677.36,1.0000,0
17273,9635,9642,376.62,427.52,677.25,1.0000,0
17274,9636,9642,376.59,427.63,716.74,1.0000,0
17275,9637,9642,376.39,388.14,716.85,1.0000,0
17276,9632,9644,396.07,368.19,677.43,1.0000,0
17277,9633,9644,435.55,367.99,677.46,1.0000,0
17278,9637,9644,396.03,368.30,716.92,1.0000,0
17279,9638,9644,435.52,368.10,716.95,1.0000,0
17280,9642,9640,396.24,407.78,716.81,1.0000,0
17281,9642,9641,396.27,407.67,677.32,1.0000,0
17282,9642,9645,396.35,427.47,697.01,1.0000,0
17283,9642,9644,396.15,387.99,697.12,1.0000,0
17284,9643,9641,435.76,407.47,677.35,1.0000,0
17285,9643,9645,435.84,427.27,697.04,1.0000,0
17286,9643,9640,435.72,407.58,716.84,1.0000,0
17287,9644,9641,415.91,387.83,677.39,1.0000,0
17288,9644,9643,435.64,387.78,697.15,1.0000,0
17289,9644,9640,415.88,387.94,716.88,1.0000,0
17290,9645,9640,416.08,427.43,716.77,1.0000,0
17291,9645,9641,416.11,427.32,677.28,1.0000,0
17292,9646,9655,475.16,387.47,657.70,1.0000,0
17293,9647,9655,514.65,387.27,657.73,1.0000,0
17294,9648,9655,514.85,426.76,657.62,1.0000,0
17295,9649,9655,475.36,426.96,657.59,1.0000,0
17296,9650,9654,475.30,427.18,736.56,1.0000,0
17297,9651,9654,475.10,387.69,736.67,1.0000,0
17298,9652,9654,514.58,387.49,736.71,1.0000,0
17299,9653,9654,514.78,426.98,736.60,1.0000,0
17300,9646,9656,455.40,387.63,677.42,1.0000,0
17301,9649,9656,455.60,427.12,677.31,1.0000,0
17302,9650,9656,455.57,427.23,716.80,1.0000,0
17303,9651,9656,455.37,387.74,716.91,1.0000,0
17304,9646,9658,475.04,367.78,677.49,1.0000,0
17305,9647,9658,514.53,367.58,677.53,1.0000,0
17306,9651,9658,475.01,367.89,716.98,1.0000,0
17307,9652,9658,514.50,367.69,717.02,1.0000,0
17308,9656,9654,475.21,407.38,716.87,1.0000,0
17309,9656,9655,475.24,407.27,677.38,1.0000,0
17310,9656,9659,475.33,427.07,697.07,1.0000,0
17311,9656,9658,475.13,387.58,697.18,1.0000,0
17312,9657,9655,514.73,407.07,677.42,1.0000,0
17313,9657,9659,514.82,426.87,697.11,1.0000,0
17314,9657,9654,514.70,407.18,716.91,1.0000,0
17315,9658,9655,494.89,387.43,677.46,1.0000,0
17316,9658,9657,514.62,387.38,697.22,1.0000,0
17317,9658,9654,494.86,387.54,716.94,1.0000,0
17318,9659,9654,495.06,427.03,716.84,1.0000,0
17319,9659,9655,495.09,426.92,677.35,1.0000,0
17320,9660,9669,554.14,387.07,657.76,1.0000,0
17321,9661,9669,593.62,386.87,657.79,1.0000,0
17322,9662,9669,593.83,426.36,657.68,1.0000,0
17323,9663,9669,554.34,426.56,657.65,1.0000,0
17324,9664,9668,554.27,426.78,736.63,1.0000,0
17325,9665,9668,554.07,387.29,736.74,1.0000,0
17326,9666,9668,593.56,387.09,736.77,1.0000,0
17327,9667,9668,593.76,426.58,736.66,1.0000,0
17328,9660,9670,534.38,387.23,677.49,1.0000,0
17329,9663,9670,534.58,426.72,677.38,1.0000,0
17330,9664,9670,534.54,426.83,716.87,1.0000,0
17331,9665,9670,534.34,387.34,716.98,1.0000,0
17332,9660,9672,554.02,367.38,677.56,1.0000,0
17333,9661,9672,593.51,367.18,677.59,1.0000,0
17334,9665,9672,553.99,367.49,717.05,1.0000,0
17335,9666,9672,593.48,367.29,717.08,1.0000,0
17336,9670,9668,554.19,406.98,716.94,1.0000,0
17337,9670,9669,554.22,406.87,677.45,1.0000,0
17338,9670,9673,554.30,426.67,697.14,1.0000,0
17339,9670,9672,554.10,387.18,697.25,1.0000,0
17340,9671,9669,593.71,406.67,677.48,1.0000,0
17341,9671,9673,593.79,426.47,697.17,1.0000,0
17342,9671,9668,593.68,406.78,716.97,1.0000,0
17343,9672,9669,573.86,387.03,677.52,1.0000,0
17344,9672,9671,593.59,386.98,697.28,1.0000,0
17345,9672,9668,573.83,387.14,717.01,1.0000,0
17346,9673,9668,574.03,426.62,716.90,1.0000,0
17347,9673,9669,574.06,426.52,677.41,1.0000,0
17348,9674,9683,633.11,386.67,657.83,1.0000,0
17349,9675,9683,672.60,386.47,657.86,0.1200,1
17350,9676,9683,672.80,425.96,657.75,1.0000,0
17351,9677,9683,633.31,426.16,657.72,0.7200,0
17352,9678,9682,633.25,426.38,736.69,1.0000,0
17353,9679,9682,633.05,386.89,736.80,1.0000,0
17354,9680,9682,672.54,386.69,736.84,1.0000,0
17355,9681,9682,672.74,426.18,736.73,1.0000,0
17356,9674,9684,613.35,386.83,677.55,0.8800,0
17357,9677,9684,613.55,426.31,677.44,0.4000,0
17358,9678,9684,613.52,426.42,716.93,0.5200,0
17359,9679,9684,613.32,386.94,717.04,0.8800,0
17360,9674,9686,633.00,366.98,677.62,0.9200,0
17361,9675,9686,672.48,366.78,677.66,0.7600,0
17362,9679,9686,632.96,367.09,717.11,0.8800,0
17363,9680,9686,672.45,366.89,717.15,0.9200,0
17364,9684,9682,633.16,406.58,717.00,0.5200,0
17365,9684,9683,633.20,406.47,677.52,0.7600,0
17366,9684,9687,633.28,426.27,697.21,1.0000,0
17367,9684,9686,633.08,386.78,697.31,0.6400,0
17368,9685,9683,672.69,406.27,677.55,0.7600,0
17369,9685,9687,672.77,426.07,697.24,0.2000,1
17370,9685,9682,672.65,406.38,717.04,0.7200,0
17371,9686,9683,652.84,386.63,677.59,0.0800,1
17372,9686,9685,672.57,386.58,697.35,1.0000,0
17373,9686,9682,652.81,386.73,717.08,0.0800,1
17374,9687,9682,653.01,426.22,716.97,0.1600,1
17375,9687,9683,653.04,426.11,677.48,0.1600,1
17376,9688,9697,712.09,386.27,657.89,1.0000,0
17377,9689,9697,751.58,386.07,657.92,0.0000,1
17378,9690,9697,751.78,425.56,657.81,1.0000,0
17379,9691,9697,712.29,425.76,657.78,0.0400,1
17380,9692,9696,712.23,425.98,736.76,1.0000,0
17381,9693,9696,712.02,386.49,736.87,1.0000,0
17382,9694,9696,751.51,386.29,736.90,0.4800,0
17383,9695,9696,751.71,425.78,736.79,0.6800,0
17384,9688,9698,692.33,386.42,677.62,0.1200,1
17385,9691,9698,692.53,425.91,677.51,0.0800,1
17386,9692,9698,692.50,426.02,717.00,0.1200,1
17387,9693,9698,692.30,386.53,717.11,0.0800,1
17388,9689,9699,771.31,386.02,677.68,0.0000,1
17389,9690,9699,771.51,425.51,677.58,0.0000,1
17390,9694,9699,771.27,386.13,717.17,0.0000,1
17391,9695,9699,771.47,425.62,717.06,0.0000,1
17392,9688,9700,711.97,366.58,677.69,0.1600,1
17393,9689,9700,751.46,366.38,677.72,0.6000,0
17394,9693,9700,711.94,366.69,717.18,0.2800,1
17395,9694,9700,751.43,366.49,717.21,0.1200,1
17396,9698,9696,712.14,406.18,717.07,0.2000,1
17397,9698,9697,712.17,406.07,677.58,0.2800,1
17398,9698,9701,712.26,425.87,697.27,1.0000,0
17399,9698,9700,712.06,386.38,697.38,0.0400,1
17400,9699,9697,751.66,405.87,677.61,0.3200,0
17401,9699,9701,751.75,425.67,697.30,0.0000,1
17402,9699,9696,751.63,405.98,717.10,0.2800,1
17403,9700,9697,731.82,386.22,677.65,0.1200,1
17404,9700,9699,751.55,386.18,697.41,1.0000,0
17405,9700,9696,731.79,386.33,717.14,0.1200,1
17406,9701,9696,731.99,425.82,717.03,0.1200,1
17407,9701,9697,732.02,425.71,677.54,0.0800,1
17408,9702,9711,80.68,468.46,657.15,0.3600,0
17409,9703,9711,120.17,468.26,657.18,1.0000,0
17410,9704,9711,120.37,507.75,657.07,0.8800,0
17411,9705,9711,80.88,507.95,657.04,1.0000,0
17412,9706,9710,80.81,508.17,736.02,1.0000,0
17413,9707,9710,80.61,468.68,736.13,1.0000,0
17414,9708,9710,120.10,468.48,736.16,1.0000,0
17415,9709,9710,120.30,507.96,736.05,1.0000,0
17416,9702,9712,60.92,468.61,676.88,1.0000,0
17417,9705,9712,61.12,508.10,676.77,0.0400,1
17418,9706,9712,61.09,508.21,716.26,0.9200,0
17419,9707,9712,60.89,468.72,716.37,0.5200,0
17420,9702,9714,80.56,448.77,676.95,0.8800,0
17421,9703,9714,120.05,448.57,676.98,1.0000,0
17422,9707,9714,80.53,448.88,716.44,0.8000,0
17423,9708,9714,120.02,448.68,716.47,0.8000,0
17424,9712,9710,80.73,488.37,716.33,0.7600,0
17425,9712,9711,80.76,488.26,676.84,0.8000,0
17426,9712,9715,80.85,508.06,696.53,0.2000,1
17427,9712,9714,80.65,468.57,696.64,1.0000,0
17428,9713,9711,120.25,488.06,676.87,1.0000,0
17429,9713,9715,120.34,507.86,696.56,1.0000,0
17430,9713,9710,120.22,488.17,716.36,1.0000,0
17431,9714,9711,100.41,468.41,676.91,1.0000,0
17432,9714,9713,120.13,468.37,696.67,0.4800,0
17433,9714,9710,100.37,468.52,716.40,1.0000,0
17434,9715,9710,100.58,508.01,716.29,1.0000,0
17435,9715,9711,100.61,507.90,676.80,1.0000,0
17436,9716,9725,159.65,468.06,657.21,1.0000,0
17437,9717,9725,199.14,467.86,657.25,1.0000,0
17438,9718,9725,199.34,507.34,657.14,1.0000,0
17439,9719,9725,159.86,507.55,657.11,1.0000,0
17440,9720,9724,159.79,507.76,736.08,1.0000,0
17441,9721,9724,159.59,468.28,736.19,1.0000,0
17442,9722,9724,199.08,468.08,736.22,1.0000,0
17443,9723,9724,199.28,507.56,736.12,1.0000,0
17444,9716,9726,139.89,468.21,676.94,1.0000,0
17445,9719,9726,140.10,507.70,676.83,1.0000,0
17446,9720,9726,140.06,507.81,716.32,1.0000,0
17447,9721,9726,139.86,468.32,716.43,1.0000,0
17448,9716,9728,159.54,448.37,677.01,1.0000,0
17449,9717,9728,199.03,448.17,677.05,1.0000,0
17450,9721,9728,159.51,448.48,716.50,1.0000,0
17451,9722,9728,198.99,448.28,716.54,1.0000,0
17452,9726,9724,159.71,487.97,716.39,1.0000,0
17453,9726,9725,159.74,487.86,676.90,0.8000,0
17454,9726,9729,159.82,507.65,696.59,0.9200,0
17455,9726,9728,159.62,468.17,696.70,1.0000,0
17456,9727,9725,199.23,487.65,676.94,1.0000,0
17457,9727,9729,199.31,507.45,696.63,1.0000,0
17458,9727,9724,199.20,487.76,716.43,1.0000,0
17459,9728,9725,179.38,468.01,676.98,1.0000,0
17460,9728,9727,199.11,467.97,696.74,1.0000,0
17461,9728,9724,179.35,468.12,716.46,1.0000,0
17462,9729,9724,179.55,507.61,716.35,1.0000,0
17463,9729,9725,179.58,507.50,676.87,1.0000,0
17464,9730,9739,238.63,467.66,657.28,1.0000,0
17465,9731,9739,278.12,467.45,657.31,1.0000,0
17466,9732,9739,278.32,506.94,657.20,1.0000,0
17467,9733,9739,238.83,507.14,657.17,1.0000,0
17468,9734,9738,238.77,507.36,736.15,1.0000,0
17469,9735,9738,238.57,467.87,736.26,1.0000,0
17470,9736,9738,278.06,467.67,736.29,1.0000,0
17471,9737,9738,278.26,507.16,736.18,1.0000,0
17472,9730,9740,218.87,467.81,677.01,1.0000,0
17473,9733,9740,219.07,507.30,676.90,1.0000,0
17474,9734,9740,219.04,507.41,716.39,1.0000,0
17475,9735,9740,218.84,467.92,716.50,1.0000,0
17476,9730,9742,238.51,447.97,677.08,1.0000,0
17477,9731,9742,278.00,447.77,677.11,1.0000,0
17478,9735,9742,238.48,448.08,716.57,1.0000,0
17479,9736,9742,277.97,447.87,716.60,1.0000,0
17480,9740,9738,238.68,487.56,716.46,1.0000,0
17481,9740,9739,238.72,487.45,676.97,1.0000,0
17482,9740,9743,238.80,507.25,696.66,1.0000,0
17483,9740,9742,238.60,467.76,696.77,1.0000,0
17484,9741,9739,278.20,487.25,677.00,1.0000,0
17485,9741,9743,278.29,507.05,696.69,1.0000,0
17486,9741,9738,278.17,487.36,716.49,1.0000,0
17487,9742,9739,258.36,467.61,677.04,1.0000,0
17488,9742,9741,278.09,467.56,696.80,1.0000,0
17489,9742,9738,258.33,467.72,716.53,1.0000,0
17490,9743,9738,258.53,507.21,716.42,1.0000,0
17491,9743,9739,258.56,507.10,676.93,1.0000,0
17492,9744,9753,317.61,467.25,657.35,1.0000,0
17493,9745,9753,357.10,467.05,657.38,1.0000,0
17494,9746,9753,357.30,506.54,657.27,1.0000,0
17495,9747,9753,317.81,506.74,657.24,1.0000,0
17496,9748,9752,317.74,506.96,736.21,1.0000,0
17497,9749,9752,317.54,467.47,736.32,1.0000,0
17498,9750,9752,357.03,467.27,736.36,1.0000,0
17499,9751,9752,357.23,506.76,736.25,1.0000,0
17500,9744,9754,297.85,467.41,677.07,1.0000,0
17501,9747,9754,298.05,506.90,676.96,1.0000,0
17502,9748,9754,298.02,507.01,716.45,1.0000,0
17503,9749,9754,297.82,467.52,716.56,1.0000,0
17504,9744,9756,317.49,447.56,677.14,1.0000,0
17505,9745,9756,356.98,447.36,677.18,0.9600,0
17506,9749,9756,317.46,447.67,716.63,1.0000,0
17507,9750,9756,356.95,447.47,716.67,1.0000,0
17508,9754,9752,317.66,487.16,716.52,1.0000,0
17509,9754,9753,317.69,487.05,677.04,1.0000,0
17510,9754,9757,317.78,506.85,696.73,1.0000,0
17511,9754,9756,317.58,467.36,696.83,1.0000,0
17512,9755,9753,357.18,486.85,677.07,1.0000,0
17513,9755,9757,357.27,506.65,696.76,1.0000,0
17514,9755,9752,357.15,486.96,716.56,1.0000,0
17515,9756,9753,337.34,467.21,677.11,1.0000,0
17516,9756,9755,357.06,467.16,696.87,1.0000,0
17517,9756,9752,337.30,467.32,716.60,1.0000,0
17518,9757,9752,337.50,506.81,716.49,1.0000,0
17519,9757,9753,337.54,506.70,677.00,1.0000,0
17520,9758,9767,396.58,466.85,657.41,1.0000,0
17521,9759,9767,436.07,466.65,657.44,1.0000,0
17522,9760,9767,436.27,506.14,657.33,1.0000,0
17523,9761,9767,396.79,506.34,657.30,1.0000,0
17524,9762,9766,396.72,506.56,736.28,1.0000,0
17525,9763,9766,396.52,467.07,736.39,1.0000,0
17526,9764,9766,436.01,466.87,736.42,1.0000,0
17527,9765,9766,436.21,506.36,736.31,1.0000,0
17528,9758,9768,376.82,467.01,677.14,1.0000,0
17529,9761,9768,377.03,506.50,677.03,1.0000,0
17530,9762,9768,376.99,506.60,716.52,1.0000,0
17531,9763,9768,376.79,467.12,716.63,1.0000,0
17532,9758,9770,396.47,447.16,677.21,0.8400,0
17533,9759,9770,435.96,446.96,677.24,0.5200,0
17534,9763,9770,396.44,447.27,716.70,1.0000,0
17535,9764,9770,435.92,447.07,716.73,1.0000,0
17536,9768,9766,396.64,486.76,716.59,1.0000,0
17537,9768,9767,396.67,486.65,677.10,1.0000,0
17538,9768,9771,396.75,506.45,696.79,1.0000,0
17539,9768,9770,396.55,466.96,696.90,1.0000,0
17540,9769,9767,436.16,486.45,677.13,1.0000,0
17541,9769,9771,436.24,506.25,696.82,1.0000,0
17542,9769,9766,436.13,486.56,716.62,1.0000,0
17543,9770,9767,416.31,466.81,677.17,1.0000,0
17544,9770,9769,436.04,466.76,696.93,1.0000,0
17545,9770,9766,416.28,466.92,716.66,1.0000,0
17546,9771,9766,416.48,506.40,716.55,1.0000,0
17547,9771,9767,416.51,506.29,677.06,1.0000,0
17548,9772,9781,475.56,466.45,657.48,1.0000,0
17549,9773,9781,515.05,466.25,657.51,1.0000,0
17550,9774,9781,515.25,505.74,657.40,1.0000,0
17551,9775,9781,475.76,505.94,657.37,1.0000,0
17552,9776,9780,475.70,506.16,736.34,1.0000,0
17553,9777,9780,475.50,466.67,736.45,1.0000,0
17554,9778,9780,514.99,466.47,736.49,1.0000,0
17555,9779,9780,515.19,505.96,736.38,1.0000,0
17556,9772,9782,455.80,466.61,677.20,1.0000,0
17557,9775,9782,456.00,506.09,677.10,1.0000,0
17558,9776,9782,455.97,506.20,716.58,1.0000,0
17559,9777,9782,455.77,466.72,716.69,1.0000,0
17560,9772,9784,475.44,446.76,677.28,1.0000,0
17561,9773,9784,514.93,446.56,677.31,1.0000,0
17562,9777,9784,475.41,446.87,716.76,0.0400,1
17563,9778,9784,514.90,446.67,716.80,1.0000,0
17564,9782,9780,475.61,486.36,716.65,1.0000,0
17565,9782,9781,475.65,486.25,677.17,1.0000,0
17566,9782,9785,475.73,506.05,696.86,1.0000,0
17567,9782,9784,475.53,466.56,696.97,1.0000,0
17568,9783,9781,515.13,486.05,677.20,1.0000,0
17569,9783,9785,515.22,505.85,696.89,1.0000,0
17570,9783,9780,515.10,486.16,716.69,1.0000,0
17571,9784,9781,495.29,466.40,677.24,1.0000,0
17572,9784,9783,515.02,466.36,697.00,1.0000,0
17573,9784,9780,495.26,466.51,716.73,1.0000,0
17574,9785,9780,495.46,506.00,716.62,1.0000,0
17575,9785,9781,495.49,505.89,677.13,1.0000,0
17576,9786,9795,554.54,466.05,657.54,1.0000,0
17577,9787,9795,594.03,465.85,657.57,0.8000,0
17578,9788,9795,594.23,505.34,657.47,1.0000,0
17579,9789,9795,554.74,505.54,657.43,0.9600,0
17580,9790,9794,554.67,505.76,736.41,1.0000,0
17581,9791,9794,554.47,466.27,736.52,1.0000,0
17582,9792,9794,593.96,466.07,736.55,1.0000,0
17583,9793,9794,594.16,505.56,736.44,1.0000,0
17584,9786,9796,534.78,466.20,677.27,1.0000,0
17585,9789,9796,534.98,505.69,677.16,1.0000,0
17586,9790,9796,534.95,505.80,716.65,1.0000,0
17587,9791,9796,534.75,466.31,716.76,1.0000,0
17588,9786,9798,554.42,446.36,677.34,1.0000,0
17589,9787,9798,593.91,446.16,677.37,1.0000,0
17590,9791,9798,554.39,446.47,716.83,1.0000,0
17591,9792,9798,593.88,446.27,716.86,1.0000,0
17592,9796,9794,554.59,485.96,716.72,1.0000,0
17593,9796,9795,554.62,485.85,677.23,1.0000,0
17594,9796,9799,554.71,505.65,696.92,1.0000,0
17595,9796,9798,554.51,466.16,697.03,1.0000,0
17596,9797,9795,594.11,485.65,677.26,0.6800,0
17597,9797,9799,594.19,505.45,696.95,0.9600,0
17598,9797,9794,594.08,485.76,716.75,1.0000,0
17599,9798,9795,574.27,466.00,677.30,1.0000,0
17600,9798,9797,593.99,465.96,697.06,1.0000,0
17601,9798,9794,574.23,466.11,716.79,1.0000,0
17602,9799,9794,574.43,505.60,716.68,1.0000,0
17603,9799,9795,574.47,505.49,677.19,0.8800,0
17604,9800,9809,633.51,465.65,657.61,1.0000,0
17605,9801,9809,673.00,465.45,657.64,0.1600,1
17606,9802,9809,673.20,504.93,657.53,1.0000,0
17607,9803,9809,633.72,505.14,657.50,0.0000,1
17608,9804,9808,633.65,505.35,736.48,1.0000,0
17609,9805,9808,633.45,465.87,736.58,1.0000,0
17610,9806,9808,672.94,465.67,736.62,1.0000,0
17611,9807,9808,673.14,505.15,736.51,1.0000,0
17612,9800,9810,613.75,465.80,677.34,0.1200,1
17613,9803,9810,613.96,505.29,677.23,0.6000,0
17614,9804,9810,613.92,505.40,716.71,0.2800,1
17615,9805,9810,613.72,465.91,716.82,0.2000,1
17616,9800,9812,633.40,445.96,677.41,1.0000,0
17617,9801,9812,672.89,445.76,677.44,1.0000,0
17618,9805,9812,633.37,446.07,716.90,0.5600,0
17619,9806,9812,672.85,445.87,716.93,0.6000,0
17620,9810,9808,633.57,485.56,716.79,0.6000,0
17621,9810,9809,633.60,485.45,677.30,1.0000,0
17622,9810,9813,633.68,505.25,696.99,1.0000,0
17623,9810,9812,633.48,465.76,697.10,0.5600,0
17624,9811,9809,673.09,485.25,677.33,0.5200,0
17625,9811,9813,673.17,505.04,697.02,0.1200,1
17626,9811,9808,673.05,485.35,716.82,0.8000,0
17627,9812,9809,653.24,465.60,677.37,0.3200,0
17628,9812,9811,672.97,465.56,697.13,1.0000,0
17629,9812,9808,653.21,465.71,716.86,0.1600,1
17630,9813,9808,653.41,505.20,716.75,0.2400,1
17631,9813,9809,653.44,505.09,677.26,0.1600,1
17632,9814,9823,712.49,465.25,657.67,1.0000,0
17633,9815,9823,751.98,465.05,657.71,0.0000,1
17634,9816,9823,752.18,504.53,657.60,1.0000,0
17635,9817,9823,712.69,504.73,657.56,0.0000,1
17636,9818,9822,712.63,504.95,736.54,1.0000,0
17637,9819,9822,712.43,465.46,736.65,1.0000,0
17638,9820,9822,751.91,465.26,736.68,0.4000,0
17639,9821,9822,752.12,504.75,736.57,0.4000,0
17640,9814,9824,692.73,465.40,677.40,0.0800,1
17641,9817,9824,692.93,504.89,677.29,0.0800,1
17642,9818,9824,692.90,505.00,716.78,0.0800,1
17643,9819,9824,692.70,465.51,716.89,0.1200,1
17644,9815,9825,771.71,465.00,677.47,0.0000,1
17645,9816,9825,771.91,504.49,677.36,0.0000,1
17646,9820,9825,771.68,465.11,716.95,0.0000,1
17647,9821,9825,771.88,504.60,716.85,0.0000,1
17648,9814,9826,712.37,445.56,677.47,0.1200,1
17649,9815,9826,751.86,445.36,677.50,0.2400,1
17650,9819,9826,712.34,445.67,716.96,0.2000,1
17651,9820,9826,751.83,445.47,716.99,0.2000,1
17652,9824,9822,712.54,485.15,716.85,0.1200,1
17653,9824,9823,712.58,485.04,677.36,0.2800,1
17654,9824,9827,712.66,504.84,697.05,1.0000,0
17655,9824,9826,712.46,465.36,697.16,0.0800,1
17656,9825,9823,752.06,484.84,677.40,0.0800,1
17657,9825,9827,752.15,504.64,697.09,0.0000,1
17658,9825,9822,752.03,484.95,716.88,0.1200,1
17659,9826,9823,732.22,465.20,677.43,0.1200,1
17660,9826,9825,751.95,465.15,697.19,1.0000,0
17661,9826,9822,732.19,465.31,716.92,0.1200,1
17662,9827,9822,732.39,504.80,716.81,0.1200,1
17663,9827,9823,732.42,504.69,677.32,0.0800,1
17664,9828,9837,81.08,547.43,656.93,0.4800,0
17665,9829,9837,120.57,547.23,656.96,1.0000,0
17666,9830,9837,120.77,586.72,656.85,1.0000,0
17667,9831,9837,81.28,586.92,656.82,1.0000,0
17668,9832,9836,81.22,587.14,735.80,1.0000,0
17669,9833,9836,81.02,547.65,735.91,1.0000,0
17670,9834,9836,120.50,547.45,735.94,1.0000,0
17671,9835,9836,120.70,586.94,735.83,1.0000,0
17672,9828,9838,61.32,547.59,676.66,0.3600,0
17673,9831,9838,61.52,587.08,676.55,0.6000,0
17674,9832,9838,61.49,587.19,716.04,0.8000,0
17675,9833,9838,61.29,547.70,716.15,0.1600,1
17676,9828,9840,80.96,527.75,676.73,0.9200,0
17677,9829,9840,120.45,527.54,676.76,1.0000,0
17678,9833,9840,80.93,527.85,716.22,0.5600,0
17679,9834,9840,120.42,527.65,716.25,0.9600,0
17680,9838,9836,81.13,567.34,716.11,0.8400,0
17681,9838,9837,81.16,567.23,676.62,1.0000,0
17682,9838,9841,81.25,587.03,696.31,0.4400,0
17683,9838,9840,81.05,547.54,696.42,1.0000,0
17684,9839,9837,120.65,567.03,676.65,1.0000,0
17685,9839,9841,120.74,586.83,696.34,1.0000,0
17686,9839,9836,120.62,567.14,716.14,1.0000,0
17687,9840,9837,100.81,547.39,676.69,1.0000,0
17688,9840,9839,120.54,547.34,696.45,1.0000,0
17689,9840,9836,100.78,547.50,716.18,1.0000,0
17690,9841,9836,100.98,586.99,716.07,1.0000,0
17691,9841,9837,101.01,586.88,676.58,1.0000,0
17692,9842,9851,160.06,547.03,657.00,1.0000,0
17693,9843,9851,199.55,546.83,657.03,1.0000,0
17694,9844,9851,199.75,586.32,656.92,1.0000,0
17695,9845,9851,160.26,586.52,656.89,1.0000,0
17696,9846,9850,160.19,586.74,735.86,1.0000,0
17697,9847,9850,159.99,547.25,735.97,1.0000,0
17698,9848,9850,199.48,547.05,736.01,1.0000,0
17699,9849,9850,199.68,586.54,735.90,1.0000,0
17700,9842,9852,140.30,547.19,676.72,1.0000,0
17701,9845,9852,140.50,586.68,676.62,1.0000,0
17702,9846,9852,140.47,586.79,716.10,1.0000,0
17703,9847,9852,140.26,547.30,716.21,1.0000,0
17704,9842,9854,159.94,527.34,676.80,1.0000,0
17705,9843,9854,199.43,527.14,676.83,1.0000,0
17706,9847,9854,159.91,527.45,716.28,1.0000,0
17707,9848,9854,199.40,527.25,716.32,1.0000,0
17708,9852,9850,160.11,566.94,716.17,0.8400,0
17709,9852,9851,160.14,566.83,676.69,0.7200,0
17710,9852,9855,160.23,586.63,696.38,1.0000,0
17711,9852,9854,160.02,547.14,696.48,1.0000,0
17712,9853,9851,199.63,566.63,676.72,1.0000,0
17713,9853,9855,199.71,586.43,696.41,1.0000,0
17714,9853,9850,199.60,566.74,716.21,1.0000,0
17715,9854,9851,179.78,546.99,676.76,1.0000,0
17716,9854,9853,199.51,546.94,696.52,1.0000,0
17717,9854,9850,179.75,547.10,716.25,1.0000,0
17718,9855,9850,179.95,586.59,716.14,1.0000,0
17719,9855,9851,179.99,586.48,676.65,1.0000,0
17720,9856,9865,239.03,546.63,657.06,1.0000,0
17721,9857,9865,278.52,546.43,657.09,1.0000,0
17722,9858,9865,278.72,585.92,656.99,1.0000,0
17723,9859,9865,239.23,586.12,656.95,1.0000,0
17724,9860,9864,239.17,586.34,735.93,1.0000,0
17725,9861,9864,238.97,546.85,736.04,1.0000,0
17726,9862,9864,278.46,546.65,736.07,1.0000,0
17727,9863,9864,278.66,586.14,735.96,1.0000,0
17728,9856,9866,219.27,546.79,676.79,1.0000,0
17729,9859,9866,219.47,586.27,676.68,1.0000,0
17730,9860,9866,219.44,586.38,716.17,1.0000,0
17731,9861,9866,219.24,546.90,716.28,1.0000,0
17732,9856,9868,238.92,526.94,676.86,1.0000,0
17733,9857,9868,278.41,526.74,676.89,1.0000,0
17734,9861,9868,238.88,527.05,716.35,1.0000,0
17735,9862,9868,278.37,526.85,716.38,1.0000,0
17736,9866,9864,239.09,566.54,716.24,1.0000,0
17737,9866,9865,239.12,566.43,676.75,1.0000,0
17738,9866,9869,239.20,586.23,696.44,1.0000,0
17739,9866,9868,239.00,546.74,696.55,1.0000,0
17740,9867,9865,278.61,566.23,676.78,1.0000,0
17741,9867,9869,278.69,586.03,696.47,1.0000,0
17742,9867,9864,278.57,566.34,716.27,1.0000,0
17743,9868,9865,258.76,546.59,676.82,1.0000,0
17744,9868,9867,278.49,546.54,696.58,1.0000,0
17745,9868,9864,258.73,546.70,716.31,1.0000,0
17746,9869,9864,258.93,586.18,716.20,1.0000,0
17747,9869,9865,258.96,586.07,676.71,1.0000,0
17748,9870,9879,318.01,546.23,657.13,1.0000,0
17749,9871,9879,357.50,546.03,657.16,1.0000,0
17750,9872,9879,357.70,585.52,657.05,1.0000,0
17751,9873,9879,318.21,585.72,657.02,1.0000,0
17752,9874,9878,318.15,585.94,736.00,1.0000,0
17753,9875,9878,317.95,546.45,736.10,1.0000,0
17754,9876,9878,357.43,546.25,736.14,1.0000,0
17755,9877,9878,357.63,585.74,736.03,1.0000,0
17756,9870,9880,298.25,546.39,676.86,1.0000,0
17757,9873,9880,298.45,585.87,676.75,1.0000,0
17758,9874,9880,298.42,585.98,716.23,1.0000,0
17759,9875,9880,298.22,546.49,716.34,1.0000,0
17760,9870,9882,317.89,526.54,676.93,1.0000,0
17761,9871,9882,357.38,526.34,676.96,1.0000,0
17762,9875,9882,317.86,526.65,716.41,1.0000,0
17763,9876,9882,357.35,526.45,716.45,1.0000,0
17764,9880,9878,318.06,566.14,716.31,1.0000,0
17765,9880,9879,318.09,566.03,676.82,1.0000,0
17766,9880,9883,318.18,585.83,696.51,1.0000,0
17767,9880,9882,317.98,546.34,696.62,1.0000,0
17768,9881,9879,357.58,565.83,676.85,1.0000,0
17769,9881,9883,357.67,585.63,696.54,1.0000,0
17770,9881,9878,357.55,565.94,716.34,1.0000,0
17771,9882,9879,337.74,546.18,676.89,1.0000,0
17772,9882,9881,357.47,546.14,696.65,1.0000,0
17773,9882,9878,337.71,546.29,716.38,1.0000,0
17774,9883,9878,337.91,585.78,716.27,1.0000,0
17775,9883,9879,337.94,585.67,676.78,1.0000,0
17776,9884,9893,396.99,545.83,657.19,1.0000,0
17777,9885,9893,436.47,545.63,657.23,1.0000,0
17778,9886,9893,436.68,585.12,657.12,1.0000,0
17779,9887,9893,397.19,585.32,657.08,1.0000,0
17780,9888,9892,397.12,585.54,736.06,1.0000,0
17781,9889,9892,396.92,546.05,736.17,1.0000,0
17782,9890,9892,436.41,545.85,736.20,1.0000,0
17783,9891,9892,436.61,585.33,736.09,1.0000,0
17784,9884,9894,377.23,545.98,676.92,1.0000,0
17785,9887,9894,377.43,585.47,676.81,1.0000,0
17786,9888,9894,377.39,585.58,716.30,1.0000,0
17787,9889,9894,377.19,546.09,716.41,1.0000,0
17788,9884,9896,396.87,526.14,676.99,1.0000,0
17789,9885,9896,436.36,525.94,677.02,1.0000,0
17790,9889,9896,396.84,526.25,716.48,1.0000,0
17791,9890,9896,436.33,526.05,716.51,1.0000,0
17792,9894,9892,397.04,565.74,716.37,1.0000,0
17793,9894,9893,397.07,565.63,676.88,1.0000,0
17794,9894,9897,397.16,585.43,696.57,1.0000,0
17795,9894,9896,396.95,545.94,696.68,1.0000,0
17796,9895,9893,436.56,565.43,676.92,1.0000,0
17797,9895,9897,436.64,585.23,696.60,1.0000,0
17798,9895,9892,436.53,565.54,716.40,1.0000,0
17799,9896,9893,416.71,545.78,676.95,1.0000,0
17800,9896,9895,436.44,545.74,696.71,1.0000,0
17801,9896,9892,416.68,545.89,716.44,1.0000,0
17802,9897,9892,416.88,585.38,716.33,1.0000,0
17803,9897,9893,416.92,585.27,676.84,1.0000,0
17804,9898,9907,475.96,545.43,657.26,1.0000,0
17805,9899,9907,515.45,545.23,657.29,1.0000,0
17806,9900,9907,515.65,584.71,657.18,1.0000,0
17807,9901,9907,476.16,584.92,657.15,1.0000,0
17808,9902,9906,476.10,585.13,736.13,1.0000,0
17809,9903,9906,475.90,545.65,736.24,1.0000,0
17810,9904,9906,515.39,545.44,736.27,1.0000,0
17811,9905,9906,515.59,584.93,736.16,1.0000,0
17812,9898,9908,456.20,545.58,676.99,1.0000,0
17813,9901,9908,456.40,585.07,676.88,1.0000,0
17814,9902,9908,456.37,585.18,716.37,1.0000,0
17815,9903,9908,456.17,545.69,716.47,1.0000,0
17816,9898,9910,475.85,525.74,677.06,1.0000,0
17817,9899,9910,515.33,525.54,677.09,1.0000,0
17818,9903,9910,475.81,525.85,716.55,1.0000,0
17819,9904,9910,515.30,525.65,716.58,1.0000,0
17820,9908,9906,476.02,565.34,716.44,1.0000,0
17821,9908,9907,476.05,565.23,676.95,1.0000,0
17822,9908,9911,476.13,585.02,696.64,1.0000,0
17823,9908,9910,475.93,545.54,696.75,1.0000,0
17824,9909,9907,515.54,565.02,676.98,1.0000,0
17825,9909,9911,515.62,584.82,696.67,1.0000,0
17826,9909,9906,515.50,565.13,716.47,1.0000,0
17827,9910,9907,495.69,545.38,677.02,1.0000,0
17828,9910,9909,515.42,545.34,696.78,1.0000,0
17829,9910,9906,495.66,545.49,716.51,1.0000,0
17830,9911,9906,495.86,584.98,716.40,1.0000,0
17831,9911,9907,495.89,584.87,676.91,1.0000,0
17832,9912,9921,554.94,545.03,657.32,1.0000,0
17833,9913,9921,594.43,544.82,657.36,0.5600,0
17834,9914,9921,594.63,584.31,657.25,1.0000,0
17835,9915,9921,555.14,584.51,657.21,0.9200,0
17836,9916,9920,555.08,584.73,736.19,1.0000,0
17837,9917,9920,554.88,545.24,736.30,1.0000,0
17838,9918,9920,594.36,545.04,736.33,1.0000,0
17839,9919,9920,594.56,584.53,736.22,1.0000,0
17840,9912,9922,535.18,545.18,677.05,1.0000,0
17841,9915,9922,535.38,584.67,676.94,1.0000,0
17842,9916,9922,535.35,584.78,716.43,1.0000,0
17843,9917,9922,535.15,545.29,716.54,1.0000,0
17844,9912,9924,554.82,525.34,677.12,1.0000,0
17845,9913,9924,594.31,525.14,677.16,1.0000,0
17846,9917,9924,554.79,525.45,716.61,1.0000,0
17847,9918,9924,594.28,525.24,716.64,1.0000,0
17848,9922,9920,554.99,564.93,716.50,1.0000,0
17849,9922,9921,555.02,564.82,677.01,1.0000,0
17850,9922,9925,555.11,584.62,696.70,1.0000,0
17851,9922,9924,554.91,545.13,696.81,1.0000,0
17852,9923,9921,594.51,564.62,677.05,1.0000,0
17853,9923,9925,594.60,584.42,696.74,0.8800,0
17854,9923,9920,594.48,564.73,716.53,0.8400,0
17855,9924,9921,574.67,544.98,677.08,0.0400,1
17856,9924,9923,594.40,544.93,696.84,1.0000,0
17857,9924,9920,574.64,545.09,716.57,1.0000,0
17858,9925,9920,574.84,584.58,716.46,0.8400,0
17859,9925,9921,574.87,584.47,676.97,0.6800,0
17860,9926,9935,633.92,544.62,657.39,1.0000,0
17861,9927,9935,673.40,544.42,657.42,0.0800,1
17862,9928,9935,673.61,583.91,657.31,1.0000,0
17863,9929,9935,634.12,584.11,657.28,0.3600,0
17864,9930,9934,634.05,584.33,736.26,1.0000,0
17865,9931,9934,633.85,544.84,736.37,1.0000,0
17866,9932,9934,673.34,544.64,736.40,1.0000,0
17867,9933,9934,673.54,584.13,736.29,1.0000,0
17868,9926,9936,614.16,544.78,677.12,0.4000,0
17869,9929,9936,614.36,584.27,677.01,0.8800,0
17870,9930,9936,614.32,584.38,716.50,0.6400,0
17871,9931,9936,614.12,544.89,716.61,0.3600,0
17872,9926,9938,633.80,524.93,677.19,0.8400,0
17873,9927,9938,673.29,524.73,677.22,0.4800,0
17874,9931,9938,633.77,525.04,716.68,1.0000,0
17875,9932,9938,673.26,524.84,716.71,0.6800,0
17876,9936,9934,633.97,564.53,716.57,0.3600,0
17877,9936,9935,634.00,564.42,677.08,1.0000,0
17878,9936,9939,634.08,584.22,696.77,1.0000,0
17879,9936,9938,633.88,544.73,696.88,0.5200,0
17880,9937,9935,673.49,564.22,677.11,0.7600,0
17881,9937,9939,673.57,584.02,696.80,0.2000,1
17882,9937,9934,673.46,564.33,716.60,0.9200,0
17883,9938,9935,653.64,544.58,677.15,0.0800,1
17884,9938,9937,673.37,544.53,696.91,1.0000,0
17885,9938,9934,653.61,544.69,716.64,0.0800,1
17886,9939,9934,653.81,584.18,716.53,0.2000,1
17887,9939,9935,653.85,584.07,677.04,0.0800,1
17888,9940,9949,712.89,544.22,657.45,1.0000,0
17889,9941,9949,752.38,544.02,657.49,0.0000,1
17890,9942,9949,752.58,583.51,657.38,1.0000,0
17891,9943,9949,713.09,583.71,657.35,0.0400,1
17892,9944,9948,713.03,583.93,736.32,0.9200,0
17893,9945,9948,712.83,544.44,736.43,0.9600,0
17894,9946,9948,752.32,544.24,736.46,0.0000,1
17895,9947,9948,752.52,583.73,736.36,0.1600,1
17896,9940,9950,693.13,544.38,677.18,0.0800,1
17897,9943,9950,693.33,583.87,677.07,0.1200,1
17898,9944,9950,693.30,583.97,716.56,0.1200,1
17899,9945,9950,693.10,544.49,716.67,0.1200,1
17900,9941,9951,772.11,543.98,677.25,0.0000,1
17901,9942,9951,772.31,583.46,677.14,0.0000,1
17902,9946,9951,772.08,544.09,716.74,0.0000,1
17903,9947,9951,772.28,583.57,716.63,0.0000,1
17904,9940,9952,712.78,524.53,677.25,0.0800,1
17905,9941,9952,752.26,524.33,677.29,0.2800,1
17906,9945,9952,712.74,524.64,716.74,0.1600,1
17907,9946,9952,752.23,524.44,716.77,0.0400,1
17908,9950,9948,712.94,564.13,716.63,0.1200,1
17909,9950,9949,712.98,564.02,677.14,0.5600,0
17910,9950,9953,713.06,583.82,696.83,1.0000,0
17911,9950,9952,712.86,544.33,696.94,0.0400,1
17912,9951,9949,752.47,563.82,677.18,0.1200,1
17913,9951,9953,752.55,583.62,696.87,0.0000,1
17914,9951,9948,752.43,563.93,716.67,0.1600,1
17915,9952,9949,732.62,544.18,677.22,0.1200,1
17916,9952,9951,752.35,544.13,696.98,1.0000,0
17917,9952,9948,732.59,544.29,716.70,0.0800,1
17918,9953,9948,732.79,583.77,716.59,0.1200,1
17919,9953,9949,732.82,583.66,677.11,0.0800,1
17920,9954,9963,81.48,626.41,656.71,0.5200,0
17921,9955,9963,120.97,626.21,656.75,1.0000,0
17922,9956,9963,121.17,665.70,656.64,0.9600,0
17923,9957,9963,81.68,665.90,656.60,1.0000,0
17924,9958,9962,81.62,666.12,735.58,1.0000,0
17925,9959,9962,81.42,626.63,735.69,1.0000,0
17926,9960,9962,120.91,626.43,735.72,1.0000,0
17927,9961,9962,121.11,665.92,735.61,1.0000,0
17928,9954,9964,61.72,626.57,676.44,1.0000,0
17929,9957,9964,61.92,666.05,676.33,0.8400,0
17930,9958,9964,61.89,666.16,715.82,0.9200,0
17931,9959,9964,61.69,626.68,715.93,0.8000,0
17932,9954,9966,81.37,606.72,676.51,0.7600,0
17933,9955,9966,120.85,606.52,676.54,1.0000,0
17934,9959,9966,81.33,606.83,716.00,0.9200,0
17935,9960,9966,120.82,606.63,716.03,0.9200,0
17936,9964,9962,81.53,646.32,715.89,0.8400,0
17937,9964,9963,81.57,646.21,676.40,1.0000,0
17938,9964,9967,81.65,666.01,696.09,0.7200,0
17939,9964,9966,81.45,626.52,696.20,1.0000,0
17940,9965,9963,121.05,646.01,676.43,1.0000,0
17941,9965,9967,121.14,665.81,696.12,1.0000,0
17942,9965,9962,121.02,646.12,715.92,1.0000,0
17943,9966,9963,101.21,626.37,676.47,1.0000,0
17944,9966,9965,120.94,626.32,696.23,0.8000,0
17945,9966,9962,101.18,626.47,715.96,1.0000,0
17946,9967,9962,101.38,665.96,715.85,1.0000,0
17947,9967,9963,101.41,665.85,676.36,1.0000,0
17948,9968,9977,160.46,626.01,656.78,1.0000,0
17949,9969,9977,199.95,625.81,656.81,1.0000,0
17950,9970,9977,200.15,665.30,656.70,1.0000,0
17951,9971,9977,160.66,665.50,656.67,1.0000,0
17952,9972,9976,160.60,665.72,735.65,1.0000,0
17953,9973,9976,160.39,626.23,735.76,1.0000,0
17954,9974,9976,199.88,626.03,735.79,1.0000,0
17955,9975,9976,200.08,665.52,735.68,1.0000,0
17956,9968,9978,140.70,626.16,676.51,1.0000,0
17957,9971,9978,140.90,665.65,676.40,1.0000,0
17958,9972,9978,140.87,665.76,715.89,1.0000,0
17959,9973,9978,140.67,626.27,715.99,1.0000,0
17960,9968,9980,160.34,606.32,676.58,1.0000,0
17961,9969,9980,199.83,606.12,676.61,1.0000,0
17962,9973,9980,160.31,606.43,716.07,1.0000,0
17963,9974,9980,199.80,606.23,716.10,1.0000,0
17964,9978,9976,160.51,645.92,715.96,1.0000,0
17965,9978,9977,160.54,645.81,676.47,1.0000,0
17966,9978,9981,160.63,665.61,696.16,1.0000,0
17967,9978,9980,160.43,626.12,696.27,1.0000,0
17968,9979,9977,200.03,645.61,676.50,1.0000,0
17969,9979,9981,200.12,665.41,696.19,1.0000,0
17970,9979,9976,200.00,645.72,715.99,1.0000,0
17971,9980,9977,180.19,625.96,676.54,1.0000,0
17972,9980,9979,199.91,625.92,696.30,1.0000,0
17973,9980,9976,180.15,626.07,716.03,1.0000,0
17974,9981,9976,180.36,665.56,715.92,1.0000,0
17975,9981,9977,180.39,665.45,676.43,1.0000,0
17976,9982,9991,239.44,625.61,656.84,1.0000,0
17977,9983,9991,278.92,625.41,656.88,1.0000,0
17978,9984,9991,279.12,664.90,656.77,1.0000,0
17979,9985,9991,239.64,665.10,656.73,1.0000,0
17980,9986,9990,239.57,665.31,735.71,1.0000,0
17981,9987,9990,239.37,625.83,735.82,1.0000,0
17982,9988,9990,278.86,625.63,735.85,1.0000,0
17983,9989,9990,279.06,665.11,735.74,1.0000,0
17984,9982,9992,219.67,625.76,676.57,1.0000,0
17985,9985,9992,219.88,665.25,676.46,1.0000,0
17986,9986,9992,219.84,665.36,715.95,1.0000,0
17987,9987,9992,219.64,625.87,716.06,1.0000,0
17988,9982,9994,239.32,605.92,676.64,1.0000,0
17989,9983,9994,278.81,605.72,676.67,1.0000,0
17990,9987,9994,239.29,606.03,716.13,1.0000,0
17991,9988,9994,278.77,605.83,716.16,0.9200,0
17992,9992,9990,239.49,645.52,716.02,1.0000,0
17993,9992,9991,239.52,645.41,676.53,1.0000,0
17994,9992,9995,239.60,665.21,696.22,1.0000,0
17995,9992,9994,239.40,625.72,696.33,1.0000,0
17996,9993,9991,279.01,645.21,676.57,1.0000,0
17997,9993,9995,279.09,665.00,696.26,1.0000,0
17998,9993,9990,278.98,645.32,716.05,1.0000,0
17999,9994,9991,259.16,625.56,676.60,1.0000,0
18000,9994,9993,278.89,625.52,696.36,1.0000,0
18001,9994,9990,259.13,625.67,716.09,1.0000,0
18002,9995,9990,259.33,665.16,715.98,1.0000,0
18003,9995,9991,259.36,665.05,676.49,1.0000,0
18004,9996,10005,318.41,625.21,656.91,1.0000,0
18005,9997,10005,357.90,625.01,656.94,1.0000,0
18006,9998,10005,358.10,664.49,656.83,1.0000,0
18007,9999,10005,318.61,664.69,656.80,1.0000,0
18008,10000,10004,318.55,664.91,735.78,1.0000,0
18009,10001,10004,318.35,625.43,735.89,1.0000,0
18010,10002,10004,357.84,625.22,735.92,1.0000,0
18011,10003,10004,358.04,664.71,735.81,1.0000,0
18012,9996,10006,298.65,625.36,676.64,1.0000,0
18013,9999,10006,298.85,664.85,676.53,1.0000,0
18014,10000,10006,298.82,664.96,716.02,1.0000,0
18015,10001,10006,298.62,625.47,716.13,1.0000,0
18016,9996,10008,318.30,605.52,676.71,1.0000,0
18017,9997,10008,357.78,605.32,676.74,1.0000,0
18018,10001,10008,318.26,605.63,716.20,1.0000,0
18019,10002,10008,357.75,605.43,716.23,1.0000,0
18020,10006,10004,318.46,645.11,716.09,1.0000,0
18021,10006,10005,318.50,645.01,676.60,1.0000,0
18022,10006,10009,318.58,664.80,696.29,1.0000,0
18023,10006,10008,318.38,625.32,696.40,1.0000,0
18024,10007,10005,357.98,644.80,676.63,1.0000,0
18025,10007,10009,358.07,664.60,696.32,1.0000,0
18026,10007,10004,357.95,644.91,716.12,1.0000,0
18027,10008,10005,338.14,625.16,676.67,1.0000,0
18028,10008,10007,357.87,625.12,696.43,1.0000,0
18029,10008,10004,338.11,625.27,716.16,1.0000,0
18030,10009,10004,338.31,664.76,716.05,1.0000,0
18031,10009,10005,338.34,664.65,676.56,1.0000,0
18032,10010,10019,397.39,624.80,656.97,1.0000,0
18033,10011,10019,436.88,624.60,657.01,1.0000,0
18034,10012,10019,437.08,664.09,656.90,1.0000,0
18035,10013,10019,397.59,664.29,656.86,1.0000,0
18036,10014,10018,397.52,664.51,735.84,1.0000,0
18037,10015,10018,397.32,625.02,735.95,1.0000,0
18038,10016,10018,436.81,624.82,735.98,1.0000,0
18039,10017,10018,437.01,664.31,735.87,1.0000,0
18040,10010,10020,377.63,624.96,676.70,1.0000,0
18041,10013,10020,377.83,664.45,676.59,1.0000,0
18042,10014,10020,377.80,664.56,716.08,1.0000,0
18043,10015,10020,377.60,625.07,716.19,1.0000,0
18044,10010,10022,397.27,605.12,676.77,1.0000,0
18045,10011,10022,436.76,604.91,676.81,1.0000,0
18046,10015,10022,397.24,605.22,716.26,1.0000,0
18047,10016,10022,436.73,605.02,716.29,1.0000,0
18048,10020,10018,397.44,644.71,716.15,1.0000,0
18049,10020,10019,397.47,644.60,676.66,1.0000,0
18050,10020,10023,397.56,664.40,696.35,1.0000,0
18051,10020,10022,397.36,624.91,696.46,1.0000,0
18052,10021,10019,436.96,644.40,676.70,1.0000,0
18053,10021,10023,437.05,664.20,696.39,1.0000,0
18054,10021,10018,436.93,644.51,716.19,1.0000,0
18055,10022,10019,417.12,624.76,676.73,1.0000,0
18056,10022,10021,436.84,624.71,696.50,1.0000,0
18057,10022,10018,417.08,624.87,716.22,1.0000,0
18058,10023,10018,417.28,664.36,716.11,1.0000,0
18059,10023,10019,417.32,664.25,676.63,1.0000,0
18060,10024,10033,476.36,624.40,657.04,1.0000,0
18061,10025,10033,515.85,624.20,657.07,1.0000,0
18062,10026,10033,516.05,663.69,656.96,1.0000,0
18063,10027,10033,476.57,663.89,656.93,1.0000,0
18064,10028,10032,476.50,664.11,735.91,1.0000,0
18065,10029,10032,476.30,624.62,736.02,1.0000,0
18066,10030,10032,515.79,624.42,736.05,1.0000,0
18067,10031,10032,515.99,663.91,735.94,1.0000,0
18068,10024,10034,456.60,624.56,676.77,1.0000,0
18069,10027,10034,456.81,664.05,676.66,1.0000,0
18070,10028,10034,456.77,664.16,716.15,1.0000,0
18071,10029,10034,456.57,624.67,716.26,1.0000,0
18072,10024,10036,476.25,604.71,676.84,1.0000,0
18073,10025,10036,515.74,604.51,676.87,1.0000,0
18074,10029,10036,476.22,604.82,716.33,0.7600,0
18075,10030,10036,515.70,604.62,716.36,1.0000,0
18076,10034,10032,476.42,644.31,716.22,1.0000,0
18077,10034,10033,476.45,644.20,676.73,1.0000,0
18078,10034,10037,476.53,664.00,696.42,1.0000,0
18079,10034,10036,476.33,624.51,696.53,1.0000,0
18080,10035,10033,515.94,644.00,676.76,1.0000,0
18081,10035,10037,516.02,663.80,696.45,1.0000,0
18082,10035,10032,515.91,644.11,716.25,0.9600,0
18083,10036,10033,496.09,624.36,676.80,1.0000,0
18084,10036,10035,515.82,624.31,696.56,1.0000,0
18085,10036,10032,496.06,624.47,716.29,1.0000,0
18086,10037,10032,496.26,663.96,716.18,1.0000,0
18087,10037,10033,496.29,663.85,676.69,1.0000,0
18088,10038,10047,555.34,624.00,657.11,1.0000,0
18089,10039,10047,594.83,623.80,657.14,0.7600,0
18090,10040,10047,595.03,663.29,657.03,1.0000,0
18091,10041,10047,555.54,663.49,657.00,0.8400,0
18092,10042,10046,555.48,663.71,735.97,1.0000,0
18093,10043,10046,555.28,624.22,736.08,1.0000,0
18094,10044,10046,594.77,624.02,736.12,1.0000,0
18095,10045,10046,594.97,663.51,736.01,1.0000,0
18096,10038,10048,535.58,624.16,676.83,0.8400,0
18097,10041,10048,535.78,663.64,676.72,1.0000,0
18098,10042,10048,535.75,663.75,716.21,1.0000,0
18099,10043,10048,535.55,624.27,716.32,0.9600,0
18100,10038,10050,555.22,604.31,676.90,1.0000,0
18101,10039,10050,594.71,604.11,676.94,1.0000,0
18102,10043,10050,555.19,604.42,716.39,1.0000,0
18103,10044,10050,594.68,604.22,716.43,1.0000,0
18104,10048,10046,555.39,643.91,716.28,1.0000,0
18105,10048,10047,555.43,643.80,676.79,1.0000,0
18106,10048,10051,555.51,663.60,696.48,1.0000,0
18107,10048,10050,555.31,624.11,696.59,1.0000,0
18108,10049,10047,594.91,643.60,676.83,1.0000,0
18109,10049,10051,595.00,663.40,696.52,0.8000,0
18110,10049,10046,594.88,643.71,716.32,1.0000,0
18111,10050,10047,575.07,623.96,676.87,1.0000,0
18112,10050,10049,594.80,623.91,696.63,1.0000,0
18113,10050,10046,575.04,624.07,716.35,1.0000,0
18114,10051,10046,575.24,663.55,716.25,1.0000,0
18115,10051,10047,575.27,663.44,676.76,0.9600,0
18116,10052,10061,634.32,623.60,657.17,1.0000,0
18117,10053,10061,673.81,623.40,657.20,0.0400,1
18118,10054,10061,674.01,662.89,657.09,1.0000,0
18119,10055,10061,634.52,663.09,657.06,0.2800,1
18120,10056,10060,634.45,663.31,736.04,1.0000,0
18121,10057,10060,634.25,623.82,736.15,1.0000,0
18122,10058,10060,673.74,623.62,736.18,1.0000,0
18123,10059,10060,673.94,663.11,736.07,1.0000,0
18124,10052,10062,614.56,623.76,676.90,0.1200,1
18125,10055,10062,614.76,663.24,676.79,0.7600,0
18126,10056,10062,614.73,663.35,716.28,0.0800,1
18127,10057,10062,614.53,623.86,716.39,0.4400,0
18128,10052,10064,634.20,603.91,676.97,0.8000,0
18129,10053,10064,673.69,603.71,677.00,0.8400,0
18130,10057,10064,634.17,604.02,716.46,0.7600,0
18131,10058,10064,673.66,603.82,716.49,0.4400,0
18132,10062,10060,634.37,643.51,716.35,1.0000,0
18133,10062,10061,634.40,643.40,676.86,0.9600,0
18134,10062,10065,634.49,663.20,696.55,1.0000,0
18135,10062,10064,634.29,623.71,696.66,0.4800,0
18136,10063,10061,673.89,643.20,676.89,0.4400,0
18137,10063,10065,673.97,663.00,696.58,0.1600,1
18138,10063,10060,673.86,643.31,716.38,0.8800,0
18139,10064,10061,654.05,623.55,676.93,0.5200,0
18140,10064,10063,673.77,623.51,696.69,1.0000,0
18141,10064,10060,654.01,623.66,716.42,0.0800,1
18142,10065,10060,654.21,663.15,716.31,0.5600,0
18143,10065,10061,654.25,663.04,676.82,0.0400,1
18144,10066,10075,713.29,623.20,657.24,1.0000,0
18145,10067,10075,752.78,623.00,657.27,0.0000,1
18146,10068,10075,752.98,662.49,657.16,1.0000,0
18147,10069,10075,713.50,662.69,657.13,0.0400,1
18148,10070,10074,713.43,662.91,736.10,0.6800,0
18149,10071,10074,713.23,623.42,736.21,1.0000,0
18150,10072,10074,752.72,623.22,736.25,0.0000,1
18151,10073,10074,752.92,662.70,736.14,0.0800,1
18152,10066,10076,693.53,623.35,676.96,0.0800,1
18153,10069,10076,693.74,662.84,676.85,0.0800,1
18154,10070,10076,693.70,662.95,716.34,0.1200,1
18155,10071,10076,693.50,623.46,716.45,0.1200,1
18156,10067,10077,772.51,622.95,677.03,0.0000,1
18157,10068,10077,772.71,662.44,676.92,0.0000,1
18158,10072,10077,772.48,623.06,716.52,0.0000,1
18159,10073,10077,772.68,662.55,716.41,0.0000,1
18160,10066,10078,713.18,603.51,677.03,0.0800,1
18161,10067,10078,752.67,603.31,677.07,0.1200,1
18162,10071,10078,713.15,603.62,716.52,0.2800,1
18163,10072,10078,752.63,603.42,716.56,0.0400,1
18164,10076,10074,713.35,643.11,716.41,0.3600,0
18165,10076,10075,713.38,643.00,676.93,0.7600,0
18166,10076,10079,713.46,662.80,696.62,1.0000,0
18167,10076,10078,713.26,623.31,696.72,0.0400,1
18168,10077,10075,752.87,642.80,676.96,0.0800,1
18169,10077,10079,752.95,662.60,696.65,0.0000,1
18170,10077,10074,752.83,642.91,716.45,0.2400,1
18171,10078,10075,733.02,623.15,677.00,0.1200,1
18172,10078,10077,752.75,623.11,696.76,1.0000,0
18173,10078,10074,732.99,623.26,716.49,0.0800,1
18174,10079,10074,733.19,662.75,716.38,0.1600,1
18175,10079,10075,733.22,662.64,676.89,0.0800,1
18176,10080,10089,81.88,705.39,656.49,0.8800,0
18177,10081,10089,121.37,705.19,656.53,1.0000,0
18178,10082,10089,121.57,744.67,656.42,0.9600,0
18179,10083,10089,82.08,744.88,656.38,0.9200,0
18180,10084,10088,82.02,745.09,735.36,0.7600,0
18181,10085,10088,81.82,705.61,735.47,1.0000,0
18182,10086,10088,121.31,705.41,735.50,1.0000,0
18183,10087,10088,121.51,744.89,735.39,0.9600,0
18184,10080,10090,62.12,705.54,676.22,1.0000,0
18185,10083,10090,62.32,745.03,676.11,0.9200,0
18186,10084,10090,62.29,745.14,715.60,0.8400,0
18187,10085,10090,62.09,705.65,715.71,0.7600,0
18188,10080,10092,81.77,685.70,676.29,1.0000,0
18189,10081,10092,121.26,685.50,676.33,1.0000,0
18190,10085,10092,81.74,685.81,715.78,1.0000,0
18191,10086,10092,121.22,685.61,715.81,1.0000,0
18192,10082,10093,121.66,764.47,676.11,0.0000,1
18193,10083,10093,82.17,764.67,676.07,0.0000,1
18194,10084,10093,82.14,764.78,715.56,0.0000,1
18195,10087,10093,121.63,764.58,715.60,0.0000,1
18196,10090,10088,81.94,725.30,715.67,1.0000,0
18197,10090,10089,81.97,725.19,676.18,1.0000,0
18198,10090,10093,82.05,744.99,695.87,0.8800,0
18199,10090,10092,81.85,705.50,695.98,1.0000,0
18200,10091,10089,121.46,724.99,676.22,0.0000,1
18201,10091,10093,121.54,744.78,695.91,0.9200,0
18202,10091,10088,121.42,725.09,715.70,1.0000,0
18203,10092,10089,101.61,705.34,676.25,1.0000,0
18204,10092,10091,121.34,705.30,696.02,1.0000,0
18205,10092,10088,101.58,705.45,715.74,1.0000,0
18206,10093,10088,101.78,744.94,715.63,0.9600,0
18207,10093,10089,101.81,744.83,676.15,0.9200,0
18208,10094,10103,160.86,704.99,656.56,1.0000,0
18209,10095,10103,200.35,704.79,656.59,1.0000,0
18210,10096,10103,200.55,744.27,656.48,0.9600,0
18211,10097,10103,161.06,744.47,656.45,0.9200,0
18212,10098,10102,161.00,744.69,735.43,0.9200,0
18213,10099,10102,160.80,705.20,735.54,1.0000,0
18214,10100,10102,200.28,705.00,735.57,1.0000,0
18215,10101,10102,200.49,744.49,735.46,0.9200,0
18216,10094,10104,141.10,705.14,676.29,1.0000,0
18217,10097,10104,141.30,744.63,676.18,0.9600,0
18218,10098,10104,141.27,744.74,715.67,0.9600,0
18219,10099,10104,141.07,705.25,715.78,1.0000,0
18220,10094,10106,160.74,685.30,676.36,1.0000,0
18221,10095,10106,200.23,685.10,676.39,1.0000,0
18222,10099,10106,160.71,685.41,715.85,1.0000,0
18223,10100,10106,200.20,685.21,715.88,1.0000,0
18224,10096,10107,200.63,764.07,676.17,0.0000,1
18225,10097,10107,161.15,764.27,676.14,0.0000,1
18226,10098,10107,161.11,764.38,715.63,0.0000,1
18227,10101,10107,200.60,764.18,715.66,0.0000,1
18228,10104,10102,160.91,724.89,715.74,1.0000,0
18229,10104,10103,160.94,724.78,676.25,1.0000,0
18230,10104,10107,161.03,744.58,695.94,1.0000,0
18231,10104,10106,160.83,705.10,696.05,1.0000,0
18232,10105,10103,200.43,724.58,676.28,1.0000,0
18233,10105,10107,200.52,744.38,695.97,0.9600,0
18234,10105,10102,200.40,724.69,715.77,1.0000,0
18235,10106,10103,180.59,704.94,676.32,1.0000,0
18236,10106,10105,200.32,704.89,696.08,1.0000,0
18237,10106,10102,180.56,705.05,715.81,1.0000,0
18238,10107,10102,180.76,744.54,715.70,0.2400,1
18239,10107,10103,180.79,744.43,676.21,1.0000,0
18240,10108,10117,239.84,704.58,656.62,1.0000,0
18241,10109,10117,279.33,704.38,656.66,1.0000,0
18242,10110,10117,279.53,743.87,656.55,0.9600,0
18243,10111,10117,240.04,744.07,656.52,0.9600,0
18244,10112,10116,239.97,744.29,735.49,0.8800,0
18245,10113,10116,239.77,704.80,735.60,1.0000,0
18246,10114,10116,279.26,704.60,735.63,1.0000,0
18247,10115,10116,279.46,744.09,735.53,0.9200,0
18248,10108,10118,220.08,704.74,676.35,1.0000,0
18249,10111,10118,220.28,744.23,676.24,0.1600,1
18250,10112,10118,220.25,744.34,715.73,0.9600,0
18251,10113,10118,220.04,704.85,715.84,1.0000,0
18252,10108,10120,239.72,684.89,676.42,0.6000,0
18253,10109,10120,279.21,684.69,676.46,1.0000,0
18254,10113,10120,239.69,685.00,715.91,1.0000,0
18255,10114,10120,279.18,684.80,715.95,1.0000,0
18256,10110,10121,279.61,763.67,676.24,0.0000,1
18257,10111,10121,240.12,763.87,676.21,0.0000,1
18258,10112,10121,240.09,763.98,715.69,0.0000,1
18259,10115,10121,279.58,763.78,715.73,0.0000,1
18260,10118,10116,239.89,724.49,715.80,1.0000,0
18261,10118,10117,239.92,724.38,676.31,0.9600,0
18262,10118,10121,240.01,744.18,696.00,0.9600,0
18263,10118,10120,239.80,704.69,696.11,1.0000,0
18264,10119,10117,279.41,724.18,676.35,1.0000,0
18265,10119,10121,279.49,743.98,696.04,0.9600,0
18266,10119,10116,279.38,724.29,715.84,1.0000,0
18267,10120,10117,259.56,704.54,676.39,1.0000,0
18268,10120,10119,279.29,704.49,696.15,1.0000,0
18269,10120,10116,259.53,704.65,715.87,1.0000,0
18270,10121,10116,259.73,744.14,715.76,0.3200,0
18271,10121,10117,259.77,744.03,676.28,0.9600,0
18272,10122,10131,318.81,704.18,656.69,1.0000,0
18273,10123,10131,358.30,703.98,656.72,1.0000,0
18274,10124,10131,358.50,743.47,656.61,0.0000,1
18275,10125,10131,319.01,743.67,656.58,0.9600,0
18276,10126,10130,318.95,743.89,735.56,0.9200,0
18277,10127,10130,318.75,704.40,735.67,1.0000,0
18278,10128,10130,358.24,704.20,735.70,1.0000,0
18279,10129,10130,358.44,743.69,735.59,0.9600,0
18280,10122,10132,299.05,704.34,676.42,1.0000,0
18281,10125,10132,299.25,743.83,676.31,0.9600,0
18282,10126,10132,299.22,743.94,715.80,0.9600,0
18283,10127,10132,299.02,704.45,715.91,1.0000,0
18284,10122,10134,318.70,684.49,676.49,1.0000,0
18285,10123,10134,358.19,684.29,676.52,1.0000,0
18286,10127,10134,318.66,684.60,715.98,0.8000,0
18287,10128,10134,358.15,684.40,716.01,1.0000,0
18288,10124,10135,358.59,763.27,676.30,0.0000,1
18289,10125,10135,319.10,763.47,676.27,0.0000,1
18290,10126,10135,319.07,763.58,715.76,0.0000,1
18291,10129,10135,358.55,763.38,715.79,0.0000,1
18292,10132,10130,318.87,724.09,715.87,1.0000,0
18293,10132,10131,318.90,723.98,676.38,1.0000,0
18294,10132,10135,318.98,743.78,696.07,0.9600,0
18295,10132,10134,318.78,704.29,696.18,1.0000,0
18296,10133,10131,358.39,723.78,676.41,1.0000,0
18297,10133,10135,358.47,743.58,696.10,1.0000,0
18298,10133,10130,358.35,723.89,715.90,1.0000,0
18299,10134,10131,338.54,704.14,676.45,1.0000,0
18300,10134,10133,358.27,704.09,696.21,1.0000,0
18301,10134,10130,338.51,704.25,715.94,1.0000,0
18302,10135,10130,338.71,743.73,715.83,0.9600,0
18303,10135,10131,338.74,743.63,676.34,0.9600,0
18304,10136,10145,397.79,703.78,656.76,1.0000,0
18305,10137,10145,437.28,703.58,656.79,1.0000,0
18306,10138,10145,437.48,743.07,656.68,0.9200,0
18307,10139,10145,397.99,743.27,656.65,0.9600,0
18308,10140,10144,397.93,743.49,735.62,0.9600,0
18309,10141,10144,397.73,704.00,735.73,1.0000,0
18310,10142,10144,437.21,703.80,735.77,1.0000,0
18311,10143,10144,437.41,743.29,735.66,0.9200,0
18312,10136,10146,378.03,703.94,676.48,1.0000,0
18313,10139,10146,378.23,743.42,676.37,0.9600,0
18314,10140,10146,378.20,743.53,715.86,1.0000,0
18315,10141,10146,378.00,704.05,715.97,1.0000,0
18316,10136,10148,397.67,684.09,676.55,1.0000,0
18317,10137,10148,437.16,683.89,676.59,1.0000,0
18318,10141,10148,397.64,684.20,716.04,1.0000,0
18319,10142,10148,437.13,684.00,716.08,1.0000,0
18320,10138,10149,437.56,762.87,676.37,0.0000,1
18321,10139,10149,398.08,763.07,676.34,0.0000,1
18322,10140,10149,398.04,763.18,715.82,0.0000,1
18323,10143,10149,437.53,762.98,715.86,0.0000,1
18324,10146,10144,397.84,723.69,715.93,1.0000,0
18325,10146,10145,397.87,723.58,676.45,1.0000,0
18326,10146,10149,397.96,743.38,696.14,0.9200,0
18327,10146,10148,397.76,703.89,696.24,1.0000,0
18328,10147,10145,437.36,723.38,676.48,1.0000,0
18329,10147,10149,437.45,743.18,696.17,0.9600,0
18330,10147,10144,437.33,723.49,715.97,0.8000,0
18331,10148,10145,417.52,703.74,676.52,1.0000,0
18332,10148,10147,437.25,703.69,696.28,1.0000,0
18333,10148,10144,417.49,703.84,716.00,1.0000,0
18334,10149,10144,417.69,743.33,715.90,0.8800,0
18335,10149,10145,417.72,743.22,676.41,0.9200,0
18336,10150,10159,476.77,703.38,656.82,1.0000,0
18337,10151,10159,516.25,703.18,656.85,1.0000,0
18338,10152,10159,516.46,742.67,656.74,0.9200,0
18339,10153,10159,476.97,742.87,656.71,0.9200,0
18340,10154,10158,476.90,743.09,735.69,0.9600,0
18341,10155,10158,476.70,703.60,735.80,1.0000,0
18342,10156,10158,516.19,703.40,735.83,1.0000,0
18343,10157,10158,516.39,742.89,735.72,0.9600,0
18344,10150,10160,457.01,703.53,676.55,1.0000,0
18345,10153,10160,457.21,743.02,676.44,0.9200,0
18346,10154,10160,457.18,743.13,715.93,0.9600,0
18347,10155,10160,456.97,703.64,716.04,1.0000,0
18348,10150,10162,476.65,683.69,676.62,0.8400,0
18349,10151,10162,516.14,683.49,676.65,0.8400,0
18350,10155,10162,476.62,683.80,716.11,0.9200,0
18351,10156,10162,516.11,683.60,716.14,1.0000,0
18352,10152,10163,516.54,762.47,676.43,0.0000,1
18353,10153,10163,477.05,762.67,676.40,0.0000,1
18354,10154,10163,477.02,762.78,715.89,0.0000,1
18355,10157,10163,516.51,762.58,715.92,0.0000,1
18356,10160,10158,476.82,723.29,716.00,1.0000,0
18357,10160,10159,476.85,723.18,676.51,1.0000,0
18358,10160,10163,476.94,742.98,696.20,0.9200,0
18359,10160,10162,476.73,703.49,696.31,1.0000,0
18360,10161,10159,516.34,722.98,676.54,0.8000,0
18361,10161,10163,516.42,742.78,696.23,0.9200,0
18362,10161,10158,516.31,723.09,716.03,0.6800,0
18363,10162,10159,496.49,703.33,676.58,1.0000,0
18364,10162,10161,516.22,703.29,696.34,1.0000,0
18365,10162,10158,496.46,703.44,716.07,1.0000,0
18366,10163,10158,496.66,742.93,715.96,0.8800,0
18367,10163,10159,496.70,742.82,676.47,0.9200,0
18368,10164,10173,555.74,702.98,656.89,1.0000,0
18369,10165,10173,595.23,702.78,656.92,0.8400,0
18370,10166,10173,595.43,742.27,656.81,0.8800,0
18371,10167,10173,555.94,742.47,656.78,0.8800,0
18372,10168,10172,555.88,742.68,735.75,0.9600,0
18373,10169,10172,555.68,703.20,735.86,1.0000,0
18374,10170,10172,595.17,703.00,735.90,1.0000,0
18375,10171,10172,595.37,742.48,735.79,0.9600,0
18376,10164,10174,535.98,703.13,676.61,1.0000,0
18377,10167,10174,536.18,742.62,676.51,0.9200,0
18378,10168,10174,536.15,742.73,715.99,0.9600,0
18379,10169,10174,535.95,703.24,716.10,1.0000,0
18380,10164,10176,555.63,683.29,676.69,1.0000,0
18381,10165,10176,595.11,683.09,676.72,1.0000,0
18382,10169,10176,555.59,683.40,716.17,1.0000,0
18383,10170,10176,595.08,683.20,716.21,1.0000,0
18384,10166,10177,595.52,762.06,676.50,0.0000,1
18385,10167,10177,556.03,762.26,676.47,0.0000,1
18386,10168,10177,556.00,762.37,715.96,0.0000,1
18387,10171,10177,595.48,762.17,715.99,0.0000,1
18388,10174,10172,555.80,722.89,716.06,1.0000,0
18389,10174,10173,555.83,722.78,676.58,0.8800,0
18390,10174,10177,555.91,742.58,696.27,0.8800,0
18391,10174,10176,555.71,703.09,696.38,0.9200,0
18392,10175,10173,595.32,722.58,676.61,1.0000,0
18393,10175,10177,595.40,742.37,696.30,0.7200,0
18394,10175,10172,595.28,722.69,716.10,0.7600,0
18395,10176,10173,575.47,702.93,676.65,1.0000,0
18396,10176,10175,595.20,702.89,696.41,1.0000,0
18397,10176,10172,575.44,703.04,716.14,1.0000,0
18398,10177,10172,575.64,742.53,716.03,0.4000,0
18399,10177,10173,575.67,742.42,676.54,0.0400,1
18400,10178,10187,634.72,702.58,656.95,1.0000,0
18401,10179,10187,674.21,702.38,656.98,0.0800,1
18402,10180,10187,674.41,741.86,656.88,0.8800,0
18403,10181,10187,634.92,742.06,656.84,0.4400,0
18404,10182,10186,634.86,742.28,735.82,0.9200,0
18405,10183,10186,634.66,702.80,735.93,1.0000,0
18406,10184,10186,674.14,702.59,735.96,1.0000,0
18407,10185,10186,674.34,742.08,735.85,0.8800,0
18408,10178,10188,614.96,702.73,676.68,0.1200,1
18409,10181,10188,615.16,742.22,676.57,0.8800,0
18410,10182,10188,615.13,742.33,716.06,0.5600,0
18411,10183,10188,614.93,702.84,716.17,0.6800,0
18412,10178,10190,634.60,682.89,676.75,0.6000,0
18413,10179,10190,674.09,682.69,676.78,0.5200,0
18414,10183,10190,634.57,683.00,716.24,0.6800,0
18415,10184,10190,674.06,682.80,716.27,0.5200,0
18416,10180,10191,674.49,761.66,676.57,0.0000,1
18417,10181,10191,635.00,761.86,676.53,0.0000,1
18418,10182,10191,634.97,761.97,716.02,0.0000,1
18419,10185,10191,674.46,761.77,716.05,0.0000,1
18420,10188,10186,634.77,722.48,716.13,0.9600,0
18421,10188,10187,634.80,722.38,676.64,1.0000,0
18422,10188,10191,634.89,742.17,696.33,0.8800,0
18423,10188,10190,634.69,702.69,696.44,0.2800,1
18424,10189,10187,674.29,722.17,676.67,0.3600,0
18425,10189,10191,674.38,741.97,696.36,0.2800,1
18426,10189,10186,674.26,722.28,716.16,0.7600,0
18427,10190,10187,654.45,702.53,676.71,0.8800,0
18428,10190,10189,674.18,702.48,696.47,1.0000,0
18429,10190,10186,654.42,702.64,716.20,0.1200,1
18430,10191,10186,654.62,742.13,716.09,0.0000,1
18431,10191,10187,654.65,742.02,676.60,0.0000,1
18432,10192,10201,713.70,702.17,657.02,1.0000,0
18433,10193,10201,753.18,701.97,657.05,0.0000,1
18434,10194,10201,753.39,741.46,656.94,0.8000,0
18435,10195,10201,713.90,741.66,656.91,0.1600,1
18436,10196,10200,713.83,741.88,735.89,0.8800,0
18437,10197,10200,713.63,702.39,735.99,0.9600,0
18438,10198,10200,753.12,702.19,736.03,0.0000,1
18439,10199,10200,753.32,741.68,735.92,0.0000,1
18440,10192,10202,693.94,702.33,676.75,0.0400,1
18441,10195,10202,694.14,741.82,676.64,0.3200,0
18442,10196,10202,694.10,741.93,716.12,0.0000,1
18443,10197,10202,693.90,702.44,716.23,0.0800,1
18444,10193,10203,772.91,701.93,676.81,0.0000,1
18445,10194,10203,773.11,741.42,676.70,0.0000,1
18446,10198,10203,772.88,702.04,716.30,0.0000,1
18447,10199,10203,773.08,741.53,716.19,0.0000,1
18448,10192,10204,713.58,682.49,676.82,0.0400,1
18449,10193,10204,753.07,682.28,676.85,1.0000,0
18450,10197,10204,713.55,682.59,716.31,0.1600,1
18451,10198,10204,753.04,682.39,716.34,0.0000,1
18452,10194,10205,753.47,761.26,676.63,0.0000,1
18453,10195,10205,713.98,761.46,676.60,0.0000,1
18454,10196,10205,713.95,761.57,716.09,0.0000,1
18455,10199,10205,753.44,761.37,716.12,0.0000,1
18456,10202,10200,713.75,722.08,716.20,0.1600,1
18457,10202,10201,713.78,721.97,676.71,1.0000,0
18458,10202,10205,713.86,741.77,696.40,0.8400,0
18459,10202,10204,713.66,702.28,696.51,0.0400,1
18460,10203,10201,753.27,721.77,676.74,0.0400,1
18461,10203,10205,753.35,741.57,696.43,0.0000,1
18462,10203,10200,753.24,721.88,716.23,0.3600,0
18463,10204,10201,733.42,702.13,676.78,0.1600,1
18464,10204,10203,753.15,702.08,696.54,1.0000,0
18465,10204,10200,733.39,702.24,716.27,0.0800,1
18466,10205,10200,733.59,741.73,716.16,0.0000,1
18467,10205,10201,733.63,741.62,676.67,0.0000,1
