alignment_error_vox,classification_confidence,classification_reason,classification_status,comparison_applicable,confidence_percent_uncalibrated,connected_support,defect_type,diameter_median_um,diameter_voxels_median,diameter_voxels_p10,diameter_voxels_p90,edge_id,end_x,end_y,end_z,expected_radius_median_voxels,failed_checks,gap_fraction,has_error,height_band,human_review_label,human_review_note,human_review_source,junction0,junction1,length_vox,length_voxels,longest_unsupported_gap_voxels,measurement_valid,median_signed_radial_deviation_voxels,mid_x,mid_y,mid_z,observed_axial_fraction,occupancy,orientation,p90_absolute_radial_deviation_voxels,p90_centerline_displacement_voxels,prediction,prediction_reason,region,registration_uncertainty_voxels,review_required,sample_order,start_x,start_y,start_z,strut_id,thickness_measurement_valid,thickness_um_median,threshold_stability,tiff_measurement_valid
4.501311196495897,medium,low_axial_support_and_large_gap,confirmed,True,75.0,False,broken,390.7648963521012,6.725729713461295,5.5715758041904415,7.294603167453447,E_N000005_N000012,98.79572331838412,52.091507427271225,65.9830991191091,3.531874179840088,"[""axial_coverage"", ""unsupported_gap"", ""continuous_support"", ""centerline_displacement""]",0.2352380952380952,True,low,,,,5,12,55.84560994969746,55.42603906088279,13.03831585527433,True,-0.9737613075099708,79.03549746069336,52.246609976502654,85.71106036490713,0.4651162790697674,0.4651162790697674,1:0:-1,0.9893406437657006,4.501311196495897,broken,low_axial_support_and_large_gap,exterior,0.6296126413117267,True,10,59.27527160300262,52.40171252573408,105.43902161070515,10,True,390.7648963521012,1.0,True
4.285014574575769,medium,low_axial_support_and_large_gap,confirmed,True,75.0,False,missing,533.4217330875566,9.181096955035398,5.746425291565097,11.273962251188667,E_N000120_N000123,730.7770092111857,88.47633509519197,105.88605679381948,3.5468573570251465,"[""axial_coverage"", ""unsupported_gap"", ""continuous_support"", ""centerline_displacement""]",0.5609523809523811,True,low,,,,123,120,55.84560994969747,55.426039060882886,31.09136857796193,True,-0.2305907209681634,750.5372350688765,88.32123254596053,86.15809554802148,0.2790697674418604,0.2790697674418604,1:0:-1,0.8809795028012101,4.285014574575769,missing,low_axial_support_and_large_gap,exterior,0.6296126413117267,True,214,770.2974609265673,88.16612999672907,66.43013430222348,214,True,533.4217330875566,1.0,True
3.998775191123622,medium,disconnected_or_unsupported_body,confirmed,True,75.0,False,broken,450.8015896171744,7.759063504598528,4.993787654534007,8.14690821492437,E_N000241_N000248,691.7226608862886,167.54401597834115,66.14620062096317,3.534374952316284,"[""unsupported_gap"", ""continuous_support"", ""centerline_displacement""]",0.0723809523809523,True,low,,,,241,248,55.84560994969746,55.42603906088281,4.011789493930565,True,-0.34200667971258,691.8391867339095,187.23338492451273,46.34725595485011,0.9069767441860463,0.9069767441860463,1:-1:0,1.017013231854588,3.998775191123622,broken,disconnected_or_unsupported_body,exterior,0.6296126413117267,True,417,691.9557125815304,206.92275387068435,26.54831128873705,417,True,450.8015896171744,1.0,True
4.555195655520502,medium,disconnected_or_unsupported_body,confirmed,True,75.0,False,broken,372.1995542669648,6.406188541600082,6.068091643098429,9.719442534985214,E_N000246_N000249,731.1787800184982,167.45262991887648,105.66756778186422,3.571056842803955,"[""unsupported_gap"", ""continuous_support"", ""centerline_displacement""]",0.0542857142857142,True,low,,,,249,246,55.84560994969768,55.426039060883014,3.008842120447935,True,-0.3908456147615529,750.9390058761891,167.29752736964502,85.93960653606618,0.8837209302325582,0.8837209302325582,1:0:-1,0.6883843875336972,4.555195655520502,broken,disconnected_or_unsupported_body,exterior,0.6296126413117267,True,434,770.69923173388,167.14242482041357,66.21164529026815,434,True,372.1995542669648,1.0,True
4.333451427693555,medium,disconnected_or_unsupported_body,confirmed,True,75.0,False,broken,412.0807570184632,7.092611996875442,5.68946383830513,7.448541775878313,E_N000624_N000626,732.3840924404356,404.38151438993,105.01210074599832,3.5697152614593506,"[""unsupported_gap"", ""continuous_support"", ""centerline_displacement""]",0.1085714285714285,True,low,,,,626,624,55.845609949697376,55.42603906088271,6.0176842408958375,True,-0.2295353314083013,712.6560328743307,404.4272074196623,85.25141716554782,0.8604651162790697,0.8604651162790697,1:0:1,0.3819358068849952,4.333451427693555,broken,disconnected_or_unsupported_body,exterior,0.6296126413117267,True,1088,692.9279733082258,404.4729004493946,65.49073358509733,1088,True,412.0807570184632,1.0,True
4.472978792322202,medium,low_axial_support_and_large_gap,confirmed,True,75.0,False,broken,325.9246286867175,5.609718221802366,5.136968805110666,7.535736453037938,E_N000956_N000962,457.203573187389,642.6065583942311,64.63893254131672,3.460430860519409,"[""axial_coverage"", ""unsupported_gap"", ""continuous_support"", ""centerline_displacement""]",0.3438095238095238,True,low,,,,956,962,55.84560994969732,55.426039060882616,19.056000096170116,True,-0.8142308423655864,457.2879327434242,662.4053368599017,84.32863270145216,0.3720930232558139,0.3720930232558139,1:1:0,0.8368711591226791,4.472978792322202,broken,low_axial_support_and_large_gap,exterior,0.6296126413117267,True,1666,457.3722922994594,682.2041153255723,104.0183328615876,1666,True,325.9246286867175,1.0,True
2.6644928956478866,medium,low_axial_support_and_large_gap,confirmed,True,75.0,False,broken,429.98889860795464,7.400841628364107,7.048649590537179,7.81041036100309,E_N001012_N001018,62.72248975674428,723.5908090075534,64.09322018283666,3.469515800476074,"[""axial_coverage"", ""unsupported_gap"", ""continuous_support"", ""centerline_displacement""]",0.3076190476190476,True,low,,,,1012,1018,55.84560994969752,55.426039060882815,17.050105349204905,True,-0.3190052025151115,62.806849312779526,743.3895874732241,83.78292034297212,0.6046511627906976,0.6046511627906976,1:1:0,0.4107474618016189,2.6644928956478866,broken,low_axial_support_and_large_gap,exterior,0.6296126413117267,True,1766,62.89120886881477,763.1883659388948,103.4726205031076,1766,True,429.98889860795464,1.0,True
4.614701353564586,medium,low_axial_support_and_large_gap,confirmed,True,75.0,False,missing,,,,,E_N001010_N001021,102.41166058419628,762.8781608404319,64.01669801151152,3.5601165294647217,"[""axial_coverage"", ""unsupported_gap"", ""continuous_support"", ""centerline_displacement""]",0.6695238095238096,True,low,,,,1010,1021,55.84560994969744,55.42603906088278,37.10905281885771,True,-0.9252038281188892,122.17188644188708,762.7230582912005,44.28873676571355,0.1395348837209302,0.1395348837209302,1:0:-1,0.9604366849579802,4.614701353564586,missing,low_axial_support_and_large_gap,exterior,0.6296126413117267,True,1772,141.93211229957785,762.5679557419691,24.560775519915577,1772,False,,0.0,False
4.456740344931787,medium,low_axial_support_and_large_gap,confirmed,True,75.0,False,broken,,,,,E_N001011_N001021,102.41166058419628,762.8781608404319,64.01669801151152,3.5343897342681885,"[""axial_coverage"", ""unsupported_gap"", ""continuous_support"", ""centerline_displacement""]",0.2171428571428571,True,low,,,,1011,1021,55.84560994969736,55.426039060882694,12.035368481791672,True,-0.4545104332694418,82.68360101809132,762.9238538701643,44.25601443106109,0.4418604651162791,0.4418604651162791,1:0:1,0.6487268890869715,4.456740344931787,broken,low_axial_support_and_large_gap,exterior,0.6296126413117267,True,1773,62.95554145198638,762.9695468998966,24.495330850610653,1773,False,,0.0,False
4.28609071987737,medium,low_axial_support_and_large_gap,confirmed,True,75.0,False,missing,421.46329212981146,7.254101413594001,5.815126178452222,8.19483878785017,E_N001012_N001021,102.41166058419628,762.8781608404319,64.01669801151152,3.5462028980255127,"[""axial_coverage"", ""unsupported_gap"", ""continuous_support"", ""radial_deviation"", ""centerline_displacement""]",0.7057142857142856,True,low,,,,1012,1021,55.84560994969747,55.4260390608828,39.114947565823,True,-1.6323958637772795,82.65143472650553,763.0332633896633,83.74465925730956,0.0930232558139534,0.0930232558139534,1:0:-1,1.7445797660404074,4.28609071987737,missing,low_axial_support_and_large_gap,exterior,0.6296126413117267,True,1774,62.89120886881477,763.1883659388948,103.4726205031076,1774,True,421.46329212981146,1.0,True
4.647112299465743,medium,low_axial_support_and_large_gap,confirmed,True,75.0,False,missing,429.4180896089002,7.391017032855425,6.424311169168967,8.712810921383056,E_N001024_N001035,181.3882314317877,762.4765696825043,64.0821426808165,3.530520439147949,"[""axial_coverage"", ""unsupported_gap"", ""continuous_support"", ""radial_deviation"", ""centerline_displacement""]",0.6514285714285714,True,low,,,,1024,1035,55.8456099496975,55.42603906088282,36.10610544537509,True,-1.9821474609093543,201.14845728947847,762.3214671332728,44.3541814350185,0.1627906976744186,0.1627906976744186,1:0:-1,1.9821474609093543,4.647112299465743,missing,low_axial_support_and_large_gap,exterior,0.6296126413117267,True,1800,220.90868314716928,762.1663645840414,24.626220189220504,1800,True,429.4180896089002,1.0,True
4.550507354392288,medium,low_axial_support_and_large_gap,confirmed,True,75.0,False,missing,459.0357297651432,7.900787087179745,5.957116148118749,8.54044861864681,E_N001026_N001035,181.3882314317877,762.4765696825043,64.0821426808165,3.535576820373535,"[""axial_coverage"", ""unsupported_gap"", ""continuous_support"", ""centerline_displacement""]",0.6152380952380953,True,low,,,,1026,1035,55.84560994969744,55.42603906088278,34.10021069840979,True,-0.5524403582783839,161.6280055740969,762.6316722317357,83.81010392661452,0.1860465116279069,0.1860465116279069,1:0:-1,0.8934140168679968,4.550507354392288,missing,low_axial_support_and_large_gap,exterior,0.6296126413117267,True,1802,141.86777971640615,762.7867747809671,103.53806517241252,1802,True,459.0357297651432,1.0,True
3.6078472069666834,medium,low_axial_support_and_large_gap,confirmed,True,75.0,False,missing,,,,,E_N001039_N001049,260.3648022793791,762.0749785245767,64.14758735012143,3.5357539653778076,"[""axial_coverage"", ""unsupported_gap"", ""continuous_support"", ""centerline_displacement""]",0.5790476190476191,True,low,,,,1039,1049,55.84560994969736,55.42603906088272,32.09431595144448,True,-0.4730693946047273,240.63674271327417,762.1206715543091,44.386903769670965,0.2558139534883721,0.2558139534883721,1:0:1,0.4730693946047273,3.6078472069666834,missing,low_axial_support_and_large_gap,exterior,0.6296126413117267,True,1829,220.90868314716928,762.1663645840414,24.626220189220504,1829,False,,0.0,False
4.487625275171816,medium,low_axial_support_and_large_gap,confirmed,True,75.0,False,missing,422.9248273817015,7.279256925674725,7.166598990992473,7.391914860356975,E_N001040_N001049,260.3648022793791,762.0749785245767,64.14758735012143,3.5081615447998047,"[""axial_coverage"", ""unsupported_gap"", ""continuous_support"", ""centerline_displacement""]",0.5609523809523811,True,low,,,,1040,1049,55.84560994969742,55.426039060882786,31.091368577961873,True,-1.0111705834931226,240.60457642168836,762.2300810738082,83.87554859591944,0.2790697674418604,0.2790697674418604,1:0:-1,1.0111705834931226,4.487625275171816,missing,low_axial_support_and_large_gap,exterior,0.6296126413117267,True,1830,220.8443505639976,762.3851836230396,103.60350984171744,1830,True,422.9248273817015,1.0,True
4.171500640506098,medium,low_axial_support_and_large_gap,confirmed,True,75.0,False,missing,,,,,E_N001054_N001063,339.34137312697055,761.6733873666491,64.21303201942636,3.5473217964172363,"[""axial_coverage"", ""unsupported_gap"", ""continuous_support"", ""centerline_displacement""]",0.6333333333333334,True,low,,,,1054,1063,55.84560994969739,55.42603906088276,35.103158071892416,True,-0.9745940257404762,319.5811472692798,761.8284899158805,83.94099326522436,0.1860465116279069,0.1860465116279069,1:0:-1,0.9745940257404762,4.171500640506098,missing,low_axial_support_and_large_gap,exterior,0.6296126413117267,True,1858,299.8209214115891,761.983592465112,103.66895451102236,1858,False,,0.0,False
4.566426324267722,medium,low_axial_support_and_large_gap,confirmed,True,75.0,False,missing,426.19066583480594,7.33546757030647,6.369733067763237,9.430784910450448,E_N001066_N001077,418.3179439745619,761.2717962087215,64.27847668873129,3.55045747756958,"[""axial_coverage"", ""unsupported_gap"", ""continuous_support"", ""centerline_displacement""]",0.6333333333333333,True,low,,,,1066,1077,55.84560994969744,55.4260390608828,35.10315807189244,True,-0.5521188056821238,438.0781698322527,761.1166936594901,44.55051544293331,0.1860465116279069,0.1860465116279069,1:0:-1,0.5521188056821238,4.566426324267722,missing,low_axial_support_and_large_gap,exterior,0.6296126413117267,True,1884,457.83839568994347,760.9615911102587,24.822554197135336,1884,True,426.19066583480594,1.0,True
4.414073295061284,medium,low_axial_support_and_large_gap,confirmed,True,75.0,False,missing,,,,,E_N001071_N001077,418.3179439745619,761.2717962087215,64.27847668873129,3.5464584827423096,"[""axial_coverage"", ""unsupported_gap"", ""continuous_support"", ""centerline_displacement""]",0.6514285714285714,True,low,,,,1071,1077,55.84560994969757,55.426039060882935,36.10610544537517,True,-1.01336706235897,438.0460035406669,761.2261031789892,84.0391602691818,0.1627906976744186,0.1627906976744186,1:0:1,1.1530645536129651,4.414073295061284,missing,low_axial_support_and_large_gap,exterior,0.6296126413117267,True,1887,457.7740631067719,761.1804101492568,103.79984384963232,1887,False,,0.0,False
4.082581419459998,medium,low_axial_support_and_large_gap,confirmed,True,75.0,False,missing,,,,,E_N001080_N001091,497.2945148221534,760.870205050794,64.34392135803621,3.5346338748931885,"[""axial_coverage"", ""unsupported_gap"", ""continuous_support"", ""centerline_displacement""]",0.6333333333333334,True,low,,,,1080,1091,55.8456099496974,55.42603906088264,35.103158071892345,True,-0.1545920816316273,517.0547406798441,760.7151025015626,44.61596011223824,0.1860465116279069,0.1860465116279069,1:0:-1,0.1545920816316273,4.082581419459998,missing,low_axial_support_and_large_gap,exterior,0.6296126413117267,True,1912,536.8149665375349,760.5599999523312,24.887998866440263,1912,False,,0.0,False
4.051219312259182,medium,low_axial_support_and_large_gap,confirmed,True,75.0,False,missing,,,,,E_N001082_N001091,497.2945148221534,760.870205050794,64.34392135803621,3.5303239822387695,"[""axial_coverage"", ""unsupported_gap"", ""continuous_support"", ""centerline_displacement""]",0.5971428571428572,True,low,,,,1082,1091,55.84560994969751,55.42603906088283,33.09726332492718,True,-0.9075481520503929,477.5342889644627,761.0253076000254,84.07188260383427,0.2325581395348837,0.2325581395348837,1:0:-1,1.2046451807835834,4.051219312259182,missing,low_axial_support_and_large_gap,exterior,0.6296126413117267,True,1914,457.7740631067719,761.1804101492568,103.79984384963232,1914,False,,0.0,False
4.4603149742704,medium,low_axial_support_and_large_gap,confirmed,True,75.0,False,missing,,,,,E_N001085_N001091,497.2945148221534,760.870205050794,64.34392135803621,3.5584330558776855,"[""axial_coverage"", ""unsupported_gap"", ""continuous_support"", ""centerline_displacement""]",0.6333333333333333,True,low,,,,1085,1091,55.845609949697526,55.42603906088286,35.10315807189247,True,-0.7391429297871803,517.0225743882584,760.8245120210615,84.10460493848673,0.1860465116279069,0.1860465116279069,1:0:1,0.9774325626592996,4.4603149742704,missing,low_axial_support_and_large_gap,exterior,0.6296126413117267,True,1915,536.7506339543634,760.7788189913291,103.86528851893723,1915,False,,0.0,False
4.042210519503649,medium,low_axial_support_and_large_gap,confirmed,True,75.0,False,missing,568.01372998641,9.77648416499845,9.588082465803977,9.964885864192922,E_N001094_N001105,576.2710856697447,760.4686138928663,64.40936602734119,3.558168649673462,"[""axial_coverage"", ""unsupported_gap"", ""continuous_support"", ""radial_deviation"", ""centerline_displacement""]",0.5971428571428572,True,low,,,,1094,1105,55.84560994969747,55.42603906088288,33.097263324927205,True,-0.9318820203281556,596.0313115274355,760.3135113436349,44.68140478154319,0.2325581395348837,0.2325581395348837,1:0:-1,1.5171105254621544,4.042210519503649,missing,low_axial_support_and_large_gap,exterior,0.6296126413117267,True,1940,615.7915373851263,760.1584087944035,24.953443535745187,1940,True,568.01372998641,1.0,True
4.42723909782797,medium,low_axial_support_and_large_gap,confirmed,True,75.0,False,missing,525.6282407373426,9.046957671899184,9.046957671899184,9.046957671899184,E_N001095_N001105,576.2710856697447,760.4686138928663,64.40936602734119,3.566133975982666,"[""axial_coverage"", ""unsupported_gap"", ""continuous_support"", ""centerline_displacement""]",0.5609523809523809,True,low,,,,1095,1105,55.845609949697334,55.426039060882744,31.09136857796184,True,-0.6672523777903354,556.5430261036398,760.5143069225987,44.64868244689073,0.2790697674418604,0.2790697674418604,1:0:1,0.8940344637162939,4.42723909782797,missing,low_axial_support_and_large_gap,exterior,0.6296126413117267,True,1941,536.8149665375349,760.5599999523312,24.887998866440263,1941,True,525.6282407373426,1.0,True
4.184404434722466,medium,low_axial_support_and_large_gap,confirmed,True,75.0,False,missing,,,,,E_N001096_N001105,576.2710856697447,760.4686138928663,64.40936602734119,3.5598256587982178,"[""axial_coverage"", ""unsupported_gap"", ""continuous_support"", ""centerline_displacement""]",0.6333333333333333,True,low,,,,1096,1105,55.84560994969735,55.42603906088268,35.10315807189236,True,-0.5516584784392737,556.510859812054,760.6237164420977,84.13732727313922,0.1860465116279069,0.1860465116279069,1:0:-1,1.1655790648390272,4.184404434722466,missing,low_axial_support_and_large_gap,exterior,0.6296126413117267,True,1942,536.7506339543634,760.7788189913291,103.86528851893723,1942,False,,0.0,False
4.473372110857242,medium,low_axial_support_and_large_gap,confirmed,True,75.0,False,missing,485.5118420541372,8.356486093874995,8.356486093874995,8.356486093874995,E_N001099_N001105,576.2710856697447,760.4686138928663,64.40936602734119,3.5710089206695557,"[""axial_coverage"", ""unsupported_gap"", ""continuous_support"", ""centerline_displacement""]",0.5790476190476189,True,low,,,,1099,1105,55.84560994969753,55.426039060882864,32.09431595144455,True,-0.9809048238842905,595.9991452358497,760.4229208631339,84.1700496077917,0.2558139534883721,0.2558139534883721,1:0:1,1.0765154964037764,4.473372110857242,missing,low_axial_support_and_large_gap,exterior,0.6296126413117267,True,1943,615.7272048019547,760.3772278334015,103.9307331882422,1943,True,485.5118420541372,1.0,True
4.553078426363338,medium,low_axial_support_and_large_gap,confirmed,True,75.0,False,missing,541.7405306665999,9.324277636258174,9.324277636258174,9.324277636258174,E_N001108_N001119,655.247656517336,760.0670227349387,64.47481069664612,3.526207447052002,"[""axial_coverage"", ""unsupported_gap"", ""continuous_support"", ""centerline_displacement""]",0.5609523809523809,True,low,,,,1108,1119,55.84560994969747,55.4260390608828,31.091368577961873,True,-0.6396203838672441,675.0078823750268,759.9119201857073,44.74684945084812,0.2558139534883721,0.2558139534883721,1:0:-1,0.9515862694678484,4.553078426363338,missing,low_axial_support_and_large_gap,exterior,0.6296126413117267,True,1968,694.7681082327176,759.756817636476,25.01888820505011,1968,True,541.7405306665999,1.0,True
4.325178320332606,medium,low_axial_support_and_large_gap,confirmed,True,75.0,False,missing,473.6384968120844,8.152125590569439,7.890981315308476,8.169893370041105,E_N001109_N001119,655.247656517336,760.0670227349387,64.47481069664612,3.5338926315307617,"[""axial_coverage"", ""unsupported_gap"", ""continuous_support"", ""centerline_displacement""]",0.38,True,low,,,,1109,1119,55.845609949697334,55.42603906088257,21.061894843135377,True,-0.2669758581087995,635.5195969512312,760.1127157646711,44.714127116195655,0.2558139534883721,0.2558139534883721,1:0:1,0.7697150678864204,4.325178320332606,missing,low_axial_support_and_large_gap,exterior,0.6296126413117267,True,1969,615.7915373851263,760.1584087944035,24.953443535745187,1969,True,473.6384968120844,1.0,True
4.503806764363833,medium,low_axial_support_and_large_gap,confirmed,True,75.0,False,missing,,,,,E_N001110_N001119,655.247656517336,760.0670227349387,64.47481069664612,3.5621979236602783,"[""axial_coverage"", ""unsupported_gap"", ""continuous_support"", ""centerline_displacement""]",0.6333333333333333,True,low,,,,1110,1119,55.84560994969736,55.42603906088269,35.103158071892366,True,-0.6105333739325474,635.4874306596454,760.2221252841701,84.20277194244414,0.1860465116279069,0.1860465116279069,1:0:-1,0.849360684657992,4.503806764363833,missing,low_axial_support_and_large_gap,exterior,0.6296126413117267,True,1970,615.7272048019547,760.3772278334015,103.9307331882422,1970,False,,0.0,False
4.439805842878506,medium,low_axial_support_and_large_gap,confirmed,True,75.0,False,missing,445.3000206256366,7.664372127807859,6.1168958982141595,8.574416266412475,E_N001113_N001119,655.247656517336,760.0670227349387,64.47481069664612,3.5509183406829834,"[""axial_coverage"", ""unsupported_gap"", ""continuous_support"", ""centerline_displacement""]",0.6152380952380951,True,low,,,,1113,1119,55.84560994969753,55.426039060882864,34.10021069840983,True,-0.4741900327631752,674.9757160834411,760.0213297052064,84.23549427709662,0.2093023255813953,0.2093023255813953,1:0:1,0.8568657739747119,4.439805842878506,missing,low_axial_support_and_large_gap,exterior,0.6296126413117267,True,1971,694.7037756495461,759.975636675474,103.99617785754712,1971,True,445.3000206256366,1.0,True
4.6269987610119365,medium,low_axial_support_and_large_gap,confirmed,True,75.0,False,missing,554.5914480852624,9.54546382246579,9.54546382246579,9.54546382246579,E_N001122_N001133,734.2242273649276,759.6654315770112,64.54025536595104,3.538328170776367,"[""axial_coverage"", ""unsupported_gap"", ""continuous_support"", ""centerline_displacement""]",0.560952380952381,True,low,,,,1122,1133,55.84560994969731,55.42603906088264,31.091368577961784,True,-0.667637552494085,753.9844532226183,759.5103290277798,44.81229412015304,0.2790697674418604,0.2790697674418604,1:0:-1,0.8252515880925982,4.6269987610119365,missing,low_axial_support_and_large_gap,exterior,0.6296126413117267,True,2000,773.744679080309,759.3552264785483,25.08433287435504,2000,True,554.5914480852624,1.0,True
4.3223062982945715,medium,low_axial_support_and_large_gap,confirmed,True,75.0,False,missing,502.4617390662454,8.648222703377717,8.348931794477643,8.947513612277792,E_N001123_N001133,734.2242273649276,759.6654315770112,64.54025536595104,3.583360433578491,"[""axial_coverage"", ""unsupported_gap"", ""continuous_support"", ""centerline_displacement""]",0.4342857142857144,True,low,,,,1123,1133,55.84560994969749,55.4260390608829,24.070736963583435,True,-0.4466333274495508,714.4961677988226,759.7111246067436,44.77957178550058,0.3255813953488372,0.3255813953488372,1:0:1,0.5814670401352812,4.3223062982945715,missing,low_axial_support_and_large_gap,exterior,0.6296126413117267,True,2001,694.7681082327176,759.756817636476,25.01888820505011,2001,True,502.4617390662454,1.0,True
4.411909825670012,medium,low_axial_support_and_large_gap,confirmed,True,75.0,False,missing,448.8771648533534,7.725940875272864,7.725940875272864,7.725940875272864,E_N001124_N001133,734.2242273649276,759.6654315770112,64.54025536595104,3.55200719833374,"[""axial_coverage"", ""unsupported_gap"", ""continuous_support"", ""centerline_displacement""]",0.579047619047619,True,low,,,,1124,1133,55.84560994969752,55.42603906088293,32.09431595144459,True,-0.4905128602887996,714.4640015072368,759.8205341262426,84.26821661174907,0.2558139534883721,0.2558139534883721,1:0:-1,0.7444806487791137,4.411909825670012,missing,low_axial_support_and_large_gap,exterior,0.6296126413117267,True,2002,694.7037756495461,759.975636675474,103.99617785754712,2002,True,448.8771648533534,1.0,True
4.589352809732169,medium,low_axial_support_and_large_gap,confirmed,True,75.0,False,missing,515.3665198124787,8.870335969233713,8.343340468154123,9.397331470313302,E_N001127_N001133,734.2242273649276,759.6654315770112,64.54025536595104,3.5810811519622803,"[""axial_coverage"", ""unsupported_gap"", ""continuous_support"", ""centerline_displacement""]",0.5066666666666666,True,low,,,,1127,1133,55.845609949697376,55.42603906088264,28.082526457513868,True,-0.6250496063872171,753.9522869310325,759.6197385472788,84.30093894640154,0.3488372093023256,0.3488372093023256,1:0:1,1.0474190718743417,4.589352809732169,missing,low_axial_support_and_large_gap,exterior,0.6296126413117267,True,2003,773.6803464971374,759.5740455175464,104.06162252685203,2003,True,515.3665198124787,1.0,True
1.946586868730517,medium,disconnected_or_unsupported_body,confirmed,True,75.0,False,broken,384.1016098185502,6.611043198253875,5.959678982949305,7.33736314049749,E_N001130_N001133,734.2242273649276,759.6654315770112,64.54025536595104,3.5476396083831787,"[""continuous_support"", ""centerline_displacement""]",0.018095238095238,,low,,,,1130,1133,55.84560994969741,55.42603906088286,1.0029473734826422,True,-0.6262892578023052,714.3796419512017,740.0217556605719,64.57851645161361,0.9767441860465116,0.9767441860465116,0:-1:-1,0.7970893243089687,1.946586868730517,broken,disconnected_or_unsupported_body,exterior,0.6296126413117267,True,2006,694.5350565374758,720.3780797441326,64.61677753727618,2006,True,384.1016098185502,1.0,True
4.14318809722078,medium,low_axial_support_and_large_gap,confirmed,True,75.0,False,broken,343.75918003292,5.916681239809295,4.372137059565288,7.69167039264252,E_N001270_N001272,99.13316154252486,131.2866212899539,144.74189975965083,3.51851487159729,"[""axial_coverage"", ""unsupported_gap"", ""continuous_support"", ""centerline_displacement""]",0.199047619047619,True,low,,,,1270,1272,55.84560994969737,55.426039060882715,11.032421108309038,True,-0.5378302960478045,79.48946153245518,151.13109278535694,144.67091633933575,0.7441860465116279,0.7441860465116279,0:-1:1,0.8959120677169125,4.14318809722078,broken,low_axial_support_and_large_gap,exterior,0.6296126413117267,True,2251,59.8457615223855,170.97556428075995,144.5999329190207,2251,True,343.75918003292,1.0,True
4.427690981612041,medium,low_axial_support_and_large_gap,confirmed,True,75.0,False,broken,370.0241102958451,6.36874544399045,5.232021440662319,8.385254398583353,E_N001297_N001300,257.3193549329498,169.86217686644193,105.27489976603457,3.468147993087769,"[""axial_coverage"", ""unsupported_gap"", ""continuous_support"", ""centerline_displacement""]",0.1447619047619047,True,low,,,,1300,1297,55.84560994969747,55.42603906088283,8.023578987861134,True,-0.3107796468643267,257.2028290853288,150.17280792027032,125.0738444321476,0.4883720930232558,0.4883720930232558,1:-1:0,1.123655939806248,4.427690981612041,broken,low_axial_support_and_large_gap,exterior,0.6296126413117267,True,2303,257.0863032377078,130.48343897409873,144.87278909826068,2303,True,370.0241102958451,1.0,True
4.462172091036708,medium,disconnected_or_unsupported_body,confirmed,True,75.0,False,broken,363.3033977474298,6.253070529215659,5.8364849798903915,7.48947802773154,E_N001633_N001635,731.9823216331233,325.4052195662456,105.23058975795358,3.560863256454468,"[""unsupported_gap"", ""continuous_support"", ""centerline_displacement""]",0.0723809523809523,True,low,,,,1635,1633,55.845609949697376,55.42603906088264,4.011789493930553,True,-0.1818616156773176,751.7103811992282,325.3595265365133,124.99127333840408,0.9069767441860463,0.9069767441860463,1:0:1,0.5812986151339176,4.462172091036708,broken,disconnected_or_unsupported_body,exterior,0.6296126413117267,True,2888,771.4384407653331,325.3138335067809,144.75195691885455,2888,True,363.3033977474298,1.0,True
4.4006899121890415,medium,disconnected_or_unsupported_body,confirmed,True,75.0,False,broken,367.68641416327665,6.328509710211302,6.1058077825207615,6.891580660018306,E_N001658_N001664,179.31504481205374,367.81391460308,144.15187739308988,3.553201913833618,"[""continuous_support"", ""centerline_displacement""]",0.0361904761904761,,low,,,,1658,1664,55.845609949697504,55.426039060882864,2.0058947469652844,True,-0.4208605659458921,199.04310437815872,367.76822157334766,163.91256097354037,0.9534883720930232,0.9534883720930232,1:0:1,0.5251178392710975,4.4006899121890415,broken,disconnected_or_unsupported_body,interior,0.6296126413117267,True,2931,218.77116394426372,367.72252854361534,183.67324455399088,2931,True,367.68641416327665,1.0,True
2.767497130847005,medium,low_axial_support_and_large_gap,confirmed,True,75.0,False,missing,344.11193324469724,5.9227527236608815,5.898645902950055,5.991290887907139,E_N002145_N002152,62.65815717357272,723.8096280465517,143.07050983533372,3.5208723545074463,"[""axial_coverage"", ""unsupported_gap"", ""continuous_support"", ""centerline_displacement""]",0.6333333333333335,True,low,,,,2145,2152,55.84560994969741,55.42603906088272,35.1031580718924,True,-0.2277293511910965,62.774683021193745,743.4989969927233,123.27156516922064,0.1860465116279069,0.1860465116279069,1:-1:0,0.725883707471193,2.767497130847005,missing,low_axial_support_and_large_gap,exterior,0.6296126413117267,True,3781,62.89120886881477,763.1883659388948,103.4726205031076,3781,True,344.11193324469724,1.0,True
4.622194511075189,medium,low_axial_support_and_large_gap,confirmed,True,75.0,False,missing,510.2691349521351,8.782601290053961,6.44696065032617,9.555569813715495,E_N002144_N002155,102.34732800102454,763.0969798794301,142.9939876640086,3.5360279083251953,"[""axial_coverage"", ""unsupported_gap"", ""continuous_support"", ""centerline_displacement""]",0.5609523809523809,True,low,,,,2144,2155,55.845609949697554,55.426039060882914,31.091368577961937,True,-0.6334444641236714,122.10755385871532,762.9418773301986,123.26602641821054,0.2558139534883721,0.2558139534883721,1:0:-1,1.0304358666212206,4.622194511075189,missing,low_axial_support_and_large_gap,exterior,0.6296126413117267,True,3788,141.86777971640615,762.7867747809671,103.53806517241252,3788,True,510.2691349521351,1.0,True
4.341451574032233,medium,low_axial_support_and_large_gap,confirmed,True,75.0,False,missing,443.32054560974734,7.630301989840746,7.630301989840746,7.630301989840746,E_N002145_N002155,102.34732800102454,763.0969798794301,142.9939876640086,3.558060646057129,"[""axial_coverage"", ""unsupported_gap"", ""continuous_support"", ""centerline_displacement""]",0.7057142857142858,True,low,,,,2145,2155,55.84560994969736,55.42603906088272,39.11494756582296,True,-1.074984569233043,82.61926843491966,763.1426729091625,123.2333040835581,0.0930232558139534,0.0930232558139534,1:0:1,1.1861220712558955,4.341451574032233,missing,low_axial_support_and_large_gap,exterior,0.6296126413117267,True,3789,62.89120886881477,763.1883659388948,103.4726205031076,3789,False,443.32054560974734,0.0,False
4.574195376398361,medium,low_axial_support_and_large_gap,confirmed,True,75.0,False,missing,402.4419716531292,6.926712076645941,6.926712076645941,6.926712076645941,E_N002146_N002155,102.34732800102454,763.0969798794301,142.9939876640086,3.5271964073181152,"[""axial_coverage"", ""unsupported_gap"", ""continuous_support"", ""centerline_displacement""]",0.6333333333333333,True,low,,,,2146,2155,55.84560994969736,55.42603906088269,35.103158071892366,True,-0.7733168469297014,82.58710214333382,763.2520824286615,162.72194890980657,0.1395348837209302,0.1395348837209302,1:0:-1,0.8800917125631579,4.574195376398361,missing,low_axial_support_and_large_gap,exterior,0.6296126413117267,True,3790,62.826876285643095,763.4071849778929,182.44991015560456,3790,True,402.4419716531292,1.0,True
4.6328029726690465,medium,low_axial_support_and_large_gap,confirmed,True,75.0,False,missing,,,,,E_N002149_N002155,102.34732800102454,763.0969798794301,142.9939876640086,3.5584640502929688,"[""axial_coverage"", ""unsupported_gap"", ""continuous_support"", ""centerline_displacement""]",0.6514285714285716,True,low,,,,2149,2155,55.84560994969747,55.426039060882786,36.10610544537508,True,-0.8196435466433587,122.07538756712955,763.0512868496977,162.75467124445902,0.1627906976744186,0.1627906976744186,1:0:1,0.8196435466433587,4.6328029726690465,missing,low_axial_support_and_large_gap,exterior,0.6296126413117267,True,3791,141.80344713323456,763.0055938199653,182.51535482490948,3791,False,,0.0,False
3.7513401394796855,medium,low_axial_support_and_large_gap,confirmed,True,75.0,False,missing,,,,,E_N002158_N002169,181.32389884861607,762.6953887215025,143.0594323333135,3.523965835571289,"[""axial_coverage"", ""unsupported_gap"", ""continuous_support"", ""centerline_displacement""]",0.5971428571428572,True,low,,,,2158,2169,55.845609949697504,55.426039060882815,33.09726332492717,True,-0.807991908430318,201.08412470630685,762.540286172271,123.33147108751548,0.2325581395348837,0.2325581395348837,1:0:-1,0.807991908430318,3.7513401394796855,missing,low_axial_support_and_large_gap,exterior,0.6296126413117267,True,3816,220.8443505639976,762.3851836230396,103.60350984171744,3816,False,,0.0,False
3.935491149708743,medium,low_axial_support_and_large_gap,confirmed,True,75.0,False,missing,381.43698345091946,6.565180438053691,6.565180438053691,6.565180438053691,E_N002160_N002169,181.32389884861607,762.6953887215025,143.0594323333135,3.524056911468506,"[""axial_coverage"", ""unsupported_gap"", ""continuous_support"", ""radial_deviation"", ""centerline_displacement""]",0.6695238095238096,True,low,,,,2160,2169,55.84560994969741,55.426039060882765,37.109052818857705,True,-1.476904469050414,161.5636729909253,762.8504912707339,162.7873935791115,0.1395348837209302,0.1395348837209302,1:0:-1,1.7466822710657952,3.935491149708743,missing,low_axial_support_and_large_gap,exterior,0.6296126413117267,True,3818,141.80344713323456,763.0055938199653,182.51535482490948,3818,True,381.43698345091946,1.0,True
4.580220904482584,medium,low_axial_support_and_large_gap,confirmed,True,75.0,False,missing,,,,,E_N002163_N002169,181.32389884861607,762.6953887215025,143.0594323333135,3.5569207668304443,"[""axial_coverage"", ""unsupported_gap"", ""continuous_support"", ""centerline_displacement""]",0.6514285714285716,True,low,,,,2163,2169,55.84560994969745,55.426039060882765,36.106105445375064,True,-0.7369187025955193,201.05195841472104,762.6496956917701,162.82011591376397,0.1627906976744186,0.1627906976744186,1:0:1,0.7369187025955193,4.580220904482584,missing,low_axial_support_and_large_gap,exterior,0.6296126413117267,True,3819,220.780017980826,762.6040026620377,182.58079949421443,3819,False,,0.0,False
4.391797508268086,medium,low_axial_support_and_large_gap,confirmed,True,75.0,False,missing,,,,,E_N002173_N002183,260.3004696962075,762.2937975635749,143.12487700261843,3.4953951835632324,"[""axial_coverage"", ""unsupported_gap"", ""continuous_support"", ""centerline_displacement""]",0.6514285714285715,True,low,,,,2173,2183,55.84560994969743,55.426039060882815,36.10610544537509,True,-0.6943529551337941,240.57241013010253,762.3394905933072,123.36419342216794,0.1627906976744186,0.1627906976744186,1:0:1,1.088159005244745,4.391797508268086,missing,low_axial_support_and_large_gap,exterior,0.6296126413117267,True,3845,220.8443505639976,762.3851836230396,103.60350984171744,3845,False,,0.0,False
4.486123144628374,medium,low_axial_support_and_large_gap,confirmed,True,75.0,False,missing,,,,,E_N002174_N002183,260.3004696962075,762.2937975635749,143.12487700261843,3.5027410984039307,"[""axial_coverage"", ""unsupported_gap"", ""continuous_support"", ""centerline_displacement""]",0.6695238095238094,True,low,,,,2174,2183,55.84560994969739,55.42603906088273,37.10905281885767,True,-1.1166999617435396,240.54024383851672,762.4489001128063,162.85283824841645,0.1395348837209302,0.1395348837209302,1:0:-1,1.1319402640880407,4.486123144628374,missing,low_axial_support_and_large_gap,exterior,0.6296126413117267,True,3846,220.780017980826,762.6040026620377,182.58079949421443,3846,False,,0.0,False
3.9445275800191206,medium,low_axial_support_and_large_gap,confirmed,True,75.0,False,missing,,,,,E_N002177_N002183,260.3004696962075,762.2937975635749,143.12487700261843,3.5265111923217773,"[""axial_coverage"", ""unsupported_gap"", ""continuous_support"", ""radial_deviation"", ""centerline_displacement""]",0.6695238095238094,True,low,,,,2177,2183,55.845609949697405,55.42603906088273,37.10905281885767,True,-1.6146791531985945,280.0285292623124,762.2481045338425,162.8855605830689,0.1395348837209302,0.1395348837209302,1:0:1,1.6146791531985945,3.9445275800191206,missing,low_axial_support_and_large_gap,exterior,0.6296126413117267,True,3847,299.75658882841736,762.2024115041102,182.64624416351936,3847,False,,0.0,False
3.985012887796523,medium,low_axial_support_and_large_gap,confirmed,True,75.0,False,missing,,,,,E_N002186_N002197,339.2770405437989,761.8922064056472,143.1903216719234,3.559943437576294,"[""axial_coverage"", ""unsupported_gap"", ""continuous_support"", ""radial_deviation"", ""centerline_displacement""]",0.6514285714285714,True,low,,,,2186,2197,55.84560994969746,55.4260390608828,36.10610544537508,True,-1.754365886332309,359.03726640148966,761.7371038564158,123.4623604261254,0.1627906976744186,0.1627906976744186,1:0:-1,2.0835264464371113,3.985012887796523,missing,low_axial_support_and_large_gap,exterior,0.6296126413117267,True,3872,378.7974922591805,761.5820013071843,103.7343991803274,3872,False,,0.0,False
4.496434047828282,medium,low_axial_support_and_large_gap,confirmed,True,75.0,False,missing,178.25868734978675,3.068135754729548,3.068135754729548,3.068135754729548,E_N002187_N002197,339.2770405437989,761.8922064056472,143.1903216719234,3.5358102321624756,"[""axial_coverage"", ""unsupported_gap"", ""continuous_support"", ""radial_deviation"", ""centerline_displacement""]",0.6514285714285715,True,low,,,,2187,2197,55.8456099496974,55.42603906088278,36.10610544537507,True,-1.2217088826452105,319.548980977694,761.9378994353797,123.42963809147288,0.1627906976744186,0.1627906976744186,1:0:1,1.4069683127670167,4.496434047828282,missing,low_axial_support_and_large_gap,exterior,0.6296126413117267,True,3873,299.8209214115891,761.983592465112,103.66895451102236,3873,True,178.25868734978675,1.0,True
4.254651009091274,medium,low_axial_support_and_large_gap,confirmed,True,75.0,False,missing,,,,,E_N002200_N002211,418.2536113913902,761.4906152477197,143.25576634122834,3.5257723331451416,"[""axial_coverage"", ""unsupported_gap"", ""continuous_support"", ""centerline_displacement""]",0.6152380952380954,True,low,,,,2200,2211,55.84560994969756,55.4260390608829,34.10021069840987,True,-0.8326304259862867,438.01383724908106,761.3355126984882,123.52780509543032,0.2093023255813953,0.2093023255813953,1:0:-1,1.1009490318532875,4.254651009091274,missing,low_axial_support_and_large_gap,exterior,0.6296126413117267,True,3900,457.7740631067719,761.1804101492568,103.79984384963232,3900,False,,0.0,False
4.136696656222125,medium,low_axial_support_and_large_gap,confirmed,True,75.0,False,missing,,,,,E_N002202_N002211,418.2536113913902,761.4906152477197,143.25576634122834,3.5394158363342285,"[""axial_coverage"", ""unsupported_gap"", ""continuous_support"", ""centerline_displacement""]",0.6695238095238094,True,low,,,,2202,2211,55.845609949697376,55.42603906088279,37.10905281885771,True,-1.3097922907470043,398.4933855336995,761.6457177969512,162.98372758702632,0.1395348837209302,0.1395348837209302,1:0:-1,1.3097922907470043,4.136696656222125,missing,low_axial_support_and_large_gap,exterior,0.6296126413117267,True,3902,378.7331596760088,761.8008203461826,182.7116888328243,3902,False,,0.0,False
4.739587652374087,medium,low_axial_support_and_large_gap,confirmed,True,75.0,False,missing,,,,,E_N002205_N002211,418.2536113913902,761.4906152477197,143.25576634122834,3.5655932426452637,"[""axial_coverage"", ""unsupported_gap"", ""continuous_support"", ""radial_deviation"", ""centerline_displacement""]",0.6695238095238096,True,low,,,,2205,2211,55.84560994969746,55.426039060882765,37.109052818857705,True,-1.447930089520333,437.9816709574952,761.4449222179874,163.01644992167877,0.1395348837209302,0.1395348837209302,1:0:1,1.5234606321313644,4.739587652374087,missing,low_axial_support_and_large_gap,exterior,0.6296126413117267,True,3903,457.70973052360023,761.399229188255,182.77713350212923,3903,False,,0.0,False
4.346712086389881,medium,low_axial_support_and_large_gap,confirmed,True,75.0,False,missing,,,,,E_N002214_N002225,497.23018223898174,761.0890240897921,143.32121101053326,3.5535383224487305,"[""axial_coverage"", ""unsupported_gap"", ""continuous_support"", ""centerline_displacement""]",0.5971428571428571,True,low,,,,2214,2225,55.845609949697526,55.42603906088289,33.09726332492721,True,-0.913517101919698,516.9904080966726,760.9339215405606,123.59324976473523,0.1860465116279069,0.1860465116279069,1:0:-1,1.1569538309611136,4.346712086389881,missing,low_axial_support_and_large_gap,exterior,0.6296126413117267,True,3928,536.7506339543634,760.7788189913291,103.86528851893723,3928,False,,0.0,False
4.131691372260336,medium,low_axial_support_and_large_gap,confirmed,True,75.0,False,missing,,,,,E_N002215_N002225,497.23018223898174,761.0890240897921,143.32121101053326,3.525747060775757,"[""axial_coverage"", ""unsupported_gap"", ""continuous_support"", ""radial_deviation"", ""centerline_displacement""]",0.6333333333333333,True,low,,,,2215,2225,55.845609949697376,55.42603906088268,35.10315807189236,True,-1.894898626039664,477.5021226728768,761.1347171195245,123.5605274300828,0.1860465116279069,0.1860465116279069,1:0:1,1.894898626039664,4.131691372260336,missing,low_axial_support_and_large_gap,exterior,0.6296126413117267,True,3929,457.7740631067719,761.1804101492568,103.79984384963232,3929,False,,0.0,False
4.532464978951693,medium,low_axial_support_and_large_gap,confirmed,True,75.0,False,missing,,,,,E_N002216_N002225,497.23018223898174,761.0890240897921,143.32121101053326,3.5545248985290527,"[""axial_coverage"", ""unsupported_gap"", ""continuous_support"", ""radial_deviation"", ""centerline_displacement""]",0.6514285714285715,True,low,,,,2216,2225,55.84560994969741,55.42603906088275,36.10610544537505,True,-0.6834226694697452,477.469956381291,761.2441266390235,163.04917225633125,0.1627906976744186,0.1627906976744186,1:0:-1,1.6502383665522111,4.532464978951693,missing,low_axial_support_and_large_gap,exterior,0.6296126413117267,True,3930,457.70973052360023,761.399229188255,182.77713350212923,3930,False,,0.0,False
4.409156089395067,medium,low_axial_support_and_large_gap,confirmed,True,75.0,False,missing,299.1293833722958,5.148526391950014,3.6278582617860584,6.669194522113969,E_N002219_N002225,497.23018223898174,761.0890240897921,143.32121101053326,3.514054298400879,"[""axial_coverage"", ""unsupported_gap"", ""continuous_support"", ""centerline_displacement""]",0.6514285714285715,True,low,,,,2219,2225,55.84560994969736,55.42603906088275,36.10610544537505,True,-0.5048862971638317,516.9582418050867,761.0433310600597,163.08189459098372,0.1627906976744186,0.1627906976744186,1:0:1,0.6641284954196073,4.409156089395067,missing,low_axial_support_and_large_gap,exterior,0.6296126413117267,True,3931,536.6863013711916,760.9976380303274,182.84257817143416,3931,True,299.1293833722958,1.0,True
4.518676605690452,medium,low_axial_support_and_large_gap,confirmed,True,75.0,False,missing,,,,,E_N002228_N002239,576.2067530865731,760.6874329318646,143.3866556798382,3.538670063018799,"[""axial_coverage"", ""unsupported_gap"", ""continuous_support"", ""centerline_displacement""]",0.6514285714285714,True,low,,,,2228,2239,55.84560994969747,55.4260390608828,36.10610544537508,True,-0.7085661493533479,595.9669789442639,760.5323303826331,123.6586944340402,0.1627906976744186,0.1627906976744186,1:0:-1,1.2009180977216636,4.518676605690452,missing,low_axial_support_and_large_gap,exterior,0.6296126413117267,True,3956,615.7272048019547,760.3772278334015,103.9307331882422,3956,False,,0.0,False
4.260386127969644,medium,low_axial_support_and_large_gap,confirmed,True,75.0,False,missing,,,,,E_N002229_N002239,576.2067530865731,760.6874329318646,143.3866556798382,3.541353702545166,"[""axial_coverage"", ""unsupported_gap"", ""continuous_support"", ""centerline_displacement""]",0.5971428571428571,True,low,,,,2229,2239,55.845609949697334,55.426039060882665,33.09726332492708,True,-0.6570706473892423,556.4786935204683,760.7331259615969,123.62597209938772,0.2325581395348837,0.2325581395348837,1:0:1,0.9847053175969996,4.260386127969644,missing,low_axial_support_and_large_gap,exterior,0.6296126413117267,True,3957,536.7506339543634,760.7788189913291,103.86528851893723,3957,False,,0.0,False
4.0216253526506485,medium,low_axial_support_and_large_gap,confirmed,True,75.0,False,missing,,,,,E_N002230_N002239,576.2067530865731,760.6874329318646,143.3866556798382,3.5474839210510254,"[""axial_coverage"", ""unsupported_gap"", ""continuous_support"", ""centerline_displacement""]",0.579047619047619,True,low,,,,2230,2239,55.84560994969747,55.42603906088281,32.09431595144452,True,-1.017780309189913,556.4465272288824,760.842535481096,163.1146169256362,0.2093023255813953,0.2093023255813953,1:0:-1,1.1843817265258998,4.0216253526506485,missing,low_axial_support_and_large_gap,exterior,0.6296126413117267,True,3958,536.6863013711916,760.9976380303274,182.84257817143416,3958,False,,0.0,False
4.4579547950504255,medium,low_axial_support_and_large_gap,confirmed,True,75.0,False,missing,537.6528677172961,9.253921991691843,9.253921991691843,9.253921991691843,E_N002233_N002239,576.2067530865731,760.6874329318646,143.3866556798382,3.551020383834839,"[""axial_coverage"", ""unsupported_gap"", ""continuous_support"", ""centerline_displacement""]",0.6514285714285714,True,low,,,,2233,2239,55.84560994969733,55.42603906088267,36.10610544537499,True,-0.474300750840317,595.934812652678,760.6417399021323,163.14733926028865,0.1627906976744186,0.1627906976744186,1:0:1,0.8749892201287109,4.4579547950504255,missing,low_axial_support_and_large_gap,exterior,0.6296126413117267,True,3959,615.6628722187829,760.5960468723998,182.9080228407391,3959,True,537.6528677172961,1.0,True
2.1843419799048966,medium,disconnected_or_unsupported_body,confirmed,True,75.0,False,broken,381.8067633504544,6.5715449802143615,6.017352812370028,7.900073386022398,E_N002242_N002249,655.0146048220943,720.6882848425955,104.0727000288723,3.514275550842285,"[""continuous_support"", ""centerline_displacement""]",0.018095238095238,,low,,,,2242,2249,55.845609949697334,55.4260390608827,1.0029473734826393,True,-0.5493846608133299,674.8591902358202,740.3319607590347,104.03443894320972,0.9767441860465116,0.9767441860465116,0:-1:-1,0.6975022224036482,2.1843419799048966,broken,disconnected_or_unsupported_body,exterior,0.6296126413117267,True,3974,694.7037756495461,759.975636675474,103.99617785754712,3974,True,381.8067633504544,1.0,True
4.464151768030281,medium,low_axial_support_and_large_gap,confirmed,True,75.0,False,missing,,,,,E_N002242_N002253,655.1833239341645,760.285841773937,143.45210034914314,3.546297311782837,"[""axial_coverage"", ""unsupported_gap"", ""continuous_support"", ""centerline_displacement""]",0.5971428571428573,True,low,,,,2242,2253,55.8456099496975,55.42603906088284,33.09726332492719,True,-0.8161368322646241,674.9435497918553,760.1307392247055,123.72413910334512,0.2325581395348837,0.2325581395348837,1:0:-1,0.9065533792699856,4.464151768030281,missing,low_axial_support_and_large_gap,exterior,0.6296126413117267,True,3984,694.7037756495461,759.975636675474,103.99617785754712,3984,False,,0.0,False
4.382414211371201,medium,low_axial_support_and_large_gap,confirmed,True,75.0,False,missing,,,,,E_N002243_N002253,655.1833239341645,760.285841773937,143.45210034914314,3.5613582134246826,"[""axial_coverage"", ""unsupported_gap"", ""continuous_support"", ""centerline_displacement""]",0.560952380952381,True,low,,,,2243,2253,55.84560994969735,55.426039060882694,31.091368577961816,True,-0.775779355818675,635.4552643680596,760.3315348036692,123.69141676869266,0.2558139534883721,0.2558139534883721,1:0:1,0.8795274177016318,4.382414211371201,missing,low_axial_support_and_large_gap,exterior,0.6296126413117267,True,3985,615.7272048019547,760.3772278334015,103.9307331882422,3985,False,,0.0,False
4.434103115838409,medium,low_axial_support_and_large_gap,confirmed,True,75.0,False,missing,,,,,E_N002244_N002253,655.1833239341645,760.285841773937,143.45210034914314,3.544905662536621,"[""axial_coverage"", ""unsupported_gap"", ""continuous_support"", ""centerline_displacement""]",0.6695238095238096,True,low,,,,2244,2253,55.84560994969745,55.426039060882765,37.109052818857705,True,-1.033424751067926,635.4230980764737,760.4409443231684,163.18006159494112,0.1395348837209302,0.1395348837209302,1:0:-1,1.3724067939109206,4.434103115838409,missing,low_axial_support_and_large_gap,exterior,0.6296126413117267,True,3986,615.6628722187829,760.5960468723998,182.9080228407391,3986,False,,0.0,False
4.520611764960348,medium,low_axial_support_and_large_gap,confirmed,True,75.0,False,missing,462.65597649807535,7.963097702204395,5.830783202438005,8.99645619717355,E_N002247_N002253,655.1833239341645,760.285841773937,143.45210034914314,3.577322006225586,"[""axial_coverage"", ""unsupported_gap"", ""continuous_support"", ""centerline_displacement""]",0.6333333333333333,True,low,,,,2247,2253,55.845609949697305,55.42603906088263,35.10315807189233,True,-0.6318605491310301,674.9113835002694,760.2401487442046,163.21278392959357,0.1860465116279069,0.1860465116279069,1:0:1,0.7136907480071975,4.520611764960348,missing,low_axial_support_and_large_gap,exterior,0.6296126413117267,True,3987,694.6394430663743,760.1944557144723,182.97346751004403,3987,True,462.65597649807535,1.0,True
4.5258508453543005,medium,low_axial_support_and_large_gap,confirmed,True,75.0,False,missing,511.3633096598214,8.801433901201746,8.648000815235674,10.456833600783934,E_N002257_N002267,734.1598947817558,759.8842506160094,143.51754501844806,3.5517737865448,"[""axial_coverage"", ""unsupported_gap"", ""continuous_support"", ""centerline_displacement""]",0.560952380952381,True,low,,,,2257,2267,55.84560994969735,55.426039060882694,31.091368577961816,True,-0.6920067950163666,714.431835215651,759.9299436457417,123.7568614379976,0.2790697674418604,0.2790697674418604,1:0:1,0.8828307415045933,4.5258508453543005,missing,low_axial_support_and_large_gap,exterior,0.6296126413117267,True,4017,694.7037756495461,759.975636675474,103.99617785754712,4017,True,511.3633096598214,1.0,True
4.508285985910911,medium,low_axial_support_and_large_gap,confirmed,True,75.0,False,missing,,,,,E_N002258_N002267,734.1598947817558,759.8842506160094,143.51754501844806,3.5398356914520264,"[""axial_coverage"", ""unsupported_gap"", ""continuous_support"", ""centerline_displacement""]",0.560952380952381,True,low,,,,2258,2267,55.845609949697455,55.426039060882765,31.09136857796186,True,-0.3670815692937301,714.399668924065,760.0393531652408,163.24550626424605,0.2558139534883721,0.2558139534883721,1:0:-1,1.0584881222002815,4.508285985910911,missing,low_axial_support_and_large_gap,exterior,0.6296126413117267,True,4018,694.6394430663743,760.1944557144723,182.97346751004403,4018,False,,0.0,False
4.419071491508338,medium,low_axial_support_and_large_gap,confirmed,True,75.0,False,missing,424.06982595872233,7.298964302215531,6.508372779601386,9.087972992098628,E_N002261_N002267,734.1598947817558,759.8842506160094,143.51754501844806,3.53824234008789,"[""axial_coverage"", ""unsupported_gap"", ""continuous_support"", ""centerline_displacement""]",0.5247619047619048,True,low,,,,2261,2267,55.84560994969749,55.42603906088281,29.0854738309966,True,-0.5809329111616535,753.8879543478608,759.838557586277,163.27822859889852,0.3255813953488372,0.3255813953488372,1:0:1,0.9388036998276617,4.419071491508338,missing,low_axial_support_and_large_gap,exterior,0.6296126413117267,True,4019,773.6160139139658,759.7928645565447,183.03891217934896,4019,True,424.06982595872233,1.0,True
4.5467508051497685,medium,low_axial_support_and_large_gap,confirmed,True,75.0,False,missing,317.09886462863096,5.457811783625318,5.340124042687798,5.575499524562838,E_N002304_N002308,256.7889189592941,91.32352012075384,263.4479680829837,3.5063390731811523,"[""axial_coverage"", ""unsupported_gap"", ""continuous_support"", ""centerline_displacement""]",0.6695238095238096,True,low,,,,2308,2304,55.84560994969741,55.42603906088276,37.1090528188577,True,-0.2747577166494905,256.70455940325894,71.52474165508316,243.75826792284832,0.1395348837209302,0.1395348837209302,1:1:0,0.2780013101879489,4.5467508051497685,missing,low_axial_support_and_large_gap,exterior,0.6296126413117267,True,4101,256.6201998472237,51.725963189412475,224.06856776271292,4101,True,317.09886462863096,1.0,True
2.458654356633698,medium,low_axial_support_and_large_gap,confirmed,True,75.0,False,broken,328.2826748229119,5.6503042138194814,5.399115683894543,6.745181605040889,E_N002374_N002378,651.6717731972515,89.31556433111595,263.7751914295084,3.4304721355438232,"[""axial_coverage"", ""unsupported_gap"", ""continuous_support"", ""centerline_displacement""]",0.1809523809523809,True,low,,,,2378,2374,55.84560994969745,55.42603906088278,10.029473734826407,True,-0.5765721558022674,651.5874136412162,69.51678586544524,244.08549126937305,0.7209302325581395,0.7209302325581395,1:1:0,0.6599868592605983,2.458654356633698,broken,low_axial_support_and_large_gap,exterior,0.6296126413117267,True,4221,651.503054085181,49.718007399774535,224.3957911092376,4221,True,328.2826748229119,1.0,True
4.383590817704013,medium,low_axial_support_and_large_gap,confirmed,True,75.0,False,missing,376.5469372618138,6.481014410702475,5.7492911362514825,9.327964815856792,E_N002529_N002533,99.7036514619078,249.86047304497987,183.90281106796635,3.5218138694763184,"[""axial_coverage"", ""unsupported_gap"", ""continuous_support"", ""centerline_displacement""]",0.579047619047619,True,low,,,,2533,2529,55.845609949697405,55.42603906088276,32.09431595144449,True,-0.6897319288031469,99.78801101794303,269.6592515106505,203.59251122810176,0.2558139534883721,0.2558139534883721,1:1:0,0.8335890335345404,4.383590817704013,missing,low_axial_support_and_large_gap,exterior,0.6296126413117267,True,4495,99.87237057397827,289.4580299763212,223.2822113882372,4495,True,376.5469372618138,1.0,True
4.0109640401187,medium,disconnected_or_unsupported_body,confirmed,True,75.0,False,broken,375.5009308970841,6.46301085881384,4.139153383477059,7.175725714999933,E_N002679_N002684,218.53811224902168,328.3437906512722,223.27113388621697,3.4127988815307617,"[""continuous_support"", ""centerline_displacement""]",0.0361904761904761,,low,,,,2679,2684,55.84560994969746,55.42603906088279,2.0058947469652817,True,-0.814787314328655,218.42158640140065,308.6544217051006,243.07007855233,0.9534883720930232,0.9534883720930232,1:-1:0,1.0044435185928475,4.0109640401187,broken,disconnected_or_unsupported_body,interior,0.6296126413117267,True,4747,218.3050605537796,288.965052758929,262.8690232184431,4747,True,375.5009308970841,1.0,True
4.219728478794405,medium,disconnected_or_unsupported_body,confirmed,True,75.0,False,broken,368.58258721007894,6.343934375388622,6.057729509628878,6.911870672326101,E_N002778_N002784,100.27414138129072,368.43432480000575,223.0637223762819,3.5344595909118652,"[""unsupported_gap"", ""continuous_support"", ""centerline_displacement""]",0.1266666666666666,True,low,,,,2778,2784,55.84560994969743,55.42603906088276,7.020631614378483,True,-0.3254890497283926,120.00220094739568,368.3886317702734,242.8244059567324,0.8372093023255814,0.8372093023255814,1:0:1,0.5201007691476532,4.219728478794405,broken,disconnected_or_unsupported_body,exterior,0.6296126413117267,True,4923,139.73026051350064,368.34293874054106,262.58508953718285,4923,True,368.58258721007894,1.0,True
4.441517738779125,medium,low_axial_support_and_large_gap,confirmed,True,75.0,False,missing,335.35245814385183,5.771987231391598,5.369477590497906,7.368098108185404,E_N002781_N002784,100.50719307653272,407.8130626923487,183.4658330440558,3.440256118774414,"[""axial_coverage"", ""unsupported_gap"", ""continuous_support"", ""centerline_displacement""]",0.5971428571428571,True,low,,,,2784,2781,55.8456099496973,55.42603906088268,33.097263324927084,True,-0.8176974804597583,100.39066722891172,388.12369374617725,203.2647777101689,0.2325581395348837,0.2325581395348837,1:-1:0,1.3237697355290483,4.441517738779125,missing,low_axial_support_and_large_gap,exterior,0.6296126413117267,True,4931,100.27414138129072,368.43432480000575,223.0637223762819,4931,True,335.35245814385183,1.0,True
4.507097967633714,medium,disconnected_or_unsupported_body,confirmed,True,75.0,False,broken,436.483033027801,7.512616747466455,5.975366021450736,8.911148352010102,E_N002884_N002896,732.086708162022,365.22159553658514,223.5872797307214,3.5563714504241943,"[""continuous_support"", ""centerline_displacement""]",0.0361904761904761,,low,,,,2884,2896,55.845609949697504,55.42603906088275,2.0058947469652804,True,-0.2821821243947304,712.358648595917,365.26728856631746,203.82659615027092,0.9534883720930232,0.9534883720930232,1:0:1,0.4276164434611533,4.507097967633714,broken,disconnected_or_unsupported_body,exterior,0.6296126413117267,True,5116,692.630589029812,365.31298159604984,184.06591256982043,5116,True,436.483033027801,1.0,True
4.0436262705054995,medium,low_axial_support_and_large_gap,confirmed,True,75.0,False,broken,379.7177192567654,6.535588971717132,6.452402111359746,6.902887513541316,E_N003280_N003286,62.59382459040104,724.0284470855497,222.04779948783064,3.4582016468048096,"[""axial_coverage"", ""unsupported_gap"", ""continuous_support"", ""centerline_displacement""]",0.199047619047619,True,low,,,,3280,3286,55.84560994969749,55.426039060882815,11.032421108309055,True,-0.4289751642522736,62.67818414643623,743.8272255512204,241.7374996479661,0.7441860465116279,0.7441860465116279,1:1:0,0.6084609120111691,4.0436262705054995,broken,low_axial_support_and_large_gap,exterior,0.6296126413117267,True,5798,62.76254370247142,763.6260040168911,261.42719980810153,5798,True,379.7177192567654,1.0,True
4.5147454000435445,medium,low_axial_support_and_large_gap,confirmed,True,75.0,False,missing,,,,,E_N003279_N003289,102.28299541785304,763.3157989184282,221.97127731650548,3.570272445678711,"[""axial_coverage"", ""unsupported_gap"", ""continuous_support"", ""radial_deviation"", ""centerline_displacement""]",0.5971428571428572,True,low,,,,3279,3289,55.84560994969745,55.426039060882786,33.097263324927155,True,-0.8904699611534044,82.55493585174807,763.3614919481606,202.21059373605505,0.2325581395348837,0.2325581395348837,1:0:1,1.5530024368020816,4.5147454000435445,missing,low_axial_support_and_large_gap,exterior,0.6296126413117267,True,5805,62.826876285643095,763.4071849778929,182.44991015560456,5805,False,,0.0,False
3.634758846553067,medium,low_axial_support_and_large_gap,confirmed,True,75.0,False,missing,375.83034688310744,6.468680669244534,5.817654290570108,6.767383751338561,E_N003280_N003289,102.28299541785304,763.3157989184282,221.97127731650548,3.5258493423461914,"[""axial_coverage"", ""unsupported_gap"", ""continuous_support"", ""centerline_displacement""]",0.6876190476190477,True,low,,,,3280,3289,55.845609949697554,55.4260390608829,38.11200019234044,True,-0.5449272926680893,82.52276956016223,763.4709014676596,241.6992385623035,0.1162790697674418,0.1162790697674418,1:0:-1,1.006299134985564,3.634758846553067,missing,low_axial_support_and_large_gap,exterior,0.6296126413117267,True,5806,62.76254370247142,763.6260040168911,261.42719980810153,5806,True,375.83034688310744,1.0,True
4.461008281290783,medium,low_axial_support_and_large_gap,confirmed,True,75.0,False,missing,,,,,E_N003283_N003289,102.28299541785304,763.3157989184282,221.97127731650548,3.5548436641693115,"[""axial_coverage"", ""unsupported_gap"", ""continuous_support"", ""radial_deviation"", ""centerline_displacement""]",0.6152380952380954,True,low,,,,3283,3289,55.84560994969742,55.426039060882765,34.10021069840978,True,-1.0039142517738249,122.011054983958,763.2701058886959,241.73196089695597,0.1627906976744186,0.1627906976744186,1:0:1,1.4652074358322964,4.461008281290783,missing,low_axial_support_and_large_gap,exterior,0.6296126413117267,True,5807,141.73911455006294,763.2244128589635,261.49264447740643,5807,False,,0.0,False
3.6173843865412536,medium,low_axial_support_and_large_gap,confirmed,True,75.0,False,missing,,,,,E_N003292_N003303,181.25956626544445,762.9142077605006,222.03672198581043,3.5395703315734863,"[""axial_coverage"", ""unsupported_gap"", ""continuous_support"", ""centerline_displacement""]",0.6333333333333334,True,low,,,,3292,3303,55.84560994969747,55.42603906088283,35.103158071892466,True,-0.3819963082963311,201.01979212313523,762.7591052112691,202.3087607400124,0.1860465116279069,0.1860465116279069,1:0:-1,0.7075061101845498,3.6173843865412536,missing,low_axial_support_and_large_gap,exterior,0.6296126413117267,True,5832,220.780017980826,762.6040026620377,182.58079949421443,5832,False,,0.0,False
4.469221473087808,medium,low_axial_support_and_large_gap,confirmed,True,75.0,False,missing,,,,,E_N003293_N003303,181.25956626544445,762.9142077605006,222.03672198581043,3.542358875274658,"[""axial_coverage"", ""unsupported_gap"", ""continuous_support"", ""centerline_displacement""]",0.6152380952380954,True,low,,,,3293,3303,55.84560994969742,55.426039060882786,34.100210698409796,True,-0.1290550923346038,161.5315066993395,762.959900790233,202.2760384053599,0.2093023255813953,0.2093023255813953,1:0:1,0.3371214078576107,4.469221473087808,missing,low_axial_support_and_large_gap,exterior,0.6296126413117267,True,5833,141.80344713323456,763.0055938199653,182.51535482490948,5833,False,,0.0,False
4.021273881605006,medium,low_axial_support_and_large_gap,confirmed,True,75.0,False,missing,394.53364953060907,6.79059637746315,6.434431803158989,6.997468202970409,E_N003294_N003303,181.25956626544445,762.9142077605006,222.03672198581043,3.5154008865356445,"[""axial_coverage"", ""unsupported_gap"", ""continuous_support"", ""centerline_displacement""]",0.5066666666666666,True,low,,,,3294,3303,55.84560994969743,55.42603906088279,28.082526457513943,True,0.1352280967582526,161.4993404077537,763.0693103097321,241.76468323160844,0.1860465116279069,0.1860465116279069,1:0:-1,0.1352280967582526,4.021273881605006,missing,low_axial_support_and_large_gap,exterior,0.6296126413117267,True,5834,141.73911455006294,763.2244128589635,261.49264447740643,5834,True,394.53364953060907,1.0,True
4.559664761718426,medium,low_axial_support_and_large_gap,confirmed,True,75.0,False,missing,,,,,E_N003297_N003303,181.25956626544445,762.9142077605006,222.03672198581043,3.53873872756958,"[""axial_coverage"", ""unsupported_gap"", ""continuous_support"", ""centerline_displacement""]",0.7057142857142858,True,low,,,,3297,3303,55.84560994969749,55.42603906088283,39.11494756582303,True,-0.5509618035643316,200.9876258315494,762.8685147307683,241.79740556626092,0.0930232558139534,0.0930232558139534,1:0:1,0.5509618035643316,4.559664761718426,missing,low_axial_support_and_large_gap,exterior,0.6296126413117267,True,5835,220.71568539765437,762.822821701036,261.55808914671144,5835,False,,0.0,False
4.567576720864749,medium,low_axial_support_and_large_gap,confirmed,True,75.0,False,missing,,,,,E_N003307_N003317,260.23613711303585,762.5126166025731,222.10216665511535,3.5698626041412354,"[""axial_coverage"", ""unsupported_gap"", ""continuous_support"", ""radial_deviation"", ""centerline_displacement""]",0.6514285714285714,True,low,,,,3307,3317,55.84560994969736,55.42603906088273,36.10610544537503,True,-0.8186816933333376,240.5080775469309,762.5583096323054,202.3414830746649,0.1627906976744186,0.1627906976744186,1:0:1,1.6784557700876814,4.567576720864749,missing,low_axial_support_and_large_gap,exterior,0.6296126413117267,True,5861,220.780017980826,762.6040026620377,182.58079949421443,5861,False,,0.0,False
4.545376052746593,medium,low_axial_support_and_large_gap,confirmed,True,75.0,False,missing,,,,,E_N003321_N003331,339.21270796062726,762.1110254446454,222.1676113244203,3.5647289752960205,"[""axial_coverage"", ""unsupported_gap"", ""continuous_support"", ""centerline_displacement""]",0.6695238095238096,True,low,,,,3321,3331,55.84560994969742,55.426039060882765,37.109052818857705,True,-0.7002915057921764,319.4846483945223,762.1567184743778,202.40692774396985,0.1395348837209302,0.1395348837209302,1:0:1,0.923143821160582,4.545376052746593,missing,low_axial_support_and_large_gap,exterior,0.6296126413117267,True,5889,299.75658882841736,762.2024115041102,182.64624416351936,5889,False,,0.0,False
4.334321139617768,medium,low_axial_support_and_large_gap,confirmed,True,75.0,False,missing,,,,,E_N003339_N003345,418.1892788082186,761.7094342867179,222.23305599372523,3.5276896953582764,"[""axial_coverage"", ""unsupported_gap"", ""continuous_support"", ""radial_deviation"", ""centerline_displacement""]",0.6695238095238095,True,low,,,,3339,3345,55.845609949697504,55.42603906088285,37.109052818857755,True,-1.460958370325408,437.9173383743236,761.6637412569855,241.99373957417572,0.1162790697674418,0.1162790697674418,1:0:1,1.5520462945216824,4.334321139617768,missing,low_axial_support_and_large_gap,exterior,0.6296126413117267,True,5919,457.6453979404286,761.6180482272532,261.7544231546262,5919,False,,0.0,False
4.488030356987603,medium,low_axial_support_and_large_gap,confirmed,True,75.0,False,missing,,,,,E_N003349_N003359,497.1658496558101,761.3078431287903,222.29850066303015,3.5428292751312256,"[""axial_coverage"", ""unsupported_gap"", ""continuous_support"", ""centerline_displacement""]",0.6876190476190476,True,low,,,,3349,3359,55.84560994969742,55.42603906088275,38.112000192340325,True,-1.3131423405409637,477.4377900897052,761.3535361585227,202.5378170825797,0.1162790697674418,0.1162790697674418,1:0:1,1.3131423405409637,4.488030356987603,missing,low_axial_support_and_large_gap,exterior,0.6296126413117267,True,5945,457.70973052360023,761.399229188255,182.77713350212923,5945,False,,0.0,False
4.773705686389095,medium,low_axial_support_and_large_gap,confirmed,True,75.0,False,missing,462.6068195584886,7.962251627512712,7.962251627512712,7.962251627512712,E_N003353_N003359,497.1658496558101,761.3078431287903,222.29850066303015,3.563483715057373,"[""axial_coverage"", ""unsupported_gap"", ""continuous_support"", ""centerline_displacement""]",0.6514285714285716,True,low,,,,3353,3359,55.84560994969758,55.426039060882886,36.10610544537514,True,-0.7069813126853708,516.8939092219152,761.262150099058,242.05918424348067,0.1627906976744186,0.1627906976744186,1:0:1,0.7163464680885943,4.773705686389095,missing,low_axial_support_and_large_gap,exterior,0.6296126413117267,True,5947,536.6219687880202,761.2164570693257,261.81986782393113,5947,True,462.6068195584886,1.0,True
1.955653660834887,medium,disconnected_or_unsupported_body,confirmed,True,75.0,False,broken,356.47869608524394,6.135605784599724,5.804520407402121,6.362266168921165,E_N003362_N003369,575.9737013913311,721.3086950395214,182.9845450120643,3.4963810443878174,"[""continuous_support"", ""centerline_displacement""]",0.018095238095238,,low,,,,3362,3369,55.845609949697334,55.4260390608827,1.0029473734826393,True,-0.4927218642454638,595.818286805057,740.9523709559605,182.9462839264017,0.9767441860465116,0.9767441860465116,0:-1:-1,0.6329649535828549,1.955653660834887,broken,disconnected_or_unsupported_body,exterior,0.6296126413117267,True,5962,615.6628722187829,760.5960468723998,182.9080228407391,5962,True,356.47869608524394,1.0,True
4.595292709990172,medium,low_axial_support_and_large_gap,confirmed,True,75.0,False,missing,,,,,E_N003362_N003373,576.1424205034016,760.9062519708627,222.3639453323351,3.5130579471588135,"[""axial_coverage"", ""unsupported_gap"", ""continuous_support"", ""radial_deviation"", ""centerline_displacement""]",0.6876190476190475,True,low,,,,3362,3373,55.84560994969731,55.42603906088263,38.11200019234024,True,-1.653119780330347,595.9026463610923,760.7511494216312,202.63598408653712,0.1162790697674418,0.1162790697674418,1:0:-1,1.852363470733318,4.595292709990172,missing,low_axial_support_and_large_gap,exterior,0.6296126413117267,True,5972,615.6628722187829,760.5960468723998,182.9080228407391,5972,False,,0.0,False
4.15069771664614,medium,low_axial_support_and_large_gap,confirmed,True,75.0,False,missing,,,,,E_N003363_N003373,576.1424205034016,760.9062519708627,222.3639453323351,3.469756603240967,"[""axial_coverage"", ""unsupported_gap"", ""continuous_support"", ""centerline_displacement""]",0.6514285714285715,True,low,,,,3363,3373,55.84560994969749,55.42603906088281,36.106105445375086,True,-0.776668378242316,556.4143609372966,760.9519450005951,202.60326175188465,0.1627906976744186,0.1627906976744186,1:0:1,1.0797987957085804,4.15069771664614,missing,low_axial_support_and_large_gap,exterior,0.6296126413117267,True,5973,536.6863013711916,760.9976380303274,182.84257817143416,5973,False,,0.0,False
4.106165333705485,medium,low_axial_support_and_large_gap,confirmed,True,75.0,False,missing,,,,,E_N003364_N003373,576.1424205034016,760.9062519708627,222.3639453323351,3.5676658153533936,"[""axial_coverage"", ""unsupported_gap"", ""continuous_support"", ""radial_deviation"", ""centerline_displacement""]",0.6695238095238094,True,low,,,,3364,3373,55.845609949697334,55.42603906088275,37.10905281885768,True,-1.807892924783439,556.3821946457109,761.0613545200943,242.09190657813312,0.1395348837209302,0.1395348837209302,1:0:-1,1.817612633853283,4.106165333705485,missing,low_axial_support_and_large_gap,exterior,0.6296126413117267,True,5974,536.6219687880202,761.2164570693257,261.81986782393113,5974,False,,0.0,False
4.573606354908956,medium,low_axial_support_and_large_gap,confirmed,True,75.0,False,missing,,,,,E_N003367_N003373,576.1424205034016,760.9062519708627,222.3639453323351,3.4768178462982178,"[""axial_coverage"", ""unsupported_gap"", ""continuous_support"", ""radial_deviation"", ""centerline_displacement""]",0.6876190476190477,True,low,,,,3367,3373,55.84560994969736,55.426039060882786,38.11200019234036,True,-0.5543588225887408,595.8704800695065,760.8605589411304,242.1246289127856,0.1162790697674418,0.1162790697674418,1:0:1,1.8904100638855423,4.573606354908956,missing,low_axial_support_and_large_gap,exterior,0.6296126413117267,True,5975,615.5985396356114,760.8148659113981,261.8853124932361,5975,False,,0.0,False
4.4818118370607065,medium,low_axial_support_and_large_gap,confirmed,True,75.0,False,missing,,,,,E_N003376_N003387,655.1189913509932,760.5046608129352,222.4293900016401,3.53141713142395,"[""axial_coverage"", ""unsupported_gap"", ""continuous_support"", ""centerline_displacement""]",0.5971428571428572,True,low,,,,3376,3387,55.84560994969719,55.42603906088261,33.09726332492705,True,-0.2817375899142531,674.8792172086837,760.3495582637038,202.70142875584207,0.2325581395348837,0.2325581395348837,1:0:-1,0.6103782792340454,4.4818118370607065,missing,low_axial_support_and_large_gap,exterior,0.6296126413117267,True,6000,694.6394430663743,760.1944557144723,182.97346751004403,6000,False,,0.0,False
4.536777937702025,medium,low_axial_support_and_large_gap,confirmed,True,75.0,False,missing,410.3706105364211,7.063177461900535,6.724818781309086,8.810356977978545,E_N003377_N003387,655.1189913509932,760.5046608129352,222.4293900016401,3.5490846633911133,"[""axial_coverage"", ""unsupported_gap"", ""continuous_support"", ""centerline_displacement""]",0.6514285714285716,True,low,,,,3377,3387,55.84560994969769,55.42603906088295,36.106105445375185,True,-0.5325605721458171,635.390931784888,760.5503538426675,202.6687064211896,0.1627906976744186,0.1627906976744186,1:0:1,0.69785891417516,4.536777937702025,missing,low_axial_support_and_large_gap,exterior,0.6296126413117267,True,6001,615.6628722187829,760.5960468723998,182.9080228407391,6001,True,410.3706105364211,1.0,True
4.5943386167013385,medium,low_axial_support_and_large_gap,confirmed,True,75.0,False,missing,,,,,E_N003378_N003387,655.1189913509932,760.5046608129352,222.4293900016401,3.5342681407928467,"[""axial_coverage"", ""unsupported_gap"", ""continuous_support"", ""radial_deviation"", ""centerline_displacement""]",0.6695238095238094,True,low,,,,3378,3387,55.84560994969763,55.42603906088279,37.10905281885771,True,-0.4179051527580877,635.3587654933023,760.6597633621666,242.1573512474381,0.1395348837209302,0.1395348837209302,1:0:-1,1.6377205314596162,4.5943386167013385,missing,low_axial_support_and_large_gap,exterior,0.6296126413117267,True,6002,615.5985396356114,760.8148659113981,261.8853124932361,6002,False,,0.0,False
4.4701312072822725,medium,low_axial_support_and_large_gap,confirmed,True,75.0,False,missing,463.8898209787785,7.9843342681373235,7.706373539049349,8.372815296177993,E_N003381_N003387,655.1189913509932,760.5046608129352,222.4293900016401,3.5526368618011475,"[""axial_coverage"", ""unsupported_gap"", ""continuous_support"", ""centerline_displacement""]",0.5971428571428572,True,low,,,,3381,3387,55.845609949697305,55.42603906088271,33.097263324927106,True,-0.6298638662876135,674.847050917098,760.4589677832029,242.19007358209052,0.2093023255813953,0.2093023255813953,1:0:1,0.8162253906947546,4.4701312072822725,missing,low_axial_support_and_large_gap,exterior,0.6296126413117267,True,6003,694.5751104832029,760.4132747534705,261.950757162541,6003,True,463.8898209787785,1.0,True
4.572116699527382,medium,low_axial_support_and_large_gap,confirmed,True,75.0,False,missing,,,,,E_N003390_N003401,734.0955621985843,760.1030696550075,222.494834670945,3.5537474155426025,"[""axial_coverage"", ""unsupported_gap"", ""continuous_support"", ""centerline_displacement""]",0.5428571428571428,True,low,,,,3390,3401,55.84560994969749,55.42603906088275,30.088421204479204,True,-0.3432652198288639,753.8557880562751,759.9479671057761,202.766873425147,0.2558139534883721,0.2558139534883721,1:0:-1,1.2485553220514594,4.572116699527382,missing,low_axial_support_and_large_gap,exterior,0.6296126413117267,True,6032,773.6160139139658,759.7928645565447,183.03891217934896,6032,False,,0.0,False
4.460243431864128,medium,low_axial_support_and_large_gap,confirmed,True,75.0,False,missing,436.8742574617003,7.519350386604136,6.876054344956882,8.162646428251392,E_N003391_N003401,734.0955621985843,760.1030696550075,222.494834670945,3.563486099243164,"[""axial_coverage"", ""unsupported_gap"", ""continuous_support"", ""centerline_displacement""]",0.6152380952380954,True,low,,,,3391,3401,55.845609949697526,55.42603906088295,34.100210698409896,True,-0.7446012027404696,714.3675026324793,760.14876268474,202.73415109049452,0.2093023255813953,0.2093023255813953,1:0:1,1.1096446741874053,4.460243431864128,missing,low_axial_support_and_large_gap,exterior,0.6296126413117267,True,6033,694.6394430663743,760.1944557144723,182.97346751004403,6033,True,436.8742574617003,1.0,True
4.639411080277254,medium,low_axial_support_and_large_gap,confirmed,True,75.0,False,missing,,,,,E_N003392_N003401,734.0955621985843,760.1030696550075,222.494834670945,3.53768539428711,"[""axial_coverage"", ""unsupported_gap"", ""continuous_support"", ""centerline_displacement""]",0.579047619047619,True,low,,,,3392,3401,55.84560994969729,55.42603906088269,32.09431595144445,True,-0.1369586769876232,714.3353363408936,760.258172204239,242.222795916743,0.2558139534883721,0.2558139534883721,1:0:-1,0.9427581068611288,4.639411080277254,missing,low_axial_support_and_large_gap,exterior,0.6296126413117267,True,6034,694.5751104832029,760.4132747534705,261.950757162541,6034,False,,0.0,False
4.568086711449505,medium,low_axial_support_and_large_gap,confirmed,True,75.0,False,missing,529.8326369828774,9.119322495402365,8.994160623126227,9.244484367678504,E_N003395_N003401,734.0955621985843,760.1030696550075,222.494834670945,3.5451314449310303,"[""axial_coverage"", ""unsupported_gap"", ""continuous_support"", ""centerline_displacement""]",0.6333333333333334,True,low,,,,3395,3401,55.84560994969749,55.42603906088264,35.103158071892345,True,-0.6923990062864434,753.8236217646893,760.0573766252753,242.25551825139547,0.1860465116279069,0.1860465116279069,1:0:1,0.8162014099710145,4.568086711449505,missing,low_axial_support_and_large_gap,exterior,0.6296126413117267,True,6035,773.5516813307943,760.011683595543,262.01620183184593,6035,True,529.8326369828774,1.0,True
2.98293511370263,medium,low_axial_support_and_large_gap,confirmed,True,75.0,False,broken,327.39824446922853,5.635081660399802,5.431631074293576,6.313106965141221,E_N003452_N003456,335.7011572237139,91.14074800182443,342.49070240478574,3.514657974243164,"[""axial_coverage"", ""unsupported_gap"", ""continuous_support"", ""centerline_displacement""]",0.4704761904761905,True,middle,,,,3456,3452,55.84560994969745,55.42603906088281,26.076631710548675,True,-0.6938385084471554,335.6167976676787,71.34196953615375,322.8010022446503,0.3953488372093023,0.3953488372093023,1:1:0,0.8560924369440315,2.98293511370263,broken,low_axial_support_and_large_gap,exterior,0.6296126413117267,True,6141,335.5324381116435,51.54319107048307,303.1113020845149,6141,True,327.39824446922853,1.0,True
2.621871354105469,medium,low_axial_support_and_large_gap,confirmed,True,75.0,False,broken,340.31401839096895,5.857384137538192,5.621520942413378,6.056331771164162,E_N003463_N003468,375.22160893909546,90.8305429033616,303.03477991318965,3.4591333866119385,"[""axial_coverage"", ""unsupported_gap"", ""continuous_support"", ""centerline_displacement""]",0.38,True,middle,,,,3463,3468,55.845609949697526,55.426039060882886,21.061894843135494,True,-0.5302621466474209,375.1050830914744,71.14117395719,322.8337245793027,0.5116279069767442,0.5116279069767442,1:-1:0,0.6720376632668821,2.621871354105469,broken,low_axial_support_and_large_gap,exterior,0.6296126413117267,True,6151,374.9885572438534,51.4518050110184,342.63266924541585,6151,True,340.31401839096895,1.0,True
1.6227637708764402,medium,low_axial_support_and_large_gap,confirmed,True,75.0,False,missing,337.5005391043887,5.80895936496366,5.5044486846646725,6.379467722201265,E_N003466_N003471,414.6777280713053,90.73915684389684,342.5561470740906,3.4011614322662354,"[""axial_coverage"", ""unsupported_gap"", ""continuous_support"", ""centerline_displacement""]",0.579047619047619,True,middle,,,,3471,3466,55.845609949697376,55.42603906088274,32.09431595144448,True,-0.6097051286882853,414.7942539189263,110.42852579006842,322.75720240797756,0.2558139534883721,0.2558139534883721,1:-1:0,0.7712947661333089,1.6227637708764402,missing,low_axial_support_and_large_gap,exterior,0.6296126413117267,True,6166,414.91077976654736,130.11789473624,302.95825774186454,6166,True,337.5005391043887,1.0,True
4.217691238313615,medium,low_axial_support_and_large_gap,confirmed,True,75.0,False,missing,437.3945798721195,7.528306021895345,5.777159297446376,10.24083638797818,E_N003508_N003511,651.6074406140797,89.53438337011418,342.75248108200543,3.5217673778533936,"[""axial_coverage"", ""unsupported_gap"", ""continuous_support"", ""centerline_displacement""]",0.5428571428571428,True,middle,,,,3511,3508,55.84560994969753,55.42603906088285,30.08842120447926,True,-0.2464564623710428,671.3676664717705,89.37928082088274,323.0245198362074,0.3023255813953488,0.3023255813953488,1:0:-1,0.9883632232299624,4.217691238313615,missing,low_axial_support_and_large_gap,exterior,0.6296126413117267,True,6234,691.1278923294612,89.22417827165128,303.29655859040935,6234,True,437.3945798721195,1.0,True
3.154951549828297,medium,low_axial_support_and_large_gap,confirmed,True,75.0,False,broken,396.12802264351967,6.818038255482266,6.509907106038166,8.060105352450835,E_N003517_N003524,691.1278923294612,89.22417827165128,303.29655859040935,3.46329116821289,"[""axial_coverage"", ""unsupported_gap"", ""continuous_support"", ""centerline_displacement""]",0.0904761904761905,True,middle,,,,3517,3524,55.845609949697405,55.426039060882765,5.014736867413204,True,-0.4330271861310577,691.2444181770823,108.91354721782282,283.4976139242963,0.7441860465116279,0.7441860465116279,1:-1:0,0.7277820836064551,3.154951549828297,broken,low_axial_support_and_large_gap,exterior,0.6296126413117267,True,6245,691.3609440247033,128.60291616399437,263.6986692581832,6245,True,396.12802264351967,1.0,True
3.891716175995094,medium,low_axial_support_and_large_gap,confirmed,True,75.0,False,broken,379.234303377915,6.52726856072143,6.248904692628573,6.91948864616884,E_N003519_N003524,691.1278923294612,89.22417827165128,303.29655859040935,3.455904483795166,"[""axial_coverage"", ""unsupported_gap"", ""continuous_support"", ""centerline_displacement""]",0.199047619047619,True,middle,,,,3519,3524,55.84560994969752,55.42603906088283,11.032421108309062,True,-0.5001058545904138,691.0113664818401,69.53480932547969,323.0955032565224,0.7441860465116279,0.7441860465116279,1:-1:0,0.685861496750923,3.891716175995094,broken,low_axial_support_and_large_gap,exterior,0.6296126413117267,True,6247,690.894840634219,49.845440379308094,342.89444792263555,6247,True,379.234303377915,1.0,True
4.522111903878317,medium,disconnected_or_unsupported_body,confirmed,True,75.0,False,broken,380.46936361592714,6.548526051909245,6.013435722486716,8.853132728389209,E_N003519_N003526,730.4152923496003,49.53523528084519,303.4385254310395,3.50742506980896,"[""unsupported_gap"", ""continuous_support"", ""centerline_displacement""]",0.1266666666666666,True,middle,,,,3519,3526,55.845609949697334,55.42603906088273,7.020631614378479,True,-0.3914029877938416,710.6550664919097,49.69033783007664,323.1664866768375,0.8372093023255814,0.8372093023255814,1:0:-1,0.5616806590851351,4.522111903878317,broken,disconnected_or_unsupported_body,exterior,0.6296126413117267,True,6254,690.894840634219,49.845440379308094,342.89444792263555,6254,True,380.46936361592714,1.0,True
3.5773660715528997,medium,disconnected_or_unsupported_body,confirmed,True,75.0,False,broken,394.89729852404486,6.796855396283044,5.9026849465133875,8.753908754901675,E_N003524_N003526,730.4152923496003,49.53523528084519,303.4385254310395,3.5418384075164795,"[""continuous_support"", ""centerline_displacement""]",0.0361904761904761,,middle,,,,3524,3526,55.84560994969721,55.42603906088265,2.0058947469652773,True,-0.5925459553024339,710.7715923395308,69.37970677624824,303.36754201072443,0.9534883720930232,0.9534883720930232,0:-1:1,0.8274769692558925,3.5773660715528997,broken,disconnected_or_unsupported_body,exterior,0.6296126413117267,True,6259,691.1278923294612,89.22417827165128,303.29655859040935,6259,True,394.89729852404486,1.0,True
3.284569298899485,medium,low_axial_support_and_large_gap,confirmed,True,75.0,False,broken,354.1510687294139,6.095543351625024,5.379961044740436,6.266070473923084,E_N003522_N003526,730.5840114616708,89.13279221218654,342.8179257513104,3.468447685241699,"[""axial_coverage"", ""unsupported_gap"", ""continuous_support"", ""centerline_displacement""]",0.1085714285714286,True,middle,,,,3526,3522,55.84560994969745,55.426039060882786,6.017684240895846,True,-0.5441969277155714,730.4996519056356,69.33401374651586,323.12822559117495,0.7906976744186046,0.7906976744186046,1:1:0,0.6575064620762072,3.284569298899485,broken,low_axial_support_and_large_gap,exterior,0.6296126413117267,True,6265,730.4152923496003,49.53523528084519,303.4385254310395,6265,True,354.1510687294139,1.0,True
4.469891218017117,medium,disconnected_or_unsupported_body,confirmed,True,75.0,False,broken,337.8114039006597,5.814309877808256,5.411585142566226,6.229759068621887,E_N003564_N003567,257.12635718343495,170.51863398343653,342.20676872352544,3.5587315559387207,"[""continuous_support"", ""centerline_displacement""]",0.0361904761904761,,middle,,,,3567,3564,55.84560994969753,55.42603906088281,2.0058947469652826,True,-0.5975415779713389,276.88658304112573,170.3635314342051,322.4788074777274,0.9534883720930232,0.9534883720930232,1:0:-1,0.8023262250213209,4.469891218017117,broken,disconnected_or_unsupported_body,exterior,0.6296126413117267,True,6334,296.6468088988166,170.20842888497367,302.7508462319294,6334,True,337.8114039006597,1.0,True
4.478716343018562,medium,disconnected_or_unsupported_body,confirmed,True,75.0,False,broken,467.817506150306,8.051936422552599,5.966554308290536,8.756418783731611,E_N003766_N003778,731.2188339642253,207.48782492821428,303.00154740712895,3.5483999252319336,"[""unsupported_gap"", ""continuous_support"", ""centerline_displacement""]",0.0723809523809523,True,middle,,,,3766,3778,55.8456099496972,55.42603906088264,4.011789493930554,True,-0.3604417690626968,711.4907743981205,207.53351795794663,283.2408638266785,0.9069767441860463,0.9069767441860463,1:0:1,0.6904974758120406,4.478716343018562,broken,disconnected_or_unsupported_body,exterior,0.6296126413117267,True,6692,691.7627148320157,207.579210987679,263.480180246228,6692,True,467.817506150306,1.0,True
4.537849341521039,medium,disconnected_or_unsupported_body,confirmed,True,75.0,False,broken,390.5675047362581,6.722332267405475,5.421414798908859,8.278191907656831,E_N003900_N003902,731.7893238836082,326.06167668324025,342.1624587154446,3.5389227867126465,"[""unsupported_gap"", ""continuous_support"", ""centerline_displacement""]",0.1085714285714285,True,middle,,,,3902,3900,55.84560994969728,55.42603906088273,6.017684240895838,True,-0.2535077610534353,712.0612643175034,326.10736971297257,322.40177513499407,0.8604651162790697,0.8604651162790697,1:0:1,0.4073816929196163,4.537849341521039,broken,disconnected_or_unsupported_body,exterior,0.6296126413117267,True,6916,692.3332047513986,326.1530627427049,302.6410915545435,6916,True,390.5675047362581,1.0,True
4.568995450246335,medium,disconnected_or_unsupported_body,confirmed,True,75.0,False,broken,372.8062454462936,6.41663073057304,4.9913258011935495,6.70547103823554,E_N004279_N004281,733.0589688887171,562.7717421152955,262.52970202708167,3.5344934463500977,"[""unsupported_gap"", ""continuous_support"", ""centerline_displacement""]",0.0542857142857142,True,middle,,,,4281,4279,55.845609949697526,55.426039060882765,3.008842120447922,True,-0.2315334766676895,752.7870284548221,562.7260490855632,282.29038560753213,0.9069767441860463,0.9069767441860463,1:0:1,0.4195697143450978,4.568995450246335,broken,disconnected_or_unsupported_body,exterior,0.6296126413117267,True,7580,772.5150880209271,562.6803560558309,302.05106918798265,7580,True,372.8062454462936,1.0,True
4.560075358556637,medium,low_axial_support_and_large_gap,confirmed,True,75.0,False,broken,376.58584588534853,6.481684094412195,5.428062944503352,7.562787908708897,E_N004348_N004353,417.49012372249246,643.5732206096884,341.0267239904036,3.501603603363037,"[""axial_coverage"", ""unsupported_gap"", ""continuous_support"", ""centerline_displacement""]",0.4885714285714286,True,middle,,,,4353,4348,55.84560994969742,55.42603906088278,27.0795790840313,True,-1.1169722549357148,417.6066495701135,663.26258955586,321.22777932429057,0.3720930232558139,0.3720930232558139,1:-1:0,1.298456589087242,4.560075358556637,broken,low_axial_support_and_large_gap,exterior,0.6296126413117267,True,7706,417.7231754177346,682.9519585020316,301.42883465817755,7706,True,376.58584588534853,1.0,True
4.358972723987682,medium,low_axial_support_and_large_gap,confirmed,True,75.0,False,broken,374.0257656233658,6.437620750832458,6.243528886568119,8.368325877504649,E_N004413_N004420,62.52949200722944,724.2472661245479,301.0250891403277,3.457310914993286,"[""axial_coverage"", ""unsupported_gap"", ""continuous_support"", ""centerline_displacement""]",0.1447619047619047,True,middle,,,,4413,4420,55.845609949697504,55.42603906088278,8.023578987861127,True,-0.3117539542174001,62.64601785485043,743.9366350707195,281.2261444742146,0.7906976744186046,0.7906976744186046,1:-1:0,0.444683000498838,4.358972723987682,broken,low_axial_support_and_large_gap,exterior,0.6296126413117267,True,7813,62.76254370247142,763.6260040168911,261.42719980810153,7813,True,374.0257656233658,1.0,True
4.601553166887664,medium,low_axial_support_and_large_gap,confirmed,True,75.0,False,missing,412.5335403338418,7.100405169257175,7.100405169257175,7.100405169257175,E_N004412_N004423,102.21866283468135,763.5346179574265,300.94856696900246,3.5345170497894287,"[""axial_coverage"", ""unsupported_gap"", ""continuous_support"", ""centerline_displacement""]",0.579047619047619,True,middle,,,,4412,4423,55.8456099496975,55.42603906088281,32.09431595144452,True,-0.4037947958405872,121.97888869237217,763.379515408195,281.22060572320447,0.2325581395348837,0.2325581395348837,1:0:-1,1.0892950316564856,4.601553166887664,missing,low_axial_support_and_large_gap,exterior,0.6296126413117267,True,7820,141.73911455006294,763.2244128589635,261.49264447740643,7820,True,412.5335403338418,1.0,True
4.468113647417956,medium,low_axial_support_and_large_gap,confirmed,True,75.0,False,missing,388.3694940151399,6.684500757575557,6.684500757575557,6.684500757575557,E_N004413_N004423,102.21866283468135,763.5346179574265,300.94856696900246,3.521554708480835,"[""axial_coverage"", ""unsupported_gap"", ""continuous_support"", ""centerline_displacement""]",0.5428571428571429,True,middle,,,,4413,4423,55.84560994969745,55.42603906088278,30.088421204479225,True,-0.317562266381115,82.4906032685764,763.5803109871588,281.187883388552,0.1162790697674418,0.1162790697674418,1:0:1,0.317562266381115,4.468113647417956,missing,low_axial_support_and_large_gap,exterior,0.6296126413117267,True,7821,62.76254370247142,763.6260040168911,261.42719980810153,7821,True,388.3694940151399,1.0,True
4.620199584012921,medium,low_axial_support_and_large_gap,confirmed,True,75.0,False,missing,414.32308409617224,7.1312062667155285,7.002360541402236,8.433583066196796,E_N004414_N004423,102.21866283468135,763.5346179574265,300.94856696900246,3.540332555770874,"[""axial_coverage"", ""unsupported_gap"", ""continuous_support"", ""centerline_displacement""]",0.5971428571428571,True,middle,,,,4414,4423,55.84560994969737,55.4260390608827,33.0972633249271,True,0.1189551619428617,82.45843697699064,763.6897205066577,320.67652821480044,0.2325581395348837,0.2325581395348837,1:0:-1,1.3441719832322012,4.620199584012921,missing,low_axial_support_and_large_gap,exterior,0.6296126413117267,True,7822,62.69821111929991,763.8448230558892,340.4044894605984,7822,True,414.32308409617224,1.0,True
4.615757227590091,medium,low_axial_support_and_large_gap,confirmed,True,75.0,False,missing,302.81205917702977,5.211911517676932,5.211911517676932,5.211911517676932,E_N004417_N004423,102.21866283468135,763.5346179574265,300.94856696900246,3.5617384910583496,"[""axial_coverage"", ""unsupported_gap"", ""continuous_support"", ""centerline_displacement""]",0.6514285714285715,True,middle,,,,4417,4423,55.84560994969749,55.42603906088281,36.106105445375086,True,-0.3673160489510545,121.94672240078634,763.488924927694,320.7092505494529,0.1627906976744186,0.1627906976744186,1:0:1,0.4338444791390214,4.615757227590091,missing,low_axial_support_and_large_gap,exterior,0.6296126413117267,True,7823,141.67478196689132,763.4432318979616,340.46993412990344,7823,True,302.81205917702977,1.0,True
3.7863791308543338,medium,low_axial_support_and_large_gap,confirmed,True,75.0,False,missing,381.0844846724004,6.55911333343202,6.55911333343202,6.55911333343202,E_N004426_N004437,181.19523368227283,763.1330267994989,301.0140116383074,3.530388832092285,"[""axial_coverage"", ""unsupported_gap"", ""continuous_support"", ""radial_deviation"", ""centerline_displacement""]",0.6695238095238096,True,middle,,,,4426,4437,55.84560994969743,55.426039060882765,37.109052818857705,True,-2.2167199075129203,200.9554595399636,762.9779242502675,281.2860503925094,0.1395348837209302,0.1395348837209302,1:0:-1,2.2167199075129203,3.7863791308543338,missing,low_axial_support_and_large_gap,exterior,0.6296126413117267,True,7848,220.71568539765437,762.822821701036,261.55808914671144,7848,True,381.0844846724004,1.0,True
4.538671848583299,medium,low_axial_support_and_large_gap,confirmed,True,75.0,False,missing,,,,,E_N004427_N004437,181.19523368227283,763.1330267994989,301.0140116383074,3.554579257965088,"[""axial_coverage"", ""unsupported_gap"", ""continuous_support"", ""centerline_displacement""]",0.6876190476190478,True,middle,,,,4427,4437,55.84560994969745,55.426039060882765,38.112000192340346,True,-1.040844907472568,161.46717411616788,763.1787198292312,281.25332805785695,0.1162790697674418,0.1162790697674418,1:0:1,1.040844907472568,4.538671848583299,missing,low_axial_support_and_large_gap,exterior,0.6296126413117267,True,7849,141.73911455006294,763.2244128589635,261.49264447740643,7849,False,,0.0,False
4.5547457380498555,medium,low_axial_support_and_large_gap,confirmed,True,75.0,False,missing,450.7399489165839,7.758002563108157,7.258474277668417,8.257530848547898,E_N004428_N004437,181.19523368227283,763.1330267994989,301.0140116383074,3.503747940063477,"[""axial_coverage"", ""unsupported_gap"", ""continuous_support"", ""radial_deviation"", ""centerline_displacement""]",0.5790476190476191,True,middle,,,,4428,4437,55.84560994969745,55.426039060882765,32.0943159514445,True,-1.5150966078217745,161.43500782458207,763.2881293487303,320.7419728841054,0.1860465116279069,0.1860465116279069,1:0:-1,1.5150966078217745,4.5547457380498555,missing,low_axial_support_and_large_gap,exterior,0.6296126413117267,True,7850,141.67478196689132,763.4432318979616,340.46993412990344,7850,True,450.7399489165839,1.0,True
4.6007600707143865,medium,low_axial_support_and_large_gap,confirmed,True,75.0,False,missing,,,,,E_N004431_N004437,181.19523368227283,763.1330267994989,301.0140116383074,3.560940980911255,"[""axial_coverage"", ""unsupported_gap"", ""continuous_support"", ""centerline_displacement""]",0.6695238095238095,True,middle,,,,4431,4437,55.84560994969738,55.42603906088271,37.10905281885766,True,-0.7353398106388791,200.92329324837775,763.0873337697665,320.77469521875787,0.1395348837209302,0.1395348837209302,1:0:1,0.8135258644621911,4.6007600707143865,missing,low_axial_support_and_large_gap,exterior,0.6296126413117267,True,7851,220.65135281448275,763.041640740034,340.5353787992083,7851,False,,0.0,False
4.542200120129795,medium,low_axial_support_and_large_gap,confirmed,True,75.0,False,missing,,,,,E_N004441_N004451,260.1718045298642,762.7314356415712,301.0794563076124,3.538586378097534,"[""axial_coverage"", ""unsupported_gap"", ""continuous_support"", ""centerline_displacement""]",0.6514285714285715,True,middle,,,,4441,4451,55.84560994969738,55.42603906088271,36.10610544537502,True,-0.9218551785650002,240.4437449637593,762.7771286713037,281.3187727271619,0.1627906976744186,0.1627906976744186,1:0:1,1.2975056243369942,4.542200120129795,missing,low_axial_support_and_large_gap,exterior,0.6296126413117267,True,7877,220.71568539765437,762.822821701036,261.55808914671144,7877,False,,0.0,False
3.906056411124769,medium,low_axial_support_and_large_gap,confirmed,True,75.0,False,missing,,,,,E_N004442_N004451,260.1718045298642,762.7314356415712,301.0794563076124,3.5245468616485596,"[""axial_coverage"", ""unsupported_gap"", ""continuous_support"", ""radial_deviation"", ""centerline_displacement""]",0.560952380952381,True,middle,,,,4442,4451,55.84560994969727,55.42603906088261,31.09136857796177,True,-1.7525864077446474,240.41157867217345,762.8865381908026,320.80741755341035,0.1627906976744186,0.1627906976744186,1:0:-1,1.841580558271805,3.906056411124769,missing,low_axial_support_and_large_gap,exterior,0.6296126413117267,True,7878,220.65135281448275,763.041640740034,340.5353787992083,7878,False,,0.0,False
4.234404382524971,medium,low_axial_support_and_large_gap,confirmed,True,75.0,False,missing,520.7178514460691,8.962441505095853,8.962441505095853,8.962441505095853,E_N004455_N004465,339.14837537745564,762.3298444836437,301.14490097691726,3.557901382446289,"[""axial_coverage"", ""unsupported_gap"", ""continuous_support"", ""radial_deviation"", ""centerline_displacement""]",0.6695238095238096,True,middle,,,,4455,4465,55.84560994969745,55.426039060882765,37.109052818857705,True,-1.9423603612461755,319.4203158113507,762.375537513376,281.38421739646674,0.1395348837209302,0.1395348837209302,1:0:1,1.9423603612461755,4.234404382524971,missing,low_axial_support_and_large_gap,exterior,0.6296126413117267,True,7905,299.69225624524574,762.4212305431084,261.6235338160163,7905,False,520.7178514460691,0.0,False
1.6302432201169397,medium,disconnected_or_unsupported_body,confirmed,True,75.0,False,broken,342.50845325887644,5.895154100841246,5.652426479369932,6.120064120146976,E_N004482_N004489,496.9327979605681,721.9291052364472,261.89638999525624,3.4733870029449463,"[""continuous_support"", ""centerline_displacement""]",0.018095238095238,,low,,,,4482,4489,55.845609949697575,55.4260390608829,1.002947373482643,True,-0.5695634880969136,516.7773833742942,741.5727811528864,261.8581289095937,0.9767441860465116,0.9767441860465116,0:-1:-1,0.6907355619770242,1.6302432201169397,broken,disconnected_or_unsupported_body,exterior,0.6296126413117267,True,7950,536.6219687880202,761.2164570693257,261.81986782393113,7950,True,342.50845325887644,1.0,True
4.258177938344557,medium,low_axial_support_and_large_gap,confirmed,True,75.0,False,missing,,,,,E_N004483_N004493,497.1015170726385,761.5266621677886,301.2757903155271,3.5071651935577393,"[""axial_coverage"", ""unsupported_gap"", ""continuous_support"", ""centerline_displacement""]",0.6876190476190476,True,middle,,,,4483,4493,55.845609949697405,55.42603906088269,38.11200019234028,True,-0.9340852701879052,477.3734575065335,761.5723551975209,281.51510673507664,0.1162790697674418,0.1162790697674418,1:0:1,1.0229799659664665,4.258177938344557,missing,low_axial_support_and_large_gap,exterior,0.6296126413117267,True,7961,457.6453979404286,761.6180482272532,261.7544231546262,7961,False,,0.0,False
4.2898960302116045,medium,low_axial_support_and_large_gap,confirmed,True,75.0,False,missing,,,,,E_N004487_N004493,497.1015170726385,761.5266621677886,301.2757903155271,3.4686596393585205,"[""axial_coverage"", ""unsupported_gap"", ""continuous_support"", ""centerline_displacement""]",0.7057142857142856,True,middle,,,,4487,4493,55.845609949697526,55.42603906088292,39.11494756582309,True,-1.1157959369310353,516.8295766387434,761.4809691380563,321.0364738959776,0.0697674418604651,0.0697674418604651,1:0:1,1.1157959369310353,4.2898960302116045,missing,low_axial_support_and_large_gap,exterior,0.6296126413117267,True,7963,536.5576362048484,761.4352761083238,340.79715747642814,7963,False,,0.0,False
4.573520859163985,medium,low_axial_support_and_large_gap,confirmed,True,75.0,False,missing,,,,,E_N004496_N004507,576.0780879202298,761.125071009861,301.3412349848321,3.554590940475464,"[""axial_coverage"", ""unsupported_gap"", ""continuous_support"", ""radial_deviation"", ""centerline_displacement""]",0.6333333333333334,True,middle,,,,4496,4507,55.8456099496975,55.42603906088289,35.1031580718925,True,-1.0589365297171829,595.8383137779206,760.9699684606296,281.61327373903407,0.1860465116279069,0.1860465116279069,1:0:-1,1.5446693856785256,4.573520859163985,missing,low_axial_support_and_large_gap,exterior,0.6296126413117267,True,7988,615.5985396356114,760.8148659113981,261.8853124932361,7988,False,,0.0,False
4.3622459586603535,medium,low_axial_support_and_large_gap,confirmed,True,75.0,False,missing,,,,,E_N004497_N004507,576.0780879202298,761.125071009861,301.3412349848321,3.5001869201660156,"[""axial_coverage"", ""unsupported_gap"", ""continuous_support"", ""centerline_displacement""]",0.7057142857142858,True,middle,,,,4497,4507,55.8456099496972,55.4260390608826,39.114947565822874,True,-1.1587886532209066,556.350028354125,761.1707640395933,281.5805514043816,0.0930232558139534,0.0930232558139534,1:0:1,1.1833774558132308,4.3622459586603535,missing,low_axial_support_and_large_gap,exterior,0.6296126413117267,True,7989,536.6219687880202,761.2164570693257,261.81986782393113,7989,False,,0.0,False
4.251332384708342,medium,low_axial_support_and_large_gap,confirmed,True,75.0,False,missing,,,,,E_N004498_N004507,576.0780879202298,761.125071009861,301.3412349848321,3.5449705123901367,"[""axial_coverage"", ""unsupported_gap"", ""continuous_support"", ""centerline_displacement""]",0.6695238095238096,True,middle,,,,4498,4507,55.845609949697334,55.42603906088265,37.10905281885763,True,-1.0878839169955166,556.3178620625391,761.2801735590924,321.06919623063015,0.1395348837209302,0.1395348837209302,1:0:-1,1.0878839169955166,4.251332384708342,missing,low_axial_support_and_large_gap,exterior,0.6296126413117267,True,7990,536.5576362048484,761.4352761083238,340.79715747642814,7990,False,,0.0,False
4.57203878756059,medium,low_axial_support_and_large_gap,confirmed,True,75.0,False,missing,381.0863864190171,6.559146065731792,6.002151932791362,7.1161401986722215,E_N004501_N004507,576.0780879202298,761.125071009861,301.3412349848321,3.5326807498931885,"[""axial_coverage"", ""unsupported_gap"", ""continuous_support"", ""centerline_displacement""]",0.6152380952380954,True,middle,,,,4501,4507,55.84560994969745,55.426039060882765,34.10021069840978,True,-0.1808473967356745,595.8061474863348,761.0793779801286,321.1019185652825,0.2093023255813953,0.2093023255813953,1:0:1,0.6802304036918086,4.57203878756059,missing,low_axial_support_and_large_gap,exterior,0.6296126413117267,True,7991,615.5342070524398,761.0336849503963,340.862602145733,7991,True,381.0863864190171,1.0,True
4.233627730843499,medium,low_axial_support_and_large_gap,confirmed,True,75.0,False,missing,,,,,E_N004510_N004521,655.0546587678214,760.7234798519333,301.4066796541371,3.531872510910034,"[""axial_coverage"", ""unsupported_gap"", ""continuous_support"", ""centerline_displacement""]",0.6514285714285715,True,middle,,,,4510,4521,55.84560994969757,55.42603906088297,36.10610544537519,True,-1.1481865829544868,674.8148846255121,760.568377302702,281.678718408339,0.1627906976744186,0.1627906976744186,1:0:-1,1.1481865829544868,4.233627730843499,missing,low_axial_support_and_large_gap,exterior,0.6296126413117267,True,8016,694.5751104832029,760.4132747534705,261.950757162541,8016,False,,0.0,False
4.555625777546245,medium,low_axial_support_and_large_gap,confirmed,True,75.0,False,missing,461.77263868172656,7.947893953213883,3.913081398149971,8.86034124490649,E_N004511_N004521,655.0546587678214,760.7234798519333,301.4066796541371,3.487380027770996,"[""axial_coverage"", ""unsupported_gap"", ""continuous_support"", ""centerline_displacement""]",0.6152380952380953,True,middle,,,,4511,4521,55.84560994969757,55.42603906088273,34.100210698409754,True,-0.0256088415732609,635.3265992017164,760.7691728816658,281.6459960736866,0.1860465116279069,0.1860465116279069,1:0:1,0.5007923135409982,4.555625777546245,missing,low_axial_support_and_large_gap,exterior,0.6296126413117267,True,8017,615.5985396356114,760.8148659113981,261.8853124932361,8017,True,461.77263868172656,1.0,True
4.33311375513259,medium,low_axial_support_and_large_gap,confirmed,True,75.0,False,missing,433.57344169065806,7.462537722730775,7.058935017017787,7.920359463548205,E_N004515_N004521,655.0546587678214,760.7234798519333,301.4066796541371,3.5063610076904297,"[""axial_coverage"", ""unsupported_gap"", ""continuous_support"", ""centerline_displacement""]",0.5790476190476189,True,middle,,,,4515,4521,55.84560994969728,55.42603906088273,32.09431595144447,True,-0.0797392227281581,674.7827183339263,760.677786822201,321.1673632345876,0.2558139534883721,0.2558139534883721,1:0:1,1.0761069942378434,4.33311375513259,missing,low_axial_support_and_large_gap,exterior,0.6296126413117267,True,8019,694.5107779000311,760.6320937924687,340.928046815038,8019,True,433.57344169065806,1.0,True
4.623552828590274,medium,low_axial_support_and_large_gap,confirmed,True,75.0,False,missing,,,,,E_N004524_N004535,734.0312296154125,760.3218886940058,301.47212432344196,3.553269147872925,"[""axial_coverage"", ""unsupported_gap"", ""continuous_support"", ""centerline_displacement""]",0.6333333333333334,True,middle,,,,4524,4535,55.84560994969765,55.42603906088289,35.1031580718925,True,-0.1826785541134978,753.7914554731034,760.1667861447744,281.744163077644,0.1860465116279069,0.1860465116279069,1:0:-1,0.7286753517355903,4.623552828590274,missing,low_axial_support_and_large_gap,exterior,0.6296126413117267,True,8048,773.5516813307943,760.011683595543,262.01620183184593,8048,False,,0.0,False
4.549220007447564,medium,low_axial_support_and_large_gap,confirmed,True,75.0,False,missing,442.7097005025283,7.619788304690676,6.796860976775871,8.28044513761408,E_N004525_N004535,734.0312296154125,760.3218886940058,301.47212432344196,3.5401723384857178,"[""axial_coverage"", ""unsupported_gap"", ""continuous_support"", ""centerline_displacement""]",0.560952380952381,True,middle,,,,4525,4535,55.8456099496972,55.42603906088252,31.09136857796172,True,0.1050973915570825,714.3031700493077,760.3675817237381,281.7114407429915,0.2790697674418604,0.2790697674418604,1:0:1,0.5718241927728391,4.549220007447564,missing,low_axial_support_and_large_gap,exterior,0.6296126413117267,True,8049,694.5751104832029,760.4132747534705,261.950757162541,8049,True,442.7097005025283,1.0,True
4.594180511249874,medium,low_axial_support_and_large_gap,confirmed,True,75.0,False,missing,368.8667785178349,6.348825792045351,6.348825792045351,6.348825792045351,E_N004526_N004535,734.0312296154125,760.3218886940058,301.47212432344196,3.523625135421753,"[""axial_coverage"", ""unsupported_gap"", ""continuous_support"", ""centerline_displacement""]",0.6514285714285715,True,middle,,,,4526,4535,55.845609949697334,55.42603906088269,36.10610544537501,True,-0.5011989382528679,714.2710037577218,760.4769912432373,321.20008556923995,0.1395348837209302,0.1395348837209302,1:0:-1,0.7707607182011135,4.594180511249874,missing,low_axial_support_and_large_gap,exterior,0.6296126413117267,True,8050,694.5107779000311,760.6320937924687,340.928046815038,8050,True,368.8667785178349,1.0,True
4.623289388089192,medium,low_axial_support_and_large_gap,confirmed,True,75.0,False,missing,449.39792628826194,7.734904066923613,7.480171781763747,7.838474812851657,E_N004529_N004535,734.0312296154125,760.3218886940058,301.47212432344196,3.556152105331421,"[""axial_coverage"", ""unsupported_gap"", ""continuous_support"", ""centerline_displacement""]",0.579047619047619,True,middle,,,,4529,4535,55.84560994969757,55.42603906088293,32.09431595144459,True,-0.5317515235005761,753.7592891815175,760.2761956642735,321.2328079038925,0.2325581395348837,0.2325581395348837,1:0:1,0.8999482298079869,4.623289388089192,missing,low_axial_support_and_large_gap,exterior,0.6296126413117267,True,8051,773.4873487476225,760.2305026345412,340.993491484343,8051,True,449.39792628826194,1.0,True
4.477813739109559,medium,disconnected_or_unsupported_body,confirmed,True,75.0,False,broken,352.90045375147184,6.074018136858379,5.656056373669807,6.205181761969652,E_N004565_N004576,256.4915346808805,52.16360126740888,382.0231470677067,3.569494247436523,"[""unsupported_gap"", ""continuous_support"", ""centerline_displacement""]",0.0542857142857142,True,middle,,,,4565,4576,55.84560994969741,55.42603906088277,3.008842120447922,True,-0.521154194317357,276.25176053857126,52.00849871817743,362.2951858219088,0.9302325581395348,0.9302325581395348,1:0:-1,0.798804554502751,4.477813739109559,broken,disconnected_or_unsupported_body,exterior,0.6296126413117267,True,8121,296.01198639626205,51.85339616894598,342.56722457611085,8121,True,352.90045375147184,1.0,True
4.585222094085871,medium,disconnected_or_unsupported_body,confirmed,True,75.0,False,broken,354.5908150619342,6.103112135317284,5.763242293143717,6.516215425490298,E_N004583_N004590,335.4681055284719,51.76201010948131,382.0885917370117,3.5731441974639893,"[""unsupported_gap"", ""continuous_support"", ""centerline_displacement""]",0.0542857142857142,True,middle,,,,4583,4590,55.8456099496975,55.42603906088281,3.008842120447924,True,-0.5798177062173364,315.70787967078115,51.91711265871273,401.81655298280975,0.9302325581395348,0.9302325581395348,1:0:-1,0.7127994290435709,4.585222094085871,broken,disconnected_or_unsupported_body,exterior,0.6296126413117267,True,8146,295.94765381309037,52.072215207944154,421.5445142286078,8146,True,354.5908150619342,1.0,True
4.40447968123335,medium,disconnected_or_unsupported_body,confirmed,True,75.0,False,broken,369.8372776241963,6.365529735356218,5.948717945602126,6.569757083445591,E_N004584_N004590,335.4681055284719,51.76201010948131,382.0885917370117,3.504589796066284,"[""unsupported_gap"", ""continuous_support"", ""centerline_displacement""]",0.1085714285714285,True,middle,,,,4584,4590,55.84560994969745,55.42603906088281,6.017684240895848,True,-0.4152593897521162,355.1961650945768,51.71631707974895,401.84927531746223,0.8604651162790697,0.8604651162790697,1:0:1,0.6139219757788694,4.40447968123335,broken,disconnected_or_unsupported_body,exterior,0.6296126413117267,True,8147,374.9242246606817,51.67062405001658,421.60995889791275,8147,True,369.8372776241963,1.0,True
2.2070041418815447,medium,low_axial_support_and_large_gap,confirmed,True,75.0,False,missing,326.9494383626933,5.627356942559265,4.690242188680823,5.906620913429728,E_N004592_N004602,375.1572763559238,91.04936194235977,382.0120695656866,3.4919214248657227,"[""axial_coverage"", ""unsupported_gap"", ""continuous_support"", ""centerline_displacement""]",0.6333333333333335,True,middle,,,,4592,4602,55.845609949697376,55.42603906088272,35.1031580718924,True,-0.7540524253611587,375.0729167998886,71.25058347668909,362.3223694055512,0.1860465116279069,0.1860465116279069,1:1:0,0.913447624852086,2.2070041418815447,missing,low_axial_support_and_large_gap,exterior,0.6296126413117267,True,8164,374.9885572438534,51.4518050110184,342.63266924541585,8164,True,326.9494383626933,1.0,True
3.5555544681490834,medium,low_axial_support_and_large_gap,confirmed,True,75.0,False,missing,361.62647413727734,6.224207816476374,5.762372597973701,7.917448744481613,E_N004597_N004604,414.4446763760633,51.36041895155373,382.1540364063167,3.4958322048187256,"[""axial_coverage"", ""unsupported_gap"", ""continuous_support"", ""centerline_displacement""]",0.5066666666666667,True,middle,,,,4597,4604,55.8456099496975,55.42603906088281,28.082526457513957,True,-0.4226699503080917,394.6844505183725,51.515521500785155,401.8819976521147,0.3488372093023256,0.3488372093023256,1:0:-1,0.8833978020838528,3.5555544681490834,missing,low_axial_support_and_large_gap,exterior,0.6296126413117267,True,8170,374.9242246606817,51.67062405001658,421.60995889791275,8170,True,361.62647413727734,1.0,True
2.4610374319855217,medium,low_axial_support_and_large_gap,confirmed,True,75.0,False,broken,356.97308926921045,6.14411513372135,5.827602368683923,6.535947853536156,E_N004601_N004602,414.6777280713053,90.73915684389684,342.5561470740906,3.455552339553833,"[""axial_coverage"", ""unsupported_gap"", ""continuous_support"", ""centerline_displacement""]",0.3619047619047619,True,middle,,,,4602,4601,55.84560994969741,55.42603906088269,20.058947469652782,True,-0.4030280846532963,394.9175022136145,90.89425939312832,362.28410831988856,0.5348837209302325,0.5348837209302325,1:0:-1,0.5099184405735355,2.4610374319855217,broken,low_axial_support_and_large_gap,exterior,0.6296126413117267,True,8173,375.1572763559238,91.04936194235977,382.0120695656866,8173,True,356.97308926921045,1.0,True
3.964717135202331,medium,low_axial_support_and_large_gap,confirmed,True,75.0,False,broken,351.2649976940802,6.045869151361105,6.045869151361105,6.045869151361105,E_N004650_N004659,770.0401305938808,89.04140615272188,382.3392929122113,3.4563286304473877,"[""axial_coverage"", ""unsupported_gap"", ""continuous_support"", ""centerline_displacement""]",0.2533333333333333,True,middle,,,,4650,4659,55.845609949697305,55.42603906088263,14.041263228756932,True,-0.4081830915544764,770.1566564415018,108.73077509889345,362.54034824609823,0.5116279069767442,0.5116279069767442,1:-1:0,0.7019293218924555,3.964717135202331,broken,low_axial_support_and_large_gap,exterior,0.6296126413117267,True,8265,770.2731822891228,128.420144045065,342.7414035799853,8265,True,351.2649976940802,1.0,True
4.628489224879255,medium,disconnected_or_unsupported_body,confirmed,True,75.0,False,broken,354.80808361073514,6.10685169725878,5.823384859208257,6.5225144501572,E_N004719_N004730,414.84644718337574,130.33671377523822,381.93554739436144,3.5645270347595215,"[""unsupported_gap"", ""continuous_support"", ""centerline_displacement""]",0.1266666666666666,True,middle,,,,4719,4730,55.845609949697455,55.42603906088281,7.020631614378489,True,-0.4794967014460431,434.6066730410666,130.1816112260068,362.20758614856345,0.8372093023255814,0.8372093023255814,1:0:-1,0.7057461948117636,4.628489224879255,broken,disconnected_or_unsupported_body,exterior,0.6296126413117267,True,8389,454.3668988987573,130.02650867677534,342.47962490276547,8389,True,354.80808361073514,1.0,True
4.507422748793143,medium,disconnected_or_unsupported_body,confirmed,True,75.0,False,broken,365.0323230632366,6.282828279918014,5.885307010677073,6.503451730570584,E_N004919_N004926,99.743705407635,289.89566805431764,381.23679069323106,3.5256693363189697,"[""continuous_support"", ""centerline_displacement""]",0.0361904761904761,,middle,,,,4919,4926,55.84560994969753,55.42603906088285,2.005894746965284,True,-0.5172886573002629,79.9834795499442,290.0507706035491,400.9647519390291,0.9534883720930232,0.9534883720930232,1:0:-1,0.673000740433348,4.507422748793143,broken,disconnected_or_unsupported_body,exterior,0.6296126413117267,True,8734,60.22325369225342,290.20587315278055,420.69271318482714,8734,True,365.0323230632366,1.0,True
4.578627730455514,medium,disconnected_or_unsupported_body,confirmed,True,75.0,False,broken,362.4694351885331,6.238716612539296,5.939518862790115,7.912733047734149,E_N005035_N005037,731.7893238836082,326.06167668324025,342.1624587154446,3.53326153755188,"[""unsupported_gap"", ""continuous_support"", ""centerline_displacement""]",0.1266666666666666,True,middle,,,,5037,5035,55.84560994969745,55.42603906088269,7.020631614378473,True,-0.3419386955668526,751.5173834497132,326.0159836535079,361.923142295895,0.8372093023255814,0.8372093023255814,1:0:1,0.5533947170705573,4.578627730455514,broken,disconnected_or_unsupported_body,exterior,0.6296126413117267,True,8936,771.2454430158182,325.97029062377555,381.68382587634545,8936,True,362.4694351885331,1.0,True
3.8933164528420434,medium,disconnected_or_unsupported_body,confirmed,True,75.0,False,broken,364.6317423448732,6.275933603181983,5.589235765923205,6.652424336735002,E_N005048_N005050,100.31419532701788,408.4695198093433,420.3977020015467,3.5710442066192627,"[""unsupported_gap"", ""continuous_support"", ""centerline_displacement""]",0.1085714285714285,True,middle,,,,5050,5048,55.84560994969749,55.42603906088279,6.017684240895845,True,-0.5164527171927777,80.58613576091292,408.5152128390756,400.6370184210962,0.8604651162790697,0.8604651162790697,1:0:1,0.8821254054565951,3.8933164528420434,broken,disconnected_or_unsupported_body,exterior,0.6296126413117267,True,8956,60.85807619480798,408.560905868808,380.87633484064565,8956,True,364.6317423448732,1.0,True
4.20557387489176,medium,low_axial_support_and_large_gap,confirmed,True,75.0,False,broken,394.49745955523423,6.789973486320727,6.491870168825513,7.661120543940334,E_N005415_N005417,733.163355417616,602.5881180856348,380.8863919998495,3.5654830932617188,"[""axial_coverage"", ""unsupported_gap"", ""continuous_support"", ""centerline_displacement""]",0.2714285714285714,True,middle,,,,5415,5417,55.84560994969717,55.426039060882545,15.044210602239549,True,-0.4799277114035067,752.8070554276857,582.743646590232,380.95737542016457,0.5348837209302325,0.5348837209302325,0:-1:1,0.7736166562583914,4.20557387489176,broken,low_axial_support_and_large_gap,exterior,0.6296126413117267,True,9597,772.4507554377553,562.899175094829,381.0283588404796,9597,True,394.49745955523423,1.0,True
4.576279845562255,medium,low_axial_support_and_large_gap,confirmed,True,75.0,False,missing,409.23618054269457,7.043651988686653,5.669702340494141,7.2961737796798305,E_N005520_N005526,614.8993845498853,642.6786522343687,380.6789804899144,3.5618042945861816,"[""axial_coverage"", ""unsupported_gap"", ""continuous_support"", ""centerline_displacement""]",0.4161904761904762,True,middle,,,,5520,5526,55.845609949697504,55.4260390608829,23.06778959010079,True,0.1443724683118135,614.9837441059206,662.4774307000393,400.3686806500499,0.2790697674418604,0.2790697674418604,1:1:0,0.1443724683118135,4.576279845562255,missing,low_axial_support_and_large_gap,exterior,0.6296126413117267,True,9778,615.0681036619558,682.27620916571,420.0583808101853,9778,True,409.23618054269457,1.0,True
4.47064651002043,medium,low_axial_support_and_large_gap,confirmed,True,75.0,False,missing,412.6717243217309,7.102783551148551,6.482031143648858,7.609567561964949,E_N005547_N005557,102.15433025150976,763.7534369964246,379.9258566214994,3.5597445964813232,"[""axial_coverage"", ""unsupported_gap"", ""continuous_support"", ""radial_deviation"", ""centerline_displacement""]",0.5609523809523809,True,middle,,,,5547,5557,55.84560994969741,55.42603906088274,31.09136857796184,True,-0.591033063586802,82.42627068540483,763.799130026157,360.1651730410489,0.2790697674418604,0.2790697674418604,1:0:1,1.5744898258236275,4.47064651002043,missing,low_axial_support_and_large_gap,exterior,0.6296126413117267,True,9837,62.69821111929991,763.8448230558892,340.4044894605984,9837,True,412.6717243217309,1.0,True
4.6293938722671575,medium,low_axial_support_and_large_gap,confirmed,True,75.0,False,missing,410.1205060367744,7.058872737293878,6.922193598990762,7.195551875596996,E_N005548_N005557,102.15433025150976,763.7534369964246,379.9258566214994,3.56641149520874,"[""axial_coverage"", ""unsupported_gap"", ""continuous_support"", ""centerline_displacement""]",0.5971428571428572,True,middle,,,,5548,5557,55.84560994969746,55.42603906088283,33.09726332492718,True,-0.4089275392051119,82.39410439381896,763.908539545656,399.6538178672974,0.2325581395348837,0.2325581395348837,1:0:-1,0.7330119739523471,4.6293938722671575,missing,low_axial_support_and_large_gap,exterior,0.6296126413117267,True,9838,62.63387853612818,764.0636420948874,419.3817791130954,9838,True,410.1205060367744,1.0,True
4.571289601851526,medium,low_axial_support_and_large_gap,confirmed,True,75.0,False,missing,,,,,E_N005551_N005557,102.15433025150976,763.7534369964246,379.9258566214994,3.5346057415008545,"[""axial_coverage"", ""unsupported_gap"", ""continuous_support"", ""centerline_displacement""]",0.6152380952380954,True,middle,,,,5551,5557,55.84560994969747,55.42603906088284,34.10021069840983,True,-0.5107015907583428,121.88238981761472,763.7077439666923,399.6865402019499,0.2093023255813953,0.2093023255813953,1:0:1,0.7648505584387358,4.571289601851526,missing,low_axial_support_and_large_gap,exterior,0.6296126413117267,True,9839,141.6104493837197,763.6620509369599,419.4472237824004,9839,False,,0.0,False
4.085214508149846,medium,low_axial_support_and_large_gap,confirmed,True,75.0,False,missing,,,,,E_N005560_N005571,181.1309010991012,763.3518458384971,379.9913012908043,3.545564651489258,"[""axial_coverage"", ""unsupported_gap"", ""continuous_support"", ""radial_deviation"", ""centerline_displacement""]",0.6152380952380953,True,middle,,,,5560,5571,55.84560994969751,55.42603906088283,34.10021069840982,True,-1.067078095078832,200.891126956792,763.1967432892656,360.2633400450063,0.2093023255813953,0.2093023255813953,1:0:-1,1.5413237360215457,4.085214508149846,missing,low_axial_support_and_large_gap,exterior,0.6296126413117267,True,9864,220.65135281448275,763.041640740034,340.5353787992083,9864,False,,0.0,False
4.628747774726716,medium,low_axial_support_and_large_gap,confirmed,True,75.0,False,missing,,,,,E_N005561_N005571,181.1309010991012,763.3518458384971,379.9913012908043,3.5147817134857178,"[""axial_coverage"", ""unsupported_gap"", ""continuous_support"", ""centerline_displacement""]",0.6333333333333332,True,middle,,,,5561,5571,55.845609949697405,55.42603906088273,35.10315807189239,True,-0.4842713394743205,161.40284153299626,763.3975388682293,360.2306177103539,0.1860465116279069,0.1860465116279069,1:0:1,0.6845844751255236,4.628747774726716,missing,low_axial_support_and_large_gap,exterior,0.6296126413117267,True,9865,141.67478196689132,763.4432318979616,340.46993412990344,9865,False,,0.0,False
4.162635526613432,medium,low_axial_support_and_large_gap,confirmed,True,75.0,False,missing,356.44774657759905,6.135073090836472,6.135073090836472,6.135073090836472,E_N005562_N005571,181.1309010991012,763.3518458384971,379.9913012908043,3.555108547210694,"[""axial_coverage"", ""unsupported_gap"", ""continuous_support"", ""centerline_displacement""]",0.6333333333333333,True,middle,,,,5562,5571,55.84560994969745,55.42603906088281,35.103158071892445,True,0.1245658928397164,161.37067524141045,763.5069483877285,399.7192625366024,0.1860465116279069,0.1860465116279069,1:0:-1,0.6798666697648387,4.162635526613432,missing,low_axial_support_and_large_gap,exterior,0.6296126413117267,True,9866,141.6104493837197,763.6620509369599,419.4472237824004,9866,True,356.44774657759905,1.0,True
4.586416530101864,medium,low_axial_support_and_large_gap,confirmed,True,75.0,False,missing,,,,,E_N005565_N005571,181.1309010991012,763.3518458384971,379.9913012908043,3.541527509689331,"[""axial_coverage"", ""unsupported_gap"", ""continuous_support"", ""centerline_displacement""]",0.6333333333333333,True,middle,,,,5565,5571,55.84560994969745,55.42603906088281,35.103158071892445,True,-0.9594876440756614,200.85896066520615,763.3061528087646,399.7519848712549,0.1860465116279069,0.1860465116279069,1:0:1,1.018509741892229,4.586416530101864,missing,low_axial_support_and_large_gap,exterior,0.6296126413117267,True,9867,220.5870202313111,763.2604597790323,419.51266845170534,9867,False,,0.0,False
1.4690800624143547,medium,disconnected_or_unsupported_body,confirmed,True,75.0,False,broken,328.84587536159137,5.659997854760609,5.31610735913596,5.768730284372528,E_N005569_N005571,181.1309010991012,763.3518458384971,379.9913012908043,3.4751548767089844,"[""continuous_support"", ""centerline_displacement""]",0.018095238095238,,middle,,,,5569,5571,55.84560994969743,55.42603906088273,1.0029473734826395,True,-0.7047155290611908,200.77460110917093,743.507374343094,380.06228471111945,0.9767441860465116,0.9767441860465116,0:-1:1,0.7969203002938753,1.4690800624143547,broken,disconnected_or_unsupported_body,exterior,0.6296126413117267,True,9873,220.41830111924068,723.662902847691,380.1332681314345,9873,True,328.84587536159137,1.0,True
4.616016106573551,medium,low_axial_support_and_large_gap,confirmed,True,75.0,False,missing,,,,,E_N005576_N005585,260.1074719466926,762.9502546805694,380.05674596010925,3.565244674682617,"[""axial_coverage"", ""unsupported_gap"", ""continuous_support"", ""centerline_displacement""]",0.6333333333333334,True,middle,,,,5576,5585,55.8456099496975,55.42603906088287,35.10315807189249,True,-0.3362014205167387,240.34724608900183,763.1053572298008,399.7847072059073,0.1860465116279069,0.1860465116279069,1:0:-1,0.3362014205167387,4.616016106573551,missing,low_axial_support_and_large_gap,exterior,0.6296126413117267,True,9894,220.5870202313111,763.2604597790323,419.51266845170534,9894,False,,0.0,False
4.617116704741575,medium,low_axial_support_and_large_gap,confirmed,True,75.0,False,missing,,,,,E_N005579_N005585,260.1074719466926,762.9502546805694,380.05674596010925,3.555206775665283,"[""axial_coverage"", ""unsupported_gap"", ""continuous_support"", ""radial_deviation"", ""centerline_displacement""]",0.6695238095238097,True,middle,,,,5579,5585,55.84560994969749,55.42603906088284,37.10905281885776,True,-1.4791110360818294,279.8355315127976,762.9045616508371,399.8174295405597,0.1162790697674418,0.1162790697674418,1:0:1,1.4791110360818294,4.617116704741575,missing,low_axial_support_and_large_gap,exterior,0.6296126413117267,True,9895,299.56359107890256,762.8588686211048,419.57811312101023,9895,False,,0.0,False
4.213606053369074,medium,low_axial_support_and_large_gap,confirmed,True,75.0,False,missing,,,,,E_N005590_N005599,339.084042794284,762.5486635226418,380.1221906294142,3.552682399749756,"[""axial_coverage"", ""unsupported_gap"", ""continuous_support"", ""radial_deviation"", ""centerline_displacement""]",0.6514285714285716,True,middle,,,,5590,5599,55.84560994969741,55.426039060882765,36.106105445375064,True,-1.880018713357824,319.3238169365933,762.7037660718734,399.8501518752122,0.1627906976744186,0.1627906976744186,1:0:-1,1.880018713357824,4.213606053369074,missing,low_axial_support_and_large_gap,exterior,0.6296126413117267,True,9922,299.56359107890256,762.8588686211048,419.57811312101023,9922,False,,0.0,False
4.630736401926901,medium,low_axial_support_and_large_gap,confirmed,True,75.0,False,missing,,,,,E_N005603_N005613,418.0606136418754,762.1470723647143,380.1876352987192,3.575549364089966,"[""axial_coverage"", ""unsupported_gap"", ""continuous_support"", ""radial_deviation"", ""centerline_displacement""]",0.7057142857142857,True,middle,,,,5603,5613,55.84560994969745,55.42603906088281,39.11494756582301,True,-1.5843839580928734,398.3325540757704,762.1927653944467,360.4269517182687,0.0930232558139534,0.0930232558139534,1:0:1,1.5937872871003094,4.630736401926901,missing,low_axial_support_and_large_gap,exterior,0.6296126413117267,True,9949,378.6044945096654,762.238458424179,340.6662681378183,9949,False,,0.0,False
4.0128251731590305,medium,low_axial_support_and_large_gap,confirmed,True,75.0,False,missing,434.9733577357759,7.486632663266367,7.486632663266367,7.486632663266367,E_N005617_N005627,497.0371844894669,761.7454812067867,380.25307996802405,3.5189623832702637,"[""axial_coverage"", ""unsupported_gap"", ""continuous_support"", ""radial_deviation"", ""centerline_displacement""]",0.6152380952380951,True,middle,,,,5617,5627,55.84560994969745,55.42603906088285,34.100210698409825,True,-1.6007348863285364,477.3091249233619,761.791174236519,360.4923963875736,0.1627906976744186,0.1627906976744186,1:0:1,1.6007348863285364,4.0128251731590305,missing,low_axial_support_and_large_gap,exterior,0.6296126413117267,True,9977,457.58106535725693,761.8368672662514,340.73171280712313,9977,True,434.9733577357759,1.0,True
3.976218208207501,medium,low_axial_support_and_large_gap,confirmed,True,75.0,False,missing,,,,,E_N005618_N005627,497.0371844894669,761.7454812067867,380.25307996802405,3.541750907897949,"[""axial_coverage"", ""unsupported_gap"", ""continuous_support"", ""radial_deviation"", ""centerline_displacement""]",0.6876190476190476,True,middle,,,,5618,5627,55.84560994969745,55.42603906088281,38.11200019234037,True,-2.2035592730729436,477.2769586317761,761.9005837560181,399.9810412138221,0.0930232558139534,0.0930232558139534,1:0:-1,2.2035592730729436,3.976218208207501,missing,low_axial_support_and_large_gap,exterior,0.6296126413117267,True,9978,457.51673277408537,762.0556863052495,419.7090024596201,9978,False,,0.0,False
4.305209539816543,medium,low_axial_support_and_large_gap,confirmed,True,75.0,False,missing,,,,,E_N005621_N005627,497.0371844894669,761.7454812067867,380.25307996802405,3.5292739868164062,"[""axial_coverage"", ""unsupported_gap"", ""continuous_support"", ""centerline_displacement""]",0.6695238095238096,True,middle,,,,5621,5627,55.845609949697526,55.426039060882765,37.109052818857705,True,-1.0240214461369943,516.7652440555719,761.6997881770544,400.01376354847457,0.1395348837209302,0.1395348837209302,1:0:1,1.0240214461369943,4.305209539816543,missing,low_axial_support_and_large_gap,exterior,0.6296126413117267,True,9979,536.4933036216769,761.654095147322,419.77444712892503,9979,False,,0.0,False
3.938778541730179,medium,low_axial_support_and_large_gap,confirmed,True,75.0,False,missing,427.48381311790183,7.357724838518104,6.785989679063753,9.164684358686944,E_N005634_N005640,575.6119845297455,682.3675952251748,380.5370136492843,3.5116970539093018,"[""axial_coverage"", ""unsupported_gap"", ""continuous_support"", ""centerline_displacement""]",0.6876190476190475,True,middle,,,,5634,5640,55.845609949697725,55.426039060883085,38.11200019234055,True,-0.2618163859410432,595.3400440958507,682.3219021954424,400.2976972297348,0.1162790697674418,0.1162790697674418,1:0:1,0.2618163859410432,3.938778541730179,missing,low_axial_support_and_large_gap,exterior,0.6296126413117267,True,10003,615.0681036619558,682.27620916571,420.0583808101853,10003,True,427.48381311790183,1.0,True
4.727595372411049,medium,low_axial_support_and_large_gap,confirmed,True,75.0,False,missing,,,,,E_N005630_N005641,576.0137553370582,761.3438900488593,380.31852463732906,3.52793025970459,"[""axial_coverage"", ""unsupported_gap"", ""continuous_support"", ""centerline_displacement""]",0.6876190476190476,True,middle,,,,5630,5641,55.84560994969753,55.42603906088297,38.11200019234048,True,-1.1840006197135369,595.773981194749,761.1887874996278,360.590563391531,0.1162790697674418,0.1162790697674418,1:0:-1,1.1840006197135369,4.727595372411049,missing,low_axial_support_and_large_gap,exterior,0.6296126413117267,True,10004,615.5342070524398,761.0336849503963,340.862602145733,10004,False,,0.0,False
4.657521611006811,human_reviewed,human_review_override,review,True,30.0,False,missing,,,,,E_N005631_N005641,576.0137553370582,761.3438900488593,380.31852463732906,3.5281877517700195,[],0.7057142857142858,,middle,missing,"Axial support only 4.7%, 41.4vox unsupported gap (of ~57vox crop). Otsu segmentation failed at mid-body (contrast 689 < 1000 threshold) -- no rod-shaped material found. Raw MIP shows a flat black band along the whole expected path; no material to be misaligned.",/Users/amannindra/Projects/llnl_DSC/llnl_data_science_challenge_2026-agentic/Aman_Scripts/outputs/strut_defect_classification/human_review_labels.csv,5631,5641,55.84560994969733,55.4260390608826,39.114947565822874,False,,556.2856957709533,761.3895830785916,360.5578410568786,0.0930232558139534,0.0930232558139534,1:0:1,,4.657521611006811,missing,"Axial support only 4.7%, 41.4vox unsupported gap (of ~57vox crop). Otsu segmentation failed at mid-body (contrast 689 < 1000 threshold) -- no rod-shaped material found. Raw MIP shows a flat black band along the whole expected path; no material to be misaligned.",exterior,0.6296126413117267,True,10005,536.5576362048484,761.4352761083238,340.79715747642814,10005,False,,0.0,False
4.635686096984741,medium,low_axial_support_and_large_gap,confirmed,True,75.0,False,missing,,,,,E_N005635_N005641,576.0137553370582,761.3438900488593,380.31852463732906,3.5505759716033936,"[""axial_coverage"", ""unsupported_gap"", ""continuous_support"", ""centerline_displacement""]",0.6876190476190476,True,middle,,,,5635,5641,55.845609949697526,55.426039060882935,38.11200019234045,True,-0.620714599028839,595.7418149031632,761.2981970191269,400.0792082177795,0.0930232558139534,0.0930232558139534,1:0:1,0.8440129815855297,4.635686096984741,missing,low_axial_support_and_large_gap,exterior,0.6296126413117267,True,10007,615.4698744692682,761.2525039893944,419.8398917982301,10007,False,,0.0,False
4.225706726351451,medium,low_axial_support_and_large_gap,confirmed,True,75.0,False,missing,324.9315500170438,5.592625645732251,5.420531320740438,8.141916352348435,E_N005647_N005652,615.3011553571978,721.6549470580532,380.4604914779592,3.514477014541626,"[""axial_coverage"", ""unsupported_gap"", ""continuous_support"", ""centerline_displacement""]",0.7057142857142857,True,middle,,,,5647,5652,55.84560994969742,55.42603906088274,39.11494756582296,True,-1.292009304624813,615.1846295095768,701.9655781118815,400.25943614407225,0.0930232558139534,0.0930232558139534,1:-1:0,1.292009304624813,4.225706726351451,missing,low_axial_support_and_large_gap,exterior,0.6296126413117267,True,10027,615.0681036619558,682.27620916571,420.0583808101853,10027,True,324.9315500170438,1.0,True
4.616921310299153,medium,low_axial_support_and_large_gap,confirmed,True,75.0,False,missing,442.5033578549004,7.616236796125652,5.7836020598972295,9.738206658216429,E_N005647_N005654,654.5885553773371,681.9660040672471,380.6024583185892,3.52504301071167,"[""axial_coverage"", ""unsupported_gap"", ""continuous_support"", ""centerline_displacement""]",0.7238095238095238,True,middle,,,,5647,5654,55.84560994969741,55.42603906088281,40.11789493930565,True,-1.0181546470659075,634.8283295196464,682.1211066164785,400.3304195643873,0.0697674418604651,0.0697674418604651,1:0:-1,1.0181546470659075,4.616921310299153,missing,low_axial_support_and_large_gap,exterior,0.6296126413117267,True,10030,615.0681036619558,682.27620916571,420.0583808101853,10030,True,442.5033578549004,1.0,True
4.5273362054009,medium,low_axial_support_and_large_gap,confirmed,True,75.0,False,missing,,,,,E_N005644_N005655,654.9903261846498,760.9422988909316,380.3839693066339,3.5641629695892334,"[""axial_coverage"", ""unsupported_gap"", ""continuous_support"", ""radial_deviation"", ""centerline_displacement""]",0.6333333333333333,True,middle,,,,5644,5655,55.84560994969725,55.42603906088257,35.103158071892295,True,-1.0977744494492483,674.7505520423405,760.7871963417001,360.6560080608359,0.1860465116279069,0.1860465116279069,1:0:-1,1.4036817212623038,4.5273362054009,missing,low_axial_support_and_large_gap,exterior,0.6296126413117267,True,10032,694.5107779000311,760.6320937924687,340.928046815038,10032,False,,0.0,False
4.686637634248824,medium,low_axial_support_and_large_gap,confirmed,True,75.0,False,missing,462.1824872736733,7.954948145846356,7.954948145846356,7.954948145846356,E_N005645_N005655,654.9903261846498,760.9422988909316,380.3839693066339,3.5624489784240723,"[""axial_coverage"", ""unsupported_gap"", ""continuous_support"", ""centerline_displacement""]",0.6514285714285714,True,middle,,,,5645,5655,55.84560994969749,55.42603906088285,36.10610544537511,True,-0.1863449512029507,635.2622666185448,760.987991920664,360.62328572618344,0.1627906976744186,0.1627906976744186,1:0:1,0.6600247037904999,4.686637634248824,missing,low_axial_support_and_large_gap,exterior,0.6296126413117267,True,10033,615.5342070524398,761.0336849503963,340.862602145733,10033,True,462.1824872736733,1.0,True
4.154389045250631,medium,low_axial_support_and_large_gap,confirmed,True,75.0,False,missing,,,,,E_N005646_N005655,654.9903261846498,760.9422988909316,380.3839693066339,3.549872875213623,"[""axial_coverage"", ""unsupported_gap"", ""continuous_support"", ""centerline_displacement""]",0.6695238095238095,True,middle,,,,5646,5655,55.84560994969757,55.42603906088289,37.10905281885778,True,-1.0168000754922728,635.230100326959,761.097401440163,400.111930552432,0.1395348837209302,0.1395348837209302,1:0:-1,1.294897776895233,4.154389045250631,missing,low_axial_support_and_large_gap,exterior,0.6296126413117267,True,10034,615.4698744692682,761.2525039893944,419.8398917982301,10034,False,,0.0,False
4.650462874753337,medium,low_axial_support_and_large_gap,confirmed,True,75.0,False,missing,,,,,E_N005649_N005655,654.9903261846498,760.9422988909316,380.3839693066339,3.520060777664185,"[""axial_coverage"", ""unsupported_gap"", ""continuous_support"", ""radial_deviation"", ""centerline_displacement""]",0.6514285714285715,True,middle,,,,5649,5655,55.84560994969736,55.42603906088269,36.10610544537501,True,-0.6089324517533681,674.7183857507547,760.8966058611993,400.1446528870843,0.1627906976744186,0.1627906976744186,1:0:1,1.532911247836929,4.650462874753337,missing,low_axial_support_and_large_gap,exterior,0.6296126413117267,True,10035,694.4464453168596,760.8509128314669,419.9053364675349,10035,False,,0.0,False
2.6249163734276775,medium,low_axial_support_and_large_gap,confirmed,True,75.0,False,missing,367.5108906044036,6.325488650678203,6.11558733000998,6.961165481063938,E_N005658_N005667,773.2542970523805,720.851764742198,380.591380816569,3.451920986175537,"[""axial_coverage"", ""unsupported_gap"", ""continuous_support"", ""centerline_displacement""]",0.5066666666666666,True,middle,,,,5658,5667,55.84560994969734,55.426039060882616,28.082526457513858,True,-0.4460139441698265,773.3708229000015,740.5411336883697,360.792436150456,0.3488372093023256,0.3488372093023256,1:-1:0,0.5262824140983378,2.6249163734276775,missing,low_axial_support_and_large_gap,exterior,0.6296126413117267,True,10057,773.4873487476225,760.2305026345412,340.993491484343,10057,True,367.5108906044036,1.0,True
3.9315148925286394,medium,low_axial_support_and_large_gap,confirmed,True,75.0,False,missing,,,,,E_N005658_N005669,733.9668970322409,760.5407077330041,380.4494139759389,3.525869369506836,"[""axial_coverage"", ""unsupported_gap"", ""continuous_support"", ""centerline_displacement""]",0.6695238095238094,True,middle,,,,5658,5669,55.84560994969741,55.42603906088273,37.10905281885767,True,-0.321656334646597,753.7271228899317,760.3856051837727,360.721452730141,0.0930232558139534,0.0930232558139534,1:0:-1,0.4531157983427255,3.9315148925286394,missing,low_axial_support_and_large_gap,exterior,0.6296126413117267,True,10064,773.4873487476225,760.2305026345412,340.993491484343,10064,False,,0.0,False
4.585396710911283,medium,low_axial_support_and_large_gap,confirmed,True,75.0,False,missing,441.2563504707526,7.594773674195397,6.511883340363453,7.796366695361532,E_N005659_N005669,733.9668970322409,760.5407077330041,380.4494139759389,3.5244102478027344,"[""axial_coverage"", ""unsupported_gap"", ""continuous_support"", ""centerline_displacement""]",0.5428571428571429,True,middle,,,,5659,5669,55.84560994969733,55.42603906088264,30.08842120447915,True,0.0507531950218975,714.238837466136,760.5864007627364,360.6887303954885,0.3023255813953488,0.3023255813953488,1:0:1,0.6510375580922376,4.585396710911283,missing,low_axial_support_and_large_gap,exterior,0.6296126413117267,True,10065,694.5107779000311,760.6320937924687,340.928046815038,10065,True,441.2563504707526,1.0,True
4.709551490834745,medium,low_axial_support_and_large_gap,confirmed,True,75.0,False,missing,,,,,E_N005660_N005669,733.9668970322409,760.5407077330041,380.4494139759389,3.5554633140563965,"[""axial_coverage"", ""unsupported_gap"", ""continuous_support"", ""centerline_displacement""]",0.6876190476190477,True,middle,,,,5660,5669,55.84560994969729,55.42603906088261,38.11200019234023,True,-0.7594180281521448,714.2066711745503,760.6958102822355,400.1773752217369,0.0930232558139534,0.0930232558139534,1:0:-1,0.812760914935093,4.709551490834745,missing,low_axial_support_and_large_gap,exterior,0.6296126413117267,True,10066,694.4464453168596,760.8509128314669,419.9053364675349,10066,False,,0.0,False
4.52388064998914,medium,low_axial_support_and_large_gap,confirmed,True,75.0,False,missing,447.7926139248362,7.707273905763101,7.403748123585561,8.331797651613144,E_N005663_N005669,733.9668970322409,760.5407077330041,380.4494139759389,3.504669189453125,"[""axial_coverage"", ""unsupported_gap"", ""continuous_support"", ""centerline_displacement""]",0.5971428571428571,True,middle,,,,5663,5669,55.84560994969769,55.426039060883085,33.097263324927326,True,0.0731956383073533,753.694956598346,760.4950147032716,400.2100975563894,0.2325581395348837,0.2325581395348837,1:0:1,0.7309548098841551,4.52388064998914,missing,low_axial_support_and_large_gap,exterior,0.6296126413117267,True,10067,773.4230161644512,760.4493216735393,419.9707811368399,10067,True,447.7926139248362,1.0,True
4.5579283025263,medium,low_axial_support_and_large_gap,confirmed,True,75.0,False,missing,455.3378186106976,7.837139735123882,5.74943441937257,8.708060371400723,E_N005790_N005795,730.4553462953277,89.57043029018297,500.77250505630434,3.439131736755371,"[""axial_coverage"", ""unsupported_gap"", ""continuous_support"", ""centerline_displacement""]",0.5971428571428572,True,middle,,,,5795,5790,55.84560994969742,55.426039060882786,33.097263324927155,True,-0.5957895514571747,730.5718721429488,109.25979923635452,480.97356039019127,0.2325581395348837,0.2325581395348837,1:-1:0,0.7777255488398909,4.5579283025263,missing,low_axial_support_and_large_gap,exterior,0.6296126413117267,True,10298,730.6883979905699,128.94916818252608,461.1746157240782,10298,True,455.3378186106976,1.0,True
4.15289469881718,medium,disconnected_or_unsupported_body,confirmed,True,75.0,False,broken,444.98156303468465,7.658890930028996,5.580794027501698,9.165991622152312,E_N006160_N006172,731.4919396051946,286.90175782989525,460.7376377001676,3.511800765991211,"[""unsupported_gap"", ""continuous_support"", ""centerline_displacement""]",0.0904761904761904,True,middle,,,,6160,6172,55.84560994969736,55.42603906088269,5.014736867413196,True,-0.5038542710671072,711.7638800390897,286.94745085962757,440.9769541197171,0.8837209302325582,0.8837209302325582,1:0:1,0.6775482999869287,4.15289469881718,broken,disconnected_or_unsupported_body,exterior,0.6296126413117267,True,10944,692.0358204729848,286.99314388935994,421.21627053926665,10944,True,444.98156303468465,1.0,True
4.503984079976353,medium,low_axial_support_and_large_gap,confirmed,True,75.0,False,missing,401.9613782944994,6.9184402460326915,5.851190604292019,9.035722454949354,E_N006168_N006170,731.660658717265,326.4993147612366,500.1170380204385,3.554508924484253,"[""axial_coverage"", ""unsupported_gap"", ""continuous_support"", ""centerline_displacement""]",0.6514285714285714,True,middle,,,,6170,6168,55.84560994969736,55.42603906088273,36.10610544537503,True,-0.3227479356556875,711.9325991511602,326.54500779096895,480.356354439988,0.1627906976744186,0.1627906976744186,1:0:1,0.7428254669763885,4.503984079976353,missing,low_axial_support_and_large_gap,exterior,0.6296126413117267,True,10948,692.2045395850553,326.59070082070133,460.5956708595375,10948,True,401.9613782944994,1.0,True
4.366122572563345,medium,disconnected_or_unsupported_body,confirmed,True,75.0,False,broken,400.6663982434377,6.896151432761406,6.508148959113084,7.534314943792152,E_N006516_N006522,574.7441103319493,524.633824616804,459.9512813256919,3.527338981628418,"[""unsupported_gap"", ""continuous_support"", ""centerline_displacement""]",0.0542857142857142,True,middle,,,,6516,6522,55.84560994969745,55.42603906088273,3.008842120447919,True,-0.3839356810143495,594.4721698980543,524.5881315870715,479.7119649061424,0.9302325581395348,0.9302325581395348,1:0:1,0.533449943436634,4.366122572563345,broken,disconnected_or_unsupported_body,interior,0.6296126413117267,True,11555,614.2002294641593,524.5424385573392,499.4726484865928,11555,True,400.6663982434377,1.0,True
4.278182466053956,medium,low_axial_support_and_large_gap,confirmed,True,75.0,False,missing,343.4942925810625,5.91212207540555,4.835987064877628,6.454774206794189,E_N006570_N006576,140.9756268811652,645.3070182209323,459.2636021265818,3.552016019821167,"[""axial_coverage"", ""unsupported_gap"", ""continuous_support"", ""centerline_displacement""]",0.4161904761904761,True,middle,,,,6570,6576,55.845609949697554,55.42603906088286,23.06778959010077,True,-0.4520742491709235,141.0599864372004,665.1057966866031,478.9533022867173,0.3023255813953488,0.3023255813953488,1:1:0,0.8538703672994297,4.278182466053956,missing,low_axial_support_and_large_gap,exterior,0.6296126413117267,True,11650,141.14434599323562,684.9045751522738,498.6430024468527,11650,True,343.4942925810625,1.0,True
4.129531557982554,medium,low_axial_support_and_large_gap,confirmed,True,75.0,False,broken,378.7011854116714,6.518092692111384,6.048797570376565,8.329497670623462,E_N006653_N006659,654.3555036820953,642.587266174904,420.20034765081544,3.484929323196411,"[""axial_coverage"", ""unsupported_gap"", ""continuous_support"", ""centerline_displacement""]",0.1085714285714286,True,middle,,,,6653,6659,55.84560994969749,55.42603906088295,6.017684240895864,True,-0.7170927014186979,634.7118036720256,662.431737670307,420.1293642305004,0.6744186046511628,0.6744186046511628,0:-1:1,0.897460307249192,4.129531557982554,broken,low_axial_support_and_large_gap,exterior,0.6296126413117267,True,11791,615.0681036619558,682.27620916571,420.0583808101853,11791,True,378.7011854116714,1.0,True
4.519055430386215,medium,low_axial_support_and_large_gap,confirmed,True,75.0,False,missing,428.9416240073352,7.382816247974789,7.266885216417347,7.498747279532232,E_N006653_N006660,614.8350519667138,642.8974712733668,459.65627014241136,3.523353576660156,"[""axial_coverage"", ""unsupported_gap"", ""continuous_support"", ""centerline_displacement""]",0.6876190476190477,True,middle,,,,6653,6660,55.84560994969742,55.42603906088278,38.11200019234035,True,-0.5346240709733352,614.9515778143348,662.5868402195384,439.85732547629834,0.1162790697674418,0.1162790697674418,1:-1:0,0.8120890940019551,4.519055430386215,missing,low_axial_support_and_large_gap,exterior,0.6296126413117267,True,11793,615.0681036619558,682.27620916571,420.0583808101853,11793,True,428.9416240073352,1.0,True
4.497079177698987,medium,low_axial_support_and_large_gap,confirmed,True,75.0,False,missing,321.926986594347,5.5409119895756795,5.271029854705676,6.2482665181801185,E_N006684_N006690,101.6882268610256,684.9959612117384,459.1216352859517,3.5021631717681885,"[""axial_coverage"", ""unsupported_gap"", ""continuous_support"", ""centerline_displacement""]",0.4704761904761905,True,middle,,,,6684,6690,55.845609949697526,55.42603906088286,26.076631710548696,True,-0.4966037096870019,121.4162864271306,684.9502681820061,478.8823188664022,0.1395348837209302,0.1395348837209302,1:0:1,0.6969100199123608,4.497079177698987,missing,low_axial_support_and_large_gap,exterior,0.6296126413117267,True,11851,141.14434599323562,684.9045751522738,498.6430024468527,11851,True,321.926986594347,1.0,True
4.619128101190252,medium,low_axial_support_and_large_gap,confirmed,True,75.0,False,missing,,,,,E_N006680_N006691,102.08999766833809,763.9722560354228,458.9031462739963,3.5531582832336426,"[""axial_coverage"", ""unsupported_gap"", ""continuous_support"", ""centerline_displacement""]",0.6333333333333333,True,middle,,,,6680,6691,55.84560994969748,55.42603906088282,35.10315807189245,True,-0.3567949951402309,121.85022352602888,763.8171534861913,439.1751850281984,0.1860465116279069,0.1860465116279069,1:0:-1,1.236647775653155,4.619128101190252,missing,low_axial_support_and_large_gap,exterior,0.6296126413117267,True,11852,141.6104493837197,763.6620509369599,419.4472237824004,11852,False,,0.0,False
4.638511028351738,medium,low_axial_support_and_large_gap,confirmed,True,75.0,False,missing,,,,,E_N006681_N006691,102.08999766833809,763.9722560354228,458.9031462739963,3.5585339069366455,"[""axial_coverage"", ""unsupported_gap"", ""continuous_support"", ""radial_deviation"", ""centerline_displacement""]",0.560952380952381,True,middle,,,,6681,6691,55.845609949697455,55.42603906088278,31.091368577961862,True,-0.4296930705314516,82.36193810223313,764.0179490651551,439.1424626935459,0.2558139534883721,0.2558139534883721,1:0:1,1.4453548729267762,4.638511028351738,missing,low_axial_support_and_large_gap,exterior,0.6296126413117267,True,11853,62.63387853612818,764.0636420948874,419.3817791130954,11853,False,,0.0,False
4.60258604128501,medium,low_axial_support_and_large_gap,confirmed,True,75.0,False,missing,,,,,E_N006682_N006691,102.08999766833809,763.9722560354228,458.9031462739963,3.5600693225860596,"[""axial_coverage"", ""unsupported_gap"", ""continuous_support"", ""radial_deviation"", ""centerline_displacement""]",0.6695238095238095,True,middle,,,,6682,6691,55.8456099496975,55.426039060882815,37.109052818857734,True,-1.6578949101255724,82.32977181064733,764.1273585846543,478.6311075197944,0.1395348837209302,0.1395348837209302,1:0:-1,1.7586620061059075,4.60258604128501,missing,low_axial_support_and_large_gap,exterior,0.6296126413117267,True,11854,62.569545952956574,764.2824611338857,498.3590687655925,11854,False,,0.0,False
4.519446765178772,medium,low_axial_support_and_large_gap,confirmed,True,75.0,False,missing,399.0712254494902,6.8686957908690225,5.970632880271506,7.76675870146654,E_N006685_N006691,102.08999766833809,763.9722560354228,458.9031462739963,3.513255834579468,"[""axial_coverage"", ""unsupported_gap"", ""continuous_support"", ""centerline_displacement""]",0.5066666666666666,True,middle,,,,6685,6691,55.845609949697575,55.426039060882914,28.082526457514007,True,-0.5063217352293352,121.8180572344431,763.9265630056905,478.6638298544469,0.2558139534883721,0.2558139534883721,1:0:1,0.9634421610733298,4.519446765178772,missing,low_axial_support_and_large_gap,exterior,0.6296126413117267,True,11855,141.5461168005481,763.8808699759581,498.4245134348974,11855,True,399.0712254494902,1.0,True
4.345312467102844,medium,low_axial_support_and_large_gap,confirmed,True,75.0,False,missing,320.235203709356,5.511793523396833,5.02294459153847,5.869625860519418,E_N006697_N006702,141.37739768847769,724.2833130446166,459.0451131146266,3.3918750286102295,"[""axial_coverage"", ""unsupported_gap"", ""continuous_support"", ""centerline_displacement""]",0.741904761904762,True,middle,,,,6697,6702,55.84560994969726,55.42603906088266,41.120842312788184,True,-0.9215015745057178,141.26087184085665,704.5939440984453,478.8440577807396,0.0465116279069767,0.0465116279069767,1:-1:0,0.9215015745057178,4.345312467102844,missing,low_axial_support_and_large_gap,exterior,0.6296126413117267,True,11875,141.14434599323562,684.9045751522738,498.6430024468527,11875,True,320.235203709356,1.0,True
3.6891889173542816,medium,low_axial_support_and_large_gap,confirmed,True,75.0,False,missing,451.93813595788254,7.778625403750129,7.778625403750129,7.778625403750129,E_N006697_N006704,180.6647977086171,684.5943700538108,459.18707995525654,3.572889804840088,"[""axial_coverage"", ""unsupported_gap"", ""continuous_support"", ""centerline_displacement""]",0.5066666666666667,True,middle,,,,6697,6704,55.84560994969751,55.42603906088281,28.082526457513957,True,0.205843104075571,160.90457185092637,684.7494726030422,478.9150412010546,0.2558139534883721,0.2558139534883721,1:0:-1,0.5566153970270039,3.6891889173542816,missing,low_axial_support_and_large_gap,exterior,0.6296126413117267,True,11878,141.14434599323562,684.9045751522738,498.6430024468527,11878,True,451.93813595788254,1.0,True
4.415715835743685,medium,low_axial_support_and_large_gap,confirmed,True,75.0,False,missing,,,,,E_N006695_N006705,181.06656851592953,763.5706648774951,458.9685909433013,3.486985921859741,"[""axial_coverage"", ""unsupported_gap"", ""continuous_support"", ""centerline_displacement""]",0.6514285714285714,True,middle,,,,6695,6705,55.84560994969733,55.42603906088263,36.106105445374965,True,-0.0337325724163404,161.3385089498246,763.6163579072274,439.2079073628509,0.1627906976744186,0.1627906976744186,1:0:1,0.4281237033451155,4.415715835743685,missing,low_axial_support_and_large_gap,exterior,0.6296126413117267,True,11881,141.6104493837197,763.6620509369599,419.4472237824004,11881,False,,0.0,False
4.6157903953106745,medium,low_axial_support_and_large_gap,confirmed,True,75.0,False,missing,,,,,E_N006696_N006705,181.06656851592953,763.5706648774951,458.9685909433013,3.5638842582702637,"[""axial_coverage"", ""unsupported_gap"", ""continuous_support"", ""radial_deviation"", ""centerline_displacement""]",0.6514285714285716,True,middle,,,,6696,6705,55.84560994969747,55.426039060882765,36.106105445375064,True,-0.8684836947748336,161.3063426582388,763.7257674267266,478.6965521890993,0.1627906976744186,0.1627906976744186,1:0:-1,1.694557531517853,4.6157903953106745,missing,low_axial_support_and_large_gap,exterior,0.6296126413117267,True,11882,141.5461168005481,763.8808699759581,498.4245134348974,11882,False,,0.0,False
4.4208919343248745,medium,low_axial_support_and_large_gap,confirmed,True,75.0,False,missing,,,,,E_N006699_N006705,181.06656851592953,763.5706648774951,458.9685909433013,3.482607841491699,"[""axial_coverage"", ""unsupported_gap"", ""continuous_support"", ""centerline_displacement""]",0.6695238095238097,True,middle,,,,6699,6705,55.845609949697526,55.42603906088284,37.10905281885776,True,-0.9896847828123628,200.7946280820345,763.5249718477628,478.72927452375177,0.1395348837209302,0.1395348837209302,1:0:1,1.0280386556622858,4.4208919343248745,missing,low_axial_support_and_large_gap,exterior,0.6296126413117267,True,11883,220.52268764813948,763.4792788180306,498.4899581042023,11883,False,,0.0,False
4.503654139684047,medium,low_axial_support_and_large_gap,confirmed,True,75.0,False,missing,,,,,E_N006708_N006719,260.04313936352094,763.1690737195676,459.0340356126062,3.5499696731567383,"[""axial_coverage"", ""unsupported_gap"", ""continuous_support"", ""centerline_displacement""]",0.6695238095238095,True,middle,,,,6708,6719,55.84560994969749,55.42603906088285,37.109052818857755,True,-1.0247377854178108,279.8033652212117,763.0139711703362,439.3060743668082,0.1395348837209302,0.1395348837209302,1:0:-1,1.0247377854178108,4.503654139684047,missing,low_axial_support_and_large_gap,exterior,0.6296126413117267,True,11908,299.56359107890256,762.8588686211048,419.57811312101023,11908,False,,0.0,False
4.5346253191532515,medium,low_axial_support_and_large_gap,confirmed,True,75.0,False,missing,,,,,E_N006710_N006719,260.04313936352094,763.1690737195676,459.0340356126062,3.5401651859283447,"[""axial_coverage"", ""unsupported_gap"", ""continuous_support"", ""centerline_displacement""]",0.6514285714285716,True,middle,,,,6710,6719,55.845609949697455,55.426039060882765,36.106105445375064,True,-0.4507154308653391,240.2829135058302,763.3241762687991,478.76199685840425,0.1627906976744186,0.1627906976744186,1:0:-1,0.4507154308653391,4.5346253191532515,missing,low_axial_support_and_large_gap,exterior,0.6296126413117267,True,11910,220.52268764813948,763.4792788180306,498.4899581042023,11910,False,,0.0,False
4.650610225231633,medium,low_axial_support_and_large_gap,confirmed,True,75.0,False,missing,,,,,E_N006713_N006719,260.04313936352094,763.1690737195676,459.0340356126062,3.5289382934570312,"[""axial_coverage"", ""unsupported_gap"", ""continuous_support"", ""radial_deviation"", ""centerline_displacement""]",0.6876190476190477,True,middle,,,,6713,6719,55.8456099496976,55.42603906088296,38.11200019234048,True,-2.44493616896204,279.77119892962594,763.1233806898354,478.7947191930567,0.1162790697674418,0.1162790697674418,1:0:1,2.44493616896204,4.650610225231633,missing,low_axial_support_and_large_gap,exterior,0.6296126413117267,True,11911,299.49925849573094,763.077687660103,498.5554027735073,11911,False,,0.0,False
4.573355780809182,medium,low_axial_support_and_large_gap,confirmed,True,75.0,False,broken,360.68244652651214,6.207959492711052,5.4536233115283,8.183478055361583,E_N006740_N006746,417.59451025139134,683.3895965800281,459.3834139631714,3.507291316986084,"[""axial_coverage"", ""unsupported_gap"", ""continuous_support"", ""centerline_displacement""]",0.4885714285714286,True,middle,,,,6740,6746,55.84560994969749,55.426039060882765,27.079579084031295,True,-0.8501352848184842,437.3225698174963,683.3439035502957,479.1440975436219,0.3720930232558139,0.3720930232558139,1:0:1,0.9995571810460044,4.573355780809182,broken,low_axial_support_and_large_gap,exterior,0.6296126413117267,True,11963,457.0506293836013,683.2982105205634,498.9047811240724,11963,True,360.68244652651214,1.0,True
4.666176118408398,medium,low_axial_support_and_large_gap,confirmed,True,75.0,False,missing,,,,,E_N006737_N006747,417.9962810587038,762.3658914037125,459.1649249512161,3.56319522857666,"[""axial_coverage"", ""unsupported_gap"", ""continuous_support"", ""centerline_displacement""]",0.6876190476190476,True,middle,,,,6737,6747,55.84560994969736,55.42603906088273,38.11200019234031,True,-1.2510785468200187,398.26822149259885,762.4115844334448,439.4042413707656,0.1162790697674418,0.1162790697674418,1:0:1,1.2510785468200187,4.666176118408398,missing,low_axial_support_and_large_gap,exterior,0.6296126413117267,True,11965,378.5401619264939,762.4572774631771,419.6435577903152,11965,False,,0.0,False
4.090234809390386,medium,low_axial_support_and_large_gap,confirmed,True,75.0,False,missing,,,,,E_N006738_N006747,417.9962810587038,762.3658914037125,459.1649249512161,3.5310909748077393,"[""axial_coverage"", ""unsupported_gap"", ""continuous_support"", ""radial_deviation"", ""centerline_displacement""]",0.6514285714285715,True,middle,,,,6738,6747,55.845609949697575,55.42603906088289,36.10610544537514,True,-1.4311076906443714,398.2360552010131,762.5209939529439,478.89288619701415,0.1627906976744186,0.1627906976744186,1:0:-1,1.4311076906443714,4.090234809390386,missing,low_axial_support_and_large_gap,exterior,0.6296126413117267,True,11966,378.4758293433223,762.6760965021754,498.62084744281225,11966,False,,0.0,False
4.439013487717619,medium,low_axial_support_and_large_gap,confirmed,True,75.0,False,missing,345.9346914667713,5.9541254985674925,5.6279679539764205,6.8087577656770595,E_N006748_N006758,457.2836810788433,722.6769484129064,459.3068917918462,3.490356683731079,"[""axial_coverage"", ""unsupported_gap"", ""continuous_support"", ""centerline_displacement""]",0.6333333333333334,True,middle,,,,6748,6758,55.84560994969739,55.42603906088265,35.10315807189235,True,-0.7363477369891713,457.1993215228081,702.8781699472358,439.6171916317108,0.1860465116279069,0.1860465116279069,1:1:0,1.0608196414737572,4.439013487717619,missing,low_axial_support_and_large_gap,exterior,0.6296126413117267,True,11984,457.1149619667729,683.0793914815652,419.92749147157537,11984,True,345.9346914667713,1.0,True
4.208892471192436,medium,low_axial_support_and_large_gap,confirmed,True,75.0,False,missing,,,,,E_N006750_N006761,496.97285190629526,761.9643002457849,459.23036962052106,3.5277974605560303,"[""axial_coverage"", ""unsupported_gap"", ""continuous_support"", ""centerline_displacement""]",0.7238095238095238,True,middle,,,,6750,6761,55.84560994969753,55.42603906088281,40.11789493930565,True,-0.8028912005566708,516.7330777639861,761.8091976965534,439.502408374723,0.0697674418604651,0.0697674418604651,1:0:-1,1.0283827456077057,4.208892471192436,missing,low_axial_support_and_large_gap,exterior,0.6296126413117267,True,11992,536.4933036216769,761.654095147322,419.77444712892503,11992,False,,0.0,False
4.699224033523084,medium,low_axial_support_and_large_gap,confirmed,True,75.0,False,missing,,,,,E_N006751_N006761,496.97285190629526,761.9643002457849,459.23036962052106,3.5504355430603027,"[""axial_coverage"", ""unsupported_gap"", ""continuous_support"", ""centerline_displacement""]",0.6695238095238096,True,middle,,,,6751,6761,55.84560994969745,55.426039060882765,37.109052818857705,True,-0.924306684596258,477.2447923401903,762.0099932755172,439.46968604007054,0.1395348837209302,0.1395348837209302,1:0:1,0.924306684596258,4.699224033523084,missing,low_axial_support_and_large_gap,exterior,0.6296126413117267,True,11993,457.51673277408537,762.0556863052495,419.7090024596201,11993,False,,0.0,False
4.515981469753578,medium,low_axial_support_and_large_gap,confirmed,True,75.0,False,missing,452.7122148266168,7.791948620079462,7.791948620079462,7.791948620079462,E_N006755_N006761,496.97285190629526,761.9643002457849,459.23036962052106,3.569338083267212,"[""axial_coverage"", ""unsupported_gap"", ""continuous_support"", ""radial_deviation"", ""centerline_displacement""]",0.6695238095238094,True,middle,,,,6755,6761,55.84560994969745,55.42603906088273,37.10905281885767,True,-1.3026352628623,516.7009114724002,761.9186072160526,478.9910532009716,0.1395348837209302,0.1395348837209302,1:0:1,1.8133426030927005,4.515981469753578,missing,low_axial_support_and_large_gap,exterior,0.6296126413117267,True,11995,536.4289710385051,761.8729141863203,498.7517367814221,11995,True,452.7122148266168,1.0,True
3.8347492718576177,medium,low_axial_support_and_large_gap,confirmed,True,75.0,False,broken,481.1645483609718,8.281661761806744,6.365108959001336,10.08635990800514,E_N006763_N006771,575.7807036418162,721.9651521565161,419.9164139695551,3.469773054122925,"[""axial_coverage"", ""unsupported_gap"", ""continuous_support"", ""centerline_displacement""]",0.2171428571428571,True,middle,,,,6763,6771,55.84560994969749,55.42603906088287,12.035368481791709,True,-0.6149630359471527,595.424403651886,702.120680661113,419.98739738987024,0.627906976744186,0.627906976744186,0:-1:1,0.6149630359471527,3.8347492718576177,broken,low_axial_support_and_large_gap,exterior,0.6296126413117267,True,12009,615.0681036619558,682.27620916571,420.0583808101853,12009,True,481.1645483609718,1.0,True
3.949458625998613,medium,low_axial_support_and_large_gap,confirmed,True,75.0,False,missing,341.0798447071142,5.87056531337546,5.87056531337546,5.87056531337546,E_N006763_N006774,575.5476519465742,682.586414264173,459.51430330178135,3.520350217819214,"[""axial_coverage"", ""unsupported_gap"", ""continuous_support"", ""centerline_displacement""]",0.6876190476190476,True,middle,,,,6763,6774,55.8456099496975,55.42603906088273,38.11200019234031,True,-0.5456511315936634,595.307877804265,682.4313117149416,439.78634205598337,0.1162790697674418,0.1162790697674418,1:0:-1,0.6982722732746426,3.949458625998613,missing,low_axial_support_and_large_gap,exterior,0.6296126413117267,True,12017,615.0681036619558,682.27620916571,420.0583808101853,12017,True,341.0798447071142,1.0,True
4.46222268492572,medium,low_axial_support_and_large_gap,confirmed,True,75.0,False,missing,,,,,E_N006764_N006775,575.9494227538867,761.5627090878572,459.295814289826,3.521854877471924,"[""axial_coverage"", ""unsupported_gap"", ""continuous_support"", ""radial_deviation"", ""centerline_displacement""]",0.6876190476190478,True,middle,,,,6764,6775,55.84560994969745,55.426039060882765,38.112000192340346,True,-2.1097301766791667,595.7096486115774,761.4076065386258,439.567853044028,0.1162790697674418,0.1162790697674418,1:0:-1,2.1097301766791667,4.46222268492572,missing,low_axial_support_and_large_gap,exterior,0.6296126413117267,True,12020,615.4698744692682,761.2525039893944,419.8398917982301,12020,False,,0.0,False
4.741589751054953,medium,low_axial_support_and_large_gap,confirmed,True,75.0,False,missing,,,,,E_N006765_N006775,575.9494227538867,761.5627090878572,459.295814289826,3.5495662689208984,"[""axial_coverage"", ""unsupported_gap"", ""continuous_support"", ""centerline_displacement""]",0.6876190476190478,True,middle,,,,6765,6775,55.84560994969736,55.426039060882765,38.112000192340346,True,-0.6262150977797356,556.2213631877818,761.6084021175895,439.5351307093755,0.1162790697674418,0.1162790697674418,1:0:1,0.6408053501656481,4.741589751054953,missing,low_axial_support_and_large_gap,exterior,0.6296126413117267,True,12021,536.4933036216769,761.654095147322,419.77444712892503,12021,False,,0.0,False
4.53913133931408,medium,low_axial_support_and_large_gap,confirmed,True,75.0,False,missing,506.2579098908496,8.713561271787428,8.382487686581138,8.954008815258732,E_N006769_N006775,575.9494227538867,761.5627090878572,459.295814289826,3.5029239654541016,"[""axial_coverage"", ""unsupported_gap"", ""continuous_support"", ""centerline_displacement""]",0.6514285714285716,True,middle,,,,6769,6775,55.845609949697526,55.426039060882765,36.106105445375064,True,-0.4617990284149966,595.6774823199917,761.5170160581249,479.0564978702766,0.1395348837209302,0.1395348837209302,1:0:1,0.8739609410108601,4.53913133931408,missing,low_axial_support_and_large_gap,exterior,0.6296126413117267,True,12023,615.4055418860967,761.4713230283927,498.817181450727,12023,True,506.2579098908496,1.0,True
4.168767231371058,medium,low_axial_support_and_large_gap,confirmed,True,75.0,False,missing,349.7467336004017,6.019737239249599,5.7848976294125185,7.405142820578847,E_N006776_N006786,615.2368227740262,721.8737660970513,459.4377811304562,3.556459903717041,"[""axial_coverage"", ""unsupported_gap"", ""continuous_support"", ""centerline_displacement""]",0.7238095238095238,True,middle,,,,6776,6786,55.84560994969735,55.42603906088274,40.1178949393056,True,-1.0742691975029497,615.152463217991,702.0749876313807,439.7480809703208,0.0697674418604651,0.0697674418604651,1:1:0,1.0742691975029497,4.168767231371058,missing,low_axial_support_and_large_gap,exterior,0.6296126413117267,True,12040,615.0681036619558,682.27620916571,420.0583808101853,12040,True,349.7467336004017,1.0,True
4.429301642393149,medium,low_axial_support_and_large_gap,confirmed,True,75.0,False,missing,337.7690844408861,5.813581487794941,5.11912573200785,6.508037243582033,E_N006776_N006788,654.5242227941656,682.1848231062453,459.57974797108625,3.5118374824523926,"[""axial_coverage"", ""unsupported_gap"", ""continuous_support"", ""centerline_displacement""]",0.7238095238095239,True,middle,,,,6776,6788,55.84560994969733,55.42603906088264,40.117894939305536,True,-0.5527616967274742,634.7961632280607,682.2305161359777,439.8190643906358,0.0697674418604651,0.0697674418604651,1:0:1,0.5527616967274742,4.429301642393149,missing,low_axial_support_and_large_gap,exterior,0.6296126413117267,True,12044,615.0681036619558,682.27620916571,420.0583808101853,12044,True,337.7690844408861,1.0,True
4.689541364538357,medium,low_axial_support_and_large_gap,confirmed,True,75.0,False,missing,,,,,E_N006779_N006789,654.925993601478,761.1611179299297,459.36125895913096,3.522773265838623,"[""axial_coverage"", ""unsupported_gap"", ""continuous_support"", ""centerline_displacement""]",0.6514285714285715,True,middle,,,,6779,6789,55.84560994969733,55.42603906088264,36.10610544537498,True,0.312357074929571,635.1979340353731,761.2068109596621,439.6005753786805,0.1395348837209302,0.1395348837209302,1:0:1,0.8267786818096994,4.689541364538357,missing,low_axial_support_and_large_gap,exterior,0.6296126413117267,True,12049,615.4698744692682,761.2525039893944,419.8398917982301,12049,False,,0.0,False
4.444313153216702,medium,low_axial_support_and_large_gap,confirmed,True,75.0,False,missing,,,,,E_N006780_N006789,654.925993601478,761.1611179299297,459.36125895913096,3.5218377113342285,"[""axial_coverage"", ""unsupported_gap"", ""continuous_support"", ""radial_deviation"", ""centerline_displacement""]",0.6876190476190476,True,middle,,,,6780,6789,55.845609949697334,55.42603906088273,38.11200019234031,True,-1.337622507475026,635.1657677437873,761.3162204791612,479.089220204929,0.1162790697674418,0.1162790697674418,1:0:-1,1.6197668663825038,4.444313153216702,missing,low_axial_support_and_large_gap,exterior,0.6296126413117267,True,12050,615.4055418860967,761.4713230283927,498.817181450727,12050,False,,0.0,False
4.454467699354242,medium,low_axial_support_and_large_gap,confirmed,True,75.0,False,missing,484.95034537477505,8.346821779256025,7.973574735616911,9.132848882090329,E_N006783_N006789,654.925993601478,761.1611179299297,459.36125895913096,3.527615547180176,"[""axial_coverage"", ""unsupported_gap"", ""continuous_support"", ""radial_deviation"", ""centerline_displacement""]",0.5790476190476189,True,middle,,,,6783,6789,55.84560994969736,55.42603906088273,32.09431595144447,True,-0.4720830662582167,674.6540531675829,761.1154249001975,479.1219425395815,0.2325581395348837,0.2325581395348837,1:0:1,1.38589315135617,4.454467699354242,missing,low_axial_support_and_large_gap,exterior,0.6296126413117267,True,12051,694.3821127336878,761.0697318704651,498.88262612003194,12051,True,484.95034537477505,1.0,True
4.672109319115696,medium,low_axial_support_and_large_gap,confirmed,True,75.0,False,missing,,,,,E_N006792_N006803,733.9025644490694,760.7595267720021,459.426703628436,3.5565810203552246,"[""axial_coverage"", ""unsupported_gap"", ""continuous_support"", ""centerline_displacement""]",0.6152380952380951,True,middle,,,,6792,6803,55.84560994969769,55.426039060883085,34.10021069840997,True,-0.3230746071666881,753.6627903067603,760.6044242227707,439.69874238263793,0.2093023255813953,0.2093023255813953,1:0:-1,0.6158726278685676,4.672109319115696,missing,low_axial_support_and_large_gap,exterior,0.6296126413117267,True,12080,773.4230161644512,760.4493216735393,419.9707811368399,12080,False,,0.0,False
4.609831741418802,medium,low_axial_support_and_large_gap,confirmed,True,75.0,False,missing,,,,,E_N006793_N006803,733.9025644490694,760.7595267720021,459.426703628436,3.521334171295166,"[""axial_coverage"", ""unsupported_gap"", ""continuous_support"", ""centerline_displacement""]",0.6333333333333334,True,middle,,,,6793,6803,55.84560994969745,55.426039060882765,35.10315807189242,True,-0.0162414083811079,714.1745048829645,760.8052198017344,439.6660200479854,0.1627906976744186,0.1627906976744186,1:0:1,0.2447495763814308,4.609831741418802,missing,low_axial_support_and_large_gap,exterior,0.6296126413117267,True,12081,694.4464453168596,760.8509128314669,419.9053364675349,12081,False,,0.0,False
4.661940615475732,medium,low_axial_support_and_large_gap,confirmed,True,75.0,False,missing,,,,,E_N006794_N006803,733.9025644490694,760.7595267720021,459.426703628436,3.531966209411621,"[""axial_coverage"", ""unsupported_gap"", ""continuous_support"", ""centerline_displacement""]",0.5971428571428572,True,middle,,,,6794,6803,55.845609949697455,55.42603906088281,33.09726332492716,True,-0.3397137090414395,714.1423385913786,760.9146293212336,479.1546648742339,0.2325581395348837,0.2325581395348837,1:0:-1,0.6860629011875179,4.661940615475732,missing,low_axial_support_and_large_gap,exterior,0.6296126413117267,True,12082,694.3821127336878,761.0697318704651,498.88262612003194,12082,False,,0.0,False
4.5854285626308755,medium,low_axial_support_and_large_gap,confirmed,True,75.0,False,missing,525.5821414133025,9.046164223981108,8.708749750358976,9.38357869760324,E_N006797_N006803,733.9025644490694,760.7595267720021,459.426703628436,3.5473766326904297,"[""axial_coverage"", ""unsupported_gap"", ""continuous_support"", ""centerline_displacement""]",0.5066666666666667,True,middle,,,,6797,6803,55.845609949697526,55.426039060882886,28.082526457514,True,0.2353563135211605,753.6306240151744,760.7138337422698,479.1873872088864,0.3488372093023256,0.3488372093023256,1:0:1,0.8322624059916717,4.5854285626308755,missing,low_axial_support_and_large_gap,exterior,0.6296126413117267,True,12083,773.3586835812794,760.6681407125375,498.94807078933695,12083,True,525.5821414133025,1.0,True
4.44551891867538,medium,disconnected_or_unsupported_body,confirmed,True,75.0,False,broken,363.0732502511898,6.249109298643542,6.112467552406443,6.560936750406969,E_N006840_N006842,256.5315886266077,92.19879627674663,579.3571266929714,3.5591580867767334,"[""continuous_support"", ""centerline_displacement""]",0.0361904761904761,,high,,,,6842,6840,55.84560994969724,55.42603906088259,2.0058947469652746,True,-0.3575274751671502,236.8035290605027,92.24448930647898,559.596443112521,0.9534883720930232,0.9534883720930232,1:0:1,0.455967428550558,4.44551891867538,broken,disconnected_or_unsupported_body,exterior,0.6296126413117267,True,12156,217.0754694943978,92.29018233621132,539.8357595320707,12156,True,363.0732502511898,1.0,True
4.511177009471717,medium,low_axial_support_and_large_gap,confirmed,True,75.0,False,missing,377.6189571026392,6.499465698840606,5.809742963460299,6.853330116703425,E_N006910_N006915,651.4144428645648,90.19084048710876,579.6843500394962,3.4714653491973877,"[""axial_coverage"", ""unsupported_gap"", ""continuous_support"", ""centerline_displacement""]",0.6514285714285715,True,high,,,,6915,6910,55.84560994969728,55.426039060882665,36.10610544537499,True,-1.0530551170692135,651.5309687121858,109.88020943328034,559.8854053733833,0.1627906976744186,0.1627906976744186,1:-1:0,1.3478541872336125,4.511177009471717,missing,low_axial_support_and_large_gap,exterior,0.6296126413117267,True,12286,651.6474945598068,129.5695783794519,540.0864607072702,12286,True,377.6189571026392,1.0,True
4.471209819357067,medium,low_axial_support_and_large_gap,confirmed,True,75.0,False,broken,383.2423332145052,6.596253583726424,5.808556304246056,8.419522919683406,E_N007028_N007038,612.3600945396672,169.25852137025794,539.9444938666401,3.5635504722595215,"[""axial_coverage"", ""unsupported_gap"", ""continuous_support"", ""centerline_displacement""]",0.1266666666666666,True,high,,,,7028,7038,55.84560994969747,55.42603906088287,7.020631614378496,True,-0.8358894043885021,612.2757349836321,149.45974290458724,520.2547937065046,0.5348837209302325,0.5348837209302325,1:1:0,1.2739407770854658,4.471209819357067,broken,low_axial_support_and_large_gap,exterior,0.6296126413117267,True,12488,612.191375427597,129.66096443891655,500.5650935463692,12488,True,383.2423332145052,1.0,True
4.491766470092697,medium,disconnected_or_unsupported_body,confirmed,True,75.0,False,broken,374.33393372736816,6.442924849008057,6.0021283716123595,7.0697030485090515,E_N007078_N007081,178.35855939364112,250.5529770820433,578.854703999756,3.5885796546936035,"[""unsupported_gap"", ""continuous_support"", ""centerline_displacement""]",0.0542857142857142,True,high,,,,7081,7078,55.845609949697376,55.42603906088275,3.0088421204479205,True,-0.3151743593761185,198.1187852513319,250.39787453281184,559.1267427539581,0.9302325581395348,0.9302325581395348,1:0:-1,0.6558015088398859,4.491766470092697,broken,disconnected_or_unsupported_body,interior,0.6296126413117267,True,12578,217.87901110902268,250.2427719835804,539.3987815081601,12578,True,374.33393372736816,1.0,True
4.059692502661269,medium,low_axial_support_and_large_gap,confirmed,True,75.0,False,broken,394.1371592681608,6.783772104443387,4.771430802876938,7.843930303488501,E_N007104_N007110,336.14298197675356,210.15223783484677,539.6061930180952,3.5464284420013428,"[""axial_coverage"", ""unsupported_gap"", ""continuous_support"", ""centerline_displacement""]",0.1266666666666667,True,high,,,,7104,7110,55.84560994969728,55.4260390608826,7.020631614378464,True,-0.3580888544485043,355.8710415428585,210.1065448051144,559.3668765985456,0.6976744186046512,0.6976744186046512,1:0:1,0.7880936591501598,4.059692502661269,broken,low_axial_support_and_large_gap,interior,0.6296126413117267,True,12619,375.5991011089634,210.0608517753821,579.127560178996,12619,True,394.1371592681608,1.0,True
4.312889654360579,medium,low_axial_support_and_large_gap,confirmed,True,75.0,False,broken,374.04342438437305,6.437924688199192,5.997428331729939,6.827111757720325,E_N007117_N007122,375.8321528042055,249.4395896677253,539.5296708467702,3.5019848346710205,"[""axial_coverage"", ""unsupported_gap"", ""continuous_support"", ""centerline_displacement""]",0.1085714285714285,True,high,,,,7117,7122,55.84560994969724,55.42603906088255,6.01768424089582,True,-0.7799724254414999,375.71562695658446,229.75022072155372,559.3286155128831,0.7674418604651163,0.7674418604651163,1:-1:0,1.1799149245093616,4.312889654360579,broken,low_axial_support_and_large_gap,interior,0.6296126413117267,True,12639,375.5991011089634,210.0608517753821,579.127560178996,12639,True,374.04342438437305,1.0,True
4.350373073681425,medium,low_axial_support_and_large_gap,confirmed,True,75.0,False,broken,350.068447144093,6.025274477523115,5.623546399601289,7.854904300791481,E_N007157_N007164,612.7618653469799,248.23481619394252,539.7260048546848,3.5065367221832275,"[""axial_coverage"", ""unsupported_gap"", ""continuous_support"", ""centerline_displacement""]",0.1266666666666666,True,high,,,,7157,7164,55.84560994969747,55.426039060882815,7.020631614378491,True,-0.8545318057650488,612.8783911946008,267.9241851401141,519.9270601885717,0.6046511627906976,0.6046511627906976,1:-1:0,0.9381417528139736,4.350373073681425,broken,low_axial_support_and_large_gap,interior,0.6296126413117267,True,12709,612.9949170422217,287.6135540862857,500.12811552245864,12709,True,350.068447144093,1.0,True
4.356258343811157,medium,low_axial_support_and_large_gap,confirmed,True,75.0,False,broken,327.9728059570002,5.644970842633394,4.070590359900432,6.118972369955592,E_N007456_N007458,179.5638718155785,487.4818615530968,578.19923696389,3.5580034255981445,"[""axial_coverage"", ""unsupported_gap"", ""continuous_support"", ""centerline_displacement""]",0.0723809523809523,True,high,,,,7458,7456,55.84560994969724,55.426039060882566,4.011789493930547,True,-0.7849976154426592,159.83581224947355,487.5275545828291,558.4385533834397,0.7209302325581395,0.7209302325581395,1:0:1,0.9511439093167176,4.356258343811157,broken,low_axial_support_and_large_gap,exterior,0.6296126413117267,True,13232,140.1077526833686,487.5732476125615,538.6778698029893,13232,True,327.9728059570002,1.0,True
4.322478525462304,medium,low_axial_support_and_large_gap,confirmed,True,75.0,False,broken,310.53981085926546,5.344919291897856,4.132169913130729,5.907283482871222,E_N007582_N007584,179.96564262289098,566.4581563767814,577.9807479519349,3.508657217025757,"[""axial_coverage"", ""unsupported_gap"", ""continuous_support"", ""centerline_displacement""]",0.0723809523809523,True,high,,,,7584,7582,55.84560994969724,55.42603906088259,4.011789493930549,True,0.0742966578869785,160.23758305678604,566.5038494065137,558.2200643714846,0.7674418604651163,0.7674418604651163,1:0:1,0.693510735844443,4.322478525462304,broken,low_axial_support_and_large_gap,exterior,0.6296126413117267,True,13452,140.5095234906811,566.549542436246,538.4593807910342,13452,True,310.53981085926546,1.0,True
4.048546760352987,medium,disconnected_or_unsupported_body,confirmed,True,75.0,False,broken,367.3510564440374,6.3227376324274935,5.957820336180012,7.529879678712524,E_N007686_N007698,101.2221234705416,606.2384854270521,538.317413950404,3.5022292137145996,"[""continuous_support"", ""centerline_displacement""]",0.0361904761904761,,high,,,,7686,7698,55.84560994969749,55.42603906088281,2.0058947469652826,True,-0.4759865716543143,81.49406390443663,606.2841784567844,518.5567303699535,0.9534883720930232,0.9534883720930232,1:0:1,0.5900624961520317,4.048546760352987,broken,disconnected_or_unsupported_body,exterior,0.6296126413117267,True,13644,61.766004338331655,606.3298714865167,498.796046789503,13644,True,367.3510564440374,1.0,True
4.272050176963233,medium,low_axial_support_and_large_gap,confirmed,True,75.0,False,missing,300.29969075507853,5.168669376163142,4.15765540856673,5.777133369849406,E_N007703_N007710,140.91129429799352,645.5258372599305,538.2408917790789,3.381361246109009,"[""axial_coverage"", ""unsupported_gap"", ""continuous_support"", ""centerline_displacement""]",0.3980952380952381,True,high,,,,7703,7710,55.84560994969755,55.426039060882815,22.06484221661811,True,-0.7291240942376982,141.02782014561456,665.2152062061022,518.4419471129657,0.3023255813953488,0.3023255813953488,1:-1:0,1.009824484891839,4.272050176963233,missing,low_axial_support_and_large_gap,exterior,0.6296126413117267,True,13665,141.14434599323562,684.9045751522738,498.6430024468527,13665,True,300.29969075507853,1.0,True
3.0765417952494745,medium,disconnected_or_unsupported_body,confirmed,True,75.0,False,broken,337.53041514964093,5.809473582609999,5.525060810640618,5.964300033057691,E_N007815_N007821,101.85694597309605,724.5935181430797,498.50103560622256,3.441405773162842,"[""continuous_support"", ""centerline_displacement""]",0.018095238095238,,middle,,,,7815,7821,55.84560994969743,55.426039060882715,1.0029473734826395,True,-0.4547583356873648,82.21324596302631,744.4379896384827,498.4300521859074,0.9767441860465116,0.9767441860465116,0:-1:1,0.6251750252489396,3.0765417952494745,broken,disconnected_or_unsupported_body,exterior,0.6296126413117267,True,13859,62.569545952956574,764.2824611338857,498.3590687655925,13859,True,337.53041514964093,1.0,True
4.444824576494889,medium,low_axial_support_and_large_gap,confirmed,True,75.0,False,missing,290.8080674793725,5.005302366254259,5.005302366254259,5.005302366254259,E_N007813_N007824,101.62389427785406,685.2147802507367,538.0989249384487,3.5671939849853516,"[""axial_coverage"", ""unsupported_gap"", ""continuous_support"", ""centerline_displacement""]",0.4342857142857143,True,high,,,,7813,7824,55.84560994969748,55.42603906088286,24.070736963583418,True,-0.8059070097359666,121.38412013554483,685.0596777015053,518.3709636926507,0.1162790697674418,0.1162790697674418,1:0:-1,0.8059070097359666,4.444824576494889,missing,low_axial_support_and_large_gap,exterior,0.6296126413117267,True,13865,141.14434599323562,684.9045751522738,498.6430024468527,13865,True,290.8080674793725,1.0,True
4.461742506877006,medium,low_axial_support_and_large_gap,confirmed,True,75.0,False,missing,,,,,E_N007814_N007825,102.02566508516652,764.1910750744211,537.8804359264934,3.572965145111084,"[""axial_coverage"", ""unsupported_gap"", ""continuous_support"", ""radial_deviation"", ""centerline_displacement""]",0.5247619047619048,True,high,,,,7814,7825,55.845609949697504,55.42603906088289,29.08547383099664,True,-0.6950069581501239,121.78589094285732,764.0359725251897,518.1524746806954,0.1860465116279069,0.1860465116279069,1:0:-1,1.6775398978915064,4.461742506877006,missing,low_axial_support_and_large_gap,exterior,0.6296126413117267,True,13868,141.5461168005481,763.8808699759581,498.4245134348974,13868,False,,0.0,False
4.418308480987543,medium,low_axial_support_and_large_gap,confirmed,True,75.0,False,missing,,,,,E_N007815_N007825,102.02566508516652,764.1910750744211,537.8804359264934,3.451901912689209,"[""axial_coverage"", ""unsupported_gap"", ""continuous_support"", ""centerline_displacement""]",0.6333333333333334,True,high,,,,7815,7825,55.84560994969749,55.42603906088284,35.10315807189247,True,-0.3355198872665772,82.29760551906155,764.2367681041534,518.1197523460429,0.1860465116279069,0.1860465116279069,1:0:1,0.5971339191885314,4.418308480987543,missing,low_axial_support_and_large_gap,exterior,0.6296126413117267,True,13869,62.569545952956574,764.2824611338857,498.3590687655925,13869,False,,0.0,False
4.4820755247926565,medium,low_axial_support_and_large_gap,confirmed,True,75.0,False,missing,395.79156437343744,6.812247235343158,6.1130538027773405,8.09237913740593,E_N007816_N007825,102.02566508516652,764.1910750744211,537.8804359264934,3.5678322315216064,"[""axial_coverage"", ""unsupported_gap"", ""continuous_support"", ""centerline_displacement""]",0.5428571428571429,True,high,,,,7816,7825,55.845609949697376,55.42603906088264,30.08842120447915,True,-0.539831857357467,82.26543922747574,764.3461776236525,557.6083971722913,0.3023255813953488,0.3023255813953488,1:0:-1,1.2194659644784402,4.4820755247926565,missing,low_axial_support_and_large_gap,exterior,0.6296126413117267,True,13870,62.505213369784954,764.5012801728839,577.3363584180893,13870,True,395.79156437343744,1.0,True
4.494975394596033,medium,low_axial_support_and_large_gap,confirmed,True,75.0,False,missing,384.702962439152,6.621393501534458,6.2972293118364115,7.323353006481358,E_N007819_N007825,102.02566508516652,764.1910750744211,537.8804359264934,3.5229861736297607,"[""axial_coverage"", ""unsupported_gap"", ""continuous_support"", ""centerline_displacement""]",0.6333333333333333,True,high,,,,7819,7825,55.84560994969729,55.42603906088263,35.10315807189233,True,-0.34414729210797,121.75372465127153,764.1453820446886,557.6411195069438,0.1860465116279069,0.1860465116279069,1:0:1,0.6723447133985574,4.494975394596033,missing,low_axial_support_and_large_gap,exterior,0.6296126413117267,True,13871,141.4817842173765,764.0996890149563,577.4018030873941,13871,True,384.702962439152,1.0,True
3.893426496532516,medium,disconnected_or_unsupported_body,confirmed,True,75.0,False,broken,396.65468720024086,6.827103049918087,6.434929961519248,7.579484983085557,E_N007826_N007835,180.83351682068752,724.191926985152,498.5664802755275,3.4641804695129395,"[""continuous_support"", ""centerline_displacement""]",0.0361904761904761,,middle,,,,7826,7835,55.845609949697256,55.426039060882566,2.0058947469652737,True,-0.6575946337230854,160.98893140696157,704.548251068713,498.6047413611901,0.9534883720930232,0.9534883720930232,0:-1:-1,0.8264702441465952,3.893426496532516,broken,disconnected_or_unsupported_body,exterior,0.6296126413117267,True,13884,141.14434599323562,684.9045751522738,498.6430024468527,13884,True,396.65468720024086,1.0,True
4.030653792162506,medium,low_axial_support_and_large_gap,confirmed,True,75.0,False,missing,,,,,E_N007826_N007838,180.60046512544545,684.813189092809,538.1643696077537,3.55655837059021,"[""axial_coverage"", ""unsupported_gap"", ""continuous_support"", ""centerline_displacement""]",0.3980952380952381,True,high,,,,7826,7838,55.845609949697405,55.42603906088271,22.064842216618068,True,0.5162054004559282,160.87240555934054,684.8588821225414,518.4036860273031,0.2093023255813953,0.2093023255813953,1:0:1,0.6164631107157165,4.030653792162506,missing,low_axial_support_and_large_gap,exterior,0.6296126413117267,True,13892,141.14434599323562,684.9045751522738,498.6430024468527,13892,False,,0.0,False
4.671590504326648,medium,low_axial_support_and_large_gap,confirmed,True,75.0,False,missing,,,,,E_N007828_N007839,181.0022359327579,763.7894839164934,537.9458805957985,3.55357027053833,"[""axial_coverage"", ""unsupported_gap"", ""continuous_support"", ""radial_deviation"", ""centerline_displacement""]",0.6695238095238095,True,high,,,,7828,7839,55.84560994969759,55.42603906088289,37.10905281885778,True,-1.4764867766165923,200.7624617904487,763.634381367262,518.2179193500003,0.1395348837209302,0.1395348837209302,1:0:-1,1.904652596869943,4.671590504326648,missing,low_axial_support_and_large_gap,exterior,0.6296126413117267,True,13896,220.52268764813948,763.4792788180306,498.4899581042023,13896,False,,0.0,False
4.479385348068907,medium,low_axial_support_and_large_gap,confirmed,True,75.0,False,missing,,,,,E_N007829_N007839,181.0022359327579,763.7894839164934,537.9458805957985,3.5398149490356445,"[""axial_coverage"", ""unsupported_gap"", ""continuous_support"", ""centerline_displacement""]",0.6152380952380953,True,high,,,,7829,7839,55.84560994969748,55.42603906088281,34.1002106984098,True,-0.4378610301919852,161.27417636665302,763.8351769462258,518.185197015348,0.2093023255813953,0.2093023255813953,1:0:1,0.8659891571316328,4.479385348068907,missing,low_axial_support_and_large_gap,exterior,0.6296126413117267,True,13897,141.5461168005481,763.8808699759581,498.4245134348974,13897,False,,0.0,False
4.546233110452288,medium,low_axial_support_and_large_gap,confirmed,True,75.0,False,missing,,,,,E_N007830_N007839,181.0022359327579,763.7894839164934,537.9458805957985,3.5345985889434814,"[""axial_coverage"", ""unsupported_gap"", ""continuous_support"", ""centerline_displacement""]",0.5971428571428571,True,high,,,,7830,7839,55.84560994969713,55.42603906088251,33.097263324926985,True,-0.981530509629104,161.2420100750672,763.9445864657248,557.6738418415963,0.2325581395348837,0.2325581395348837,1:0:-1,1.3269172842253636,4.546233110452288,missing,low_axial_support_and_large_gap,exterior,0.6296126413117267,True,13898,141.4817842173765,764.0996890149563,577.4018030873941,13898,False,,0.0,False
4.642872081777151,medium,low_axial_support_and_large_gap,confirmed,True,75.0,False,missing,478.687157289371,8.239021640092442,7.563396093531448,8.914647186653436,E_N007833_N007839,181.0022359327579,763.7894839164934,537.9458805957985,3.520038604736328,"[""axial_coverage"", ""unsupported_gap"", ""continuous_support"", ""centerline_displacement""]",0.6333333333333333,True,high,,,,7833,7839,55.8456099496972,55.4260390608825,35.10315807189225,True,-0.2722842839787656,200.73029549886292,763.7437908867611,557.7065641762488,0.1860465116279069,0.1860465116279069,1:0:1,0.6600975241206513,4.642872081777151,missing,low_axial_support_and_large_gap,exterior,0.6296126413117267,True,13899,220.4583550649679,763.6980978570288,577.4672477566991,13899,True,478.687157289371,1.0,True
4.2569211479205595,medium,low_axial_support_and_large_gap,confirmed,True,75.0,False,missing,,,,,E_N007842_N007853,259.9788067803494,763.3878927585658,538.0113252651033,3.550016164779663,"[""axial_coverage"", ""unsupported_gap"", ""continuous_support"", ""radial_deviation"", ""centerline_displacement""]",0.7238095238095238,True,high,,,,7842,7853,55.84560994969749,55.42603906088281,40.11789493930565,True,-1.270324420390451,279.73903263804016,763.2327902093344,518.2833640193053,0.0697674418604651,0.0697674418604651,1:0:-1,1.565787010031209,4.2569211479205595,missing,low_axial_support_and_large_gap,exterior,0.6296126413117267,True,13924,299.49925849573094,763.077687660103,498.5554027735073,13924,False,,0.0,False
4.1755709090912285,medium,low_axial_support_and_large_gap,confirmed,True,75.0,False,missing,,,,,E_N007844_N007853,259.9788067803494,763.3878927585658,538.0113252651033,3.572337865829468,"[""axial_coverage"", ""unsupported_gap"", ""continuous_support"", ""radial_deviation"", ""centerline_displacement""]",0.6152380952380953,True,high,,,,7844,7853,55.84560994969723,55.426039060882594,34.100210698409676,True,-1.5406045877415149,240.21858092265865,763.5429953077974,557.7392865109011,0.2093023255813953,0.2093023255813953,1:0:-1,1.6699054535596662,4.1755709090912285,missing,low_axial_support_and_large_gap,exterior,0.6296126413117267,True,13926,220.4583550649679,763.6980978570288,577.4672477566991,13926,False,,0.0,False
4.57395854233278,medium,low_axial_support_and_large_gap,confirmed,True,75.0,False,missing,,,,,E_N007847_N007853,259.9788067803494,763.3878927585658,538.0113252651033,3.4965734481811523,"[""axial_coverage"", ""unsupported_gap"", ""continuous_support"", ""centerline_displacement""]",0.6514285714285714,True,high,,,,7847,7853,55.84560994969716,55.426039060882445,36.10610544537485,True,-0.9552397530597528,279.7068663464543,763.3421997288335,557.7720088455536,0.1627906976744186,0.1627906976744186,1:0:1,1.0545250651075044,4.57395854233278,missing,low_axial_support_and_large_gap,exterior,0.6296126413117267,True,13927,299.43492591255927,763.2965066991012,577.5326924260039,13927,False,,0.0,False
4.081517357290355,medium,low_axial_support_and_large_gap,confirmed,True,75.0,False,missing,,,,,E_N007856_N007867,338.9553776279408,762.9863016006383,538.0767699344083,3.544243812561035,"[""axial_coverage"", ""unsupported_gap"", ""continuous_support"", ""radial_deviation"", ""centerline_displacement""]",0.6876190476190476,True,high,,,,7856,7867,55.845609949697455,55.42603906088281,38.11200019234037,True,-1.8190830977574248,358.7156034856315,762.8311990514069,518.3488086886102,0.1162790697674418,0.1162790697674418,1:0:-1,1.8190830977574248,4.081517357290355,missing,low_axial_support_and_large_gap,exterior,0.6296126413117267,True,13952,378.4758293433223,762.6760965021754,498.62084744281225,13952,False,,0.0,False
4.533484141244453,medium,low_axial_support_and_large_gap,confirmed,True,75.0,False,missing,,,,,E_N007858_N007867,338.9553776279408,762.9863016006383,538.0767699344083,3.5191800594329834,"[""axial_coverage"", ""unsupported_gap"", ""continuous_support"", ""radial_deviation"", ""centerline_displacement""]",0.6152380952380954,True,high,,,,7858,7867,55.84560994969717,55.42603906088253,34.10021069840964,True,-1.5766932992144276,319.19515177025005,763.1414041498697,557.8047311802061,0.2093023255813953,0.2093023255813953,1:0:-1,1.7966705166543222,4.533484141244453,missing,low_axial_support_and_large_gap,exterior,0.6296126413117267,True,13954,299.43492591255927,763.2965066991012,577.5326924260039,13954,False,,0.0,False
4.3010270088431595,medium,low_axial_support_and_large_gap,confirmed,True,75.0,False,missing,,,,,E_N007870_N007881,417.9319484755322,762.5847104427107,538.1422146037131,3.5401337146759033,"[""axial_coverage"", ""unsupported_gap"", ""continuous_support"", ""radial_deviation"", ""centerline_displacement""]",0.7238095238095238,True,high,,,,7870,7881,55.845609949697455,55.42603906088281,40.11789493930565,True,-1.5348258749345525,437.69217433322297,762.4296078934792,518.4142533579152,0.0697674418604651,0.0697674418604651,1:0:-1,1.6050623057133402,4.3010270088431595,missing,low_axial_support_and_large_gap,exterior,0.6296126413117267,True,13980,457.45240019091375,762.2745053442478,498.68629211211714,13980,False,,0.0,False
4.248815947721637,medium,low_axial_support_and_large_gap,confirmed,True,75.0,False,missing,,,,,E_N007872_N007881,417.9319484755322,762.5847104427107,538.1422146037131,3.541095018386841,"[""axial_coverage"", ""unsupported_gap"", ""continuous_support"", ""centerline_displacement""]",0.6333333333333333,True,high,,,,7872,7881,55.845609949697334,55.426039060882616,35.103158071892324,True,-1.1367713135697974,398.1717226178414,762.7398129919421,557.870175849511,0.1860465116279069,0.1860465116279069,1:0:-1,1.1921785020894018,4.248815947721637,missing,low_axial_support_and_large_gap,exterior,0.6296126413117267,True,13982,378.4114967601506,762.8949155411735,577.598137095309,13982,False,,0.0,False
3.785805515568971,medium,low_axial_support_and_large_gap,confirmed,True,75.0,False,missing,455.19192144730334,7.834628596339128,6.518377557559467,8.991450447565134,E_N007885_N007895,496.9085193231237,762.1831192847832,538.2076592730182,3.555539608001709,"[""axial_coverage"", ""unsupported_gap"", ""continuous_support"", ""radial_deviation"", ""centerline_displacement""]",0.5971428571428573,True,high,,,,7885,7895,55.84560994969749,55.42603906088284,33.09726332492719,True,-1.5973198840638467,477.1804597570187,762.2288123145155,518.4469756925677,0.1627906976744186,0.1627906976744186,1:0:1,1.5973198840638467,3.785805515568971,missing,low_axial_support_and_large_gap,exterior,0.6296126413117267,True,14009,457.45240019091375,762.2745053442478,498.68629211211714,14009,True,455.19192144730334,1.0,True
4.3256946177256435,medium,low_axial_support_and_large_gap,confirmed,True,75.0,False,missing,389.79421440597434,6.709022623166511,6.408707242192051,8.093910254044426,E_N007889_N007895,496.9085193231237,762.1831192847832,538.2076592730182,3.4862494468688965,"[""axial_coverage"", ""unsupported_gap"", ""continuous_support"", ""radial_deviation"", ""centerline_displacement""]",0.6514285714285715,True,high,,,,7889,7895,55.84560994969716,55.42603906088252,36.1061054453749,True,-1.8758507529696404,516.6365788892285,762.1374262550507,557.9683428534685,0.1627906976744186,0.1627906976744186,1:0:1,1.8758507529696404,4.3256946177256435,missing,low_axial_support_and_large_gap,exterior,0.6296126413117267,True,14011,536.3646384553335,762.0917332253184,577.7290264339188,14011,True,389.79421440597434,1.0,True
3.8204394592659856,medium,low_axial_support_and_large_gap,confirmed,True,75.0,False,missing,468.5508979993272,8.06455934594367,6.039392165567393,8.69493407069277,E_N007899_N007909,575.8850901707151,761.7815281268555,538.273103942323,3.548719644546509,"[""axial_coverage"", ""unsupported_gap"", ""continuous_support"", ""radial_deviation"", ""centerline_displacement""]",0.6333333333333332,True,high,,,,7899,7909,55.84560994969749,55.42603906088285,35.103158071892466,True,-0.3947604711700485,556.1570306046101,761.8272211565879,518.5124203618725,0.1627906976744186,0.1627906976744186,1:0:1,1.4857957070557608,3.8204394592659856,missing,low_axial_support_and_large_gap,exterior,0.6296126413117267,True,14037,536.4289710385051,761.8729141863203,498.7517367814221,14037,True,468.5508979993272,1.0,True
4.344977021296844,medium,low_axial_support_and_large_gap,confirmed,True,75.0,False,missing,390.5103528154622,6.7213485854640656,5.799346281950475,7.1795586300594865,E_N007903_N007909,575.8850901707151,761.7815281268555,538.273103942323,3.525645017623902,"[""axial_coverage"", ""unsupported_gap"", ""continuous_support"", ""centerline_displacement""]",0.5609523809523809,True,high,,,,7903,7909,55.84560994969716,55.426039060882566,31.09136857796174,True,-0.0955897696276943,595.61314973682,761.7358350971232,558.0337875227733,0.2325581395348837,0.2325581395348837,1:0:1,0.8680070072123428,4.344977021296844,missing,low_axial_support_and_large_gap,exterior,0.6296126413117267,True,14039,615.3412093029249,761.6901420673909,577.7944711032237,14039,True,390.5103528154622,1.0,True
4.665743530911877,medium,low_axial_support_and_large_gap,confirmed,True,75.0,False,missing,,,,,E_N007912_N007923,654.8616610183064,761.379936968928,538.338548611628,3.527031421661377,"[""axial_coverage"", ""unsupported_gap"", ""continuous_support"", ""centerline_displacement""]",0.6152380952380951,True,high,,,,7912,7923,55.845609949697334,55.426039060882616,34.10021069840968,True,-0.4720201096964449,674.6218868759971,761.2248344196965,518.6105873658299,0.1627906976744186,0.1627906976744186,1:0:-1,0.6464580711849458,4.665743530911877,missing,low_axial_support_and_large_gap,exterior,0.6296126413117267,True,14064,694.3821127336878,761.0697318704651,498.88262612003194,14064,False,,0.0,False
4.619374474510132,medium,low_axial_support_and_large_gap,confirmed,True,75.0,False,missing,424.9154205684291,7.313518426306869,6.2103849955380195,7.849793185198165,E_N007913_N007923,654.8616610183064,761.379936968928,538.338548611628,3.534066677093506,"[""axial_coverage"", ""unsupported_gap"", ""continuous_support"", ""centerline_displacement""]",0.5971428571428572,True,high,,,,7913,7923,55.84560994969736,55.426039060882765,33.09726332492714,True,-0.6107414414701808,635.1336014522016,761.4256299986603,518.5778650311775,0.2325581395348837,0.2325581395348837,1:0:1,0.9314478359359302,4.619374474510132,missing,low_axial_support_and_large_gap,exterior,0.6296126413117267,True,14065,615.4055418860967,761.4713230283927,498.817181450727,14065,True,424.9154205684291,1.0,True
4.50763984291317,medium,low_axial_support_and_large_gap,confirmed,True,75.0,False,missing,,,,,E_N007914_N007923,654.8616610183064,761.379936968928,538.338548611628,3.5497794151306152,"[""axial_coverage"", ""unsupported_gap"", ""continuous_support"", ""centerline_displacement""]",0.6514285714285716,True,high,,,,7914,7923,55.84560994969729,55.42603906088265,36.10610544537499,True,-0.2944151495443936,635.1014351606157,761.5350395181595,558.0665098574259,0.1395348837209302,0.1395348837209302,1:0:-1,0.3199263197790895,4.50763984291317,missing,low_axial_support_and_large_gap,exterior,0.6296126413117267,True,14066,615.3412093029249,761.6901420673909,577.7944711032237,14066,False,,0.0,False
4.707659608186271,medium,low_axial_support_and_large_gap,confirmed,True,75.0,False,missing,423.2110704551541,7.284183656715216,7.008892954400205,7.828525017347957,E_N007917_N007923,654.8616610183064,761.379936968928,538.338548611628,3.532165288925171,"[""axial_coverage"", ""unsupported_gap"", ""continuous_support"", ""centerline_displacement""]",0.5971428571428571,True,high,,,,7917,7923,55.845609949697405,55.42603906088273,33.09726332492711,True,0.1766557727202944,674.5897205844115,761.3342439391956,558.0992321920784,0.2325581395348837,0.2325581395348837,1:0:1,1.09674379893131,4.707659608186271,missing,low_axial_support_and_large_gap,exterior,0.6296126413117267,True,14067,694.3177801505165,761.2885509094633,577.8599157725288,14067,True,423.2110704551541,1.0,True
4.671245899157104,medium,low_axial_support_and_large_gap,confirmed,True,75.0,False,missing,408.5224833763896,7.031368044344054,7.031368044344054,7.031368044344054,E_N007926_N007937,733.8382318658978,760.9783458110004,538.4039932809329,3.5601022243499756,"[""axial_coverage"", ""unsupported_gap"", ""continuous_support"", ""centerline_displacement""]",0.6333333333333334,True,high,,,,7926,7937,55.845609949697455,55.426039060882765,35.10315807189242,True,-0.1667258418166035,753.5984577235886,760.823243261769,518.676032035135,0.1162790697674418,0.1162790697674418,1:0:-1,0.4318607625395861,4.671245899157104,missing,low_axial_support_and_large_gap,exterior,0.6296126413117267,True,14096,773.3586835812794,760.6681407125375,498.94807078933695,14096,True,408.5224833763896,1.0,True
4.6764578744415255,medium,low_axial_support_and_large_gap,confirmed,True,75.0,False,missing,446.0467121225641,7.677223960801447,7.346122370081876,8.253885285854306,E_N007927_N007937,733.8382318658978,760.9783458110004,538.4039932809329,3.5326998233795166,"[""axial_coverage"", ""unsupported_gap"", ""continuous_support"", ""centerline_displacement""]",0.5428571428571428,True,high,,,,7927,7937,55.845609949697526,55.42603906088285,30.08842120447926,True,-0.1937963063663876,714.1101722997928,761.0240388407328,518.6433097004824,0.3023255813953488,0.3023255813953488,1:0:1,0.9010119212109068,4.6764578744415255,missing,low_axial_support_and_large_gap,exterior,0.6296126413117267,True,14097,694.3821127336878,761.0697318704651,498.88262612003194,14097,True,446.0467121225641,1.0,True
4.576412454194333,human_reviewed,human_review_override,confirmed,True,75.0,False,missing,,,,,E_N007928_N007937,733.8382318658978,760.9783458110004,538.4039932809329,3.5633528232574463,"[""axial_coverage"", ""unsupported_gap"", ""continuous_support"", ""centerline_displacement""]",0.6333333333333334,True,high,missing,"Axial support only 4.7%, 41.4vox unsupported gap -- same signature as strut 10005. Otsu segmentation failed at mid-body (contrast 667 < 1000 threshold), no rod-shaped material found along the diagonal expected path.",/Users/amannindra/Projects/llnl_DSC/llnl_data_science_challenge_2026-agentic/Aman_Scripts/outputs/strut_defect_classification/human_review_labels.csv,7928,7937,55.84560994969721,55.42603906088265,35.10315807189235,True,-0.5220546825594776,714.0780060082071,761.1334483602318,558.1319545267309,0.1395348837209302,0.1395348837209302,1:0:-1,0.7890329626754962,4.576412454194333,missing,"Axial support only 4.7%, 41.4vox unsupported gap -- same signature as strut 10005. Otsu segmentation failed at mid-body (contrast 667 < 1000 threshold), no rod-shaped material found along the diagonal expected path.",exterior,0.6296126413117267,True,14098,694.3177801505165,761.2885509094633,577.8599157725288,14098,False,,0.0,False
4.673802933887163,medium,low_axial_support_and_large_gap,confirmed,True,75.0,False,broken,494.94855601840175,8.51890802097077,7.783950608174069,9.442037429574752,E_N007931_N007937,733.8382318658978,760.9783458110004,538.4039932809329,3.5310399532318115,"[""axial_coverage"", ""unsupported_gap"", ""continuous_support"", ""centerline_displacement""]",0.4885714285714287,True,high,,,,7931,7937,55.84560994969716,55.42603906088249,27.079579084031167,True,0.3363143700554825,753.5662914320027,760.932652781268,558.1646768613832,0.3720930232558139,0.3720930232558139,1:0:1,0.7172704942599198,4.673802933887163,broken,low_axial_support_and_large_gap,exterior,0.6296126413117267,True,14099,773.2943509981076,760.8869597515356,577.9253604418336,14099,True,494.94855601840175,1.0,True
4.385364987665851,medium,low_axial_support_and_large_gap,confirmed,True,75.0,False,missing,469.6164886318522,8.082899976451845,7.483353674529498,8.684128622531508,E_N007943_N007948,59.05799521604324,93.31218369106472,618.6821598459575,3.465437412261963,"[""axial_coverage"", ""unsupported_gap"", ""continuous_support"", ""radial_deviation"", ""centerline_displacement""]",0.6695238095238096,True,high,,,,7943,7948,55.84560994969764,55.42603906088295,37.109052818857826,True,-0.7925057510814253,58.94146936842222,73.62281474489312,638.4811045120707,0.1395348837209302,0.1395348837209302,1:-1:0,1.5352331236888173,4.385364987665851,missing,low_axial_support_and_large_gap,exterior,0.6296126413117267,True,14119,58.8249435208012,53.93344579872152,658.2800491781838,14119,True,469.6164886318522,1.0,True
4.296529803530508,medium,disconnected_or_unsupported_body,confirmed,True,75.0,False,broken,365.5535164699409,6.29179890653943,5.873903481781865,8.631370643331527,E_N008044_N008046,651.3501102813932,90.409659526107,658.6616396919932,3.5449697971343994,"[""unsupported_gap"", ""continuous_support"", ""centerline_displacement""]",0.1447619047619047,True,high,,,,8046,8044,55.84560994969749,55.426039060882886,8.023578987861143,True,-0.4536022382234645,631.6220507152882,90.45535255583934,638.9009561115427,0.813953488372093,0.813953488372093,1:0:1,0.7923559850592248,4.296529803530508,broken,disconnected_or_unsupported_body,exterior,0.6296126413117267,True,14292,611.8939911491832,90.50104558557167,619.1402725310923,14292,True,365.5535164699409,1.0,True
4.762335928886139,medium,low_axial_support_and_large_gap,confirmed,True,75.0,False,missing,348.3774739046779,5.996169946724232,4.965525205939764,6.601922042778765,E_N008045_N008047,651.4144428645648,90.19084048710876,579.6843500394962,3.58137845993042,"[""axial_coverage"", ""unsupported_gap"", ""continuous_support"", ""centerline_displacement""]",0.6695238095238096,True,high,,,,8047,8045,55.84560994969749,55.426039060882886,37.10905281885778,True,-0.7726145831390401,671.1425024306698,90.14514745737642,599.4450336199466,0.1395348837209302,0.1395348837209302,1:0:1,0.9293917210192444,4.762335928886139,missing,low_axial_support_and_large_gap,exterior,0.6296126413117267,True,14296,690.8705619967748,90.09945442764408,619.2057172003971,14296,True,348.3774739046779,1.0,True
4.311298129912208,medium,disconnected_or_unsupported_body,confirmed,True,75.0,False,broken,391.18983021171886,6.733043549255058,6.299335757345902,7.756489334010427,E_N008154_N008160,572.6065911290436,130.18998857637766,618.998305690462,3.5225632190704346,"[""continuous_support"", ""centerline_displacement""]",0.0361904761904761,,high,,,,8154,8160,55.845609949697646,55.42603906088297,2.0058947469652884,True,-0.4182916006114823,592.3346506951486,130.1442955466453,638.7589892709125,0.9534883720930232,0.9534883720930232,1:0:1,0.7356961476801277,4.311298129912208,broken,disconnected_or_unsupported_body,exterior,0.6296126413117267,True,14487,612.0627102612536,130.098602516913,658.5196728513631,14487,True,391.18983021171886,1.0,True
4.528613660216793,medium,low_axial_support_and_large_gap,confirmed,True,75.0,False,missing,372.7604540636508,6.415842582851132,5.930207675138657,7.01976642892452,E_N008809_N008816,693.2811868406495,563.9572233697512,617.8947831286654,3.4421896934509277,"[""axial_coverage"", ""unsupported_gap"", ""continuous_support"", ""centerline_displacement""]",0.4885714285714285,True,high,,,,8809,8816,55.84560994969734,55.4260390608827,27.07957908403126,True,-0.9311208363710306,693.3977126882705,583.6465923159228,598.0958384625524,0.2558139534883721,0.2558139534883721,1:-1:0,1.2174705533892989,4.528613660216793,missing,low_axial_support_and_large_gap,exterior,0.6296126413117267,True,15629,693.5142385358915,603.3359612620943,578.2968937964393,15629,True,372.7604540636508,1.0,True
3.590711704204887,medium,low_axial_support_and_large_gap,confirmed,True,75.0,False,broken,315.8737881690235,5.436726130275791,4.443007842462963,6.377627386159399,E_N008856_N008858,259.2796516946232,645.2516790815365,656.8049932617815,3.510493040084839,"[""axial_coverage"", ""unsupported_gap"", ""continuous_support"", ""centerline_displacement""]",0.2352380952380952,True,high,,,,8858,8856,55.845609949697526,55.42603906088291,13.03831585527436,True,-0.1252452518507583,239.5515921285183,645.2973721112689,637.044309681331,0.5813953488372093,0.5813953488372093,1:0:1,0.5003833042411561,3.590711704204887,broken,low_axial_support_and_large_gap,exterior,0.6296126413117267,True,15712,219.8235325624134,645.3430651410013,617.2836261008804,15712,True,315.8737881690235,1.0,True
4.614886493330424,medium,low_axial_support_and_large_gap,confirmed,True,75.0,False,missing,401.1398925674643,6.904301076892674,6.449089377209273,7.715973079202124,E_N008948_N008959,101.96133250199492,764.4098941134192,616.8577255789901,3.545825719833374,"[""axial_coverage"", ""unsupported_gap"", ""continuous_support"", ""centerline_displacement""]",0.6152380952380951,True,high,,,,8948,8959,55.845609949697455,55.426039060882744,34.10021069840976,True,-0.3806425241222082,121.7215583596857,764.2547915641878,597.129764333192,0.2093023255813953,0.2093023255813953,1:0:-1,0.6326943759891309,4.614886493330424,missing,low_axial_support_and_large_gap,exterior,0.6296126413117267,True,15884,141.4817842173765,764.0996890149563,577.4018030873941,15884,True,401.1398925674643,1.0,True
4.6253331861988665,medium,low_axial_support_and_large_gap,confirmed,True,75.0,False,missing,328.16988017493503,5.648362825730379,5.367023767756148,7.625744728192196,E_N008949_N008959,101.96133250199492,764.4098941134192,616.8577255789901,3.560601234436035,"[""axial_coverage"", ""unsupported_gap"", ""continuous_support"", ""centerline_displacement""]",0.6514285714285715,True,high,,,,8949,8959,55.845609949697376,55.426039060882694,36.106105445375015,True,-0.1331569509067005,82.23327293588994,764.4555871431515,597.0970419985397,0.1627906976744186,0.1627906976744186,1:0:1,0.5933193946508862,4.6253331861988665,missing,low_axial_support_and_large_gap,exterior,0.6296126413117267,True,15885,62.505213369784954,764.5012801728839,577.3363584180893,15885,True,328.16988017493503,1.0,True
4.517579027997031,medium,low_axial_support_and_large_gap,confirmed,True,75.0,False,missing,364.5792501980473,6.27503012389066,5.821853463062237,7.679389910376183,E_N008950_N008959,101.96133250199492,764.4098941134192,616.8577255789901,3.5583529472351074,"[""axial_coverage"", ""unsupported_gap"", ""continuous_support"", ""centerline_displacement""]",0.597142857142857,True,high,,,,8950,8959,55.84560994969761,55.42603906088298,33.097263324927255,True,-0.2380469044002029,82.20110664430413,764.5649966626506,636.5856868247881,0.2325581395348837,0.2325581395348837,1:0:-1,0.6002273326641647,4.517579027997031,missing,low_axial_support_and_large_gap,exterior,0.6296126413117267,True,15886,62.44088078661335,764.7200992118821,656.3136480705863,15886,True,364.5792501980473,1.0,True
4.535383098478274,medium,low_axial_support_and_large_gap,confirmed,True,75.0,False,missing,,,,,E_N008953_N008959,101.96133250199492,764.4098941134192,616.8577255789901,3.533935785293579,"[""axial_coverage"", ""unsupported_gap"", ""continuous_support"", ""centerline_displacement""]",0.6514285714285715,True,high,,,,8953,8959,55.84560994969749,55.42603906088288,36.106105445375135,True,-0.7549761831933255,121.68939206809986,764.3642010836869,636.6184091594406,0.1627906976744186,0.1627906976744186,1:0:1,0.9127537690868868,4.535383098478274,missing,low_axial_support_and_large_gap,exterior,0.6296126413117267,True,15887,141.4174516342048,764.3185080539546,656.3790927398911,15887,False,,0.0,False
4.396508739115506,medium,low_axial_support_and_large_gap,confirmed,True,75.0,False,missing,332.7637134353369,5.727430523844009,5.727430523844009,5.727430523844009,E_N008962_N008973,180.9379033495863,764.0083029554917,616.923170248295,3.560018539428711,"[""axial_coverage"", ""unsupported_gap"", ""continuous_support"", ""radial_deviation"", ""centerline_displacement""]",0.6333333333333334,True,high,,,,8962,8973,55.84560994969747,55.42603906088283,35.103158071892466,True,-1.234224637996689,200.69812920727708,763.8532004062602,597.195209002497,0.1627906976744186,0.1627906976744186,1:0:-1,1.5525120691401293,4.396508739115506,missing,low_axial_support_and_large_gap,exterior,0.6296126413117267,True,15912,220.4583550649679,763.6980978570288,577.4672477566991,15912,False,332.7637134353369,0.0,False
4.607638388454362,medium,low_axial_support_and_large_gap,confirmed,True,75.0,False,missing,311.3123508275765,5.358216021128683,5.145385226349932,7.073457506724277,E_N008963_N008973,180.9379033495863,764.0083029554917,616.923170248295,3.5277769565582275,"[""axial_coverage"", ""unsupported_gap"", ""continuous_support"", ""centerline_displacement""]",0.4523809523809524,True,high,,,,8963,8973,55.84560994969735,55.426039060882665,25.073684337065966,True,-0.9437925306527664,161.2098437834814,764.053995985224,597.1624866678446,0.1395348837209302,0.1395348837209302,1:0:1,0.9437925306527664,4.607638388454362,missing,low_axial_support_and_large_gap,exterior,0.6296126413117267,True,15913,141.4817842173765,764.0996890149563,577.4018030873941,15913,True,311.3123508275765,1.0,True
4.6471178529106,medium,low_axial_support_and_large_gap,confirmed,True,75.0,False,missing,430.37401133148313,7.407470074552205,6.537640514577036,8.346091502637472,E_N008964_N008973,180.9379033495863,764.0083029554917,616.923170248295,3.537941217422486,"[""axial_coverage"", ""unsupported_gap"", ""continuous_support"", ""centerline_displacement""]",0.6514285714285714,True,high,,,,8964,8973,55.84560994969747,55.42603906088285,36.10610544537511,True,-0.8604079790556365,161.17767749189557,764.1634055047232,636.6511314940931,0.1627906976744186,0.1627906976744186,1:0:-1,0.8604079790556365,4.6471178529106,missing,low_axial_support_and_large_gap,exterior,0.6296126413117267,True,15914,141.4174516342048,764.3185080539546,656.3790927398911,15914,True,430.37401133148313,1.0,True
3.769250681761565,medium,low_axial_support_and_large_gap,confirmed,True,75.0,False,broken,315.46722706319093,5.429728520881083,5.302173851398653,6.379586698929467,E_N008980_N008986,259.5127033898653,684.6304169738796,617.2071039295553,3.525538206100464,"[""axial_coverage"", ""unsupported_gap"", ""continuous_support"", ""centerline_displacement""]",0.3438095238095238,True,high,,,,8980,8986,55.84560994969756,55.42603906088289,19.056000096170216,True,-0.131127461852418,279.24076295597024,684.5847239441473,636.9677875100058,0.4418604651162791,0.4418604651162791,1:0:1,1.1006406066911898,3.769250681761565,broken,low_axial_support_and_large_gap,exterior,0.6296126413117267,True,15939,298.9688225220752,684.539030914415,656.7284710904564,15939,True,315.46722706319093,1.0,True
4.645811608160175,medium,low_axial_support_and_large_gap,confirmed,True,75.0,False,missing,500.87186977741334,8.620858343845324,8.620858343845324,8.620858343845324,E_N008976_N008987,259.91447419717775,763.6067117975641,616.9886149176,3.524095058441162,"[""axial_coverage"", ""unsupported_gap"", ""continuous_support"", ""radial_deviation"", ""centerline_displacement""]",0.6514285714285716,True,high,,,,8976,8987,55.8456099496975,55.426039060882765,36.106105445375064,True,-1.93824658603162,279.6747000548685,763.4516092483327,597.260653671802,0.1395348837209302,0.1395348837209302,1:0:-1,1.93824658603162,4.645811608160175,missing,low_axial_support_and_large_gap,exterior,0.6296126413117267,True,15940,299.43492591255927,763.2965066991012,577.5326924260039,15940,False,500.87186977741334,0.0,False
4.6022370623911115,medium,low_axial_support_and_large_gap,confirmed,True,75.0,False,missing,416.3493669958471,7.166082048121292,6.237435185304964,8.09472891093762,E_N008978_N008987,259.91447419717775,763.6067117975641,616.9886149176,3.501701831817627,"[""axial_coverage"", ""unsupported_gap"", ""continuous_support"", ""radial_deviation"", ""centerline_displacement""]",0.6152380952380954,True,high,,,,8978,8987,55.845609949697554,55.42603906088295,34.100210698409896,True,-1.5183716630132416,240.15424833948703,763.7618143467955,636.716576163398,0.1860465116279069,0.1860465116279069,1:0:-1,1.5912463393817198,4.6022370623911115,missing,low_axial_support_and_large_gap,exterior,0.6296126413117267,True,15942,220.39402248179627,763.916916896027,656.4445374091962,15942,True,416.3493669958471,1.0,True
4.835670761380282,medium,low_axial_support_and_large_gap,confirmed,True,75.0,False,missing,,,,,E_N008990_N009001,338.8910450447691,763.2051206396366,617.0540595869049,3.5417416095733643,"[""axial_coverage"", ""unsupported_gap"", ""continuous_support"", ""centerline_displacement""]",0.7057142857142857,True,high,,,,8990,9001,55.845609949697455,55.42603906088281,39.11494756582301,True,-1.043258466185473,358.6512709024599,763.050018090405,597.3260983411069,0.0697674418604651,0.0697674418604651,1:0:-1,1.043258466185473,4.835670761380282,missing,low_axial_support_and_large_gap,exterior,0.6296126413117267,True,15968,378.4114967601506,762.8949155411735,577.598137095309,15968,False,,0.0,False
4.440875656103873,medium,low_axial_support_and_large_gap,confirmed,True,75.0,False,missing,,,,,E_N008991_N009001,338.8910450447691,763.2051206396366,617.0540595869049,3.534980297088623,"[""axial_coverage"", ""unsupported_gap"", ""continuous_support"", ""centerline_displacement""]",0.6514285714285716,True,high,,,,8991,9001,55.84560994969745,55.426039060882765,36.106105445375064,True,-1.3748163068027326,319.16298547866415,763.2508136693689,597.2933760064544,0.1627906976744186,0.1627906976744186,1:0:1,1.3748163068027326,4.440875656103873,missing,low_axial_support_and_large_gap,exterior,0.6296126413117267,True,15969,299.43492591255927,763.2965066991012,577.5326924260039,15969,False,,0.0,False
4.539670535043279,medium,low_axial_support_and_large_gap,confirmed,True,75.0,False,missing,,,,,E_N008992_N009001,338.8910450447691,763.2051206396366,617.0540595869049,3.5089211463928223,"[""axial_coverage"", ""unsupported_gap"", ""continuous_support"", ""radial_deviation"", ""centerline_displacement""]",0.723809523809524,True,high,,,,8992,9001,55.84560994969741,55.426039060882765,40.11789493930563,True,-1.6667770807071802,319.1308191870784,763.360223188868,636.782020832703,0.0697674418604651,0.0697674418604651,1:0:-1,1.7217623160178783,4.539670535043279,missing,low_axial_support_and_large_gap,exterior,0.6296126413117267,True,15970,299.3705933293877,763.5153257380994,656.509982078501,15970,False,,0.0,False
4.228277335630847,medium,low_axial_support_and_large_gap,confirmed,True,75.0,False,missing,428.06373331822215,7.367706253325682,6.929613849895882,7.896185619884603,E_N009023_N009029,496.844186739952,762.4019383237813,617.1849489255147,3.578214645385742,"[""axial_coverage"", ""unsupported_gap"", ""continuous_support"", ""centerline_displacement""]",0.5609523809523809,True,high,,,,9023,9029,55.845609949697725,55.426039060883085,31.091368577962033,True,-0.8121586068974591,516.572246306057,762.356245294049,636.9456325059654,0.2790697674418604,0.2790697674418604,1:0:1,0.8121586068974591,4.228277335630847,missing,low_axial_support_and_large_gap,exterior,0.6296126413117267,True,16027,536.300305872162,762.3105522643167,656.706316086416,16027,True,428.06373331822215,1.0,True
4.246220981740051,medium,low_axial_support_and_large_gap,confirmed,True,75.0,False,missing,,,,,E_N009032_N009043,575.8207575875433,762.0003471658538,617.2503935948198,3.5227622985839844,"[""axial_coverage"", ""unsupported_gap"", ""continuous_support"", ""centerline_displacement""]",0.6876190476190476,True,high,,,,9032,9043,55.84560994969753,55.42603906088297,38.11200019234048,True,-0.2785316470286116,595.5809834452341,761.8452446166223,597.5224323490218,0.0697674418604651,0.0697674418604651,1:0:-1,0.2785316470286116,4.246220981740051,missing,low_axial_support_and_large_gap,exterior,0.6296126413117267,True,16052,615.3412093029249,761.6901420673909,577.7944711032237,16052,False,,0.0,False
3.984025265221365,medium,low_axial_support_and_large_gap,confirmed,True,75.0,False,missing,390.9056310589062,6.728151997571535,6.152369941258092,7.667659693365886,E_N009033_N009043,575.8207575875433,762.0003471658538,617.2503935948198,3.5756824016571045,"[""axial_coverage"", ""unsupported_gap"", ""continuous_support"", ""centerline_displacement""]",0.6152380952380953,True,high,,,,9033,9043,55.845609949697405,55.42603906088273,34.100210698409754,True,-0.6757152459628981,556.0926980214384,762.0460401955861,597.4897100143693,0.2093023255813953,0.2093023255813953,1:0:1,1.2621248831069087,3.984025265221365,missing,low_axial_support_and_large_gap,exterior,0.6296126413117267,True,16053,536.3646384553335,762.0917332253184,577.7290264339188,16053,True,390.9056310589062,1.0,True
3.95587693634043,medium,low_axial_support_and_large_gap,confirmed,True,75.0,False,missing,411.60936619766886,7.084498557619085,6.645988762098421,7.6194983388210815,E_N009037_N009043,575.8207575875433,762.0003471658538,617.2503935948198,3.55856990814209,"[""axial_coverage"", ""unsupported_gap"", ""continuous_support"", ""centerline_displacement""]",0.5428571428571429,True,high,,,,9037,9043,55.84560994969757,55.42603906088296,30.088421204479324,True,-0.7290309653601845,595.5488171536483,761.9546541361215,637.0110771752703,0.2790697674418604,0.2790697674418604,1:0:1,1.2161326393499796,3.95587693634043,missing,low_axial_support_and_large_gap,exterior,0.6296126413117267,True,16055,615.2768767197533,761.9089611063891,656.7717607557208,16055,True,411.60936619766886,1.0,True
4.623670334487578,medium,low_axial_support_and_large_gap,confirmed,True,75.0,False,missing,,,,,E_N009046_N009057,654.7973284351349,761.5987560079262,617.3158382641246,3.543907880783081,"[""axial_coverage"", ""unsupported_gap"", ""continuous_support"", ""centerline_displacement""]",0.4342857142857143,True,high,,,,9046,9057,55.845609949697376,55.42603906088257,24.07073696358329,True,-0.442098498812711,674.5575542928257,761.4436534586948,597.5878770183267,0.1162790697674418,0.1162790697674418,1:0:-1,0.6656102817186857,4.623670334487578,missing,low_axial_support_and_large_gap,exterior,0.6296126413117267,True,16080,694.3177801505165,761.2885509094633,577.8599157725288,16080,False,,0.0,False
4.592477239613213,medium,low_axial_support_and_large_gap,confirmed,True,75.0,False,missing,424.83540365336506,7.312141198853099,6.414067720740745,8.204827032798828,E_N009047_N009057,654.7973284351349,761.5987560079262,617.3158382641246,3.555875301361084,"[""axial_coverage"", ""unsupported_gap"", ""continuous_support"", ""centerline_displacement""]",0.5971428571428572,True,high,,,,9047,9057,55.84560994969749,55.42603906088281,33.09726332492716,True,-0.0776658427469283,635.0692688690299,761.6444490376585,597.5551546836741,0.2325581395348837,0.2325581395348837,1:0:1,0.4261360781323795,4.592477239613213,missing,low_axial_support_and_large_gap,exterior,0.6296126413117267,True,16081,615.3412093029249,761.6901420673909,577.7944711032237,16081,True,424.83540365336506,1.0,True
4.632863307744667,medium,low_axial_support_and_large_gap,confirmed,True,75.0,False,missing,425.7205934845751,7.327376824175131,7.327376824175131,7.327376824175131,E_N009051_N009057,654.7973284351349,761.5987560079262,617.3158382641246,3.5696892738342285,"[""axial_coverage"", ""unsupported_gap"", ""continuous_support"", ""centerline_displacement""]",0.5790476190476189,True,high,,,,9051,9057,55.84560994969749,55.42603906088273,32.09431595144447,True,-0.1343259772646667,674.5253880012398,761.5530629781938,637.0765218445752,0.2558139534883721,0.2558139534883721,1:0:1,0.4197268207044773,4.632863307744667,missing,low_axial_support_and_large_gap,exterior,0.6296126413117267,True,16083,694.2534475673447,761.5073699484615,656.8372054250258,16083,True,425.7205934845751,1.0,True
3.4078147419603018,medium,low_axial_support_and_large_gap,confirmed,True,75.0,False,missing,407.56305235038576,7.014854601555693,6.731123462823635,7.309035409182058,E_N009060_N009069,773.0612993028656,721.5082218591925,617.5232497740598,3.448564052581787,"[""axial_coverage"", ""unsupported_gap"", ""continuous_support"", ""centerline_displacement""]",0.4523809523809524,True,high,,,,9060,9069,55.84560994969742,55.4260390608827,25.073684337065984,True,-0.2396319642335327,773.1778251504866,741.1975908053641,597.7243051079467,0.3255813953488372,0.3255813953488372,1:-1:0,0.4054108577374742,3.4078147419603018,missing,low_axial_support_and_large_gap,exterior,0.6296126413117267,True,16105,773.2943509981076,760.8869597515356,577.9253604418336,16105,True,407.56305235038576,1.0,True
4.620695496956057,medium,low_axial_support_and_large_gap,confirmed,True,75.0,False,broken,474.5590445215328,8.167969785224317,7.383591504982803,8.95234806546583,E_N009061_N009071,733.773899282726,761.1971648499987,617.3812829334297,3.5301506519317627,"[""axial_coverage"", ""unsupported_gap"", ""continuous_support"", ""centerline_displacement""]",0.4704761904761904,True,high,,,,9061,9071,55.84560994969716,55.426039060882566,26.07663171054856,True,0.1675719168426344,714.0458397166212,761.242857879731,597.6205993529793,0.3953488372093023,0.3953488372093023,1:0:1,0.6646874110850449,4.620695496956057,broken,low_axial_support_and_large_gap,exterior,0.6296126413117267,True,16113,694.3177801505165,761.2885509094633,577.8599157725288,16113,True,474.5590445215328,1.0,True
4.619666274656748,medium,low_axial_support_and_large_gap,confirmed,True,75.0,False,missing,,,,,E_N009062_N009071,733.773899282726,761.1971648499987,617.3812829334297,3.547323942184448,"[""axial_coverage"", ""unsupported_gap"", ""continuous_support"", ""centerline_displacement""]",0.6876190476190476,True,high,,,,9062,9071,55.845609949697376,55.42603906088273,38.11200019234031,True,0.1145739012941238,714.0136734250353,761.3522673992301,637.1092441792277,0.1162790697674418,0.1162790697674418,1:0:-1,0.2183447430072296,4.619666274656748,missing,low_axial_support_and_large_gap,exterior,0.6296126413117267,True,16114,694.2534475673447,761.5073699484615,656.8372054250258,16114,False,,0.0,False
4.629292249919497,medium,low_axial_support_and_large_gap,confirmed,True,75.0,False,broken,465.9187885801718,8.019256257834282,7.062151648861063,8.367690447821538,E_N009065_N009071,733.773899282726,761.1971648499987,617.3812829334297,3.549872398376465,"[""axial_coverage"", ""unsupported_gap"", ""continuous_support"", ""centerline_displacement""]",0.4885714285714286,True,high,,,,9065,9071,55.84560994969749,55.42603906088281,27.079579084031316,True,0.269483660227243,753.501958848831,761.1514718202664,637.1419665138801,0.3720930232558139,0.3720930232558139,1:0:1,0.734081690615508,4.629292249919497,broken,low_axial_support_and_large_gap,exterior,0.6296126413117267,True,16115,773.230018414936,761.1057787905339,656.9026500943306,16115,True,465.9187885801718,1.0,True
4.473283484927803,medium,disconnected_or_unsupported_body,confirmed,True,75.0,False,broken,398.5594082687664,6.859886545073431,6.158781997971942,7.444343970178695,E_N009310_N009322,730.4954002410548,129.6056252995207,698.1064846815688,3.537644386291504,"[""continuous_support"", ""centerline_displacement""]",0.0361904761904761,,high,,,,9310,9322,55.84560994969716,55.426039060882566,2.0058947469652737,True,-0.2725338430151161,710.7673406749499,129.65131832925306,678.3458011011185,0.9534883720930232,0.9534883720930232,1:0:1,0.5528631338438176,4.473283484927803,broken,disconnected_or_unsupported_body,exterior,0.6296126413117267,True,16624,691.039281108845,129.6970113589854,658.5851175206681,16624,True,398.5594082687664,1.0,True
4.183364494122638,medium,low_axial_support_and_large_gap,confirmed,True,75.0,False,broken,343.94692858158504,5.919912712247591,3.9132149882466063,7.776722051838192,E_N009408_N009420,572.9440293531845,209.38510243906043,697.7571063310037,3.5692527294158936,"[""axial_coverage"", ""unsupported_gap"", ""continuous_support"", ""centerline_displacement""]",0.2533333333333333,True,high,,,,9408,9420,55.84560994969724,55.42603906088241,14.04126322875688,True,-0.7243509054903439,553.2159697870796,209.4307954687928,677.9964227505533,0.5813953488372093,0.5813953488372093,1:0:1,0.9867834266302298,4.183364494122638,broken,low_axial_support_and_large_gap,exterior,0.6296126413117267,True,16820,533.4879102209748,209.47648849852516,658.2357391701029,16820,True,343.94692858158504,1.0,True
4.554362115836289,medium,disconnected_or_unsupported_body,confirmed,True,75.0,False,broken,398.70055462887115,6.862315914438401,5.314532067407043,7.668912553442322,E_N009568_N009574,731.2989418556797,287.55821494688985,697.6695066576583,3.519486427307129,"[""continuous_support"", ""centerline_displacement""]",0.0361904761904761,,high,,,,9568,9574,55.84560994969757,55.42603906088281,2.0058947469652826,True,-0.3705222282379838,751.0270014217847,287.5125219171575,717.4301902381088,0.9534883720930232,0.9534883720930232,1:0:1,0.6000222048426855,4.554362115836289,broken,disconnected_or_unsupported_body,exterior,0.6296126413117267,True,17139,770.7550609878897,287.46682888742515,737.1908738185593,17139,True,398.70055462887115,1.0,True
3.635591884509367,medium,disconnected_or_unsupported_body,confirmed,True,75.0,False,broken,326.9635353024758,5.627599574913525,5.216546625531867,6.170567064662132,E_N009921_N009924,574.7841642776764,564.6690196261418,657.2852609509565,3.4717187881469727,"[""unsupported_gap"", ""continuous_support"", ""radial_deviation"", ""centerline_displacement""]",0.0723809523809523,True,high,,,,9924,9921,55.84560994969742,55.426039060882694,4.011789493930557,True,-0.1322886743855407,574.6676384300554,544.9796506799702,677.0842056170695,0.8372093023255814,0.8372093023255814,1:-1:0,1.4686561493916297,3.635591884509367,broken,disconnected_or_unsupported_body,exterior,0.6296126413117267,True,17855,574.5511125824344,525.2902817337986,696.8831502831825,17855,True,326.9635353024758,1.0,True
4.456731903154736,medium,low_axial_support_and_large_gap,confirmed,True,75.0,False,missing,358.06262044562226,6.162867821783515,5.428428904668088,6.897306738898942,E_N010082_N010093,101.89699991882324,764.6287131524174,695.8350152314871,3.560068845748902,"[""axial_coverage"", ""unsupported_gap"", ""continuous_support"", ""centerline_displacement""]",0.6152380952380954,True,high,,,,10082,10093,55.84560994969745,55.42603906088272,34.10021069840976,True,-0.7940456109934955,121.65722577651404,764.473610603186,676.1070539856892,0.1860465116279069,0.1860465116279069,1:0:-1,0.8782154593807514,4.456731903154736,missing,low_axial_support_and_large_gap,exterior,0.6296126413117267,True,18192,141.4174516342048,764.3185080539546,656.3790927398911,18192,True,358.06262044562226,1.0,True
4.572419842865677,medium,low_axial_support_and_large_gap,confirmed,True,75.0,False,missing,,,,,E_N010083_N010093,101.89699991882324,764.6287131524174,695.8350152314871,3.538285255432129,"[""axial_coverage"", ""unsupported_gap"", ""continuous_support"", ""radial_deviation"", ""centerline_displacement""]",0.3257142857142858,True,high,,,,10083,10093,55.84560994969733,55.42603906088265,18.053052722687497,True,-1.092536268079659,82.1689403527183,764.6744061821498,676.0743316510367,0.3255813953488372,0.3255813953488372,1:0:1,1.4614660094565668,4.572419842865677,missing,low_axial_support_and_large_gap,exterior,0.6296126413117267,True,18193,62.44088078661335,764.7200992118821,656.3136480705863,18193,False,,0.0,False
4.011027802716953,medium,disconnected_or_unsupported_body,confirmed,True,75.0,False,broken,298.048215894648,5.129917657394975,4.507034554594129,8.085610265986901,E_N010084_N010093,101.89699991882324,764.6287131524174,695.8350152314871,3.563995361328125,"[""unsupported_gap"", ""continuous_support"", ""centerline_displacement""]",0.1085714285714285,True,high,,,,10084,10093,55.8456099496975,55.42603906088286,6.0176842408958535,True,0.0293090927936949,82.13677406113248,764.7838157016489,715.5629764772851,0.813953488372093,0.813953488372093,1:0:-1,0.9404452715821888,4.011027802716953,broken,disconnected_or_unsupported_body,exterior,0.6296126413117267,True,18194,62.37654820344173,764.9389182508804,735.2909377230832,18194,True,298.048215894648,1.0,True
4.048772690746937,medium,disconnected_or_unsupported_body,confirmed,True,75.0,False,broken,408.2717213903844,7.0270520032768395,4.959687281177705,8.46502615224274,E_N010087_N010093,101.89699991882324,764.6287131524174,695.8350152314871,3.5397868156433105,"[""unsupported_gap"", ""continuous_support"", ""centerline_displacement""]",0.0904761904761904,True,high,,,,10087,10093,55.845609949697526,55.42603906088283,5.01473686741321,True,-0.1376210633866605,121.62505948492822,764.5830201226852,715.5956988119376,0.8837209302325582,0.8837209302325582,1:0:1,0.7533984041667003,4.048772690746937,broken,disconnected_or_unsupported_body,exterior,0.6296126413117267,True,18195,141.3531190510332,764.5373270929529,735.3563823923881,18195,True,408.2717213903844,1.0,True
4.253053619220155,medium,low_axial_support_and_large_gap,confirmed,True,75.0,False,broken,323.6587200271436,5.570718072756344,4.803640549838853,7.705046645517056,E_N010089_N010091,101.7282808067528,725.031156221076,656.4556149112165,3.567180871963501,"[""axial_coverage"", ""unsupported_gap"", ""continuous_support"", ""centerline_displacement""]",0.2352380952380952,True,high,,,,10091,10089,55.845609949697334,55.42603906088266,13.038315855274302,True,-0.4029734834320291,121.45634037285782,724.9854631913437,676.2162984916667,0.5581395348837209,0.5581395348837209,1:0:1,0.8824216316370451,4.253053619220155,broken,low_axial_support_and_large_gap,exterior,0.6296126413117267,True,18200,141.18439993896283,724.9397701616114,695.9769820721172,18200,True,323.6587200271436,1.0,True
4.362431809651227,medium,low_axial_support_and_large_gap,confirmed,True,75.0,False,missing,,,,,E_N010096_N010107,180.8735707664147,764.2271219944898,695.900459900792,3.5369389057159424,"[""axial_coverage"", ""unsupported_gap"", ""continuous_support"", ""centerline_displacement""]",0.7057142857142856,True,high,,,,10096,10107,55.845609949697376,55.42603906088275,39.114947565822966,True,-0.6401863898767961,200.63379662410549,764.0720194452584,676.1724986549941,0.0930232558139534,0.0930232558139534,1:0:-1,0.7654242435093909,4.362431809651227,missing,low_axial_support_and_large_gap,exterior,0.6296126413117267,True,18224,220.39402248179627,763.916916896027,656.4445374091962,18224,False,,0.0,False
4.3867387974831,medium,low_axial_support_and_large_gap,confirmed,True,75.0,False,missing,,,,,E_N010097_N010107,180.8735707664147,764.2271219944898,695.900459900792,3.537527322769165,"[""axial_coverage"", ""unsupported_gap"", ""continuous_support"", ""centerline_displacement""]",0.2714285714285714,True,high,,,,10097,10107,55.845609949697405,55.42603906088273,15.044210602239596,True,-0.86773622865877,161.14551120030976,764.2728150242222,676.1397763203415,0.3023255813953488,0.3023255813953488,1:0:1,0.8753100492805386,4.3867387974831,missing,low_axial_support_and_large_gap,exterior,0.6296126413117267,True,18225,141.4174516342048,764.3185080539546,656.3790927398911,18225,False,,0.0,False
4.178051138290299,medium,low_axial_support_and_large_gap,confirmed,True,75.0,False,broken,411.4586292720201,7.0819041182791755,5.850531538127102,7.631050235320534,E_N010098_N010107,180.8735707664147,764.2271219944898,695.900459900792,3.546614170074463,"[""axial_coverage"", ""unsupported_gap"", ""continuous_support"", ""centerline_displacement""]",0.180952380952381,True,high,,,,10098,10107,55.8456099496975,55.426039060882765,10.029473734826407,True,-0.2232613780125882,161.11334490872397,764.3822245437213,715.6284211465901,0.7209302325581395,0.7209302325581395,1:0:-1,1.198711234505624,4.178051138290299,broken,low_axial_support_and_large_gap,exterior,0.6296126413117267,True,18226,141.3531190510332,764.5373270929529,735.3563823923881,18226,True,411.4586292720201,1.0,True
3.861364259243914,medium,low_axial_support_and_large_gap,confirmed,True,75.0,False,broken,436.6365500638896,7.515259037244228,4.625779696295492,8.96355389301895,E_N010101_N010107,180.8735707664147,764.2271219944898,695.900459900792,3.5458285808563232,"[""axial_coverage"", ""unsupported_gap"", ""continuous_support"", ""radial_deviation"", ""centerline_displacement""]",0.2171428571428571,True,high,,,,10101,10107,55.84560994969742,55.426039060882765,12.035368481791688,True,-0.4960146195616024,200.60163033251968,764.1814289647575,715.6611434812426,0.7209302325581395,0.7209302325581395,1:0:1,1.752251700842792,3.861364259243914,broken,low_axial_support_and_large_gap,exterior,0.6296126413117267,True,18227,220.32968989862465,764.1357359350253,735.421827061693,18227,True,436.6365500638896,1.0,True
3.8430345148765346,medium,low_axial_support_and_large_gap,confirmed,True,75.0,False,broken,368.2563292681928,6.338318920278706,5.875146545699154,7.627967434803941,E_N010102_N010107,180.64051907117263,724.8483841021467,735.4983492330182,3.4414303302764893,"[""axial_coverage"", ""unsupported_gap"", ""continuous_support"", ""centerline_displacement""]",0.1628571428571428,True,high,,,,10107,10102,55.84560994969742,55.42603906088278,9.026526361343768,True,-0.226473086742809,180.75704491879367,744.5377530483183,715.6994045669051,0.7441860465116279,0.7441860465116279,1:-1:0,0.503762146525866,3.8430345148765346,broken,low_axial_support_and_large_gap,exterior,0.6296126413117267,True,18238,180.8735707664147,764.2271219944898,695.900459900792,18238,True,368.2563292681928,1.0,True
1.7590595390933448,medium,low_axial_support_and_large_gap,confirmed,True,75.0,False,missing,348.38116742616614,5.9962335185226525,5.623873483236613,6.1817304097099015,E_N010111_N010118,220.16097078655423,724.5381790036838,696.0424267414221,3.423095941543579,"[""axial_coverage"", ""unsupported_gap"", ""continuous_support"", ""centerline_displacement""]",0.579047619047619,True,high,,,,10111,10118,55.84560994969734,55.426039060882694,32.09431595144446,True,-0.4922614941069039,220.27749663417524,744.2275479498554,676.2434820753092,0.2558139534883721,0.2558139534883721,1:-1:0,0.7852828061017442,1.7590595390933448,missing,low_axial_support_and_large_gap,exterior,0.6296126413117267,True,18249,220.39402248179627,763.916916896027,656.4445374091962,18249,True,348.38116742616614,1.0,True
4.507567415035656,medium,disconnected_or_unsupported_body,confirmed,True,75.0,False,broken,371.6685535929602,6.39704911519725,5.248996677432279,7.885779182004992,E_N010112_N010121,259.85014161400613,763.8255308365623,695.965904570097,3.5290307998657227,"[""unsupported_gap"", ""continuous_support"", ""radial_deviation"", ""centerline_displacement""]",0.1085714285714285,True,high,,,,10112,10121,55.84560994969741,55.42603906088281,6.017684240895848,True,-0.0814640692621631,240.08991575631535,763.9806333857938,715.6938658158949,0.813953488372093,0.813953488372093,1:0:-1,1.7405637848562396,4.507567415035656,broken,disconnected_or_unsupported_body,exterior,0.6296126413117267,True,18258,220.32968989862465,764.1357359350253,735.421827061693,18258,True,371.6685535929602,1.0,True
3.642089048537297,medium,low_axial_support_and_large_gap,confirmed,True,75.0,False,broken,538.7602960392716,9.272982720125157,7.692188540760702,9.820424919990948,E_N010115_N010121,259.85014161400613,763.8255308365623,695.965904570097,3.513575792312622,"[""axial_coverage"", ""unsupported_gap"", ""continuous_support"", ""radial_deviation"", ""centerline_displacement""]",0.2533333333333333,True,high,,,,10115,10121,55.84560994969749,55.42603906088281,14.04126322875698,True,0.3801337056853364,279.5782011801111,763.77983780683,715.7265881505475,0.6744186046511628,0.6744186046511628,1:0:1,1.444327725075759,3.642089048537297,broken,low_axial_support_and_large_gap,exterior,0.6296126413117267,True,18259,299.306260746216,763.7341447770976,735.487271730998,18259,True,538.7602960392716,1.0,True
4.214496581832726,medium,low_axial_support_and_large_gap,confirmed,True,75.0,False,broken,349.7871528055931,6.020432922643599,5.7449371030746565,6.574015395276939,E_N010116_N010121,259.61708991876407,724.4467929442192,735.5637939023233,3.421462059020996,"[""axial_coverage"", ""unsupported_gap"", ""continuous_support"", ""centerline_displacement""]",0.2714285714285714,True,high,,,,10121,10116,55.845609949697504,55.42603906088294,15.044210602239655,True,0.0210832530202045,259.7336157663851,744.1361618903907,715.7648492362101,0.6511627906976745,0.6511627906976745,1:-1:0,0.852213132488388,4.214496581832726,broken,low_axial_support_and_large_gap,exterior,0.6296126413117267,True,18270,259.85014161400613,763.8255308365623,695.965904570097,18270,True,349.7871528055931,1.0,True
4.69577011083682,medium,low_axial_support_and_large_gap,confirmed,True,75.0,False,missing,,,,,E_N010124_N010135,338.8267124615975,763.4239396786347,696.0313492394018,3.5584216117858887,"[""axial_coverage"", ""unsupported_gap"", ""continuous_support"", ""centerline_displacement""]",0.7238095238095238,True,high,,,,10124,10135,55.84560994969741,55.42603906088281,40.11789493930565,True,-1.0666335416657955,358.58693831928827,763.2688371294032,676.3033879936039,0.0697674418604651,0.0697674418604651,1:0:-1,1.0666335416657955,4.69577011083682,missing,low_axial_support_and_large_gap,exterior,0.6296126413117267,True,18288,378.3471641769791,763.1137345801718,656.575426747806,18288,False,,0.0,False
4.1949138969137065,medium,low_axial_support_and_large_gap,confirmed,True,75.0,False,broken,411.90077743724834,7.089514241604963,5.778438397316594,8.579743219193718,E_N010126_N010135,338.8267124615975,763.4239396786347,696.0313492394018,3.528524875640869,"[""axial_coverage"", ""unsupported_gap"", ""continuous_support"", ""centerline_displacement""]",0.2171428571428571,True,high,,,,10126,10135,55.84560994969753,55.42603906088281,12.035368481791696,True,-0.3928716205158276,319.06648660390675,763.5790422278662,715.7593104851999,0.7209302325581395,0.7209302325581395,1:0:-1,0.9524099602490892,4.1949138969137065,broken,low_axial_support_and_large_gap,exterior,0.6296126413117267,True,18290,299.306260746216,763.7341447770976,735.487271730998,18290,True,411.90077743724834,1.0,True
3.9846367110452943,medium,low_axial_support_and_large_gap,confirmed,True,75.0,False,broken,418.8361421895965,7.208883686567926,7.02587905962087,8.758495802829897,E_N010129_N010135,338.8267124615975,763.4239396786347,696.0313492394018,3.5204029083251953,"[""axial_coverage"", ""unsupported_gap"", ""continuous_support"", ""centerline_displacement""]",0.2352380952380952,True,high,,,,10129,10135,55.845609949697646,55.42603906088297,13.038315855274377,True,-0.6637454026428566,358.5547720277025,763.3782466489024,715.7920328198525,0.627906976744186,0.627906976744186,1:0:1,1.1484467206255324,3.9846367110452943,broken,low_axial_support_and_large_gap,exterior,0.6296126413117267,True,18291,378.2828315938075,763.3325536191701,735.552716400303,18291,True,418.8361421895965,1.0,True
4.574188564231481,medium,low_axial_support_and_large_gap,confirmed,True,75.0,False,missing,,,,,E_N010138_N010149,417.8032833091889,763.0223485207072,696.0967939087069,3.4803225994110107,"[""axial_coverage"", ""unsupported_gap"", ""continuous_support"", ""centerline_displacement""]",0.5247619047619047,True,high,,,,10138,10149,55.8456099496975,55.42603906088273,29.085473830996552,True,-0.4197483255465126,437.5635091668797,762.8672459714758,676.368832662909,0.2093023255813953,0.2093023255813953,1:0:-1,0.6784798554346849,4.574188564231481,missing,low_axial_support_and_large_gap,exterior,0.6296126413117267,True,18320,457.3237350245705,762.7121434222443,656.6408714171109,18320,False,,0.0,False
3.959087428793148,medium,low_axial_support_and_large_gap,confirmed,True,75.0,False,missing,,,,,E_N010139_N010149,417.8032833091889,763.0223485207072,696.0967939087069,3.548332691192627,"[""axial_coverage"", ""unsupported_gap"", ""continuous_support"", ""radial_deviation"", ""centerline_displacement""]",0.6876190476190477,True,high,,,,10139,10149,55.84560994969733,55.4260390608826,38.11200019234023,True,-2.2727883685932806,398.075223743084,763.0680415504395,676.3361103282564,0.1162790697674418,0.1162790697674418,1:0:1,2.2727883685932806,3.959087428793148,missing,low_axial_support_and_large_gap,exterior,0.6296126413117267,True,18321,378.3471641769791,763.1137345801718,656.575426747806,18321,False,,0.0,False
4.122885250951732,medium,low_axial_support_and_large_gap,confirmed,True,75.0,False,broken,474.1675801355026,8.161232016101593,7.574960363222062,8.50315588308333,E_N010140_N010149,417.8032833091889,763.0223485207072,696.0967939087069,3.5089199542999268,"[""axial_coverage"", ""unsupported_gap"", ""continuous_support"", ""centerline_displacement""]",0.2533333333333333,True,high,,,,10140,10149,55.84560994969741,55.426039060882765,14.041263228756968,True,0.6664712496186687,398.04305745149816,763.1774510699386,715.8247551545049,0.6511627906976745,0.6511627906976745,1:0:-1,0.8807512697083362,4.122885250951732,broken,low_axial_support_and_large_gap,exterior,0.6296126413117267,True,18322,378.2828315938075,763.3325536191701,735.552716400303,18322,True,474.1675801355026,1.0,True
4.3510548169681655,medium,low_axial_support_and_large_gap,confirmed,True,75.0,False,broken,396.0166532389096,6.816121398260062,6.775559972165668,8.515708955417033,E_N010143_N010149,417.8032833091889,763.0223485207072,696.0967939087069,3.537226438522339,"[""axial_coverage"", ""unsupported_gap"", ""continuous_support"", ""centerline_displacement""]",0.2895238095238095,True,high,,,,10143,10149,55.84560994969749,55.42603906088284,16.047157975722275,True,-0.5981049235320803,437.5313428752939,762.9766554909748,715.8574774891574,0.5581395348837209,0.5581395348837209,1:0:1,0.7613929106917521,4.3510548169681655,broken,low_axial_support_and_large_gap,exterior,0.6296126413117267,True,18323,457.2594024413989,762.9309624612425,735.6181610696078,18323,True,396.0166532389096,1.0,True
4.499545886237602,medium,low_axial_support_and_large_gap,confirmed,True,75.0,False,missing,509.4625690176191,8.768718915965906,8.768718915965906,8.768718915965906,E_N010152_N010163,496.77985415678035,762.6207573627795,696.1622385780117,3.531498670578003,"[""axial_coverage"", ""unsupported_gap"", ""continuous_support"", ""centerline_displacement""]",0.5790476190476191,True,high,,,,10152,10163,55.845609949697334,55.426039060882765,32.0943159514445,True,-0.3125506613117883,516.5400800144712,762.4656548135481,676.4342773322139,0.2093023255813953,0.2093023255813953,1:0:-1,0.6180854679610635,4.499545886237602,missing,low_axial_support_and_large_gap,exterior,0.6296126413117267,True,18352,536.300305872162,762.3105522643167,656.706316086416,18352,True,509.4625690176191,1.0,True
4.769948354616811,medium,low_axial_support_and_large_gap,confirmed,True,75.0,False,missing,493.1252815279413,8.48752636020553,8.48752636020553,8.48752636020553,E_N010153_N010163,496.77985415678035,762.6207573627795,696.1622385780117,3.5634708404541016,"[""axial_coverage"", ""unsupported_gap"", ""continuous_support"", ""radial_deviation"", ""centerline_displacement""]",0.6876190476190477,True,high,,,,10153,10163,55.84560994969728,55.42603906088264,38.11200019234026,True,-1.7595324225936877,477.0517945906754,762.6664503925119,676.4015549975613,0.0930232558139534,0.0930232558139534,1:0:1,1.7595324225936877,4.769948354616811,missing,low_axial_support_and_large_gap,exterior,0.6296126413117267,True,18353,457.3237350245705,762.7121434222443,656.6408714171109,18353,True,493.1252815279413,1.0,True
4.376185850317983,medium,low_axial_support_and_large_gap,confirmed,True,75.0,False,broken,475.4124058837059,8.182657588359826,8.015786706432394,8.349680515173011,E_N010154_N010163,496.77985415678035,762.6207573627795,696.1622385780117,3.5495691299438477,"[""axial_coverage"", ""unsupported_gap"", ""continuous_support"", ""centerline_displacement""]",0.3076190476190475,True,high,,,,10154,10163,55.845609949697455,55.42603906088269,17.050105349204863,True,0.2529477964298585,477.0196282990896,762.775859912011,715.8901998238098,0.6046511627906976,0.6046511627906976,1:0:-1,0.5004548847198926,4.376185850317983,broken,low_axial_support_and_large_gap,exterior,0.6296126413117267,True,18354,457.2594024413989,762.9309624612425,735.6181610696078,18354,True,475.4124058837059,1.0,True
4.191150951434532,medium,low_axial_support_and_large_gap,confirmed,True,75.0,False,broken,460.423456968006,7.924672236970843,7.549938925643614,9.448273797538754,E_N010157_N010163,496.77985415678035,762.6207573627795,696.1622385780117,3.5525481700897217,"[""axial_coverage"", ""unsupported_gap"", ""continuous_support"", ""centerline_displacement""]",0.3257142857142857,True,high,,,,10157,10163,55.8456099496976,55.42603906088301,18.05305272268761,True,-0.2682135734804096,516.5079137228854,762.5750643330473,715.9229221584623,0.5813953488372093,0.5813953488372093,1:0:1,0.2682135734804096,4.191150951434532,broken,low_axial_support_and_large_gap,exterior,0.6296126413117267,True,18355,536.2359732889904,762.529371303315,735.6836057389128,18355,True,460.423456968006,1.0,True
4.027824129465679,medium,low_axial_support_and_large_gap,confirmed,True,75.0,False,missing,435.5446361136549,7.496465337584421,5.8563199831115815,8.374801864138615,E_N010166_N010177,575.7564250043717,762.219166204852,696.2276832473167,3.567340612411499,"[""axial_coverage"", ""unsupported_gap"", ""continuous_support"", ""centerline_displacement""]",0.5428571428571428,True,high,,,,10166,10177,55.845609949697376,55.42603906088273,30.088421204479193,True,0.1747221333894573,595.5166508620625,762.0640636556205,676.4997220015188,0.2790697674418604,0.2790697674418604,1:0:-1,0.8466144679039036,4.027824129465679,missing,low_axial_support_and_large_gap,exterior,0.6296126413117267,True,18384,615.2768767197533,761.9089611063891,656.7717607557208,18384,True,435.5446361136549,1.0,True
4.173679701477715,medium,low_axial_support_and_large_gap,confirmed,True,75.0,False,broken,618.7198081142834,10.64922217064171,9.72843512252046,10.731479908250172,E_N010168_N010177,575.7564250043717,762.219166204852,696.2276832473167,3.56071138381958,"[""axial_coverage"", ""unsupported_gap"", ""continuous_support"", ""centerline_displacement""]",0.3076190476190477,True,high,,,,10168,10177,55.845609949697376,55.42603906088265,17.050105349204856,True,0.328811930762916,555.9961991466811,762.3742687540835,715.9556444931147,0.5813953488372093,0.5813953488372093,1:0:-1,0.9171077379007752,4.173679701477715,broken,low_axial_support_and_large_gap,exterior,0.6296126413117267,True,18386,536.2359732889904,762.529371303315,735.6836057389128,18386,True,618.7198081142834,1.0,True
4.419872848709729,medium,low_axial_support_and_large_gap,confirmed,True,75.0,False,missing,439.04877446493174,7.556777529516897,7.06864157831347,8.044913480720325,E_N010180_N010191,654.7329958519633,761.8175750469244,696.2931279166216,3.5394480228424072,"[""axial_coverage"", ""unsupported_gap"", ""continuous_support"", ""centerline_displacement""]",0.6152380952380954,True,high,,,,10180,10191,55.84560994969721,55.42603906088249,34.10021069840961,True,-0.045007066602571,674.493221709654,761.662472497693,676.5651666708237,0.2093023255813953,0.2093023255813953,1:0:-1,0.5359806271845515,4.419872848709729,missing,low_axial_support_and_large_gap,exterior,0.6296126413117267,True,18416,694.2534475673447,761.5073699484615,656.8372054250258,18416,True,439.04877446493174,1.0,True
4.47760121976195,medium,low_axial_support_and_large_gap,confirmed,True,75.0,False,missing,396.1881680685936,6.819073460733108,6.819073460733108,6.819073460733108,E_N010181_N010191,654.7329958519633,761.8175750469244,696.2931279166216,3.5488038063049316,"[""axial_coverage"", ""unsupported_gap"", ""continuous_support"", ""centerline_displacement""]",0.5609523809523809,True,high,,,,10181,10191,55.845609949697405,55.42603906088273,31.09136857796183,True,-0.7260849182132612,635.0049362858583,761.8632680766568,676.5324443361712,0.2558139534883721,0.2558139534883721,1:0:1,0.9039784068854144,4.47760121976195,missing,low_axial_support_and_large_gap,exterior,0.6296126413117267,True,18417,615.2768767197533,761.9089611063891,656.7717607557208,18417,True,396.1881680685936,1.0,True
4.2328453156925265,medium,low_axial_support_and_large_gap,confirmed,True,75.0,False,broken,465.3627546648548,8.009685966692853,7.425609514116944,8.672619264175358,E_N010182_N010191,654.7329958519633,761.8175750469244,696.2931279166216,3.485583543777466,"[""axial_coverage"", ""unsupported_gap"", ""continuous_support"", ""centerline_displacement""]",0.3438095238095238,True,high,,,,10182,10191,55.845609949697696,55.426039060883056,19.05600009617027,True,0.3407444085915618,634.9727699942724,761.9726775961559,716.0210891624197,0.5581395348837209,0.5581395348837209,1:0:-1,0.4429954632207384,4.2328453156925265,broken,low_axial_support_and_large_gap,exterior,0.6296126413117267,True,18418,615.2125441365815,762.1277801453874,735.7490504082177,18418,True,465.3627546648548,1.0,True
4.089768310218387,medium,low_axial_support_and_large_gap,confirmed,True,75.0,False,broken,340.10743632453045,5.853828508167478,5.853828508167478,5.853828508167478,E_N010185_N010191,654.7329958519633,761.8175750469244,696.2931279166216,3.5325660705566406,"[""axial_coverage"", ""unsupported_gap"", ""continuous_support"", ""centerline_displacement""]",0.3438095238095238,True,high,,,,10185,10191,55.845609949697405,55.42603906088273,19.056000096170155,True,-0.6355223505632819,674.4610554180682,761.7718820171921,716.0538114970722,0.4883720930232558,0.4883720930232558,1:0:1,0.6498533769814373,4.089768310218387,broken,low_axial_support_and_large_gap,exterior,0.6296126413117267,True,18419,694.1891149841731,761.7261889874598,735.8144950775227,18419,True,340.10743632453045,1.0,True
4.733429012384936,medium,low_axial_support_and_large_gap,confirmed,True,75.0,False,missing,403.0853194938142,6.937785189222275,6.602847553595824,7.539139564291044,E_N010194_N010205,733.7095666995544,761.4159838889968,696.3585725859266,3.588810682296753,"[""axial_coverage"", ""unsupported_gap"", ""continuous_support"", ""centerline_displacement""]",0.6152380952380953,True,high,,,,10194,10205,55.845609949697455,55.42603906088281,34.1002106984098,True,-0.4614788074548315,753.4697925572452,761.2608813397653,676.6306113401286,0.1860465116279069,0.1860465116279069,1:0:-1,0.6557299700822068,4.733429012384936,missing,low_axial_support_and_large_gap,exterior,0.6296126413117267,True,18452,773.230018414936,761.1057787905339,656.9026500943306,18452,True,403.0853194938142,1.0,True
4.638743648945707,medium,low_axial_support_and_large_gap,confirmed,True,75.0,False,missing,424.78307349241334,7.311240507614687,7.101376044733667,8.287528136539436,E_N010195_N010205,733.7095666995544,761.4159838889968,696.3585725859266,3.552454710006714,"[""axial_coverage"", ""unsupported_gap"", ""continuous_support"", ""centerline_displacement""]",0.5428571428571428,True,high,,,,10195,10205,55.84560994969724,55.426039060882566,30.088421204479104,True,-0.588708952074398,713.9815071334496,761.4616769187292,676.5978890054762,0.2325581395348837,0.2325581395348837,1:0:1,0.9799543359515976,4.638743648945707,missing,low_axial_support_and_large_gap,exterior,0.6296126413117267,True,18453,694.2534475673447,761.5073699484615,656.8372054250258,18453,True,424.78307349241334,1.0,True
4.635178963589771,medium,low_axial_support_and_large_gap,confirmed,True,75.0,False,broken,471.277965020888,8.111496816194286,7.096788957263487,8.891457502982817,E_N010199_N010205,733.7095666995544,761.4159838889968,696.3585725859266,3.5431604385375977,"[""axial_coverage"", ""unsupported_gap"", ""continuous_support"", ""centerline_displacement""]",0.3619047619047619,True,high,,,,10199,10205,55.845609949697405,55.42603906088289,20.058947469652857,True,0.2806081032319165,753.4376262656593,761.3702908592645,716.1192561663771,0.4418604651162791,0.4418604651162791,1:0:1,0.5283468431592713,4.635178963589771,broken,low_axial_support_and_large_gap,exterior,0.6296126413117267,True,18455,773.1656858317642,761.3245978295322,735.8799397468276,18455,True,471.277965020888,1.0,True
