group,method,parameter,cluster_id,size,member_edge_ids
intentional,dbscan,eps_mm=2.28,D0001,2,E_N002541_N002671|E_N002671_N002682
intentional,dbscan,eps_mm=2.28,D0002,12,E_N005509_N005510|E_N005509_N005513|E_N005509_N005515|E_N005509_N005524|E_N005509_N005529|E_N005509_N005636|E_N005509_N005639|E_N005509_N005650|E_N005509_N006647|E_N005509_N006649|E_N005509_N006663|E_N005509_N006773
intentional,dbscan,eps_mm=2.28,D0003,11,E_N006559_N006560|E_N006559_N006563|E_N006559_N006565|E_N006559_N006574|E_N006559_N006579|E_N006559_N006686|E_N006559_N006689|E_N006559_N006700|E_N006559_N007699|E_N006559_N007713|E_N006559_N007823
intentional,dbscan,eps_mm=2.28,D0004,2,E_N006910_N006915|E_N006913_N006915
intentional,dbscan,eps_mm=2.28,D0005,2,E_N006910_N008047|E_N008047_N008049
intentional,dbscan,eps_mm=2.28,D0006,3,E_N006979_N006985|E_N006979_N007106|E_N006979_N007109
intentional,dbscan,eps_mm=2.28,D0007,2,E_N008659_N008663|E_N008659_N008674
intentional,dbscan,eps_mm=4.56,D0001,2,E_N000147_N001285|E_N000162_N001175
intentional,dbscan,eps_mm=4.56,D0002,2,E_N002505_N002626|E_N003749_N003765
intentional,dbscan,eps_mm=4.56,D0003,2,E_N002541_N002671|E_N002671_N002682
intentional,dbscan,eps_mm=4.56,D0004,2,E_N005481_N006745|E_N006615_N006621
intentional,dbscan,eps_mm=4.56,D0005,12,E_N005509_N005510|E_N005509_N005513|E_N005509_N005515|E_N005509_N005524|E_N005509_N005529|E_N005509_N005636|E_N005509_N005639|E_N005509_N005650|E_N005509_N006647|E_N005509_N006649|E_N005509_N006663|E_N005509_N006773
intentional,dbscan,eps_mm=4.56,D0006,5,E_N005761_N007025|E_N006910_N006915|E_N006910_N008047|E_N006913_N006915|E_N008047_N008049
intentional,dbscan,eps_mm=4.56,D0007,11,E_N006559_N006560|E_N006559_N006563|E_N006559_N006565|E_N006559_N006574|E_N006559_N006579|E_N006559_N006686|E_N006559_N006689|E_N006559_N006700|E_N006559_N007699|E_N006559_N007713|E_N006559_N007823
intentional,dbscan,eps_mm=4.56,D0008,4,E_N006979_N006985|E_N006979_N007106|E_N006979_N007109|E_N007106_N008229
intentional,dbscan,eps_mm=4.56,D0009,2,E_N007445_N007456|E_N007571_N007582
intentional,dbscan,eps_mm=4.56,D0010,3,E_N008659_N008663|E_N008659_N008674|E_N008786_N009799
intentional,dbscan,eps_mm=4.56,D0011,2,E_N008845_N008856|E_N008855_N008861
intentional,dbscan,eps_mm=6.84,D0001,2,E_N000005_N000012|E_N001147_N001270
intentional,dbscan,eps_mm=6.84,D0002,2,E_N000147_N001285|E_N000162_N001175
intentional,dbscan,eps_mm=6.84,D0003,2,E_N001394_N002533|E_N001646_N002659
intentional,dbscan,eps_mm=6.84,D0004,3,E_N001814_N002827|E_N002919_N004183|E_N002933_N004071
intentional,dbscan,eps_mm=6.84,D0005,2,E_N002304_N002308|E_N003437_N003438
intentional,dbscan,eps_mm=6.84,D0006,2,E_N002505_N002626|E_N003749_N003765
intentional,dbscan,eps_mm=6.84,D0007,2,E_N002541_N002671|E_N002671_N002682
intentional,dbscan,eps_mm=6.84,D0008,3,E_N004096_N005219|E_N004110_N005123|E_N005137_N005258
intentional,dbscan,eps_mm=6.84,D0009,15,E_N004487_N005627|E_N005481_N006745|E_N005509_N005510|E_N005509_N005513|E_N005509_N005515|E_N005509_N005524|E_N005509_N005529|E_N005509_N005636|E_N005509_N005639|E_N005509_N005650|E_N005509_N006647|E_N005509_N006649|E_N005509_N006663|E_N005509_N006773|E_N006615_N006621
intentional,dbscan,eps_mm=6.84,D0010,7,E_N005761_N007025|E_N005790_N005795|E_N006013_N007151|E_N006910_N006915|E_N006910_N008047|E_N006913_N006915|E_N008047_N008049
intentional,dbscan,eps_mm=6.84,D0011,13,E_N006559_N006560|E_N006559_N006563|E_N006559_N006565|E_N006559_N006574|E_N006559_N006579|E_N006559_N006686|E_N006559_N006689|E_N006559_N006700|E_N006559_N007699|E_N006559_N007713|E_N006559_N007823|E_N007445_N007456|E_N007571_N007582
intentional,dbscan,eps_mm=6.84,D0012,4,E_N006979_N006985|E_N006979_N007106|E_N006979_N007109|E_N007106_N008229
intentional,dbscan,eps_mm=6.84,D0013,4,E_N007665_N008803|E_N008659_N008663|E_N008659_N008674|E_N008786_N009799
intentional,dbscan,eps_mm=6.84,D0014,2,E_N008845_N008856|E_N008855_N008861
intentional,graph_shared_junction,shared_node,G0001,1,E_N000005_N000012
intentional,graph_shared_junction,shared_node,G0002,1,E_N000120_N000123
intentional,graph_shared_junction,shared_node,G0003,1,E_N000147_N001285
intentional,graph_shared_junction,shared_node,G0004,1,E_N000162_N001175
intentional,graph_shared_junction,shared_node,G0005,1,E_N000189_N000204
intentional,graph_shared_junction,shared_node,G0006,1,E_N000540_N000543
intentional,graph_shared_junction,shared_node,G0007,1,E_N000739_N000755
intentional,graph_shared_junction,shared_node,G0008,1,E_N000867_N000991
intentional,graph_shared_junction,shared_node,G0009,1,E_N000945_N000949
intentional,graph_shared_junction,shared_node,G0010,1,E_N001147_N001270
intentional,graph_shared_junction,shared_node,G0011,1,E_N001394_N002533
intentional,graph_shared_junction,shared_node,G0012,1,E_N001646_N002659
intentional,graph_shared_junction,shared_node,G0013,1,E_N001721_N001845
intentional,graph_shared_junction,shared_node,G0014,1,E_N001814_N002827
intentional,graph_shared_junction,shared_node,G0015,1,E_N001925_N002052
intentional,graph_shared_junction,shared_node,G0016,1,E_N002149_N002164
intentional,graph_shared_junction,shared_node,G0017,1,E_N002304_N002308
intentional,graph_shared_junction,shared_node,G0018,1,E_N002505_N002626
intentional,graph_shared_junction,shared_node,G0019,2,E_N002541_N002671|E_N002671_N002682
intentional,graph_shared_junction,shared_node,G0020,1,E_N002723_N002743
intentional,graph_shared_junction,shared_node,G0021,1,E_N002919_N004183
intentional,graph_shared_junction,shared_node,G0022,1,E_N002933_N004071
intentional,graph_shared_junction,shared_node,G0023,1,E_N003437_N003438
intentional,graph_shared_junction,shared_node,G0024,1,E_N003508_N003511
intentional,graph_shared_junction,shared_node,G0025,1,E_N003749_N003765
intentional,graph_shared_junction,shared_node,G0026,1,E_N003802_N004939
intentional,graph_shared_junction,shared_node,G0027,1,E_N003829_N003844
intentional,graph_shared_junction,shared_node,G0028,1,E_N004096_N005219
intentional,graph_shared_junction,shared_node,G0029,1,E_N004110_N005123
intentional,graph_shared_junction,shared_node,G0030,1,E_N004348_N004353
intentional,graph_shared_junction,shared_node,G0031,1,E_N004487_N005627
intentional,graph_shared_junction,shared_node,G0032,1,E_N004743_N004759
intentional,graph_shared_junction,shared_node,G0033,1,E_N005137_N005258
intentional,graph_shared_junction,shared_node,G0034,1,E_N005415_N005417
intentional,graph_shared_junction,shared_node,G0035,1,E_N005481_N006745
intentional,graph_shared_junction,shared_node,G0036,12,E_N005509_N005510|E_N005509_N005513|E_N005509_N005515|E_N005509_N005524|E_N005509_N005529|E_N005509_N005636|E_N005509_N005639|E_N005509_N005650|E_N005509_N006647|E_N005509_N006649|E_N005509_N006663|E_N005509_N006773
intentional,graph_shared_junction,shared_node,G0037,1,E_N005761_N007025
intentional,graph_shared_junction,shared_node,G0038,1,E_N005790_N005795
intentional,graph_shared_junction,shared_node,G0039,1,E_N006013_N007151
intentional,graph_shared_junction,shared_node,G0040,1,E_N006157_N006168
intentional,graph_shared_junction,shared_node,G0041,1,E_N006224_N007347
intentional,graph_shared_junction,shared_node,G0042,1,E_N006377_N007515
intentional,graph_shared_junction,shared_node,G0043,11,E_N006559_N006560|E_N006559_N006563|E_N006559_N006565|E_N006559_N006574|E_N006559_N006579|E_N006559_N006686|E_N006559_N006689|E_N006559_N006700|E_N006559_N007699|E_N006559_N007713|E_N006559_N007823
intentional,graph_shared_junction,shared_node,G0044,1,E_N006615_N006621
intentional,graph_shared_junction,shared_node,G0045,1,E_N006867_N006868
intentional,graph_shared_junction,shared_node,G0046,4,E_N006910_N006915|E_N006910_N008047|E_N006913_N006915|E_N008047_N008049
intentional,graph_shared_junction,shared_node,G0047,1,E_N006937_N007078
intentional,graph_shared_junction,shared_node,G0048,4,E_N006979_N006985|E_N006979_N007106|E_N006979_N007109|E_N007106_N008229
intentional,graph_shared_junction,shared_node,G0049,1,E_N007445_N007456
intentional,graph_shared_junction,shared_node,G0050,1,E_N007571_N007582
intentional,graph_shared_junction,shared_node,G0051,1,E_N007665_N008803
intentional,graph_shared_junction,shared_node,G0052,1,E_N007943_N007948
intentional,graph_shared_junction,shared_node,G0053,1,E_N008141_N009295
intentional,graph_shared_junction,shared_node,G0054,1,E_N008366_N009505
intentional,graph_shared_junction,shared_node,G0055,2,E_N008659_N008663|E_N008659_N008674
intentional,graph_shared_junction,shared_node,G0056,1,E_N008786_N009799
intentional,graph_shared_junction,shared_node,G0057,1,E_N008845_N008856
intentional,graph_shared_junction,shared_node,G0058,1,E_N008855_N008861
intentional,graph_shared_junction,shared_node,G0059,1,E_N008954_N010091
intentional,graph_shared_junction,shared_node,G0060,1,E_N009639_N009659
low_priority_uncertain,dbscan,eps_mm=2.28,D0001,932,E_N000000_N000010|E_N000003_N000009|E_N000003_N000010|E_N000003_N000013|E_N000003_N000135|E_N000003_N000136|E_N000004_N000008|E_N000004_N000010|E_N000004_N000013|E_N000004_N000134|E_N000004_N000136|E_N000004_N001144|E_N000004_N001147|E_N000004_N001270|E_N000005_N000008|E_N000005_N000010|E_N000005_N001144|E_N000005_N001146|E_N000008_N000010|E_N000008_N001144|E_N000009_N000010|E_N000010_N000012|E_N000010_N000013|E_N000013_N000136|E_N000129_N000135|E_N000129_N000136|E_N000129_N000139|E_N000129_N000261|E_N000130_N000134|E_N000130_N000136|E_N000130_N000139|E_N000130_N000260|E_N000130_N000262|E_N000130_N001270|E_N000130_N001273|E_N000130_N001396|E_N000134_N000136|E_N000134_N001270|E_N000134_N001273|E_N000135_N000136|E_N000136_N000139|E_N000139_N000260|E_N000139_N000262|E_N000255_N000261|E_N000255_N000262|E_N000255_N000265|E_N000255_N000387|E_N000255_N000388|E_N000256_N000260|E_N000256_N000262|E_N000256_N000265|E_N000256_N000386|E_N000256_N000388|E_N000256_N001396|E_N000256_N001399|E_N000256_N001522|E_N000260_N000262|E_N000260_N000263|E_N000260_N001396|E_N000261_N000262|E_N000262_N000265|E_N000265_N000388|E_N000381_N000387|E_N000381_N000388|E_N000381_N000391|E_N000381_N000513|E_N000382_N000386|E_N000382_N000388|E_N000382_N000391|E_N000382_N000512|E_N000382_N000514|E_N000382_N001522|E_N000382_N001525|E_N000382_N001648|E_N000386_N000388|E_N000386_N001522|E_N000387_N000388|E_N000388_N000391|E_N000391_N000514|E_N000507_N000513|E_N000507_N000514|E_N000507_N000517|E_N000507_N000639|E_N000508_N000512|E_N000508_N000514|E_N000508_N000517|E_N000508_N000638|E_N000508_N000640|E_N000508_N001648|E_N000508_N001651|E_N000508_N001774|E_N000512_N000514|E_N000512_N001648|E_N000513_N000514|E_N000514_N000517|E_N000517_N000640|E_N000633_N000639|E_N000633_N000640|E_N000633_N000643|E_N000633_N000765|E_N000634_N000638|E_N000634_N000643|E_N000634_N000764|E_N000634_N000766|E_N000634_N001774|E_N000634_N001777|E_N000634_N001900|E_N000638_N000640|E_N000638_N001774|E_N000639_N000640|E_N000640_N000643|E_N000643_N000766|E_N000759_N000765|E_N000759_N000766|E_N000759_N000769|E_N000759_N000891|E_N000760_N000764|E_N000760_N000766|E_N000760_N000769|E_N000760_N000890|E_N000760_N000892|E_N000760_N001900|E_N000760_N001903|E_N000760_N002026|E_N000763_N002027|E_N000764_N000766|E_N000764_N001900|E_N000764_N001903|E_N000765_N000766|E_N000765_N000769|E_N000766_N000769|E_N000769_N000890|E_N000769_N000892|E_N000885_N000891|E_N000885_N000892|E_N000885_N000895|E_N000885_N001017|E_N000886_N000890|E_N000886_N000892|E_N000886_N000895|E_N000886_N001016|E_N000886_N001018|E_N000886_N002026|E_N000886_N002029|E_N000886_N002152|E_N000889_N000904|E_N000890_N000892|E_N000890_N002026|E_N000890_N002027|E_N000890_N002029|E_N000891_N000892|E_N000891_N000895|E_N000892_N000895|E_N000895_N001018|E_N000904_N002027|E_N001016_N001018|E_N001016_N001021|E_N001016_N002152|E_N001017_N001018|E_N001018_N001021|E_N001019_N001021|E_N001138_N001142|E_N001138_N001144|E_N001138_N001147|E_N001138_N001268|E_N001138_N001270|E_N001138_N002278|E_N001138_N002281|E_N001138_N002404|E_N001139_N001142|E_N001139_N001144|E_N001139_N001146|E_N001139_N002278|E_N001139_N002280|E_N001142_N001144|E_N001142_N002278|E_N001144_N001146|E_N001144_N001147|E_N001264_N001268|E_N001264_N001270|E_N001264_N001273|E_N001264_N001394|E_N001264_N001396|E_N001264_N002404|E_N001264_N002407|E_N001264_N002530|E_N001268_N001270|E_N001268_N002404|E_N001270_N001273|E_N001273_N001396|E_N001390_N001394|E_N001390_N001396|E_N001390_N001399|E_N001390_N001520|E_N001390_N001522|E_N001390_N002530|E_N001390_N002533|E_N001390_N002656|E_N001394_N001396|E_N001394_N002530|E_N001396_N001399|E_N001399_N001522|E_N001516_N001520|E_N001516_N001522|E_N001516_N001525|E_N001516_N001646|E_N001516_N001648|E_N001516_N002656|E_N001516_N002659|E_N001516_N002782|E_N001520_N001522|E_N001520_N002656|E_N001522_N001525|E_N001525_N001648|E_N001642_N001646|E_N001642_N001648|E_N001642_N001651|E_N001642_N001772|E_N001642_N001774|E_N001642_N002782|E_N001642_N002908|E_N001646_N001648|E_N001646_N002782|E_N001648_N001651|E_N001651_N001772|E_N001651_N001774|E_N001768_N001772|E_N001768_N001777|E_N001768_N001898|E_N001768_N001900|E_N001768_N002908|E_N001768_N002911|E_N001768_N003034|E_N001772_N001774|E_N001772_N002908|E_N001772_N002911|E_N001774_N001777|E_N001777_N001900|E_N001894_N001898|E_N001894_N001900|E_N001894_N001903|E_N001894_N002024|E_N001894_N002026|E_N001894_N003034|E_N001894_N003037|E_N001894_N003160|E_N001898_N001900|E_N001898_N003034|E_N001900_N001903|E_N001903_N002026|E_N002020_N002024|E_N002020_N002026|E_N002020_N002029|E_N002020_N002150|E_N002020_N002152|E_N002020_N003160|E_N002020_N003163|E_N002020_N003286|E_N002024_N002026|E_N002024_N003160|E_N002026_N002029|E_N002029_N002152|E_N002146_N002150|E_N002146_N003286|E_N002150_N002152|E_N002150_N003286|E_N002152_N002155|E_N002272_N002276|E_N002272_N002278|E_N002272_N002281|E_N002272_N002402|E_N002272_N002404|E_N002272_N003412|E_N002272_N003415|E_N002272_N003538|E_N002273_N002276|E_N002273_N002278|E_N002273_N002280|E_N002273_N003412|E_N002273_N003414|E_N002276_N002278|E_N002278_N002280|E_N002278_N002281|E_N002281_N002404|E_N002398_N002402|E_N002398_N002404|E_N002398_N002407|E_N002398_N002528|E_N002398_N002530|E_N002398_N003538|E_N002398_N003541|E_N002398_N003664|E_N002402_N002404|E_N002402_N003538|E_N002404_N002407|E_N002407_N002530|E_N002524_N002528|E_N002524_N002530|E_N002524_N002533|E_N002524_N002654|E_N002524_N002656|E_N002524_N003664|E_N002524_N003667|E_N002524_N003790|E_N002528_N002530|E_N002528_N003664|E_N002530_N002533|E_N002533_N002656|E_N002650_N002654|E_N002650_N002656|E_N002650_N002659|E_N002650_N002780|E_N002650_N002782|E_N002650_N003790|E_N002650_N003793|E_N002650_N003916|E_N002654_N002656|E_N002654_N003790|E_N002656_N002659|E_N002659_N002782|E_N002776_N002780|E_N002776_N002782|E_N002776_N002785|E_N002776_N002906|E_N002776_N002908|E_N002776_N003916|E_N002776_N003919|E_N002776_N004042|E_N002780_N002782|E_N002780_N003916|E_N002782_N002785|E_N002785_N002908|E_N002902_N002906|E_N002902_N002908|E_N002902_N002911|E_N002902_N003032|E_N002902_N003034|E_N002902_N004042|E_N002902_N004045|E_N002902_N004168|E_N002906_N002908|E_N002906_N004042|E_N002908_N002911|E_N002911_N003034|E_N003028_N003032|E_N003028_N003034|E_N003028_N003037|E_N003028_N003158|E_N003028_N003160|E_N003028_N004168|E_N003028_N004171|E_N003028_N004294|E_N003032_N003034|E_N003032_N004168|E_N003034_N003037|E_N003037_N003160|E_N003154_N003158|E_N003154_N003160|E_N003154_N003163|E_N003154_N003284|E_N003154_N003286|E_N003154_N004294|E_N003154_N004297|E_N003154_N004420|E_N003158_N003160|E_N003158_N004294|E_N003160_N003163|E_N003163_N003286|E_N003284_N003286|E_N003284_N004420|E_N003286_N003289|E_N003406_N003538|E_N003407_N003410|E_N003407_N003412|E_N003407_N003414|E_N003407_N004546|E_N003407_N004548|E_N003415_N003538|E_N003532_N003536|E_N003532_N003538|E_N003532_N003541|E_N003532_N003662|E_N003532_N003664|E_N003532_N004672|E_N003532_N004675|E_N003532_N004798|E_N003536_N003538|E_N003538_N003541|E_N003541_N003664|E_N003658_N003662|E_N003658_N003664|E_N003658_N003667|E_N003658_N003788|E_N003658_N003790|E_N003658_N004798|E_N003658_N004801|E_N003658_N004924|E_N003662_N003664|E_N003662_N004798|E_N003664_N003667|E_N003667_N003790|E_N003784_N003788|E_N003784_N003790|E_N003784_N003793|E_N003784_N003914|E_N003784_N003916|E_N003784_N004924|E_N003784_N004927|E_N003784_N005050|E_N003788_N003790|E_N003788_N004924|E_N003790_N003793|E_N003793_N003916|E_N003910_N003914|E_N003910_N003916|E_N003910_N003919|E_N003910_N004040|E_N003910_N004042|E_N003910_N005050|E_N003910_N005053|E_N003910_N005176|E_N003914_N003916|E_N003914_N005050|E_N003916_N003919|E_N003919_N004042|E_N004036_N004040|E_N004036_N004042|E_N004036_N004045|E_N004036_N004166|E_N004036_N004168|E_N004036_N005176|E_N004036_N005179|E_N004036_N005302|E_N004040_N004042|E_N004040_N005176|E_N004042_N004045|E_N004045_N004168|E_N004162_N004166|E_N004162_N004168|E_N004162_N004171|E_N004162_N004292|E_N004162_N004294|E_N004162_N005302|E_N004162_N005305|E_N004162_N005428|E_N004166_N004168|E_N004166_N005302|E_N004168_N004171|E_N004171_N004294|E_N004288_N004292|E_N004288_N004294|E_N004288_N004297|E_N004288_N004418|E_N004288_N004420|E_N004288_N005428|E_N004288_N005431|E_N004288_N005554|E_N004292_N004294|E_N004292_N005428|E_N004294_N004297|E_N004297_N004420|E_N004414_N004420|E_N004414_N005554|E_N004418_N004420|E_N004418_N005554|E_N004420_N004423|E_N004540_N004544|E_N004540_N004546|E_N004540_N004549|E_N004540_N004670|E_N004540_N004672|E_N004540_N005680|E_N004540_N005683|E_N004540_N005806|E_N004541_N004544|E_N004541_N004546|E_N004541_N004548|E_N004541_N005680|E_N004541_N005682|E_N004544_N005680|E_N004666_N004670|E_N004666_N004672|E_N004666_N004675|E_N004666_N004796|E_N004666_N004798|E_N004666_N005806|E_N004666_N005809|E_N004666_N005932|E_N004670_N005806|E_N004675_N004798|E_N004792_N004796|E_N004792_N004798|E_N004792_N004801|E_N004792_N004922|E_N004792_N004924|E_N004792_N005932|E_N004792_N005935|E_N004792_N006058|E_N004796_N004798|E_N004796_N005932|E_N004798_N004801|E_N004801_N004924|E_N004918_N004922|E_N004918_N004924|E_N004918_N004927|E_N004918_N005048|E_N004918_N005050|E_N004918_N006058|E_N004918_N006061|E_N004918_N006184|E_N004922_N004924|E_N004922_N006058|E_N004924_N004927|E_N004927_N005050|E_N005044_N005048|E_N005044_N005050|E_N005044_N005053|E_N005044_N005174|E_N005044_N005176|E_N005044_N006184|E_N005044_N006187|E_N005044_N006310|E_N005048_N005050|E_N005048_N006184|E_N005050_N005053|E_N005053_N005176|E_N005170_N005174|E_N005170_N005176|E_N005170_N005179|E_N005170_N005300|E_N005170_N005302|E_N005170_N006310|E_N005170_N006313|E_N005170_N006436|E_N005174_N005176|E_N005174_N006310|E_N005176_N005179|E_N005179_N005302|E_N005296_N005300|E_N005296_N005302|E_N005296_N005305|E_N005296_N005426|E_N005296_N005428|E_N005296_N006436|E_N005296_N006439|E_N005296_N006562|E_N005300_N005302|E_N005300_N006436|E_N005302_N005305|E_N005305_N005428|E_N005422_N005426|E_N005422_N005428|E_N005422_N005431|E_N005422_N005552|E_N005422_N005554|E_N005422_N006562|E_N005422_N006565|E_N005422_N006688|E_N005426_N005428|E_N005426_N006562|E_N005428_N005431|E_N005431_N005554|E_N005548_N005554|E_N005548_N006688|E_N005552_N005554|E_N005552_N006688|E_N005554_N005557|E_N005674_N005678|E_N005674_N005680|E_N005674_N005683|E_N005674_N005804|E_N005674_N005806|E_N005674_N006814|E_N005674_N006817|E_N005674_N006940|E_N005675_N005678|E_N005675_N005680|E_N005675_N005682|E_N005675_N006814|E_N005675_N006816|E_N005678_N005680|E_N005678_N006814|E_N005680_N005682|E_N005680_N005683|E_N005683_N005806|E_N005800_N005804|E_N005800_N005806|E_N005800_N005809|E_N005800_N005930|E_N005800_N005932|E_N005800_N006940|E_N005800_N006943|E_N005800_N007066|E_N005804_N005806|E_N005804_N006940|E_N005806_N005809|E_N005809_N005932|E_N005926_N005930|E_N005926_N005932|E_N005926_N005935|E_N005926_N006056|E_N005926_N006058|E_N005926_N007066|E_N005926_N007069|E_N005926_N007192|E_N005930_N005932|E_N005932_N005935|E_N005935_N006058|E_N006052_N006056|E_N006052_N006058|E_N006052_N006061|E_N006052_N006182|E_N006052_N006184|E_N006052_N007192|E_N006052_N007318|E_N006056_N006058|E_N006056_N007192|E_N006058_N006061|E_N006061_N006184|E_N006178_N006182|E_N006178_N006184|E_N006178_N006187|E_N006178_N006308|E_N006178_N006310|E_N006178_N007318|E_N006178_N007321|E_N006178_N007444|E_N006182_N006184|E_N006182_N007318|E_N006184_N006187|E_N006187_N006310|E_N006304_N006308|E_N006304_N006310|E_N006304_N006313|E_N006304_N006434|E_N006304_N006436|E_N006304_N007444|E_N006304_N007447|E_N006304_N007570|E_N006308_N006310|E_N006310_N006313|E_N006313_N006436|E_N006430_N006434|E_N006430_N006436|E_N006430_N006439|E_N006430_N006560|E_N006430_N006562|E_N006430_N007570|E_N006430_N007696|E_N006434_N006436|E_N006434_N007570|E_N006436_N006439|E_N006439_N006562|E_N006556_N006560|E_N006556_N006562|E_N006556_N006565|E_N006556_N006686|E_N006556_N006688|E_N006556_N007696|E_N006556_N007699|E_N006556_N007822|E_N006560_N006562|E_N006560_N007696|E_N006562_N006565|E_N006565_N006688|E_N006682_N006688|E_N006682_N007822|E_N006686_N006688|E_N006686_N007822|E_N006688_N006691|E_N006808_N006812|E_N006808_N006814|E_N006808_N006817|E_N006808_N006938|E_N006808_N006940|E_N006808_N007948|E_N006808_N007951|E_N006808_N008074|E_N006809_N006812|E_N006809_N006814|E_N006809_N006816|E_N006809_N007948|E_N006809_N007950|E_N006812_N006814|E_N006812_N007948|E_N006814_N006816|E_N006814_N006817|E_N006817_N006940|E_N006934_N006938|E_N006934_N006940|E_N006934_N006943|E_N006934_N007064|E_N006934_N007066|E_N006934_N008074|E_N006934_N008077|E_N006934_N008200|E_N006938_N008074|E_N006940_N006943|E_N006943_N007066|E_N007060_N007064|E_N007060_N007066|E_N007060_N007069|E_N007060_N007190|E_N007060_N007192|E_N007060_N008200|E_N007060_N008203|E_N007060_N008326|E_N007064_N007066|E_N007064_N008200|E_N007066_N007069|E_N007069_N007192|E_N007186_N007190|E_N007186_N007192|E_N007186_N007195|E_N007186_N007316|E_N007186_N007318|E_N007186_N008326|E_N007186_N008329|E_N007186_N008452|E_N007190_N007192|E_N007190_N008326|E_N007192_N007195|E_N007195_N007318|E_N007312_N007316|E_N007312_N007318|E_N007312_N007321|E_N007312_N007442|E_N007312_N007444|E_N007312_N008452|E_N007312_N008455|E_N007312_N008578|E_N007316_N007318|E_N007316_N008452|E_N007318_N007321|E_N007321_N007444|E_N007438_N007442|E_N007438_N007444|E_N007438_N007447|E_N007438_N007568|E_N007438_N007570|E_N007438_N008578|E_N007438_N008581|E_N007438_N008704|E_N007442_N007444|E_N007442_N008578|E_N007444_N007447|E_N007447_N007570|E_N007564_N007568|E_N007564_N007570|E_N007564_N007573|E_N007564_N007694|E_N007564_N007696|E_N007564_N008704|E_N007564_N008830|E_N007568_N007570|E_N007568_N008704|E_N007570_N007573|E_N007573_N007696|E_N007690_N007694|E_N007690_N007696|E_N007690_N007699|E_N007690_N007820|E_N007690_N007822|E_N007690_N008830|E_N007690_N008833|E_N007690_N008956|E_N007694_N007696|E_N007694_N008830|E_N007696_N007699|E_N007699_N007822|E_N007816_N007822|E_N007816_N008956|E_N007820_N007822|E_N007820_N008956|E_N007822_N007825|E_N007942_N007946|E_N007942_N007948|E_N007942_N007951|E_N007942_N008072|E_N007942_N008074|E_N007942_N009082|E_N007942_N009085|E_N007942_N009208|E_N007943_N007946|E_N007943_N007950|E_N007943_N009082|E_N007943_N009084|E_N007946_N007948|E_N007946_N009082|E_N007948_N007950|E_N007948_N007951|E_N007951_N008074|E_N008068_N008072|E_N008068_N008074|E_N008068_N008077|E_N008068_N008198|E_N008068_N008200|E_N008068_N009208|E_N008068_N009211|E_N008068_N009334|E_N008072_N008074|E_N008072_N009085|E_N008072_N009208|E_N008074_N008077|E_N008077_N008200|E_N008194_N008198|E_N008194_N008200|E_N008194_N008203|E_N008194_N008324|E_N008194_N008326|E_N008194_N009334|E_N008194_N009337|E_N008194_N009460|E_N008198_N008200|E_N008198_N009211|E_N008198_N009334|E_N008200_N008203|E_N008203_N008326|E_N008320_N008324|E_N008320_N008326|E_N008320_N008329|E_N008320_N008450|E_N008320_N008452|E_N008320_N009460|E_N008320_N009463|E_N008320_N009586|E_N008324_N008326|E_N008324_N009460|E_N008326_N008329|E_N008329_N008452|E_N008446_N008450|E_N008446_N008452|E_N008446_N008455|E_N008446_N008576|E_N008446_N008578|E_N008446_N009586|E_N008446_N009589|E_N008446_N009712|E_N008450_N008452|E_N008450_N009586|E_N008452_N008455|E_N008455_N008578|E_N008572_N008576|E_N008572_N008578|E_N008572_N008581|E_N008572_N008702|E_N008572_N008704|E_N008572_N009712|E_N008572_N009715|E_N008572_N009838|E_N008576_N008578|E_N008576_N009712|E_N008578_N008581|E_N008581_N008704|E_N008698_N008702|E_N008698_N008704|E_N008698_N008707|E_N008698_N008828|E_N008698_N008830|E_N008698_N009838|E_N008698_N009841|E_N008698_N009964|E_N008702_N008704|E_N008702_N009838|E_N008704_N008707|E_N008707_N008830|E_N008824_N008828|E_N008824_N008830|E_N008824_N008833|E_N008824_N008954|E_N008824_N008956|E_N008824_N009964|E_N008824_N009967|E_N008824_N010090|E_N008828_N008830|E_N008828_N009964|E_N008830_N008833|E_N008833_N008956|E_N008950_N008956|E_N008950_N010090|E_N008954_N008956|E_N008954_N010090|E_N008956_N008959|E_N009076_N009082|E_N009076_N009208|E_N009077_N009080|E_N009077_N009082|E_N009077_N009084|E_N009080_N009082|E_N009082_N009084|E_N009085_N009208|E_N009202_N009208|E_N009202_N009211|E_N009202_N009334|E_N009206_N009208|E_N009208_N009211|E_N009211_N009334|E_N009328_N009334|E_N009328_N009460|E_N009332_N009334|E_N009334_N009337|E_N009337_N009460|E_N009454_N009460|E_N009454_N009586|E_N009458_N009460|E_N009460_N009463|E_N009463_N009586|E_N009580_N009586|E_N009580_N009712|E_N009584_N009586|E_N009586_N009589|E_N009589_N009712|E_N009706_N009712|E_N009706_N009715|E_N009706_N009838|E_N009710_N009712|E_N009712_N009715|E_N009715_N009838|E_N009832_N009838|E_N009832_N009964|E_N009836_N009838|E_N009838_N009841|E_N009841_N009964|E_N009958_N009964|E_N009958_N010090|E_N009962_N009964|E_N009964_N009967|E_N009967_N010090|E_N010084_N010088|E_N010084_N010090|E_N010088_N010090|E_N010090_N010093
low_priority_uncertain,dbscan,eps_mm=2.28,D0002,1114,E_N000090_N000096|E_N000090_N000110|E_N000100_N000109|E_N000100_N000235|E_N000104_N000106|E_N000104_N000109|E_N000104_N000110|E_N000104_N000120|E_N000104_N001258|E_N000105_N000106|E_N000105_N000109|E_N000105_N000120|E_N000105_N000235|E_N000105_N000246|E_N000106_N000110|E_N000106_N001243|E_N000109_N000111|E_N000109_N000120|E_N000109_N000125|E_N000111_N000221|E_N000114_N000121|E_N000114_N000123|E_N000114_N000125|E_N000114_N000247|E_N000118_N000120|E_N000118_N000123|E_N000118_N000124|E_N000118_N001257|E_N000118_N001258|E_N000119_N000120|E_N000119_N000249|E_N000119_N001257|E_N000119_N001259|E_N000120_N000124|E_N000120_N000125|E_N000120_N001243|E_N000120_N001257|E_N000120_N001258|E_N000120_N001259|E_N000121_N000124|E_N000121_N000125|E_N000123_N000124|E_N000125_N000246|E_N000125_N000247|E_N000125_N000249|E_N000203_N000204|E_N000203_N000218|E_N000203_N001341|E_N000204_N001341|E_N000217_N000218|E_N000217_N000223|E_N000217_N000344|E_N000217_N000358|E_N000221_N000223|E_N000221_N000232|E_N000221_N000237|E_N000223_N000333|E_N000223_N000347|E_N000226_N000251|E_N000226_N000361|E_N000231_N000232|E_N000231_N000235|E_N000231_N000246|E_N000231_N000361|E_N000231_N000372|E_N000231_N001371|E_N000231_N001385|E_N000231_N001495|E_N000233_N000235|E_N000235_N000237|E_N000235_N000246|E_N000235_N000251|E_N000237_N000358|E_N000240_N000247|E_N000240_N000249|E_N000240_N000251|E_N000240_N000373|E_N000245_N000246|E_N000245_N000375|E_N000245_N001383|E_N000245_N001385|E_N000246_N000249|E_N000246_N001259|E_N000246_N001385|E_N000247_N000251|E_N000251_N000373|E_N000251_N000375|E_N000329_N000344|E_N000338_N000363|E_N000343_N000344|E_N000343_N000470|E_N000347_N000349|E_N000347_N000358|E_N000347_N000363|E_N000352_N000487|E_N000357_N000361|E_N000357_N000363|E_N000357_N000498|E_N000357_N001621|E_N000359_N000361|E_N000359_N000363|E_N000363_N000473|E_N000363_N000484|E_N000363_N000487|E_N000366_N000373|E_N000366_N000375|E_N000366_N000377|E_N000366_N000499|E_N000371_N000372|E_N000371_N000501|E_N000371_N001509|E_N000371_N001511|E_N000372_N000375|E_N000372_N000377|E_N000372_N001385|E_N000373_N000377|E_N000377_N000501|E_N000455_N000470|E_N000459_N000475|E_N000469_N000470|E_N000473_N000475|E_N000473_N000484|E_N000473_N000489|E_N000478_N000503|E_N000478_N000613|E_N000483_N000484|E_N000483_N000489|E_N000483_N000610|E_N000484_N000487|E_N000484_N001621|E_N000484_N001623|E_N000485_N000487|E_N000485_N000489|E_N000487_N000498|E_N000487_N000503|E_N000489_N000599|E_N000489_N000610|E_N000489_N000613|E_N000492_N000499|E_N000492_N000501|E_N000492_N000503|E_N000492_N000625|E_N000497_N000498|E_N000497_N000627|E_N000497_N001635|E_N000497_N001637|E_N000498_N000501|E_N000499_N000501|E_N000503_N000627|E_N000599_N000610|E_N000609_N000613|E_N000609_N000615|E_N000610_N001747|E_N000613_N000615|E_N000613_N000629|E_N000615_N000725|E_N000615_N000736|E_N000615_N000739|E_N000618_N000625|E_N000618_N000627|E_N000618_N000629|E_N000618_N000751|E_N000623_N000624|E_N000623_N000753|E_N000623_N001761|E_N000623_N001763|E_N000624_N000627|E_N000629_N000753|E_N000716_N000741|E_N000735_N000739|E_N000735_N000741|E_N000735_N000862|E_N000735_N001999|E_N000737_N000739|E_N000737_N000741|E_N000741_N000851|E_N000741_N000862|E_N000744_N000751|E_N000744_N000753|E_N000744_N000755|E_N000744_N000877|E_N000749_N000750|E_N000749_N000879|E_N000749_N001887|E_N000749_N001889|E_N000750_N000753|E_N000755_N000879|E_N000870_N000877|E_N000870_N000879|E_N000870_N000881|E_N000870_N001003|E_N000875_N000876|E_N000875_N001005|E_N000875_N002013|E_N000875_N002015|E_N000876_N000879|E_N000881_N000991|E_N000881_N001005|E_N000968_N000993|E_N000973_N000979|E_N000973_N001100|E_N000977_N000979|E_N000982_N001117|E_N000987_N000991|E_N000987_N000993|E_N000987_N001114|E_N000987_N001128|E_N000987_N002141|E_N000987_N002251|E_N000989_N000993|E_N000991_N000993|E_N000991_N001002|E_N000993_N001103|E_N000996_N001003|E_N000996_N001005|E_N000996_N001007|E_N000996_N001129|E_N001001_N001002|E_N001001_N001131|E_N001001_N002139|E_N001001_N002141|E_N001002_N001005|E_N001007_N001117|E_N001007_N001128|E_N001007_N001131|E_N001066_N001075|E_N001075_N001091|E_N001080_N001089|E_N001085_N001086|E_N001085_N001100|E_N001085_N002223|E_N001086_N001091|E_N001089_N001091|E_N001089_N001105|E_N001094_N001103|E_N001099_N001100|E_N001099_N001114|E_N001099_N002237|E_N001100_N001103|E_N001100_N001105|E_N001101_N001105|E_N001103_N001105|E_N001103_N001119|E_N001108_N001117|E_N001113_N001114|E_N001113_N001117|E_N001113_N002251|E_N001114_N001119|E_N001114_N002251|E_N001117_N001119|E_N001117_N001128|E_N001117_N001129|E_N001117_N001133|E_N001127_N002265|E_N001128_N001131|E_N001128_N001133|E_N001128_N002265|E_N001239_N001254|E_N001243_N001245|E_N001243_N001254|E_N001243_N001258|E_N001252_N001254|E_N001252_N001257|E_N001252_N001258|E_N001252_N002391|E_N001252_N002392|E_N001253_N001254|E_N001253_N001257|E_N001253_N001383|E_N001253_N002391|E_N001253_N002393|E_N001253_N002517|E_N001254_N001257|E_N001254_N001258|E_N001254_N001259|E_N001254_N002391|E_N001257_N001258|E_N001257_N001259|E_N001259_N001380|E_N001259_N001383|E_N001337_N001343|E_N001337_N001464|E_N001341_N001343|E_N001365_N001369|E_N001365_N002519|E_N001369_N001380|E_N001379_N001380|E_N001379_N001383|E_N001379_N001385|E_N001379_N001509|E_N001379_N002517|E_N001379_N002519|E_N001380_N001383|E_N001380_N002517|E_N001380_N002519|E_N001385_N001509|E_N001491_N001497|E_N001491_N001618|E_N001491_N001632|E_N001491_N002645|E_N001491_N002755|E_N001505_N001506|E_N001505_N001635|E_N001505_N002643|E_N001505_N002645|E_N001506_N001509|E_N001511_N001632|E_N001511_N001635|E_N001617_N001621|E_N001621_N001632|E_N001631_N001632|E_N001631_N001761|E_N001631_N002769|E_N001631_N002771|E_N001632_N001635|E_N001632_N001637|E_N001632_N002645|E_N001632_N002755|E_N001632_N002769|E_N001632_N002771|E_N001637_N001761|E_N001743_N001870|E_N001743_N003007|E_N001749_N001859|E_N001749_N001870|E_N001757_N001758|E_N001757_N001887|E_N001757_N002895|E_N001757_N002897|E_N001758_N001761|E_N001758_N002895|E_N001758_N002897|E_N001763_N001887|E_N001870_N003007|E_N001883_N001884|E_N001883_N002013|E_N001883_N003021|E_N001883_N003023|E_N001884_N001887|E_N001884_N003021|E_N001889_N002013|E_N001995_N001999|E_N001995_N002001|E_N001995_N002122|E_N001995_N003149|E_N001995_N003259|E_N001999_N002001|E_N002009_N002010|E_N002009_N002139|E_N002009_N003147|E_N002009_N003149|E_N002010_N002013|E_N002015_N002139|E_N002121_N002125|E_N002121_N002127|E_N002121_N002248|E_N002121_N003275|E_N002121_N003385|E_N002122_N003259|E_N002135_N002136|E_N002135_N002265|E_N002135_N003273|E_N002135_N003275|E_N002136_N002139|E_N002141_N002251|E_N002141_N002262|E_N002141_N002265|E_N002219_N002220|E_N002219_N003357|E_N002220_N002225|E_N002223_N002225|E_N002223_N002239|E_N002233_N002234|E_N002233_N002248|E_N002233_N003371|E_N002234_N002239|E_N002237_N002239|E_N002237_N002253|E_N002247_N002248|E_N002247_N003385|E_N002248_N002253|E_N002248_N003387|E_N002251_N002262|E_N002251_N002267|E_N002261_N002262|E_N002261_N003399|E_N002262_N002265|E_N002262_N002267|E_N002386_N002388|E_N002386_N002391|E_N002386_N002392|E_N002386_N003525|E_N002386_N003526|E_N002387_N002388|E_N002387_N002391|E_N002387_N002393|E_N002387_N002514|E_N002387_N002517|E_N002387_N003525|E_N002387_N003527|E_N002387_N003651|E_N002388_N002391|E_N002388_N003525|E_N002391_N002392|E_N002391_N002393|E_N002393_N002503|E_N002393_N002517|E_N002499_N002503|E_N002499_N002514|E_N002503_N002505|E_N002503_N002514|E_N002513_N002514|E_N002513_N002519|E_N002513_N002643|E_N002513_N003651|E_N002513_N003653|E_N002514_N002517|E_N002514_N003651|E_N002514_N003653|E_N002517_N002519|E_N002519_N002629|E_N002519_N002640|E_N002519_N002643|E_N002625_N002626|E_N002625_N002640|E_N002626_N003763|E_N002639_N002640|E_N002639_N002766|E_N002639_N002769|E_N002639_N003777|E_N002639_N003779|E_N002640_N002643|E_N002640_N003779|E_N002645_N002755|E_N002645_N002766|E_N002645_N002769|E_N002751_N002755|E_N002751_N002757|E_N002751_N002766|E_N002751_N002878|E_N002751_N003905|E_N002755_N002757|E_N002755_N002766|E_N002765_N002766|E_N002765_N002771|E_N002765_N002892|E_N002765_N002895|E_N002765_N003903|E_N002765_N003905|E_N002766_N002769|E_N002766_N003903|E_N002766_N003905|E_N002771_N002892|E_N002771_N002895|E_N002877_N002881|E_N002877_N002892|E_N002877_N004031|E_N002877_N004141|E_N002881_N002892|E_N002891_N002892|E_N002891_N003021|E_N002891_N004029|E_N002891_N004031|E_N002892_N002895|E_N002892_N004029|E_N002892_N004031|E_N002897_N003018|E_N002897_N003021|E_N003003_N003007|E_N003003_N003009|E_N003003_N003018|E_N003003_N003130|E_N003003_N004157|E_N003003_N004267|E_N003007_N003009|E_N003007_N003018|E_N003017_N003018|E_N003017_N003147|E_N003017_N004155|E_N003017_N004157|E_N003018_N003021|E_N003023_N003147|E_N003129_N003135|E_N003129_N003256|E_N003129_N004283|E_N003129_N004393|E_N003143_N003144|E_N003143_N003273|E_N003143_N004281|E_N003143_N004283|E_N003144_N003147|E_N003149_N003273|E_N003255_N003259|E_N003255_N003261|E_N003255_N003270|E_N003256_N004393|E_N003259_N003261|E_N003259_N003270|E_N003269_N003270|E_N003269_N003275|E_N003269_N003399|E_N003269_N004407|E_N003269_N004409|E_N003270_N003273|E_N003270_N004409|E_N003275_N003385|E_N003275_N003396|E_N003275_N003399|E_N003353_N003354|E_N003353_N004491|E_N003354_N003359|E_N003357_N003373|E_N003367_N003368|E_N003367_N003382|E_N003367_N004505|E_N003368_N003373|E_N003371_N003387|E_N003381_N003382|E_N003381_N003385|E_N003381_N004519|E_N003382_N003387|E_N003382_N004521|E_N003385_N003387|E_N003385_N003401|E_N003395_N003396|E_N003395_N004533|E_N003396_N003399|E_N003396_N003401|E_N003396_N004533|E_N003520_N003522|E_N003520_N003525|E_N003520_N004659|E_N003520_N004660|E_N003521_N003522|E_N003521_N003651|E_N003521_N004661|E_N003522_N003525|E_N003522_N004659|E_N003525_N003526|E_N003525_N003527|E_N003527_N003637|E_N003527_N003648|E_N003527_N003651|E_N003633_N003648|E_N003647_N003648|E_N003647_N003653|E_N003647_N003774|E_N003647_N003777|E_N003647_N004785|E_N003647_N004787|E_N003647_N004911|E_N003648_N003651|E_N003648_N003653|E_N003648_N004785|E_N003653_N003763|E_N003653_N003774|E_N003653_N003777|E_N003759_N003763|E_N003759_N003765|E_N003759_N003774|E_N003759_N004913|E_N003763_N003765|E_N003763_N003774|E_N003773_N003774|E_N003773_N003779|E_N003773_N003900|E_N003773_N003903|E_N003773_N004911|E_N003773_N004913|E_N003773_N005037|E_N003774_N003777|E_N003774_N004911|E_N003774_N004913|E_N003777_N003779|E_N003779_N003903|E_N003899_N003900|E_N003899_N004029|E_N003899_N005037|E_N003899_N005039|E_N003900_N003903|E_N003905_N004015|E_N003905_N004026|E_N003905_N004029|E_N004011_N004015|E_N004011_N004017|E_N004011_N004026|E_N004011_N004138|E_N004011_N005165|E_N004011_N005275|E_N004015_N004017|E_N004025_N004026|E_N004025_N004155|E_N004025_N005163|E_N004025_N005165|E_N004026_N004029|E_N004026_N005165|E_N004031_N004141|E_N004031_N004152|E_N004031_N004155|E_N004137_N004152|E_N004137_N004264|E_N004137_N005277|E_N004137_N005291|E_N004137_N005401|E_N004141_N004152|E_N004151_N004152|E_N004151_N004281|E_N004151_N005289|E_N004151_N005291|E_N004152_N004155|E_N004152_N005289|E_N004152_N005291|E_N004157_N004281|E_N004263_N004267|E_N004263_N004278|E_N004263_N005417|E_N004267_N004278|E_N004277_N004278|E_N004277_N004407|E_N004277_N005415|E_N004277_N005417|E_N004278_N004281|E_N004278_N005417|E_N004283_N004393|E_N004283_N004404|E_N004283_N004407|E_N004389_N004393|E_N004389_N004404|E_N004389_N004516|E_N004393_N004395|E_N004393_N004404|E_N004403_N004404|E_N004403_N004409|E_N004403_N004533|E_N004403_N005541|E_N004403_N005543|E_N004404_N004407|E_N004404_N005541|E_N004404_N005543|E_N004409_N004519|E_N004409_N004530|E_N004409_N004533|E_N004491_N004507|E_N004501_N004502|E_N004501_N004516|E_N004501_N005639|E_N004505_N004507|E_N004505_N004516|E_N004505_N004521|E_N004515_N004516|E_N004515_N004519|E_N004515_N005653|E_N004516_N004521|E_N004516_N005653|E_N004519_N004521|E_N004519_N004530|E_N004519_N004535|E_N004529_N004530|E_N004530_N004533|E_N004530_N004535|E_N004530_N005667|E_N004530_N005669|E_N004654_N004656|E_N004654_N004659|E_N004654_N004660|E_N004654_N005793|E_N004654_N005794|E_N004655_N004656|E_N004655_N004659|E_N004655_N004661|E_N004655_N004782|E_N004655_N004785|E_N004655_N005793|E_N004655_N005795|E_N004655_N005919|E_N004656_N004659|E_N004656_N005793|E_N004659_N004660|E_N004659_N004661|E_N004661_N004785|E_N004781_N004782|E_N004781_N004785|E_N004781_N004787|E_N004781_N004908|E_N004781_N004911|E_N004781_N005919|E_N004781_N005921|E_N004782_N004785|E_N004782_N005919|E_N004785_N004787|E_N004787_N004897|E_N004787_N004908|E_N004787_N004911|E_N004893_N004908|E_N004897_N004908|E_N004907_N004908|E_N004907_N004913|E_N004907_N005034|E_N004907_N005037|E_N004907_N006045|E_N004907_N006047|E_N004908_N004911|E_N004908_N006047|E_N004913_N005023|E_N004913_N005034|E_N004913_N005037|E_N005033_N005034|E_N005033_N005039|E_N005033_N005163|E_N005033_N006171|E_N005033_N006173|E_N005034_N005037|E_N005034_N006171|E_N005039_N005149|E_N005039_N005160|E_N005039_N005163|E_N005159_N005160|E_N005159_N005289|E_N005159_N006297|E_N005159_N006299|E_N005160_N005163|E_N005160_N006297|E_N005163_N005165|E_N005165_N005275|E_N005165_N005286|E_N005165_N005289|E_N005271_N005286|E_N005271_N006425|E_N005275_N005286|E_N005285_N005286|E_N005285_N005291|E_N005285_N005415|E_N005285_N006423|E_N005285_N006425|E_N005286_N005289|E_N005286_N006425|E_N005291_N005412|E_N005291_N005415|E_N005397_N005401|E_N005397_N005412|E_N005397_N006551|E_N005401_N005403|E_N005401_N005412|E_N005411_N005412|E_N005411_N005541|E_N005411_N006549|E_N005411_N006551|E_N005412_N005415|E_N005412_N006549|E_N005412_N006551|E_N005417_N005527|E_N005417_N005538|E_N005417_N005541|E_N005523_N005538|E_N005537_N005538|E_N005537_N005543|E_N005537_N005664|E_N005537_N005667|E_N005537_N006675|E_N005537_N006677|E_N005537_N006801|E_N005538_N005541|E_N005538_N006675|E_N005538_N006677|E_N005543_N005653|E_N005543_N005664|E_N005543_N005667|E_N005639_N005655|E_N005649_N005650|E_N005649_N005653|E_N005649_N005664|E_N005650_N005655|E_N005653_N005655|E_N005653_N005669|E_N005663_N005664|E_N005664_N005667|E_N005664_N005669|E_N005664_N006801|E_N005664_N006803|E_N005667_N005669|E_N005788_N005790|E_N005788_N005793|E_N005788_N005794|E_N005788_N006927|E_N005788_N006928|E_N005789_N005790|E_N005789_N005793|E_N005789_N005916|E_N005789_N005919|E_N005789_N006927|E_N005789_N006929|E_N005790_N005793|E_N005790_N006927|E_N005793_N005794|E_N005793_N005795|E_N005795_N005919|E_N005901_N005916|E_N005901_N007055|E_N005915_N005916|E_N005915_N005919|E_N005915_N005921|E_N005915_N006042|E_N005915_N006045|E_N005915_N007053|E_N005915_N007055|E_N005915_N007179|E_N005916_N005919|E_N005916_N007053|E_N005919_N005921|E_N005921_N006031|E_N005921_N006042|E_N005921_N006045|E_N006027_N006042|E_N006027_N007181|E_N006041_N006042|E_N006041_N006168|E_N006041_N006171|E_N006041_N007179|E_N006041_N007181|E_N006042_N006045|E_N006042_N007165|E_N006042_N007179|E_N006045_N006047|E_N006047_N006171|E_N006167_N006168|E_N006167_N006173|E_N006167_N006294|E_N006167_N006297|E_N006167_N007305|E_N006167_N007307|E_N006168_N006171|E_N006168_N007305|E_N006173_N006297|E_N006279_N006294|E_N006279_N007433|E_N006293_N006294|E_N006293_N006299|E_N006293_N006420|E_N006293_N006423|E_N006293_N007431|E_N006293_N007433|E_N006294_N006297|E_N006294_N007431|E_N006297_N006299|E_N006299_N006409|E_N006299_N006420|E_N006299_N006423|E_N006405_N006420|E_N006419_N006420|E_N006419_N006425|E_N006419_N006546|E_N006419_N006549|E_N006419_N007557|E_N006419_N007559|E_N006420_N006423|E_N006420_N007559|E_N006425_N006535|E_N006425_N006546|E_N006425_N006549|E_N006531_N006546|E_N006545_N006546|E_N006545_N006672|E_N006545_N006675|E_N006545_N007683|E_N006545_N007685|E_N006546_N006549|E_N006546_N007683|E_N006546_N007685|E_N006549_N006551|E_N006551_N006675|E_N006671_N006672|E_N006671_N006677|E_N006671_N006798|E_N006671_N006801|E_N006671_N007809|E_N006671_N007811|E_N006671_N007935|E_N006672_N006675|E_N006672_N007809|E_N006675_N006677|E_N006677_N006801|E_N006783_N006784|E_N006783_N007921|E_N006787_N006803|E_N006797_N006798|E_N006798_N006801|E_N006798_N006803|E_N006798_N007937|E_N006801_N006803|E_N006922_N006924|E_N006922_N006927|E_N006922_N006928|E_N006922_N008061|E_N006922_N008062|E_N006923_N006924|E_N006923_N006927|E_N006923_N006929|E_N006923_N007050|E_N006923_N007053|E_N006923_N008061|E_N006923_N008063|E_N006923_N008187|E_N006924_N006927|E_N006924_N008061|E_N006927_N006928|E_N006927_N006929|E_N006929_N007053|E_N007035_N007050|E_N007035_N007055|E_N007049_N007055|E_N007050_N007053|E_N007050_N008187|E_N007050_N008189|E_N007053_N007055|E_N007055_N007165|E_N007055_N007176|E_N007055_N007179|E_N007161_N007176|E_N007175_N007176|E_N007175_N007179|E_N007175_N007181|E_N007175_N007302|E_N007175_N007305|E_N007175_N008315|E_N007175_N008439|E_N007176_N007179|E_N007176_N008315|E_N007179_N007181|E_N007181_N007291|E_N007181_N007305|E_N007301_N007302|E_N007301_N007307|E_N007301_N007428|E_N007301_N007431|E_N007301_N008439|E_N007301_N008441|E_N007302_N007305|E_N007302_N008439|E_N007305_N007307|E_N007307_N007431|E_N007427_N007428|E_N007427_N007431|E_N007427_N007433|E_N007427_N007554|E_N007427_N007557|E_N007427_N008565|E_N007427_N008567|E_N007428_N007431|E_N007428_N008565|E_N007431_N007433|E_N007433_N007543|E_N007433_N007554|E_N007433_N007557|E_N007539_N007554|E_N007553_N007554|E_N007553_N007559|E_N007553_N007680|E_N007553_N007683|E_N007553_N008691|E_N007553_N008693|E_N007554_N007557|E_N007554_N008693|E_N007559_N007669|E_N007559_N007680|E_N007559_N007683|E_N007665_N007680|E_N007669_N007680|E_N007679_N007680|E_N007679_N007685|E_N007679_N007806|E_N007679_N007809|E_N007679_N008817|E_N007679_N008819|E_N007679_N008943|E_N007680_N007683|E_N007680_N008817|E_N007680_N008819|E_N007683_N007685|E_N007685_N007809|E_N007805_N007806|E_N007805_N007809|E_N007805_N007811|E_N007805_N007932|E_N007805_N007935|E_N007805_N008943|E_N007805_N008945|E_N007805_N009069|E_N007806_N007809|E_N007806_N008943|E_N007809_N007811|E_N007811_N007935|E_N007917_N007932|E_N007921_N007937|E_N007931_N007932|E_N007932_N007935|E_N007932_N007937|E_N007932_N009069|E_N007932_N009071|E_N007935_N007937|E_N008056_N008058|E_N008056_N008061|E_N008056_N008062|E_N008056_N009195|E_N008056_N009196|E_N008057_N008058|E_N008057_N008061|E_N008057_N008063|E_N008057_N008184|E_N008057_N008187|E_N008057_N009195|E_N008057_N009197|E_N008058_N008061|E_N008058_N009195|E_N008061_N008062|E_N008061_N008063|E_N008063_N008187|E_N008183_N008184|E_N008183_N008187|E_N008183_N008189|E_N008183_N008310|E_N008183_N009323|E_N008184_N008187|E_N008184_N009321|E_N008187_N008189|E_N008189_N008299|E_N008189_N008310|E_N008310_N008313|E_N008315_N008425|E_N008315_N008436|E_N008315_N008439|E_N008435_N008436|E_N008435_N008439|E_N008435_N008441|E_N008435_N008562|E_N008435_N008565|E_N008435_N009575|E_N008436_N008439|E_N008439_N008441|E_N008441_N008565|E_N008561_N008562|E_N008561_N008565|E_N008561_N008567|E_N008561_N008688|E_N008561_N009701|E_N008562_N008565|E_N008562_N009699|E_N008565_N008567|E_N008687_N008688|E_N008687_N008693|E_N008687_N008814|E_N008687_N008817|E_N008687_N009827|E_N008693_N008817|E_N008813_N008814|E_N008813_N008819|E_N008813_N008940|E_N008813_N008943|E_N008813_N009951|E_N008813_N009953|E_N008814_N008817|E_N008817_N008819|E_N008819_N008943|E_N008939_N008940|E_N008939_N008943|E_N008939_N008945|E_N008939_N009066|E_N008939_N009069|E_N008939_N010077|E_N008939_N010079|E_N008939_N010203|E_N008940_N008943|E_N008940_N010077|E_N008943_N008945|E_N008945_N009069|E_N009051_N009052|E_N009051_N009055|E_N009055_N009071|E_N009065_N009066|E_N009066_N009069|E_N009066_N010203|E_N009066_N010205|E_N009069_N009071|E_N009190_N009192|E_N009190_N009195|E_N009190_N009196|E_N009191_N009197|E_N009192_N009195|E_N009195_N009196|E_N009195_N009197|E_N009197_N009318|E_N009575_N009696|E_N009695_N009701|E_N009695_N009822|E_N009696_N009699|E_N009699_N009701|E_N009701_N009822|E_N009821_N009948|E_N009827_N009951|E_N009947_N009948|E_N009947_N010074|E_N009948_N009951|E_N009951_N009953|E_N009953_N010077|E_N010073_N010079|E_N010073_N010200|E_N010074_N010077|E_N010077_N010079|E_N010079_N010203|E_N010185_N010189|E_N010189_N010205|E_N010199_N010200|E_N010200_N010203|E_N010200_N010205|E_N010203_N010205
low_priority_uncertain,dbscan,eps_mm=2.28,D0003,2,E_N000189_N001343|E_N001343_N001453
low_priority_uncertain,dbscan,eps_mm=2.28,D0004,2,E_N000193_N000204|E_N000193_N000209
low_priority_uncertain,dbscan,eps_mm=2.28,D0005,6,E_N000315_N000330|E_N000315_N001469|E_N000319_N000335|E_N000441_N000456|E_N000456_N001579|E_N001469_N001579
low_priority_uncertain,dbscan,eps_mm=2.28,D0006,21,E_N000329_N000330|E_N000329_N000335|E_N000330_N001467|E_N000333_N000335|E_N000335_N000459|E_N000455_N000461|E_N000455_N000582|E_N000459_N000461|E_N000461_N000585|E_N000581_N000587|E_N000581_N000708|E_N000582_N001719|E_N000585_N000587|E_N000587_N000711|E_N001715_N001721|E_N001715_N001842|E_N001719_N001721|E_N001841_N001847|E_N001841_N001968|E_N001842_N001845|E_N001845_N001847
low_priority_uncertain,dbscan,eps_mm=2.28,D0007,3,E_N000343_N001497|E_N000358_N001497|E_N001497_N001607
low_priority_uncertain,dbscan,eps_mm=2.28,D0008,4,E_N000456_N001593|E_N001589_N001595|E_N001589_N001716|E_N001593_N001595
low_priority_uncertain,dbscan,eps_mm=2.28,D0009,2,E_N000609_N001763|E_N000609_N001873
low_priority_uncertain,dbscan,eps_mm=2.28,D0010,2,E_N000637_N000652|E_N000652_N001791
low_priority_uncertain,dbscan,eps_mm=2.28,D0011,3,E_N000651_N000666|E_N000666_N001805|E_N001803_N001805
low_priority_uncertain,dbscan,eps_mm=2.28,D0012,2,E_N000669_N000685|E_N000683_N000685
low_priority_uncertain,dbscan,eps_mm=2.28,D0013,5,E_N000688_N000713|E_N000693_N000708|E_N000693_N001847|E_N000697_N000713|E_N001847_N001957
low_priority_uncertain,dbscan,eps_mm=2.28,D0014,5,E_N000707_N000713|E_N000707_N000834|E_N000711_N000713|E_N000834_N001971|E_N001971_N001973
low_priority_uncertain,dbscan,eps_mm=2.28,D0015,3,E_N000721_N000848|E_N000848_N001985|E_N001985_N001987
low_priority_uncertain,dbscan,eps_mm=2.28,D0016,7,E_N000730_N000865|E_N000861_N000865|E_N000861_N000867|E_N000863_N000865|E_N000863_N000867|E_N000865_N000867|E_N000865_N000876
low_priority_uncertain,dbscan,eps_mm=2.28,D0017,2,E_N000847_N000867|E_N000867_N000977
low_priority_uncertain,dbscan,eps_mm=2.28,D0018,4,E_N000861_N002015|E_N000861_N002125|E_N000988_N002125|E_N002015_N002125
low_priority_uncertain,dbscan,eps_mm=2.28,D0019,2,E_N000973_N002127|E_N002127_N002237
low_priority_uncertain,dbscan,eps_mm=2.28,D0020,2,E_N001154_N001156|E_N001156_N001160
low_priority_uncertain,dbscan,eps_mm=2.28,D0021,2,E_N001327_N001338|E_N001338_N002461
low_priority_uncertain,dbscan,eps_mm=2.28,D0022,5,E_N001351_N001366|E_N002485_N002505|E_N002489_N002491|E_N002489_N002505|E_N002505_N002615
low_priority_uncertain,dbscan,eps_mm=2.28,D0023,2,E_N001371_N001481|E_N001371_N001492
low_priority_uncertain,dbscan,eps_mm=2.28,D0024,2,E_N001463_N001469|E_N001463_N001590
low_priority_uncertain,dbscan,eps_mm=2.28,D0025,2,E_N001492_N002629|E_N002629_N002631
low_priority_uncertain,dbscan,eps_mm=2.28,D0026,2,E_N001743_N001747|E_N001747_N001758
low_priority_uncertain,dbscan,eps_mm=2.28,D0027,2,E_N001785_N001800|E_N001800_N002939
low_priority_uncertain,dbscan,eps_mm=2.28,D0028,2,E_N001814_N001817|E_N001817_N001819
low_priority_uncertain,dbscan,eps_mm=2.28,D0029,3,E_N001869_N001873|E_N001869_N001875|E_N001873_N001884
low_priority_uncertain,dbscan,eps_mm=2.28,D0030,2,E_N001869_N003133|E_N001996_N003133
low_priority_uncertain,dbscan,eps_mm=2.28,D0031,2,E_N001953_N001968|E_N001953_N003107
low_priority_uncertain,dbscan,eps_mm=2.28,D0032,2,E_N002023_N002027|E_N002023_N002043
low_priority_uncertain,dbscan,eps_mm=2.28,D0033,2,E_N002192_N002195|E_N002192_N002197
low_priority_uncertain,dbscan,eps_mm=2.28,D0034,2,E_N002195_N002206|E_N002206_N002211
low_priority_uncertain,dbscan,eps_mm=2.28,D0035,2,E_N002363_N002378|E_N002374_N002378
low_priority_uncertain,dbscan,eps_mm=2.28,D0036,16,E_N002372_N003526|E_N003492_N003508|E_N003493_N003508|E_N003497_N003508|E_N003506_N003508|E_N003506_N003511|E_N003506_N003526|E_N003507_N003508|E_N003507_N003513|E_N003508_N003512|E_N003508_N003513|E_N003508_N004631|E_N003508_N004645|E_N003508_N004646|E_N003508_N004647|E_N004645_N004647
low_priority_uncertain,dbscan,eps_mm=2.28,D0037,2,E_N002373_N002379|E_N002377_N002379
low_priority_uncertain,dbscan,eps_mm=2.28,D0038,2,E_N002444_N003581|E_N003578_N003581
low_priority_uncertain,dbscan,eps_mm=2.28,D0039,2,E_N002471_N002477|E_N002598_N002601
low_priority_uncertain,dbscan,eps_mm=2.28,D0040,5,E_N002625_N002752|E_N002752_N003889|E_N003885_N003889|E_N003885_N003900|E_N003889_N003891
low_priority_uncertain,dbscan,eps_mm=2.28,D0041,3,E_N002863_N002878|E_N002863_N004017|E_N004017_N004127
low_priority_uncertain,dbscan,eps_mm=2.28,D0042,2,E_N002975_N002981|E_N002979_N002981
low_priority_uncertain,dbscan,eps_mm=2.28,D0043,3,E_N002989_N003004|E_N003004_N004143|E_N004141_N004143
low_priority_uncertain,dbscan,eps_mm=2.28,D0044,2,E_N003135_N003245|E_N003245_N003256
low_priority_uncertain,dbscan,eps_mm=2.28,D0045,2,E_N003450_N003452|E_N003450_N003456
low_priority_uncertain,dbscan,eps_mm=2.28,D0046,3,E_N003507_N004661|E_N004661_N004771|E_N004771_N004782
low_priority_uncertain,dbscan,eps_mm=2.28,D0047,2,E_N003619_N004759|E_N004753_N004759
low_priority_uncertain,dbscan,eps_mm=2.28,D0048,3,E_N004143_N004253|E_N004249_N004264|E_N004253_N004264
low_priority_uncertain,dbscan,eps_mm=2.28,D0049,3,E_N004575_N004590|E_N004584_N004590|E_N004586_N004590
low_priority_uncertain,dbscan,eps_mm=2.28,D0050,3,E_N004589_N004604|E_N004598_N004600|E_N004600_N004604
low_priority_uncertain,dbscan,eps_mm=2.28,D0051,2,E_N004963_N006103|E_N006103_N006227
low_priority_uncertain,dbscan,eps_mm=2.28,D0052,2,E_N005145_N005149|E_N005145_N005160
low_priority_uncertain,dbscan,eps_mm=2.28,D0053,2,E_N005229_N006383|E_N006367_N006383
low_priority_uncertain,dbscan,eps_mm=2.28,D0054,2,E_N005635_N005636|E_N005636_N006773
low_priority_uncertain,dbscan,eps_mm=2.28,D0055,3,E_N006153_N006168|E_N006153_N007307|E_N007307_N007417
low_priority_uncertain,dbscan,eps_mm=2.28,D0056,3,E_N007035_N007162|E_N007162_N007165|E_N007165_N007167
low_priority_uncertain,dbscan,eps_mm=2.28,D0057,2,E_N007147_N008301|E_N008301_N008411
low_priority_uncertain,dbscan,eps_mm=2.28,D0058,2,E_N007274_N008397|E_N008287_N008397
low_priority_uncertain,dbscan,eps_mm=2.28,D0059,3,E_N007413_N007428|E_N007413_N008567|E_N008567_N008677
low_priority_uncertain,dbscan,eps_mm=2.28,D0060,3,E_N007539_N007666|E_N007539_N008679|E_N008677_N008679
low_priority_uncertain,dbscan,eps_mm=2.28,D0061,2,E_N007581_N008721|E_N008719_N008721
low_priority_uncertain,dbscan,eps_mm=2.28,D0062,2,E_N007917_N007918|E_N007918_N007921
low_priority_uncertain,dbscan,eps_mm=2.28,D0063,2,E_N008033_N008044|E_N008033_N008048
low_priority_uncertain,dbscan,eps_mm=2.28,D0064,2,E_N008035_N008145|E_N008145_N008156
low_priority_uncertain,dbscan,eps_mm=2.28,D0065,2,E_N008225_N008245|E_N008245_N008355
low_priority_uncertain,dbscan,eps_mm=2.28,D0066,2,E_N008281_N008287|E_N008285_N008287
low_priority_uncertain,dbscan,eps_mm=2.28,D0067,2,E_N008380_N009503|E_N009503_N009519
low_priority_uncertain,dbscan,eps_mm=2.28,D0068,2,E_N008441_N008551|E_N008551_N008562
low_priority_uncertain,dbscan,eps_mm=2.28,D0069,2,E_N008477_N008497|E_N008497_N008607
low_priority_uncertain,dbscan,eps_mm=2.28,D0070,3,E_N009323_N009444|E_N009444_N009447|E_N009444_N009449
low_priority_uncertain,dbscan,eps_mm=2.28,D0071,3,E_N009449_N009570|E_N009570_N009573|E_N009570_N009575
low_priority_uncertain,dbscan,eps_mm=2.28,D0072,2,E_N010059_N010079|E_N010063_N010079
low_priority_uncertain,dbscan,eps_mm=4.56,D0001,2610,E_N000000_N000010|E_N000001_N000012|E_N000003_N000009|E_N000003_N000010|E_N000003_N000013|E_N000003_N000135|E_N000003_N000136|E_N000004_N000008|E_N000004_N000010|E_N000004_N000013|E_N000004_N000134|E_N000004_N000136|E_N000004_N001144|E_N000004_N001147|E_N000004_N001270|E_N000005_N000008|E_N000005_N000010|E_N000005_N001144|E_N000005_N001146|E_N000007_N001147|E_N000008_N000010|E_N000008_N001144|E_N000009_N000010|E_N000010_N000012|E_N000010_N000013|E_N000013_N000136|E_N000067_N000078|E_N000076_N000082|E_N000077_N000083|E_N000077_N001231|E_N000090_N000096|E_N000090_N000110|E_N000091_N000106|E_N000091_N000218|E_N000100_N000109|E_N000100_N000235|E_N000104_N000106|E_N000104_N000109|E_N000104_N000110|E_N000104_N000120|E_N000104_N001258|E_N000105_N000106|E_N000105_N000109|E_N000105_N000120|E_N000105_N000235|E_N000105_N000246|E_N000106_N000110|E_N000106_N001243|E_N000109_N000111|E_N000109_N000120|E_N000109_N000125|E_N000111_N000221|E_N000114_N000121|E_N000114_N000123|E_N000114_N000125|E_N000114_N000247|E_N000118_N000120|E_N000118_N000123|E_N000118_N000124|E_N000118_N001257|E_N000118_N001258|E_N000119_N000120|E_N000119_N000249|E_N000119_N001257|E_N000119_N001259|E_N000120_N000124|E_N000120_N000125|E_N000120_N001243|E_N000120_N001257|E_N000120_N001258|E_N000120_N001259|E_N000121_N000124|E_N000121_N000125|E_N000123_N000124|E_N000125_N000246|E_N000125_N000247|E_N000125_N000249|E_N000129_N000135|E_N000129_N000136|E_N000129_N000139|E_N000129_N000261|E_N000130_N000134|E_N000130_N000136|E_N000130_N000139|E_N000130_N000260|E_N000130_N000262|E_N000130_N001270|E_N000130_N001273|E_N000130_N001396|E_N000133_N001397|E_N000134_N000136|E_N000134_N001270|E_N000134_N001273|E_N000135_N000136|E_N000136_N000139|E_N000139_N000260|E_N000139_N000262|E_N000147_N001287|E_N000161_N001301|E_N000189_N001343|E_N000193_N000204|E_N000193_N000209|E_N000203_N000204|E_N000203_N000218|E_N000203_N001341|E_N000204_N001341|E_N000209_N000333|E_N000217_N000218|E_N000217_N000223|E_N000217_N000344|E_N000217_N000358|E_N000221_N000223|E_N000221_N000232|E_N000221_N000237|E_N000223_N000333|E_N000223_N000347|E_N000226_N000251|E_N000226_N000361|E_N000231_N000232|E_N000231_N000235|E_N000231_N000246|E_N000231_N000361|E_N000231_N000372|E_N000231_N001371|E_N000231_N001385|E_N000231_N001495|E_N000233_N000235|E_N000235_N000237|E_N000235_N000246|E_N000235_N000251|E_N000237_N000358|E_N000240_N000247|E_N000240_N000249|E_N000240_N000251|E_N000240_N000373|E_N000245_N000246|E_N000245_N000375|E_N000245_N001383|E_N000245_N001385|E_N000246_N000249|E_N000246_N001259|E_N000246_N001385|E_N000247_N000251|E_N000251_N000373|E_N000251_N000375|E_N000255_N000261|E_N000255_N000262|E_N000255_N000265|E_N000255_N000387|E_N000255_N000388|E_N000256_N000260|E_N000256_N000262|E_N000256_N000265|E_N000256_N000386|E_N000256_N000388|E_N000256_N001396|E_N000256_N001399|E_N000256_N001522|E_N000260_N000262|E_N000260_N000263|E_N000260_N001396|E_N000261_N000262|E_N000262_N000265|E_N000265_N000388|E_N000315_N000330|E_N000315_N001469|E_N000319_N000335|E_N000329_N000330|E_N000329_N000335|E_N000329_N000344|E_N000330_N001467|E_N000333_N000335|E_N000335_N000459|E_N000338_N000363|E_N000343_N000344|E_N000343_N000470|E_N000343_N001497|E_N000347_N000349|E_N000347_N000358|E_N000347_N000363|E_N000352_N000487|E_N000357_N000361|E_N000357_N000363|E_N000357_N000498|E_N000357_N001621|E_N000358_N001497|E_N000359_N000361|E_N000359_N000363|E_N000363_N000473|E_N000363_N000484|E_N000363_N000487|E_N000366_N000373|E_N000366_N000375|E_N000366_N000377|E_N000366_N000499|E_N000371_N000372|E_N000371_N000501|E_N000371_N001509|E_N000371_N001511|E_N000372_N000375|E_N000372_N000377|E_N000372_N001385|E_N000373_N000377|E_N000377_N000501|E_N000381_N000387|E_N000381_N000388|E_N000381_N000391|E_N000381_N000513|E_N000382_N000386|E_N000382_N000388|E_N000382_N000391|E_N000382_N000512|E_N000382_N000514|E_N000382_N001522|E_N000382_N001525|E_N000382_N001648|E_N000385_N001649|E_N000386_N000388|E_N000386_N001522|E_N000387_N000388|E_N000388_N000391|E_N000391_N000514|E_N000441_N000456|E_N000455_N000461|E_N000455_N000470|E_N000455_N000582|E_N000456_N001579|E_N000456_N001593|E_N000459_N000461|E_N000459_N000475|E_N000461_N000585|E_N000469_N000470|E_N000469_N000596|E_N000473_N000475|E_N000473_N000484|E_N000473_N000489|E_N000478_N000503|E_N000478_N000613|E_N000483_N000484|E_N000483_N000489|E_N000483_N000610|E_N000483_N001637|E_N000484_N000487|E_N000484_N001621|E_N000484_N001623|E_N000485_N000487|E_N000485_N000489|E_N000487_N000498|E_N000487_N000503|E_N000489_N000599|E_N000489_N000610|E_N000489_N000613|E_N000492_N000499|E_N000492_N000501|E_N000492_N000503|E_N000492_N000625|E_N000497_N000498|E_N000497_N000627|E_N000497_N001635|E_N000497_N001637|E_N000498_N000501|E_N000499_N000501|E_N000503_N000627|E_N000507_N000513|E_N000507_N000514|E_N000507_N000517|E_N000507_N000639|E_N000508_N000512|E_N000508_N000514|E_N000508_N000517|E_N000508_N000638|E_N000508_N000640|E_N000508_N001648|E_N000508_N001651|E_N000508_N001774|E_N000511_N001775|E_N000512_N000514|E_N000512_N001648|E_N000513_N000514|E_N000514_N000517|E_N000517_N000640|E_N000539_N000666|E_N000559_N000669|E_N000581_N000587|E_N000581_N000596|E_N000581_N000708|E_N000582_N001719|E_N000585_N000587|E_N000587_N000697|E_N000587_N000711|E_N000595_N000722|E_N000599_N000601|E_N000599_N000610|E_N000601_N000711|E_N000609_N000613|E_N000609_N000615|E_N000609_N001763|E_N000609_N001873|E_N000610_N001747|E_N000613_N000615|E_N000613_N000629|E_N000615_N000725|E_N000615_N000736|E_N000615_N000739|E_N000618_N000625|E_N000618_N000627|E_N000618_N000629|E_N000618_N000751|E_N000623_N000624|E_N000623_N000753|E_N000623_N001761|E_N000623_N001763|E_N000624_N000627|E_N000629_N000753|E_N000633_N000639|E_N000633_N000640|E_N000633_N000643|E_N000633_N000765|E_N000634_N000638|E_N000634_N000643|E_N000634_N000764|E_N000634_N000766|E_N000634_N001774|E_N000634_N001777|E_N000634_N001900|E_N000637_N000652|E_N000637_N001901|E_N000638_N000640|E_N000638_N001774|E_N000639_N000640|E_N000640_N000643|E_N000643_N000766|E_N000651_N000666|E_N000651_N000778|E_N000652_N001791|E_N000657_N000767|E_N000665_N000792|E_N000666_N001805|E_N000669_N000671|E_N000669_N000685|E_N000671_N000781|E_N000683_N000685|E_N000688_N000713|E_N000693_N000708|E_N000693_N000820|E_N000693_N001847|E_N000697_N000713|E_N000707_N000713|E_N000707_N000722|E_N000707_N000834|E_N000711_N000713|E_N000716_N000741|E_N000721_N000736|E_N000721_N000848|E_N000725_N000727|E_N000730_N000865|E_N000735_N000739|E_N000735_N000741|E_N000735_N000862|E_N000735_N001999|E_N000737_N000739|E_N000737_N000741|E_N000741_N000851|E_N000741_N000862|E_N000744_N000751|E_N000744_N000753|E_N000744_N000755|E_N000744_N000877|E_N000749_N000750|E_N000749_N000879|E_N000749_N001887|E_N000749_N001889|E_N000750_N000753|E_N000755_N000879|E_N000759_N000765|E_N000759_N000766|E_N000759_N000769|E_N000759_N000891|E_N000760_N000764|E_N000760_N000766|E_N000760_N000769|E_N000760_N000890|E_N000760_N000892|E_N000760_N001900|E_N000760_N001903|E_N000760_N002026|E_N000763_N000778|E_N000763_N002027|E_N000764_N000766|E_N000764_N001900|E_N000764_N001903|E_N000765_N000766|E_N000765_N000769|E_N000766_N000769|E_N000769_N000890|E_N000769_N000892|E_N000777_N000792|E_N000777_N000904|E_N000781_N000783|E_N000795_N000797|E_N000797_N000907|E_N000819_N000834|E_N000833_N000848|E_N000833_N000960|E_N000834_N001971|E_N000847_N000867|E_N000847_N000974|E_N000848_N001985|E_N000851_N000853|E_N000861_N000865|E_N000861_N000867|E_N000861_N002015|E_N000861_N002125|E_N000863_N000865|E_N000863_N000867|E_N000865_N000867|E_N000865_N000876|E_N000867_N000977|E_N000870_N000877|E_N000870_N000879|E_N000870_N000881|E_N000870_N001003|E_N000875_N000876|E_N000875_N001005|E_N000875_N002013|E_N000875_N002015|E_N000876_N000879|E_N000881_N000991|E_N000881_N001005|E_N000885_N000891|E_N000885_N000892|E_N000885_N000895|E_N000885_N001017|E_N000886_N000890|E_N000886_N000892|E_N000886_N000895|E_N000886_N001016|E_N000886_N001018|E_N000886_N002026|E_N000886_N002029|E_N000886_N002152|E_N000889_N000904|E_N000890_N000892|E_N000890_N002026|E_N000890_N002027|E_N000890_N002029|E_N000891_N000892|E_N000891_N000895|E_N000892_N000895|E_N000893_N000905|E_N000895_N001018|E_N000904_N002027|E_N000921_N000923|E_N000923_N001033|E_N000945_N000960|E_N000959_N000974|E_N000959_N001086|E_N000968_N000993|E_N000973_N000979|E_N000973_N001100|E_N000973_N002127|E_N000977_N000979|E_N000982_N001117|E_N000987_N000991|E_N000987_N000993|E_N000987_N001114|E_N000987_N001128|E_N000987_N002141|E_N000987_N002251|E_N000988_N002125|E_N000989_N000993|E_N000991_N000993|E_N000991_N001002|E_N000993_N001103|E_N000996_N001003|E_N000996_N001005|E_N000996_N001007|E_N000996_N001129|E_N001001_N001002|E_N001001_N001131|E_N001001_N002139|E_N001001_N002141|E_N001002_N001005|E_N001007_N001117|E_N001007_N001128|E_N001007_N001131|E_N001016_N001018|E_N001016_N001021|E_N001016_N002152|E_N001017_N001018|E_N001018_N001021|E_N001019_N001021|E_N001024_N001033|E_N001047_N001049|E_N001052_N001061|E_N001057_N002195|E_N001066_N001075|E_N001071_N002209|E_N001072_N001077|E_N001075_N001091|E_N001080_N001089|E_N001085_N001086|E_N001085_N001100|E_N001085_N002223|E_N001086_N001091|E_N001089_N001091|E_N001089_N001105|E_N001094_N001103|E_N001099_N001100|E_N001099_N001114|E_N001099_N002237|E_N001100_N001103|E_N001100_N001105|E_N001101_N001105|E_N001103_N001105|E_N001103_N001119|E_N001108_N001117|E_N001113_N001114|E_N001113_N001117|E_N001113_N002251|E_N001114_N001119|E_N001114_N002251|E_N001117_N001119|E_N001117_N001128|E_N001117_N001129|E_N001117_N001133|E_N001122_N001131|E_N001127_N002265|E_N001128_N001131|E_N001128_N001133|E_N001128_N002265|E_N001138_N001142|E_N001138_N001144|E_N001138_N001147|E_N001138_N001268|E_N001138_N001270|E_N001138_N002278|E_N001138_N002281|E_N001138_N002404|E_N001139_N001142|E_N001139_N001144|E_N001139_N001146|E_N001139_N002278|E_N001139_N002280|E_N001142_N001144|E_N001142_N002278|E_N001144_N001146|E_N001144_N001147|E_N001197_N002351|E_N001211_N001217|E_N001225_N001240|E_N001238_N001244|E_N001239_N001254|E_N001239_N001366|E_N001243_N001245|E_N001243_N001254|E_N001243_N001258|E_N001245_N001355|E_N001252_N001254|E_N001252_N001257|E_N001252_N001258|E_N001252_N002391|E_N001252_N002392|E_N001253_N001254|E_N001253_N001257|E_N001253_N001383|E_N001253_N002391|E_N001253_N002393|E_N001253_N002517|E_N001254_N001257|E_N001254_N001258|E_N001254_N001259|E_N001254_N002391|E_N001257_N001258|E_N001257_N001259|E_N001259_N001380|E_N001259_N001383|E_N001264_N001268|E_N001264_N001270|E_N001264_N001273|E_N001264_N001394|E_N001264_N001396|E_N001264_N002404|E_N001264_N002407|E_N001264_N002530|E_N001267_N001287|E_N001268_N001270|E_N001268_N001271|E_N001268_N002404|E_N001270_N001273|E_N001273_N001396|E_N001282_N001285|E_N001327_N001338|E_N001337_N001343|E_N001337_N001464|E_N001338_N002461|E_N001341_N001343|E_N001343_N001453|E_N001351_N001366|E_N001351_N001478|E_N001355_N001357|E_N001357_N001467|E_N001365_N001369|E_N001365_N002519|E_N001369_N001380|E_N001371_N001481|E_N001371_N001492|E_N001379_N001380|E_N001379_N001383|E_N001379_N001385|E_N001379_N001509|E_N001379_N002517|E_N001379_N002519|E_N001380_N001383|E_N001380_N002517|E_N001380_N002519|E_N001385_N001509|E_N001390_N001394|E_N001390_N001396|E_N001390_N001399|E_N001390_N001520|E_N001390_N001522|E_N001390_N002530|E_N001390_N002533|E_N001390_N002656|E_N001393_N001397|E_N001394_N001396|E_N001394_N002530|E_N001396_N001399|E_N001399_N001522|E_N001408_N001411|E_N001408_N002531|E_N001422_N001425|E_N001449_N001464|E_N001449_N001576|E_N001463_N001469|E_N001463_N001478|E_N001463_N001590|E_N001469_N001579|E_N001477_N001604|E_N001477_N002631|E_N001481_N001483|E_N001491_N001497|E_N001491_N001618|E_N001491_N001632|E_N001491_N002645|E_N001491_N002755|E_N001492_N002629|E_N001497_N001607|E_N001505_N001506|E_N001505_N001635|E_N001505_N002643|E_N001505_N002645|E_N001506_N001509|E_N001511_N001632|E_N001511_N001635|E_N001516_N001520|E_N001516_N001522|E_N001516_N001525|E_N001516_N001646|E_N001516_N001648|E_N001516_N002656|E_N001516_N002659|E_N001516_N002782|E_N001520_N001522|E_N001520_N002656|E_N001522_N001525|E_N001525_N001648|E_N001533_N001539|E_N001575_N001590|E_N001589_N001595|E_N001589_N001604|E_N001589_N001716|E_N001593_N001595|E_N001595_N001705|E_N001603_N001618|E_N001603_N001730|E_N001607_N001609|E_N001609_N001719|E_N001617_N001621|E_N001617_N001744|E_N001621_N001632|E_N001623_N001733|E_N001631_N001632|E_N001631_N001761|E_N001631_N002769|E_N001631_N002771|E_N001632_N001635|E_N001632_N001637|E_N001632_N002645|E_N001632_N002755|E_N001632_N002769|E_N001632_N002771|E_N001637_N001761|E_N001642_N001646|E_N001642_N001648|E_N001642_N001651|E_N001642_N001772|E_N001642_N001774|E_N001642_N002782|E_N001642_N002908|E_N001645_N002909|E_N001646_N001648|E_N001646_N002782|E_N001648_N001651|E_N001651_N001772|E_N001651_N001774|E_N001673_N001800|E_N001679_N001789|E_N001701_N001716|E_N001701_N001828|E_N001702_N002839|E_N001707_N001817|E_N001715_N001721|E_N001715_N001730|E_N001715_N001842|E_N001719_N001721|E_N001721_N001831|E_N001729_N001856|E_N001733_N001735|E_N001735_N001845|E_N001743_N001747|E_N001743_N001870|E_N001743_N003007|E_N001747_N001758|E_N001749_N001859|E_N001749_N001870|E_N001757_N001758|E_N001757_N001887|E_N001757_N002895|E_N001757_N002897|E_N001758_N001761|E_N001758_N002895|E_N001758_N002897|E_N001763_N001887|E_N001768_N001772|E_N001768_N001777|E_N001768_N001898|E_N001768_N001900|E_N001768_N002908|E_N001768_N002911|E_N001768_N003034|E_N001771_N001775|E_N001772_N001774|E_N001772_N002908|E_N001772_N002911|E_N001774_N001777|E_N001777_N001900|E_N001785_N001800|E_N001800_N002939|E_N001803_N001805|E_N001805_N001915|E_N001813_N001828|E_N001814_N001817|E_N001817_N001819|E_N001819_N001929|E_N001827_N001842|E_N001827_N001954|E_N001841_N001847|E_N001841_N001856|E_N001841_N001968|E_N001842_N001845|E_N001845_N001847|E_N001847_N001957|E_N001855_N001870|E_N001855_N001982|E_N001859_N001861|E_N001861_N001971|E_N001869_N001873|E_N001869_N001875|E_N001869_N003133|E_N001870_N003007|E_N001873_N001884|E_N001875_N001985|E_N001883_N001884|E_N001883_N002013|E_N001883_N003021|E_N001883_N003023|E_N001884_N001887|E_N001884_N003021|E_N001889_N002013|E_N001894_N001898|E_N001894_N001900|E_N001894_N001903|E_N001894_N002024|E_N001894_N002026|E_N001894_N003034|E_N001894_N003037|E_N001894_N003160|E_N001898_N001900|E_N001898_N003034|E_N001900_N001903|E_N001903_N002026|E_N001929_N001931|E_N001943_N001945|E_N001953_N001968|E_N001953_N003107|E_N001971_N001973|E_N001973_N002083|E_N001981_N001996|E_N001985_N001987|E_N001987_N002097|E_N001995_N001999|E_N001995_N002001|E_N001995_N002122|E_N001995_N003149|E_N001995_N003259|E_N001996_N003133|E_N001999_N002001|E_N002001_N002111|E_N002009_N002010|E_N002009_N002139|E_N002009_N003147|E_N002009_N003149|E_N002010_N002013|E_N002015_N002125|E_N002015_N002139|E_N002020_N002024|E_N002020_N002026|E_N002020_N002029|E_N002020_N002150|E_N002020_N002152|E_N002020_N003160|E_N002020_N003163|E_N002020_N003286|E_N002023_N002027|E_N002023_N002043|E_N002023_N003163|E_N002024_N002026|E_N002024_N003160|E_N002026_N002029|E_N002029_N002152|E_N002093_N002113|E_N002107_N002122|E_N002111_N002113|E_N002121_N002125|E_N002121_N002127|E_N002121_N002248|E_N002121_N003275|E_N002121_N003385|E_N002122_N003259|E_N002127_N002237|E_N002135_N002136|E_N002135_N002265|E_N002135_N003273|E_N002135_N003275|E_N002136_N002139|E_N002141_N002251|E_N002141_N002262|E_N002141_N002265|E_N002146_N002150|E_N002146_N003286|E_N002150_N002152|E_N002150_N003286|E_N002152_N002155|E_N002191_N003329|E_N002192_N002195|E_N002192_N002197|E_N002195_N002206|E_N002205_N003343|E_N002206_N002211|E_N002219_N002220|E_N002219_N003357|E_N002220_N002225|E_N002223_N002225|E_N002223_N002239|E_N002233_N002234|E_N002233_N002248|E_N002233_N003371|E_N002234_N002239|E_N002237_N002239|E_N002237_N002253|E_N002247_N002248|E_N002247_N003385|E_N002248_N002253|E_N002248_N003387|E_N002251_N002262|E_N002251_N002267|E_N002261_N002262|E_N002261_N003399|E_N002262_N002265|E_N002262_N002267|E_N002272_N002276|E_N002272_N002278|E_N002272_N002281|E_N002272_N002402|E_N002272_N002404|E_N002272_N003412|E_N002272_N003415|E_N002272_N003538|E_N002273_N002276|E_N002273_N002278|E_N002273_N002280|E_N002273_N003412|E_N002273_N003414|E_N002276_N002278|E_N002276_N002279|E_N002278_N002280|E_N002278_N002281|E_N002281_N002404|E_N002345_N002351|E_N002358_N003512|E_N002360_N003497|E_N002363_N002378|E_N002372_N003512|E_N002372_N003526|E_N002373_N002379|E_N002374_N002378|E_N002377_N002379|E_N002386_N002388|E_N002386_N002391|E_N002386_N002392|E_N002386_N003525|E_N002386_N003526|E_N002387_N002388|E_N002387_N002391|E_N002387_N002393|E_N002387_N002514|E_N002387_N002517|E_N002387_N003525|E_N002387_N003527|E_N002387_N003651|E_N002388_N002391|E_N002388_N003525|E_N002391_N002392|E_N002391_N002393|E_N002393_N002503|E_N002393_N002517|E_N002398_N002402|E_N002398_N002404|E_N002398_N002407|E_N002398_N002528|E_N002398_N002530|E_N002398_N003538|E_N002398_N003541|E_N002398_N003664|E_N002402_N002404|E_N002402_N003538|E_N002404_N002407|E_N002407_N002530|E_N002471_N002477|E_N002485_N002505|E_N002485_N003625|E_N002489_N002491|E_N002489_N002505|E_N002499_N002503|E_N002499_N002514|E_N002503_N002505|E_N002503_N002514|E_N002505_N002615|E_N002513_N002514|E_N002513_N002519|E_N002513_N002643|E_N002513_N003651|E_N002513_N003653|E_N002514_N002517|E_N002514_N003651|E_N002514_N003653|E_N002517_N002519|E_N002519_N002629|E_N002519_N002640|E_N002519_N002643|E_N002524_N002528|E_N002524_N002530|E_N002524_N002533|E_N002524_N002654|E_N002524_N002656|E_N002524_N003664|E_N002524_N003667|E_N002524_N003790|E_N002528_N002530|E_N002528_N003664|E_N002530_N002533|E_N002533_N002656|E_N002542_N003665|E_N002598_N002601|E_N002611_N002626|E_N002625_N002626|E_N002625_N002640|E_N002625_N002752|E_N002626_N003763|E_N002629_N002631|E_N002639_N002640|E_N002639_N002766|E_N002639_N002769|E_N002639_N003777|E_N002639_N003779|E_N002640_N002643|E_N002640_N003779|E_N002645_N002755|E_N002645_N002766|E_N002645_N002769|E_N002650_N002654|E_N002650_N002656|E_N002650_N002659|E_N002650_N002780|E_N002650_N002782|E_N002650_N003790|E_N002650_N003793|E_N002650_N003916|E_N002653_N002659|E_N002654_N002656|E_N002654_N003790|E_N002656_N002659|E_N002659_N002782|E_N002737_N002752|E_N002751_N002755|E_N002751_N002757|E_N002751_N002766|E_N002751_N002878|E_N002751_N003905|E_N002752_N003889|E_N002755_N002757|E_N002755_N002766|E_N002757_N002867|E_N002765_N002766|E_N002765_N002771|E_N002765_N002892|E_N002765_N002895|E_N002765_N003903|E_N002765_N003905|E_N002766_N002769|E_N002766_N003903|E_N002766_N003905|E_N002771_N002892|E_N002771_N002895|E_N002776_N002780|E_N002776_N002782|E_N002776_N002785|E_N002776_N002906|E_N002776_N002908|E_N002776_N003916|E_N002776_N003919|E_N002776_N004042|E_N002780_N002782|E_N002780_N003916|E_N002782_N002785|E_N002785_N002908|E_N002855_N002965|E_N002863_N002878|E_N002863_N002990|E_N002863_N004017|E_N002869_N002979|E_N002877_N002881|E_N002877_N002892|E_N002877_N004031|E_N002877_N004141|E_N002881_N002892|E_N002883_N003004|E_N002891_N002892|E_N002891_N003021|E_N002891_N004029|E_N002891_N004031|E_N002892_N002895|E_N002892_N004029|E_N002892_N004031|E_N002897_N003018|E_N002897_N003021|E_N002902_N002906|E_N002902_N002908|E_N002902_N002911|E_N002902_N003032|E_N002902_N003034|E_N002902_N004042|E_N002902_N004045|E_N002902_N004168|E_N002905_N002909|E_N002906_N002908|E_N002906_N004042|E_N002908_N002911|E_N002911_N003034|E_N002965_N002967|E_N002975_N002981|E_N002979_N002981|E_N002989_N003004|E_N002993_N002995|E_N003003_N003007|E_N003003_N003009|E_N003003_N003018|E_N003003_N003130|E_N003003_N004157|E_N003003_N004267|E_N003004_N004143|E_N003007_N003009|E_N003007_N003018|E_N003009_N003119|E_N003017_N003018|E_N003017_N003147|E_N003017_N004155|E_N003017_N004157|E_N003018_N003021|E_N003023_N003147|E_N003028_N003032|E_N003028_N003034|E_N003028_N003037|E_N003028_N003158|E_N003028_N003160|E_N003028_N004168|E_N003028_N004171|E_N003028_N004294|E_N003032_N003034|E_N003032_N004168|E_N003034_N003037|E_N003037_N003160|E_N003049_N003060|E_N003102_N004239|E_N003105_N003116|E_N003115_N003130|E_N003129_N003135|E_N003129_N003256|E_N003129_N004283|E_N003129_N004393|E_N003133_N003144|E_N003135_N003245|E_N003143_N003144|E_N003143_N003273|E_N003143_N004281|E_N003143_N004283|E_N003144_N003147|E_N003149_N003273|E_N003154_N003158|E_N003154_N003160|E_N003154_N003163|E_N003154_N003284|E_N003154_N003286|E_N003154_N004294|E_N003154_N004297|E_N003154_N004420|E_N003158_N003160|E_N003158_N004294|E_N003160_N003163|E_N003163_N003286|E_N003227_N004381|E_N003228_N004365|E_N003242_N004365|E_N003245_N003256|E_N003247_N003357|E_N003255_N003259|E_N003255_N003261|E_N003255_N003270|E_N003256_N004393|E_N003259_N003261|E_N003259_N003270|E_N003269_N003270|E_N003269_N003275|E_N003269_N003399|E_N003269_N004407|E_N003269_N004409|E_N003270_N003273|E_N003270_N004409|E_N003275_N003385|E_N003275_N003396|E_N003275_N003399|E_N003284_N003286|E_N003284_N004420|E_N003286_N003289|E_N003340_N003345|E_N003353_N003354|E_N003353_N004491|E_N003354_N003359|E_N003357_N003373|E_N003367_N003368|E_N003367_N003382|E_N003367_N004505|E_N003368_N003373|E_N003371_N003387|E_N003381_N003382|E_N003381_N003385|E_N003381_N004519|E_N003382_N003387|E_N003382_N004521|E_N003385_N003387|E_N003385_N003401|E_N003395_N003396|E_N003395_N004533|E_N003396_N003399|E_N003396_N003401|E_N003396_N004533|E_N003406_N003538|E_N003407_N003410|E_N003407_N003412|E_N003407_N003414|E_N003407_N004546|E_N003407_N004548|E_N003415_N003538|E_N003492_N003498|E_N003492_N003508|E_N003493_N003508|E_N003497_N003508|E_N003506_N003508|E_N003506_N003511|E_N003506_N003526|E_N003507_N003508|E_N003507_N003513|E_N003507_N004661|E_N003508_N003512|E_N003508_N003513|E_N003508_N004631|E_N003508_N004645|E_N003508_N004646|E_N003508_N004647|E_N003520_N003522|E_N003520_N003525|E_N003520_N004659|E_N003520_N004660|E_N003521_N003522|E_N003521_N003651|E_N003521_N004661|E_N003522_N003525|E_N003522_N004659|E_N003525_N003526|E_N003525_N003527|E_N003527_N003637|E_N003527_N003648|E_N003527_N003651|E_N003532_N003536|E_N003532_N003538|E_N003532_N003541|E_N003532_N003662|E_N003532_N003664|E_N003532_N004672|E_N003532_N004675|E_N003532_N004798|E_N003536_N003538|E_N003538_N003541|E_N003541_N003664|E_N003619_N004759|E_N003633_N003648|E_N003637_N003639|E_N003647_N003648|E_N003647_N003653|E_N003647_N003774|E_N003647_N003777|E_N003647_N004785|E_N003647_N004787|E_N003647_N004911|E_N003648_N003651|E_N003648_N003653|E_N003648_N004785|E_N003653_N003763|E_N003653_N003774|E_N003653_N003777|E_N003658_N003662|E_N003658_N003664|E_N003658_N003667|E_N003658_N003788|E_N003658_N003790|E_N003658_N004798|E_N003658_N004801|E_N003658_N004924|E_N003662_N003664|E_N003662_N004798|E_N003664_N003667|E_N003667_N003790|E_N003759_N003763|E_N003759_N003765|E_N003759_N003774|E_N003759_N004913|E_N003763_N003765|E_N003763_N003774|E_N003773_N003774|E_N003773_N003779|E_N003773_N003900|E_N003773_N003903|E_N003773_N004911|E_N003773_N004913|E_N003773_N005037|E_N003774_N003777|E_N003774_N004911|E_N003774_N004913|E_N003777_N003779|E_N003779_N003903|E_N003784_N003788|E_N003784_N003790|E_N003784_N003793|E_N003784_N003914|E_N003784_N003916|E_N003784_N004924|E_N003784_N004927|E_N003784_N005050|E_N003787_N004927|E_N003788_N003790|E_N003788_N004924|E_N003790_N003793|E_N003793_N003916|E_N003875_N003886|E_N003885_N003889|E_N003885_N003900|E_N003889_N003891|E_N003899_N003900|E_N003899_N004029|E_N003899_N005037|E_N003899_N005039|E_N003900_N003903|E_N003905_N004015|E_N003905_N004026|E_N003905_N004029|E_N003910_N003914|E_N003910_N003916|E_N003910_N003919|E_N003910_N004040|E_N003910_N004042|E_N003910_N005050|E_N003910_N005053|E_N003910_N005176|E_N003914_N003916|E_N003914_N005050|E_N003916_N003919|E_N003919_N004042|E_N004011_N004015|E_N004011_N004017|E_N004011_N004026|E_N004011_N004138|E_N004011_N005165|E_N004011_N005275|E_N004012_N005149|E_N004015_N004017|E_N004017_N004127|E_N004025_N004026|E_N004025_N004155|E_N004025_N005163|E_N004025_N005165|E_N004026_N004029|E_N004026_N005165|E_N004031_N004141|E_N004031_N004152|E_N004031_N004155|E_N004036_N004040|E_N004036_N004042|E_N004036_N004045|E_N004036_N004166|E_N004036_N004168|E_N004036_N005176|E_N004036_N005179|E_N004036_N005302|E_N004040_N004042|E_N004040_N005176|E_N004042_N004045|E_N004045_N004168|E_N004110_N005247|E_N004113_N004124|E_N004123_N004138|E_N004137_N004152|E_N004137_N004264|E_N004137_N005277|E_N004137_N005291|E_N004137_N005401|E_N004141_N004143|E_N004141_N004152|E_N004143_N004253|E_N004151_N004152|E_N004151_N004281|E_N004151_N005289|E_N004151_N005291|E_N004152_N004155|E_N004152_N005289|E_N004152_N005291|E_N004157_N004281|E_N004162_N004166|E_N004162_N004168|E_N004162_N004171|E_N004162_N004292|E_N004162_N004294|E_N004162_N005302|E_N004162_N005305|E_N004162_N005428|E_N004166_N004168|E_N004166_N005302|E_N004168_N004171|E_N004169_N004180|E_N004171_N004294|E_N004235_N004241|E_N004249_N004264|E_N004253_N004264|E_N004263_N004267|E_N004263_N004278|E_N004263_N004390|E_N004263_N005417|E_N004267_N004278|E_N004269_N004379|E_N004277_N004278|E_N004277_N004407|E_N004277_N005415|E_N004277_N005417|E_N004278_N004281|E_N004278_N005417|E_N004283_N004393|E_N004283_N004404|E_N004283_N004407|E_N004288_N004292|E_N004288_N004294|E_N004288_N004297|E_N004288_N004418|E_N004288_N004420|E_N004288_N005428|E_N004288_N005431|E_N004288_N005554|E_N004292_N004294|E_N004292_N005428|E_N004294_N004297|E_N004297_N004420|E_N004376_N004379|E_N004389_N004393|E_N004389_N004404|E_N004389_N004516|E_N004393_N004395|E_N004393_N004404|E_N004403_N004404|E_N004403_N004409|E_N004403_N004533|E_N004403_N005541|E_N004403_N005543|E_N004404_N004407|E_N004404_N005541|E_N004404_N005543|E_N004409_N004519|E_N004409_N004530|E_N004409_N004533|E_N004414_N004420|E_N004414_N005554|E_N004418_N004420|E_N004418_N005554|E_N004420_N004423|E_N004491_N004507|E_N004501_N004502|E_N004501_N004516|E_N004501_N005639|E_N004505_N004507|E_N004505_N004516|E_N004505_N004521|E_N004515_N004516|E_N004515_N004519|E_N004515_N005653|E_N004516_N004521|E_N004516_N005653|E_N004519_N004521|E_N004519_N004530|E_N004519_N004535|E_N004529_N004530|E_N004530_N004533|E_N004530_N004535|E_N004530_N005667|E_N004530_N005669|E_N004540_N004544|E_N004540_N004546|E_N004540_N004549|E_N004540_N004670|E_N004540_N004672|E_N004540_N005680|E_N004540_N005683|E_N004540_N005806|E_N004541_N004544|E_N004541_N004546|E_N004541_N004548|E_N004541_N005680|E_N004541_N005682|E_N004544_N005680|E_N004645_N004647|E_N004654_N004656|E_N004654_N004659|E_N004654_N004660|E_N004654_N005793|E_N004654_N005794|E_N004655_N004656|E_N004655_N004659|E_N004655_N004661|E_N004655_N004782|E_N004655_N004785|E_N004655_N005793|E_N004655_N005795|E_N004655_N005919|E_N004656_N004659|E_N004656_N005793|E_N004659_N004660|E_N004659_N004661|E_N004661_N004771|E_N004661_N004785|E_N004666_N004670|E_N004666_N004672|E_N004666_N004675|E_N004666_N004796|E_N004666_N004798|E_N004666_N005806|E_N004666_N005809|E_N004666_N005932|E_N004670_N005806|E_N004675_N004798|E_N004753_N004759|E_N004771_N004782|E_N004781_N004782|E_N004781_N004785|E_N004781_N004787|E_N004781_N004908|E_N004781_N004911|E_N004781_N005919|E_N004781_N005921|E_N004782_N004785|E_N004782_N005919|E_N004785_N004787|E_N004787_N004897|E_N004787_N004908|E_N004787_N004911|E_N004792_N004796|E_N004792_N004798|E_N004792_N004801|E_N004792_N004922|E_N004792_N004924|E_N004792_N005932|E_N004792_N005935|E_N004792_N006058|E_N004796_N004798|E_N004796_N005932|E_N004798_N004801|E_N004801_N004924|E_N004810_N004813|E_N004823_N004824|E_N004893_N004908|E_N004897_N004908|E_N004907_N004908|E_N004907_N004913|E_N004907_N005034|E_N004907_N005037|E_N004907_N006045|E_N004907_N006047|E_N004908_N004911|E_N004908_N006047|E_N004913_N005023|E_N004913_N005034|E_N004913_N005037|E_N004918_N004922|E_N004918_N004924|E_N004918_N004927|E_N004918_N005048|E_N004918_N005050|E_N004918_N006058|E_N004918_N006061|E_N004918_N006184|E_N004921_N006061|E_N004922_N004924|E_N004922_N006058|E_N004924_N004927|E_N004927_N005050|E_N004963_N005104|E_N004963_N006103|E_N005019_N005034|E_N005033_N005034|E_N005033_N005039|E_N005033_N005163|E_N005033_N006171|E_N005033_N006173|E_N005034_N005037|E_N005034_N006171|E_N005039_N005149|E_N005039_N005160|E_N005039_N005163|E_N005044_N005048|E_N005044_N005050|E_N005044_N005053|E_N005044_N005174|E_N005044_N005176|E_N005044_N006184|E_N005044_N006187|E_N005044_N006310|E_N005048_N005050|E_N005048_N006184|E_N005050_N005053|E_N005053_N005176|E_N005075_N006215|E_N005145_N005149|E_N005145_N005160|E_N005159_N005160|E_N005159_N005289|E_N005159_N006297|E_N005159_N006299|E_N005160_N005163|E_N005160_N006297|E_N005163_N005165|E_N005165_N005275|E_N005165_N005286|E_N005165_N005289|E_N005170_N005174|E_N005170_N005176|E_N005170_N005179|E_N005170_N005300|E_N005170_N005302|E_N005170_N006310|E_N005170_N006313|E_N005170_N006436|E_N005174_N005176|E_N005174_N006310|E_N005176_N005179|E_N005179_N005302|E_N005229_N006383|E_N005271_N005286|E_N005271_N005398|E_N005271_N006425|E_N005275_N005286|E_N005285_N005286|E_N005285_N005291|E_N005285_N005415|E_N005285_N006423|E_N005285_N006425|E_N005286_N005289|E_N005286_N006425|E_N005291_N005412|E_N005291_N005415|E_N005296_N005300|E_N005296_N005302|E_N005296_N005305|E_N005296_N005426|E_N005296_N005428|E_N005296_N006436|E_N005296_N006439|E_N005296_N006562|E_N005299_N006439|E_N005300_N005302|E_N005300_N006436|E_N005302_N005305|E_N005305_N005428|E_N005356_N005359|E_N005383_N005389|E_N005397_N005401|E_N005397_N005412|E_N005397_N006551|E_N005401_N005403|E_N005401_N005412|E_N005411_N005412|E_N005411_N005541|E_N005411_N006549|E_N005411_N006551|E_N005412_N005415|E_N005412_N006549|E_N005412_N006551|E_N005417_N005527|E_N005417_N005538|E_N005417_N005541|E_N005422_N005426|E_N005422_N005428|E_N005422_N005431|E_N005422_N005552|E_N005422_N005554|E_N005422_N006562|E_N005422_N006565|E_N005422_N006688|E_N005426_N005428|E_N005426_N006562|E_N005428_N005431|E_N005431_N005554|E_N005523_N005538|E_N005524_N006647|E_N005527_N005529|E_N005537_N005538|E_N005537_N005543|E_N005537_N005664|E_N005537_N005667|E_N005537_N006675|E_N005537_N006677|E_N005537_N006801|E_N005538_N005541|E_N005538_N006675|E_N005538_N006677|E_N005543_N005653|E_N005543_N005664|E_N005543_N005667|E_N005548_N005554|E_N005548_N006688|E_N005552_N005554|E_N005552_N006688|E_N005554_N005557|E_N005625_N005641|E_N005635_N005636|E_N005636_N006773|E_N005639_N005655|E_N005649_N005650|E_N005649_N005653|E_N005649_N005664|E_N005650_N005655|E_N005653_N005655|E_N005653_N005669|E_N005663_N005664|E_N005664_N005667|E_N005664_N005669|E_N005664_N006801|E_N005664_N006803|E_N005667_N005669|E_N005674_N005678|E_N005674_N005680|E_N005674_N005683|E_N005674_N005804|E_N005674_N005806|E_N005674_N006814|E_N005674_N006817|E_N005674_N006940|E_N005675_N005678|E_N005675_N005680|E_N005675_N005682|E_N005675_N006814|E_N005675_N006816|E_N005678_N005680|E_N005678_N006814|E_N005680_N005682|E_N005680_N005683|E_N005683_N005806|E_N005788_N005790|E_N005788_N005793|E_N005788_N005794|E_N005788_N006927|E_N005788_N006928|E_N005789_N005790|E_N005789_N005793|E_N005789_N005916|E_N005789_N005919|E_N005789_N006927|E_N005789_N006929|E_N005790_N005793|E_N005790_N006927|E_N005793_N005794|E_N005793_N005795|E_N005795_N005919|E_N005800_N005804|E_N005800_N005806|E_N005800_N005809|E_N005800_N005930|E_N005800_N005932|E_N005800_N006940|E_N005800_N006943|E_N005800_N007066|E_N005804_N005806|E_N005804_N006940|E_N005806_N005809|E_N005809_N005932|E_N005817_N006957|E_N005823_N005947|E_N005837_N005961|E_N005901_N005916|E_N005901_N007055|E_N005902_N007025|E_N005915_N005916|E_N005915_N005919|E_N005915_N005921|E_N005915_N006042|E_N005915_N006045|E_N005915_N007053|E_N005915_N007055|E_N005915_N007179|E_N005916_N005919|E_N005916_N007053|E_N005919_N005921|E_N005921_N006031|E_N005921_N006042|E_N005921_N006045|E_N005926_N005930|E_N005926_N005932|E_N005926_N005935|E_N005926_N006056|E_N005926_N006058|E_N005926_N007066|E_N005926_N007069|E_N005926_N007192|E_N005929_N007069|E_N005930_N005932|E_N005932_N005935|E_N005935_N006058|E_N005947_N005963|E_N005961_N005977|E_N005963_N006087|E_N005975_N005991|E_N005977_N006101|E_N005985_N007125|E_N005986_N005989|E_N006027_N006042|E_N006027_N006154|E_N006027_N007181|E_N006041_N006042|E_N006041_N006168|E_N006041_N006171|E_N006041_N007179|E_N006041_N007181|E_N006042_N006045|E_N006042_N007165|E_N006042_N007179|E_N006045_N006047|E_N006047_N006157|E_N006047_N006171|E_N006052_N006056|E_N006052_N006058|E_N006052_N006061|E_N006052_N006182|E_N006052_N006184|E_N006052_N007192|E_N006052_N007318|E_N006056_N006058|E_N006056_N007192|E_N006058_N006061|E_N006061_N006184|E_N006087_N006103|E_N006101_N006117|E_N006103_N006227|E_N006117_N006241|E_N006153_N006168|E_N006153_N007307|E_N006154_N007277|E_N006167_N006168|E_N006167_N006173|E_N006167_N006294|E_N006167_N006297|E_N006167_N007305|E_N006167_N007307|E_N006168_N006171|E_N006168_N007305|E_N006173_N006283|E_N006173_N006297|E_N006178_N006182|E_N006178_N006184|E_N006178_N006187|E_N006178_N006308|E_N006178_N006310|E_N006178_N007318|E_N006178_N007321|E_N006178_N007444|E_N006182_N006184|E_N006182_N007318|E_N006184_N006187|E_N006187_N006310|E_N006213_N006229|E_N006227_N006243|E_N006241_N006257|E_N006243_N006367|E_N006255_N006271|E_N006257_N006381|E_N006279_N006294|E_N006279_N007433|E_N006293_N006294|E_N006293_N006299|E_N006293_N006420|E_N006293_N006423|E_N006293_N007431|E_N006293_N007433|E_N006294_N006297|E_N006294_N007431|E_N006297_N006299|E_N006299_N006409|E_N006299_N006420|E_N006299_N006423|E_N006304_N006308|E_N006304_N006310|E_N006304_N006313|E_N006304_N006434|E_N006304_N006436|E_N006304_N007444|E_N006304_N007447|E_N006304_N007570|E_N006308_N006310|E_N006310_N006313|E_N006313_N006436|E_N006367_N006383|E_N006381_N006397|E_N006383_N006507|E_N006395_N006406|E_N006405_N006420|E_N006419_N006420|E_N006419_N006425|E_N006419_N006546|E_N006419_N006549|E_N006419_N007557|E_N006419_N007559|E_N006420_N006423|E_N006420_N007559|E_N006425_N006535|E_N006425_N006546|E_N006425_N006549|E_N006430_N006434|E_N006430_N006436|E_N006430_N006439|E_N006430_N006560|E_N006430_N006562|E_N006430_N007570|E_N006430_N007696|E_N006434_N006436|E_N006434_N007570|E_N006436_N006439|E_N006439_N006562|E_N006507_N006523|E_N006521_N006537|E_N006523_N006647|E_N006531_N006546|E_N006535_N006537|E_N006545_N006546|E_N006545_N006672|E_N006545_N006675|E_N006545_N007683|E_N006545_N007685|E_N006546_N006549|E_N006546_N007683|E_N006546_N007685|E_N006549_N006551|E_N006551_N006675|E_N006556_N006560|E_N006556_N006562|E_N006556_N006565|E_N006556_N006686|E_N006556_N006688|E_N006556_N007696|E_N006556_N007699|E_N006556_N007822|E_N006560_N006562|E_N006560_N007696|E_N006562_N006565|E_N006565_N006688|E_N006671_N006672|E_N006671_N006677|E_N006671_N006798|E_N006671_N006801|E_N006671_N007809|E_N006671_N007811|E_N006671_N007935|E_N006672_N006675|E_N006672_N007809|E_N006675_N006677|E_N006677_N006801|E_N006682_N006688|E_N006682_N007822|E_N006686_N006688|E_N006686_N007822|E_N006688_N006691|E_N006759_N006775|E_N006769_N006770|E_N006773_N006789|E_N006783_N006784|E_N006783_N007921|E_N006787_N006803|E_N006797_N006798|E_N006798_N006801|E_N006798_N006803|E_N006798_N007937|E_N006801_N006803|E_N006808_N006812|E_N006808_N006814|E_N006808_N006817|E_N006808_N006938|E_N006808_N006940|E_N006808_N007948|E_N006808_N007951|E_N006808_N008074|E_N006809_N006812|E_N006809_N006814|E_N006809_N006816|E_N006809_N007948|E_N006809_N007950|E_N006812_N006814|E_N006812_N007948|E_N006814_N006816|E_N006814_N006817|E_N006817_N006940|E_N006895_N007022|E_N006909_N006924|E_N006922_N006924|E_N006922_N006927|E_N006922_N006928|E_N006922_N008061|E_N006922_N008062|E_N006923_N006924|E_N006923_N006927|E_N006923_N006929|E_N006923_N007050|E_N006923_N007053|E_N006923_N008061|E_N006923_N008063|E_N006923_N008187|E_N006924_N006927|E_N006924_N008061|E_N006927_N006928|E_N006927_N006929|E_N006929_N007039|E_N006929_N007053|E_N006934_N006938|E_N006934_N006940|E_N006934_N006943|E_N006934_N007064|E_N006934_N007066|E_N006934_N008074|E_N006934_N008077|E_N006934_N008200|E_N006938_N008074|E_N006940_N006943|E_N006943_N007066|E_N007007_N007022|E_N007021_N007036|E_N007035_N007050|E_N007035_N007055|E_N007035_N007162|E_N007049_N007055|E_N007050_N007053|E_N007050_N008187|E_N007050_N008189|E_N007053_N007055|E_N007055_N007165|E_N007055_N007176|E_N007055_N007179|E_N007060_N007064|E_N007060_N007066|E_N007060_N007069|E_N007060_N007190|E_N007060_N007192|E_N007060_N008200|E_N007060_N008203|E_N007060_N008326|E_N007064_N007066|E_N007064_N008200|E_N007066_N007069|E_N007069_N007192|E_N007105_N007232|E_N007106_N008243|E_N007119_N007246|E_N007133_N007148|E_N007133_N007260|E_N007147_N008301|E_N007161_N007176|E_N007161_N007288|E_N007162_N007165|E_N007165_N007167|E_N007175_N007176|E_N007175_N007179|E_N007175_N007181|E_N007175_N007302|E_N007175_N007305|E_N007175_N008315|E_N007175_N008439|E_N007176_N007179|E_N007176_N008315|E_N007179_N007181|E_N007181_N007291|E_N007181_N007305|E_N007186_N007190|E_N007186_N007192|E_N007186_N007195|E_N007186_N007316|E_N007186_N007318|E_N007186_N008326|E_N007186_N008329|E_N007186_N008452|E_N007190_N007192|E_N007190_N008326|E_N007192_N007195|E_N007195_N007318|E_N007217_N007344|E_N007231_N007246|E_N007231_N007358|E_N007245_N007372|E_N007259_N007386|E_N007274_N008397|E_N007287_N007302|E_N007301_N007302|E_N007301_N007307|E_N007301_N007428|E_N007301_N007431|E_N007301_N008439|E_N007301_N008441|E_N007302_N007305|E_N007302_N008439|E_N007305_N007307|E_N007307_N007417|E_N007307_N007431|E_N007312_N007316|E_N007312_N007318|E_N007312_N007321|E_N007312_N007442|E_N007312_N007444|E_N007312_N008452|E_N007312_N008455|E_N007312_N008578|E_N007316_N007318|E_N007316_N008452|E_N007318_N007321|E_N007321_N007444|E_N007343_N007358|E_N007343_N007470|E_N007357_N007372|E_N007357_N007484|E_N007371_N007498|E_N007403_N007414|E_N007413_N007428|E_N007413_N007540|E_N007413_N008567|E_N007427_N007428|E_N007427_N007431|E_N007427_N007433|E_N007427_N007554|E_N007427_N007557|E_N007427_N008565|E_N007427_N008567|E_N007428_N007431|E_N007428_N008565|E_N007431_N007433|E_N007433_N007543|E_N007433_N007554|E_N007433_N007557|E_N007438_N007442|E_N007438_N007444|E_N007438_N007447|E_N007438_N007568|E_N007438_N007570|E_N007438_N008578|E_N007438_N008581|E_N007438_N008704|E_N007442_N007444|E_N007442_N007445|E_N007442_N008578|E_N007444_N007447|E_N007447_N007570|E_N007469_N007484|E_N007469_N007596|E_N007483_N007489|E_N007539_N007554|E_N007539_N007666|E_N007539_N008679|E_N007543_N007545|E_N007553_N007554|E_N007553_N007559|E_N007553_N007680|E_N007553_N007683|E_N007553_N008691|E_N007553_N008693|E_N007554_N007557|E_N007554_N008693|E_N007559_N007669|E_N007559_N007680|E_N007559_N007683|E_N007564_N007568|E_N007564_N007570|E_N007564_N007573|E_N007564_N007694|E_N007564_N007696|E_N007564_N008704|E_N007564_N008830|E_N007568_N007570|E_N007568_N008704|E_N007570_N007573|E_N007573_N007696|E_N007581_N008721|E_N007665_N007680|E_N007669_N007680|E_N007679_N007680|E_N007679_N007685|E_N007679_N007806|E_N007679_N007809|E_N007679_N008817|E_N007679_N008819|E_N007679_N008943|E_N007680_N007683|E_N007680_N008817|E_N007680_N008819|E_N007683_N007685|E_N007685_N007809|E_N007690_N007694|E_N007690_N007696|E_N007690_N007699|E_N007690_N007820|E_N007690_N007822|E_N007690_N008830|E_N007690_N008833|E_N007690_N008956|E_N007694_N007696|E_N007694_N008830|E_N007696_N007699|E_N007699_N007822|E_N007805_N007806|E_N007805_N007809|E_N007805_N007811|E_N007805_N007932|E_N007805_N007935|E_N007805_N008943|E_N007805_N008945|E_N007805_N009069|E_N007806_N007809|E_N007806_N008943|E_N007809_N007811|E_N007811_N007935|E_N007816_N007822|E_N007816_N008956|E_N007820_N007822|E_N007820_N008956|E_N007822_N007825|E_N007889_N007890|E_N007893_N007909|E_N007903_N007904|E_N007907_N007923|E_N007917_N007918|E_N007917_N007932|E_N007918_N007921|E_N007921_N007937|E_N007931_N007932|E_N007932_N007935|E_N007932_N007937|E_N007932_N009069|E_N007932_N009071|E_N007935_N007937|E_N007942_N007946|E_N007942_N007948|E_N007942_N007951|E_N007942_N008072|E_N007942_N008074|E_N007942_N009082|E_N007942_N009085|E_N007942_N009208|E_N007943_N007946|E_N007943_N007950|E_N007943_N009082|E_N007943_N009084|E_N007944_N007950|E_N007946_N007948|E_N007946_N009082|E_N007948_N007950|E_N007948_N007951|E_N007951_N008074|E_N008021_N008131|E_N008029_N008035|E_N008033_N008044|E_N008033_N008048|E_N008035_N008145|E_N008043_N009197|E_N008049_N008159|E_N008056_N008058|E_N008056_N008061|E_N008056_N008062|E_N008056_N009195|E_N008056_N009196|E_N008057_N008058|E_N008057_N008061|E_N008057_N008063|E_N008057_N008184|E_N008057_N008187|E_N008057_N009195|E_N008057_N009197|E_N008058_N008061|E_N008058_N009195|E_N008061_N008062|E_N008061_N008063|E_N008063_N008173|E_N008063_N008187|E_N008068_N008072|E_N008068_N008074|E_N008068_N008077|E_N008068_N008198|E_N008068_N008200|E_N008068_N009208|E_N008068_N009211|E_N008068_N009334|E_N008072_N008074|E_N008072_N009085|E_N008072_N009208|E_N008074_N008077|E_N008077_N008200|E_N008099_N008119|E_N008131_N008133|E_N008145_N008147|E_N008145_N008156|E_N008147_N008257|E_N008159_N008161|E_N008161_N008271|E_N008169_N009323|E_N008173_N008175|E_N008183_N008184|E_N008183_N008187|E_N008183_N008189|E_N008183_N008310|E_N008183_N009323|E_N008184_N008187|E_N008184_N009321|E_N008187_N008189|E_N008189_N008299|E_N008189_N008310|E_N008194_N008198|E_N008194_N008200|E_N008194_N008203|E_N008194_N008324|E_N008194_N008326|E_N008194_N009334|E_N008194_N009337|E_N008194_N009460|E_N008198_N008200|E_N008198_N009211|E_N008198_N009334|E_N008200_N008203|E_N008203_N008326|E_N008225_N008245|E_N008245_N008355|E_N008257_N008259|E_N008259_N008369|E_N008271_N008273|E_N008273_N008383|E_N008281_N008287|E_N008285_N008287|E_N008287_N008397|E_N008299_N008301|E_N008301_N008411|E_N008310_N008313|E_N008315_N008425|E_N008315_N008436|E_N008315_N008439|E_N008320_N008324|E_N008320_N008326|E_N008320_N008329|E_N008320_N008450|E_N008320_N008452|E_N008320_N009460|E_N008320_N009463|E_N008320_N009586|E_N008324_N008326|E_N008324_N009460|E_N008326_N008329|E_N008329_N008452|E_N008355_N008357|E_N008369_N008371|E_N008371_N008481|E_N008380_N009503|E_N008383_N008385|E_N008385_N008495|E_N008397_N008399|E_N008399_N008509|E_N008411_N008413|E_N008435_N008436|E_N008435_N008439|E_N008435_N008441|E_N008435_N008562|E_N008435_N008565|E_N008435_N009575|E_N008436_N008439|E_N008439_N008441|E_N008441_N008551|E_N008441_N008565|E_N008446_N008450|E_N008446_N008452|E_N008446_N008455|E_N008446_N008576|E_N008446_N008578|E_N008446_N009586|E_N008446_N009589|E_N008446_N009712|E_N008450_N008452|E_N008450_N009586|E_N008452_N008455|E_N008455_N008578|E_N008477_N008497|E_N008481_N008483|E_N008495_N008497|E_N008497_N008607|E_N008509_N008511|E_N008511_N008621|E_N008523_N008525|E_N008525_N008635|E_N008551_N008553|E_N008551_N008562|E_N008561_N008562|E_N008561_N008565|E_N008561_N008567|E_N008561_N008688|E_N008561_N009701|E_N008562_N008565|E_N008562_N009685|E_N008562_N009699|E_N008565_N008567|E_N008567_N008677|E_N008572_N008576|E_N008572_N008578|E_N008572_N008581|E_N008572_N008702|E_N008572_N008704|E_N008572_N009712|E_N008572_N009715|E_N008572_N009838|E_N008576_N008578|E_N008576_N009712|E_N008578_N008581|E_N008581_N008704|E_N008607_N008609|E_N008609_N008719|E_N008621_N008623|E_N008623_N008733|E_N008635_N008637|E_N008637_N008747|E_N008677_N008679|E_N008687_N008688|E_N008687_N008693|E_N008687_N008814|E_N008687_N008817|E_N008687_N009827|E_N008693_N008803|E_N008693_N008817|E_N008698_N008702|E_N008698_N008704|E_N008698_N008707|E_N008698_N008828|E_N008698_N008830|E_N008698_N009838|E_N008698_N009841|E_N008698_N009964|E_N008702_N008704|E_N008702_N009838|E_N008704_N008707|E_N008707_N008830|E_N008716_N009839|E_N008719_N008721|E_N008733_N008735|E_N008747_N008749|E_N008799_N009953|E_N008813_N008814|E_N008813_N008819|E_N008813_N008940|E_N008813_N008943|E_N008813_N009951|E_N008813_N009953|E_N008814_N008817|E_N008817_N008819|E_N008819_N008943|E_N008824_N008828|E_N008824_N008830|E_N008824_N008833|E_N008824_N008954|E_N008824_N008956|E_N008824_N009964|E_N008824_N009967|E_N008824_N010090|E_N008828_N008830|E_N008828_N009964|E_N008830_N008833|E_N008833_N008956|E_N008911_N008917|E_N008939_N008940|E_N008939_N008943|E_N008939_N008945|E_N008939_N009066|E_N008939_N009069|E_N008939_N010077|E_N008939_N010079|E_N008939_N010203|E_N008940_N008943|E_N008940_N010077|E_N008943_N008945|E_N008945_N009069|E_N008950_N008956|E_N008950_N010090|E_N008954_N008956|E_N008954_N008957|E_N008954_N010090|E_N008956_N008959|E_N009041_N009057|E_N009051_N009052|E_N009051_N009055|E_N009055_N009071|E_N009065_N009066|E_N009066_N009069|E_N009066_N010203|E_N009066_N010205|E_N009069_N009071|E_N009076_N009082|E_N009076_N009208|E_N009077_N009080|E_N009077_N009082|E_N009077_N009084|E_N009080_N009082|E_N009082_N009084|E_N009085_N009208|E_N009097_N009098|E_N009097_N009113|E_N009113_N009237|E_N009190_N009192|E_N009190_N009195|E_N009190_N009196|E_N009191_N009197|E_N009192_N009195|E_N009195_N009196|E_N009195_N009197|E_N009197_N009318|E_N009202_N009208|E_N009202_N009211|E_N009202_N009334|E_N009206_N009208|E_N009208_N009211|E_N009211_N009334|E_N009237_N009253|E_N009239_N009363|E_N009253_N009377|E_N009323_N009444|E_N009328_N009334|E_N009328_N009460|E_N009332_N009334|E_N009334_N009337|E_N009337_N009460|E_N009337_N009461|E_N009351_N009475|E_N009363_N009379|E_N009365_N009489|E_N009379_N009503|E_N009429_N009435|E_N009444_N009447|E_N009444_N009449|E_N009449_N009570|E_N009454_N009460|E_N009454_N009586|E_N009458_N009460|E_N009460_N009463|E_N009461_N009477|E_N009463_N009586|E_N009475_N009491|E_N009489_N009505|E_N009491_N009615|E_N009503_N009519|E_N009505_N009629|E_N009519_N009643|E_N009528_N009531|E_N009533_N009657|E_N009545_N009556|E_N009570_N009573|E_N009570_N009575|E_N009575_N009696|E_N009580_N009586|E_N009580_N009712|E_N009584_N009586|E_N009586_N009589|E_N009587_N009603|E_N009589_N009712|E_N009601_N009617|E_N009615_N009631|E_N009617_N009741|E_N009629_N009645|E_N009631_N009755|E_N009643_N009659|E_N009645_N009769|E_N009657_N009673|E_N009659_N009783|E_N009671_N009682|E_N009673_N009797|E_N009681_N009687|E_N009695_N009701|E_N009695_N009822|E_N009696_N009699|E_N009699_N009701|E_N009701_N009822|E_N009706_N009712|E_N009706_N009715|E_N009706_N009838|E_N009710_N009712|E_N009712_N009715|E_N009715_N009838|E_N009727_N009743|E_N009741_N009757|E_N009743_N009867|E_N009755_N009771|E_N009757_N009881|E_N009769_N009785|E_N009771_N009895|E_N009783_N009799|E_N009785_N009909|E_N009799_N009923|E_N009807_N009827|E_N009813_N009937|E_N009821_N009822|E_N009821_N009948|E_N009827_N009951|E_N009832_N009838|E_N009832_N009964|E_N009836_N009838|E_N009838_N009841|E_N009841_N009964|E_N009853_N009869|E_N009881_N009897|E_N009895_N009911|E_N009897_N010021|E_N009909_N009925|E_N009911_N010035|E_N009923_N009939|E_N009925_N010049|E_N009933_N009937|E_N009939_N010063|E_N009947_N009948|E_N009947_N010074|E_N009948_N009951|E_N009951_N009953|E_N009953_N010077|E_N009958_N009964|E_N009958_N010090|E_N009962_N009964|E_N009964_N009967|E_N009967_N010090|E_N010021_N010037|E_N010035_N010051|E_N010049_N010065|E_N010051_N010175|E_N010059_N010079|E_N010063_N010079|E_N010065_N010189|E_N010073_N010079|E_N010073_N010200|E_N010074_N010077|E_N010077_N010079|E_N010079_N010203|E_N010084_N010088|E_N010084_N010090|E_N010088_N010090|E_N010090_N010093|E_N010158_N010161|E_N010161_N010177|E_N010175_N010191|E_N010185_N010189|E_N010189_N010205|E_N010199_N010200|E_N010200_N010203|E_N010200_N010205|E_N010203_N010205
low_priority_uncertain,dbscan,eps_mm=4.56,D0002,3,E_N001154_N001156|E_N001156_N001160|E_N002288_N002308
low_priority_uncertain,dbscan,eps_mm=4.56,D0003,4,E_N002444_N003581|E_N003550_N003553|E_N003564_N003567|E_N003578_N003581
low_priority_uncertain,dbscan,eps_mm=4.56,D0004,10,E_N003436_N003441|E_N003450_N003452|E_N003450_N003456|E_N004575_N004590|E_N004584_N004590|E_N004586_N004590|E_N004589_N004604|E_N004598_N004600|E_N004600_N004604|E_N005737_N005752
low_priority_uncertain,dbscan,eps_mm=4.56,D0005,2,E_N003717_N003723|E_N003717_N004871
low_priority_uncertain,dbscan,eps_mm=4.56,D0006,2,E_N004557_N004563|E_N004558_N005695
low_priority_uncertain,dbscan,eps_mm=4.56,D0007,3,E_N004640_N005780|E_N005765_N005776|E_N005774_N005780
low_priority_uncertain,dbscan,eps_mm=4.56,D0008,2,E_N004711_N004712|E_N005849_N005860
low_priority_uncertain,dbscan,eps_mm=4.56,D0009,2,E_N004879_N004885|E_N005006_N006129
low_priority_uncertain,dbscan,eps_mm=4.56,D0010,2,E_N006476_N006479|E_N006602_N006605
low_priority_uncertain,dbscan,eps_mm=4.56,D0011,2,E_N007986_N008006|E_N008000_N009140
low_priority_uncertain,dbscan,eps_mm=6.84,D0001,2651,E_N000000_N000010|E_N000001_N000012|E_N000003_N000009|E_N000003_N000010|E_N000003_N000013|E_N000003_N000135|E_N000003_N000136|E_N000004_N000008|E_N000004_N000010|E_N000004_N000013|E_N000004_N000134|E_N000004_N000136|E_N000004_N001144|E_N000004_N001147|E_N000004_N001270|E_N000005_N000008|E_N000005_N000010|E_N000005_N001144|E_N000005_N001146|E_N000007_N001147|E_N000008_N000010|E_N000008_N001144|E_N000009_N000010|E_N000010_N000012|E_N000010_N000013|E_N000013_N000136|E_N000067_N000078|E_N000076_N000082|E_N000077_N000083|E_N000077_N001231|E_N000090_N000096|E_N000090_N000110|E_N000091_N000106|E_N000091_N000218|E_N000100_N000109|E_N000100_N000235|E_N000104_N000106|E_N000104_N000109|E_N000104_N000110|E_N000104_N000120|E_N000104_N001258|E_N000105_N000106|E_N000105_N000109|E_N000105_N000120|E_N000105_N000235|E_N000105_N000246|E_N000106_N000110|E_N000106_N001243|E_N000109_N000111|E_N000109_N000120|E_N000109_N000125|E_N000111_N000221|E_N000114_N000121|E_N000114_N000123|E_N000114_N000125|E_N000114_N000247|E_N000118_N000120|E_N000118_N000123|E_N000118_N000124|E_N000118_N001257|E_N000118_N001258|E_N000119_N000120|E_N000119_N000249|E_N000119_N001257|E_N000119_N001259|E_N000120_N000124|E_N000120_N000125|E_N000120_N001243|E_N000120_N001257|E_N000120_N001258|E_N000120_N001259|E_N000121_N000124|E_N000121_N000125|E_N000123_N000124|E_N000125_N000246|E_N000125_N000247|E_N000125_N000249|E_N000129_N000135|E_N000129_N000136|E_N000129_N000139|E_N000129_N000261|E_N000130_N000134|E_N000130_N000136|E_N000130_N000139|E_N000130_N000260|E_N000130_N000262|E_N000130_N001270|E_N000130_N001273|E_N000130_N001396|E_N000133_N001397|E_N000134_N000136|E_N000134_N001270|E_N000134_N001273|E_N000135_N000136|E_N000136_N000139|E_N000139_N000260|E_N000139_N000262|E_N000147_N001287|E_N000161_N001301|E_N000189_N001343|E_N000193_N000204|E_N000193_N000209|E_N000203_N000204|E_N000203_N000218|E_N000203_N001341|E_N000204_N001341|E_N000209_N000333|E_N000217_N000218|E_N000217_N000223|E_N000217_N000344|E_N000217_N000358|E_N000221_N000223|E_N000221_N000232|E_N000221_N000237|E_N000223_N000333|E_N000223_N000347|E_N000226_N000251|E_N000226_N000361|E_N000231_N000232|E_N000231_N000235|E_N000231_N000246|E_N000231_N000361|E_N000231_N000372|E_N000231_N001371|E_N000231_N001385|E_N000231_N001495|E_N000233_N000235|E_N000235_N000237|E_N000235_N000246|E_N000235_N000251|E_N000237_N000358|E_N000240_N000247|E_N000240_N000249|E_N000240_N000251|E_N000240_N000373|E_N000245_N000246|E_N000245_N000375|E_N000245_N001383|E_N000245_N001385|E_N000246_N000249|E_N000246_N001259|E_N000246_N001385|E_N000247_N000251|E_N000251_N000373|E_N000251_N000375|E_N000255_N000261|E_N000255_N000262|E_N000255_N000265|E_N000255_N000387|E_N000255_N000388|E_N000256_N000260|E_N000256_N000262|E_N000256_N000265|E_N000256_N000386|E_N000256_N000388|E_N000256_N001396|E_N000256_N001399|E_N000256_N001522|E_N000260_N000262|E_N000260_N000263|E_N000260_N001396|E_N000261_N000262|E_N000262_N000265|E_N000265_N000388|E_N000315_N000330|E_N000315_N001469|E_N000319_N000335|E_N000329_N000330|E_N000329_N000335|E_N000329_N000344|E_N000330_N001467|E_N000333_N000335|E_N000335_N000459|E_N000338_N000363|E_N000343_N000344|E_N000343_N000470|E_N000343_N001497|E_N000347_N000349|E_N000347_N000358|E_N000347_N000363|E_N000352_N000487|E_N000357_N000361|E_N000357_N000363|E_N000357_N000498|E_N000357_N001621|E_N000358_N001497|E_N000359_N000361|E_N000359_N000363|E_N000363_N000473|E_N000363_N000484|E_N000363_N000487|E_N000366_N000373|E_N000366_N000375|E_N000366_N000377|E_N000366_N000499|E_N000371_N000372|E_N000371_N000501|E_N000371_N001509|E_N000371_N001511|E_N000372_N000375|E_N000372_N000377|E_N000372_N001385|E_N000373_N000377|E_N000377_N000501|E_N000381_N000387|E_N000381_N000388|E_N000381_N000391|E_N000381_N000513|E_N000382_N000386|E_N000382_N000388|E_N000382_N000391|E_N000382_N000512|E_N000382_N000514|E_N000382_N001522|E_N000382_N001525|E_N000382_N001648|E_N000385_N001649|E_N000386_N000388|E_N000386_N001522|E_N000387_N000388|E_N000388_N000391|E_N000391_N000514|E_N000441_N000456|E_N000455_N000461|E_N000455_N000470|E_N000455_N000582|E_N000456_N001579|E_N000456_N001593|E_N000459_N000461|E_N000459_N000475|E_N000461_N000585|E_N000469_N000470|E_N000469_N000596|E_N000473_N000475|E_N000473_N000484|E_N000473_N000489|E_N000478_N000503|E_N000478_N000613|E_N000483_N000484|E_N000483_N000489|E_N000483_N000610|E_N000483_N001637|E_N000484_N000487|E_N000484_N001621|E_N000484_N001623|E_N000485_N000487|E_N000485_N000489|E_N000487_N000498|E_N000487_N000503|E_N000489_N000599|E_N000489_N000610|E_N000489_N000613|E_N000492_N000499|E_N000492_N000501|E_N000492_N000503|E_N000492_N000625|E_N000497_N000498|E_N000497_N000627|E_N000497_N001635|E_N000497_N001637|E_N000498_N000501|E_N000499_N000501|E_N000503_N000627|E_N000507_N000513|E_N000507_N000514|E_N000507_N000517|E_N000507_N000639|E_N000508_N000512|E_N000508_N000514|E_N000508_N000517|E_N000508_N000638|E_N000508_N000640|E_N000508_N001648|E_N000508_N001651|E_N000508_N001774|E_N000511_N001775|E_N000512_N000514|E_N000512_N001648|E_N000513_N000514|E_N000514_N000517|E_N000517_N000640|E_N000539_N000666|E_N000559_N000669|E_N000581_N000587|E_N000581_N000596|E_N000581_N000708|E_N000582_N001719|E_N000585_N000587|E_N000587_N000697|E_N000587_N000711|E_N000595_N000722|E_N000599_N000601|E_N000599_N000610|E_N000601_N000711|E_N000609_N000613|E_N000609_N000615|E_N000609_N001763|E_N000609_N001873|E_N000610_N001747|E_N000613_N000615|E_N000613_N000629|E_N000615_N000725|E_N000615_N000736|E_N000615_N000739|E_N000618_N000625|E_N000618_N000627|E_N000618_N000629|E_N000618_N000751|E_N000623_N000624|E_N000623_N000753|E_N000623_N001761|E_N000623_N001763|E_N000624_N000627|E_N000629_N000753|E_N000633_N000639|E_N000633_N000640|E_N000633_N000643|E_N000633_N000765|E_N000634_N000638|E_N000634_N000643|E_N000634_N000764|E_N000634_N000766|E_N000634_N001774|E_N000634_N001777|E_N000634_N001900|E_N000637_N000652|E_N000637_N001901|E_N000638_N000640|E_N000638_N001774|E_N000639_N000640|E_N000640_N000643|E_N000643_N000766|E_N000651_N000666|E_N000651_N000778|E_N000652_N001791|E_N000657_N000767|E_N000665_N000792|E_N000666_N001805|E_N000669_N000671|E_N000669_N000685|E_N000671_N000781|E_N000683_N000685|E_N000688_N000713|E_N000693_N000708|E_N000693_N000820|E_N000693_N001847|E_N000697_N000713|E_N000707_N000713|E_N000707_N000722|E_N000707_N000834|E_N000711_N000713|E_N000716_N000741|E_N000721_N000736|E_N000721_N000848|E_N000725_N000727|E_N000730_N000865|E_N000735_N000739|E_N000735_N000741|E_N000735_N000862|E_N000735_N001999|E_N000737_N000739|E_N000737_N000741|E_N000741_N000851|E_N000741_N000862|E_N000744_N000751|E_N000744_N000753|E_N000744_N000755|E_N000744_N000877|E_N000749_N000750|E_N000749_N000879|E_N000749_N001887|E_N000749_N001889|E_N000750_N000753|E_N000755_N000879|E_N000759_N000765|E_N000759_N000766|E_N000759_N000769|E_N000759_N000891|E_N000760_N000764|E_N000760_N000766|E_N000760_N000769|E_N000760_N000890|E_N000760_N000892|E_N000760_N001900|E_N000760_N001903|E_N000760_N002026|E_N000763_N000778|E_N000763_N002027|E_N000764_N000766|E_N000764_N001900|E_N000764_N001903|E_N000765_N000766|E_N000765_N000769|E_N000766_N000769|E_N000769_N000890|E_N000769_N000892|E_N000777_N000792|E_N000777_N000904|E_N000781_N000783|E_N000795_N000797|E_N000797_N000907|E_N000819_N000834|E_N000833_N000848|E_N000833_N000960|E_N000834_N001971|E_N000847_N000867|E_N000847_N000974|E_N000848_N001985|E_N000851_N000853|E_N000861_N000865|E_N000861_N000867|E_N000861_N002015|E_N000861_N002125|E_N000863_N000865|E_N000863_N000867|E_N000865_N000867|E_N000865_N000876|E_N000867_N000977|E_N000870_N000877|E_N000870_N000879|E_N000870_N000881|E_N000870_N001003|E_N000875_N000876|E_N000875_N001005|E_N000875_N002013|E_N000875_N002015|E_N000876_N000879|E_N000881_N000991|E_N000881_N001005|E_N000885_N000891|E_N000885_N000892|E_N000885_N000895|E_N000885_N001017|E_N000886_N000890|E_N000886_N000892|E_N000886_N000895|E_N000886_N001016|E_N000886_N001018|E_N000886_N002026|E_N000886_N002029|E_N000886_N002152|E_N000889_N000904|E_N000890_N000892|E_N000890_N002026|E_N000890_N002027|E_N000890_N002029|E_N000891_N000892|E_N000891_N000895|E_N000892_N000895|E_N000893_N000905|E_N000895_N001018|E_N000904_N002027|E_N000921_N000923|E_N000923_N001033|E_N000945_N000960|E_N000959_N000974|E_N000959_N001086|E_N000968_N000993|E_N000973_N000979|E_N000973_N001100|E_N000973_N002127|E_N000977_N000979|E_N000982_N001117|E_N000987_N000991|E_N000987_N000993|E_N000987_N001114|E_N000987_N001128|E_N000987_N002141|E_N000987_N002251|E_N000988_N002125|E_N000989_N000993|E_N000991_N000993|E_N000991_N001002|E_N000993_N001103|E_N000996_N001003|E_N000996_N001005|E_N000996_N001007|E_N000996_N001129|E_N001001_N001002|E_N001001_N001131|E_N001001_N002139|E_N001001_N002141|E_N001002_N001005|E_N001007_N001117|E_N001007_N001128|E_N001007_N001131|E_N001016_N001018|E_N001016_N001021|E_N001016_N002152|E_N001017_N001018|E_N001018_N001021|E_N001019_N001021|E_N001024_N001033|E_N001047_N001049|E_N001052_N001061|E_N001057_N002195|E_N001066_N001075|E_N001071_N002209|E_N001072_N001077|E_N001075_N001091|E_N001080_N001089|E_N001085_N001086|E_N001085_N001100|E_N001085_N002223|E_N001086_N001091|E_N001089_N001091|E_N001089_N001105|E_N001094_N001103|E_N001099_N001100|E_N001099_N001114|E_N001099_N002237|E_N001100_N001103|E_N001100_N001105|E_N001101_N001105|E_N001103_N001105|E_N001103_N001119|E_N001108_N001117|E_N001113_N001114|E_N001113_N001117|E_N001113_N002251|E_N001114_N001119|E_N001114_N002251|E_N001117_N001119|E_N001117_N001128|E_N001117_N001129|E_N001117_N001133|E_N001122_N001131|E_N001127_N002265|E_N001128_N001131|E_N001128_N001133|E_N001128_N002265|E_N001138_N001142|E_N001138_N001144|E_N001138_N001147|E_N001138_N001268|E_N001138_N001270|E_N001138_N002278|E_N001138_N002281|E_N001138_N002404|E_N001139_N001142|E_N001139_N001144|E_N001139_N001146|E_N001139_N002278|E_N001139_N002280|E_N001142_N001144|E_N001142_N002278|E_N001144_N001146|E_N001144_N001147|E_N001154_N001156|E_N001156_N001160|E_N001197_N002351|E_N001211_N001217|E_N001225_N001240|E_N001238_N001244|E_N001239_N001254|E_N001239_N001366|E_N001243_N001245|E_N001243_N001254|E_N001243_N001258|E_N001245_N001355|E_N001252_N001254|E_N001252_N001257|E_N001252_N001258|E_N001252_N002391|E_N001252_N002392|E_N001253_N001254|E_N001253_N001257|E_N001253_N001383|E_N001253_N002391|E_N001253_N002393|E_N001253_N002517|E_N001254_N001257|E_N001254_N001258|E_N001254_N001259|E_N001254_N002391|E_N001257_N001258|E_N001257_N001259|E_N001259_N001380|E_N001259_N001383|E_N001264_N001268|E_N001264_N001270|E_N001264_N001273|E_N001264_N001394|E_N001264_N001396|E_N001264_N002404|E_N001264_N002407|E_N001264_N002530|E_N001267_N001287|E_N001268_N001270|E_N001268_N001271|E_N001268_N002404|E_N001270_N001273|E_N001273_N001396|E_N001282_N001285|E_N001327_N001338|E_N001337_N001343|E_N001337_N001464|E_N001338_N002461|E_N001341_N001343|E_N001343_N001453|E_N001351_N001366|E_N001351_N001478|E_N001355_N001357|E_N001357_N001467|E_N001365_N001369|E_N001365_N002519|E_N001369_N001380|E_N001371_N001481|E_N001371_N001492|E_N001379_N001380|E_N001379_N001383|E_N001379_N001385|E_N001379_N001509|E_N001379_N002517|E_N001379_N002519|E_N001380_N001383|E_N001380_N002517|E_N001380_N002519|E_N001385_N001509|E_N001390_N001394|E_N001390_N001396|E_N001390_N001399|E_N001390_N001520|E_N001390_N001522|E_N001390_N002530|E_N001390_N002533|E_N001390_N002656|E_N001393_N001397|E_N001394_N001396|E_N001394_N002530|E_N001396_N001399|E_N001399_N001522|E_N001408_N001411|E_N001408_N002531|E_N001422_N001425|E_N001449_N001464|E_N001449_N001576|E_N001463_N001469|E_N001463_N001478|E_N001463_N001590|E_N001469_N001579|E_N001477_N001604|E_N001477_N002631|E_N001481_N001483|E_N001491_N001497|E_N001491_N001618|E_N001491_N001632|E_N001491_N002645|E_N001491_N002755|E_N001492_N002629|E_N001497_N001607|E_N001505_N001506|E_N001505_N001635|E_N001505_N002643|E_N001505_N002645|E_N001506_N001509|E_N001511_N001632|E_N001511_N001635|E_N001516_N001520|E_N001516_N001522|E_N001516_N001525|E_N001516_N001646|E_N001516_N001648|E_N001516_N002656|E_N001516_N002659|E_N001516_N002782|E_N001520_N001522|E_N001520_N002656|E_N001522_N001525|E_N001525_N001648|E_N001533_N001539|E_N001575_N001590|E_N001589_N001595|E_N001589_N001604|E_N001589_N001716|E_N001593_N001595|E_N001595_N001705|E_N001603_N001618|E_N001603_N001730|E_N001607_N001609|E_N001609_N001719|E_N001617_N001621|E_N001617_N001744|E_N001621_N001632|E_N001623_N001733|E_N001631_N001632|E_N001631_N001761|E_N001631_N002769|E_N001631_N002771|E_N001632_N001635|E_N001632_N001637|E_N001632_N002645|E_N001632_N002755|E_N001632_N002769|E_N001632_N002771|E_N001637_N001761|E_N001642_N001646|E_N001642_N001648|E_N001642_N001651|E_N001642_N001772|E_N001642_N001774|E_N001642_N002782|E_N001642_N002908|E_N001645_N002909|E_N001646_N001648|E_N001646_N002782|E_N001648_N001651|E_N001651_N001772|E_N001651_N001774|E_N001673_N001800|E_N001679_N001789|E_N001701_N001716|E_N001701_N001828|E_N001702_N002839|E_N001707_N001817|E_N001715_N001721|E_N001715_N001730|E_N001715_N001842|E_N001719_N001721|E_N001721_N001831|E_N001729_N001856|E_N001733_N001735|E_N001735_N001845|E_N001743_N001747|E_N001743_N001870|E_N001743_N003007|E_N001747_N001758|E_N001749_N001859|E_N001749_N001870|E_N001757_N001758|E_N001757_N001887|E_N001757_N002895|E_N001757_N002897|E_N001758_N001761|E_N001758_N002895|E_N001758_N002897|E_N001763_N001887|E_N001768_N001772|E_N001768_N001777|E_N001768_N001898|E_N001768_N001900|E_N001768_N002908|E_N001768_N002911|E_N001768_N003034|E_N001771_N001775|E_N001772_N001774|E_N001772_N002908|E_N001772_N002911|E_N001774_N001777|E_N001777_N001900|E_N001785_N001800|E_N001800_N002939|E_N001803_N001805|E_N001805_N001915|E_N001813_N001828|E_N001814_N001817|E_N001817_N001819|E_N001819_N001929|E_N001827_N001842|E_N001827_N001954|E_N001841_N001847|E_N001841_N001856|E_N001841_N001968|E_N001842_N001845|E_N001845_N001847|E_N001847_N001957|E_N001855_N001870|E_N001855_N001982|E_N001859_N001861|E_N001861_N001971|E_N001869_N001873|E_N001869_N001875|E_N001869_N003133|E_N001870_N003007|E_N001873_N001884|E_N001875_N001985|E_N001883_N001884|E_N001883_N002013|E_N001883_N003021|E_N001883_N003023|E_N001884_N001887|E_N001884_N003021|E_N001889_N002013|E_N001894_N001898|E_N001894_N001900|E_N001894_N001903|E_N001894_N002024|E_N001894_N002026|E_N001894_N003034|E_N001894_N003037|E_N001894_N003160|E_N001898_N001900|E_N001898_N003034|E_N001900_N001903|E_N001903_N002026|E_N001929_N001931|E_N001943_N001945|E_N001953_N001968|E_N001953_N003107|E_N001971_N001973|E_N001973_N002083|E_N001981_N001996|E_N001985_N001987|E_N001987_N002097|E_N001995_N001999|E_N001995_N002001|E_N001995_N002122|E_N001995_N003149|E_N001995_N003259|E_N001996_N003133|E_N001999_N002001|E_N002001_N002111|E_N002009_N002010|E_N002009_N002139|E_N002009_N003147|E_N002009_N003149|E_N002010_N002013|E_N002015_N002125|E_N002015_N002139|E_N002020_N002024|E_N002020_N002026|E_N002020_N002029|E_N002020_N002150|E_N002020_N002152|E_N002020_N003160|E_N002020_N003163|E_N002020_N003286|E_N002023_N002027|E_N002023_N002043|E_N002023_N003163|E_N002024_N002026|E_N002024_N003160|E_N002026_N002029|E_N002029_N002152|E_N002093_N002113|E_N002107_N002122|E_N002111_N002113|E_N002121_N002125|E_N002121_N002127|E_N002121_N002248|E_N002121_N003275|E_N002121_N003385|E_N002122_N003259|E_N002127_N002237|E_N002135_N002136|E_N002135_N002265|E_N002135_N003273|E_N002135_N003275|E_N002136_N002139|E_N002141_N002251|E_N002141_N002262|E_N002141_N002265|E_N002146_N002150|E_N002146_N003286|E_N002150_N002152|E_N002150_N003286|E_N002152_N002155|E_N002191_N003329|E_N002192_N002195|E_N002192_N002197|E_N002195_N002206|E_N002205_N003343|E_N002206_N002211|E_N002219_N002220|E_N002219_N003357|E_N002220_N002225|E_N002223_N002225|E_N002223_N002239|E_N002233_N002234|E_N002233_N002248|E_N002233_N003371|E_N002234_N002239|E_N002237_N002239|E_N002237_N002253|E_N002247_N002248|E_N002247_N003385|E_N002248_N002253|E_N002248_N003387|E_N002251_N002262|E_N002251_N002267|E_N002261_N002262|E_N002261_N003399|E_N002262_N002265|E_N002262_N002267|E_N002272_N002276|E_N002272_N002278|E_N002272_N002281|E_N002272_N002402|E_N002272_N002404|E_N002272_N003412|E_N002272_N003415|E_N002272_N003538|E_N002273_N002276|E_N002273_N002278|E_N002273_N002280|E_N002273_N003412|E_N002273_N003414|E_N002276_N002278|E_N002276_N002279|E_N002278_N002280|E_N002278_N002281|E_N002281_N002404|E_N002288_N002308|E_N002345_N002351|E_N002358_N003512|E_N002360_N003497|E_N002363_N002378|E_N002372_N003512|E_N002372_N003526|E_N002373_N002379|E_N002374_N002378|E_N002377_N002379|E_N002386_N002388|E_N002386_N002391|E_N002386_N002392|E_N002386_N003525|E_N002386_N003526|E_N002387_N002388|E_N002387_N002391|E_N002387_N002393|E_N002387_N002514|E_N002387_N002517|E_N002387_N003525|E_N002387_N003527|E_N002387_N003651|E_N002388_N002391|E_N002388_N003525|E_N002391_N002392|E_N002391_N002393|E_N002393_N002503|E_N002393_N002517|E_N002398_N002402|E_N002398_N002404|E_N002398_N002407|E_N002398_N002528|E_N002398_N002530|E_N002398_N003538|E_N002398_N003541|E_N002398_N003664|E_N002402_N002404|E_N002402_N003538|E_N002404_N002407|E_N002407_N002530|E_N002444_N003581|E_N002471_N002477|E_N002485_N002505|E_N002485_N003625|E_N002489_N002491|E_N002489_N002505|E_N002499_N002503|E_N002499_N002514|E_N002503_N002505|E_N002503_N002514|E_N002505_N002615|E_N002513_N002514|E_N002513_N002519|E_N002513_N002643|E_N002513_N003651|E_N002513_N003653|E_N002514_N002517|E_N002514_N003651|E_N002514_N003653|E_N002517_N002519|E_N002519_N002629|E_N002519_N002640|E_N002519_N002643|E_N002524_N002528|E_N002524_N002530|E_N002524_N002533|E_N002524_N002654|E_N002524_N002656|E_N002524_N003664|E_N002524_N003667|E_N002524_N003790|E_N002528_N002530|E_N002528_N003664|E_N002530_N002533|E_N002533_N002656|E_N002542_N003665|E_N002598_N002601|E_N002611_N002626|E_N002625_N002626|E_N002625_N002640|E_N002625_N002752|E_N002626_N003763|E_N002629_N002631|E_N002639_N002640|E_N002639_N002766|E_N002639_N002769|E_N002639_N003777|E_N002639_N003779|E_N002640_N002643|E_N002640_N003779|E_N002645_N002755|E_N002645_N002766|E_N002645_N002769|E_N002650_N002654|E_N002650_N002656|E_N002650_N002659|E_N002650_N002780|E_N002650_N002782|E_N002650_N003790|E_N002650_N003793|E_N002650_N003916|E_N002653_N002659|E_N002654_N002656|E_N002654_N003790|E_N002656_N002659|E_N002659_N002782|E_N002737_N002752|E_N002751_N002755|E_N002751_N002757|E_N002751_N002766|E_N002751_N002878|E_N002751_N003905|E_N002752_N003889|E_N002755_N002757|E_N002755_N002766|E_N002757_N002867|E_N002765_N002766|E_N002765_N002771|E_N002765_N002892|E_N002765_N002895|E_N002765_N003903|E_N002765_N003905|E_N002766_N002769|E_N002766_N003903|E_N002766_N003905|E_N002771_N002892|E_N002771_N002895|E_N002776_N002780|E_N002776_N002782|E_N002776_N002785|E_N002776_N002906|E_N002776_N002908|E_N002776_N003916|E_N002776_N003919|E_N002776_N004042|E_N002780_N002782|E_N002780_N003916|E_N002782_N002785|E_N002785_N002908|E_N002808_N002811|E_N002855_N002965|E_N002863_N002878|E_N002863_N002990|E_N002863_N004017|E_N002869_N002979|E_N002877_N002881|E_N002877_N002892|E_N002877_N004031|E_N002877_N004141|E_N002881_N002892|E_N002883_N003004|E_N002891_N002892|E_N002891_N003021|E_N002891_N004029|E_N002891_N004031|E_N002892_N002895|E_N002892_N004029|E_N002892_N004031|E_N002897_N003018|E_N002897_N003021|E_N002902_N002906|E_N002902_N002908|E_N002902_N002911|E_N002902_N003032|E_N002902_N003034|E_N002902_N004042|E_N002902_N004045|E_N002902_N004168|E_N002905_N002909|E_N002906_N002908|E_N002906_N004042|E_N002908_N002911|E_N002911_N003034|E_N002965_N002967|E_N002975_N002981|E_N002979_N002981|E_N002989_N003004|E_N002993_N002995|E_N003003_N003007|E_N003003_N003009|E_N003003_N003018|E_N003003_N003130|E_N003003_N004157|E_N003003_N004267|E_N003004_N004143|E_N003007_N003009|E_N003007_N003018|E_N003009_N003119|E_N003017_N003018|E_N003017_N003147|E_N003017_N004155|E_N003017_N004157|E_N003018_N003021|E_N003023_N003147|E_N003028_N003032|E_N003028_N003034|E_N003028_N003037|E_N003028_N003158|E_N003028_N003160|E_N003028_N004168|E_N003028_N004171|E_N003028_N004294|E_N003032_N003034|E_N003032_N004168|E_N003034_N003037|E_N003037_N003160|E_N003049_N003060|E_N003074_N004211|E_N003102_N004239|E_N003105_N003116|E_N003115_N003130|E_N003129_N003135|E_N003129_N003256|E_N003129_N004283|E_N003129_N004393|E_N003133_N003144|E_N003135_N003245|E_N003143_N003144|E_N003143_N003273|E_N003143_N004281|E_N003143_N004283|E_N003144_N003147|E_N003149_N003273|E_N003154_N003158|E_N003154_N003160|E_N003154_N003163|E_N003154_N003284|E_N003154_N003286|E_N003154_N004294|E_N003154_N004297|E_N003154_N004420|E_N003158_N003160|E_N003158_N004294|E_N003160_N003163|E_N003163_N003286|E_N003200_N003203|E_N003227_N004381|E_N003228_N004365|E_N003242_N004365|E_N003245_N003256|E_N003247_N003357|E_N003255_N003259|E_N003255_N003261|E_N003255_N003270|E_N003256_N004393|E_N003259_N003261|E_N003259_N003270|E_N003269_N003270|E_N003269_N003275|E_N003269_N003399|E_N003269_N004407|E_N003269_N004409|E_N003270_N003273|E_N003270_N004409|E_N003275_N003385|E_N003275_N003396|E_N003275_N003399|E_N003284_N003286|E_N003284_N004420|E_N003286_N003289|E_N003340_N003345|E_N003353_N003354|E_N003353_N004491|E_N003354_N003359|E_N003357_N003373|E_N003367_N003368|E_N003367_N003382|E_N003367_N004505|E_N003368_N003373|E_N003371_N003387|E_N003381_N003382|E_N003381_N003385|E_N003381_N004519|E_N003382_N003387|E_N003382_N004521|E_N003385_N003387|E_N003385_N003401|E_N003395_N003396|E_N003395_N004533|E_N003396_N003399|E_N003396_N003401|E_N003396_N004533|E_N003406_N003538|E_N003407_N003410|E_N003407_N003412|E_N003407_N003414|E_N003407_N004546|E_N003407_N004548|E_N003415_N003538|E_N003436_N003441|E_N003450_N003452|E_N003450_N003456|E_N003492_N003498|E_N003492_N003508|E_N003493_N003508|E_N003497_N003508|E_N003506_N003508|E_N003506_N003511|E_N003506_N003526|E_N003507_N003508|E_N003507_N003513|E_N003507_N004661|E_N003508_N003512|E_N003508_N003513|E_N003508_N004631|E_N003508_N004645|E_N003508_N004646|E_N003508_N004647|E_N003520_N003522|E_N003520_N003525|E_N003520_N004659|E_N003520_N004660|E_N003521_N003522|E_N003521_N003651|E_N003521_N004661|E_N003522_N003525|E_N003522_N004659|E_N003525_N003526|E_N003525_N003527|E_N003527_N003637|E_N003527_N003648|E_N003527_N003651|E_N003532_N003536|E_N003532_N003538|E_N003532_N003541|E_N003532_N003662|E_N003532_N003664|E_N003532_N004672|E_N003532_N004675|E_N003532_N004798|E_N003536_N003538|E_N003538_N003541|E_N003541_N003664|E_N003550_N003553|E_N003564_N003567|E_N003578_N003581|E_N003619_N004759|E_N003633_N003648|E_N003637_N003639|E_N003647_N003648|E_N003647_N003653|E_N003647_N003774|E_N003647_N003777|E_N003647_N004785|E_N003647_N004787|E_N003647_N004911|E_N003648_N003651|E_N003648_N003653|E_N003648_N004785|E_N003653_N003763|E_N003653_N003774|E_N003653_N003777|E_N003658_N003662|E_N003658_N003664|E_N003658_N003667|E_N003658_N003788|E_N003658_N003790|E_N003658_N004798|E_N003658_N004801|E_N003658_N004924|E_N003662_N003664|E_N003662_N004798|E_N003664_N003667|E_N003667_N003790|E_N003759_N003763|E_N003759_N003765|E_N003759_N003774|E_N003759_N004913|E_N003763_N003765|E_N003763_N003774|E_N003773_N003774|E_N003773_N003779|E_N003773_N003900|E_N003773_N003903|E_N003773_N004911|E_N003773_N004913|E_N003773_N005037|E_N003774_N003777|E_N003774_N004911|E_N003774_N004913|E_N003777_N003779|E_N003779_N003903|E_N003784_N003788|E_N003784_N003790|E_N003784_N003793|E_N003784_N003914|E_N003784_N003916|E_N003784_N004924|E_N003784_N004927|E_N003784_N005050|E_N003787_N004927|E_N003788_N003790|E_N003788_N004924|E_N003790_N003793|E_N003793_N003916|E_N003875_N003886|E_N003885_N003889|E_N003885_N003900|E_N003889_N003891|E_N003899_N003900|E_N003899_N004029|E_N003899_N005037|E_N003899_N005039|E_N003900_N003903|E_N003905_N004015|E_N003905_N004026|E_N003905_N004029|E_N003910_N003914|E_N003910_N003916|E_N003910_N003919|E_N003910_N004040|E_N003910_N004042|E_N003910_N005050|E_N003910_N005053|E_N003910_N005176|E_N003914_N003916|E_N003914_N005050|E_N003916_N003919|E_N003919_N004042|E_N004011_N004015|E_N004011_N004017|E_N004011_N004026|E_N004011_N004138|E_N004011_N005165|E_N004011_N005275|E_N004012_N005149|E_N004015_N004017|E_N004017_N004127|E_N004025_N004026|E_N004025_N004155|E_N004025_N005163|E_N004025_N005165|E_N004026_N004029|E_N004026_N005165|E_N004031_N004141|E_N004031_N004152|E_N004031_N004155|E_N004036_N004040|E_N004036_N004042|E_N004036_N004045|E_N004036_N004166|E_N004036_N004168|E_N004036_N005176|E_N004036_N005179|E_N004036_N005302|E_N004040_N004042|E_N004040_N005176|E_N004042_N004045|E_N004045_N004168|E_N004110_N005247|E_N004113_N004124|E_N004123_N004138|E_N004137_N004152|E_N004137_N004264|E_N004137_N005277|E_N004137_N005291|E_N004137_N005401|E_N004141_N004143|E_N004141_N004152|E_N004143_N004253|E_N004151_N004152|E_N004151_N004281|E_N004151_N005289|E_N004151_N005291|E_N004152_N004155|E_N004152_N005289|E_N004152_N005291|E_N004157_N004281|E_N004162_N004166|E_N004162_N004168|E_N004162_N004171|E_N004162_N004292|E_N004162_N004294|E_N004162_N005302|E_N004162_N005305|E_N004162_N005428|E_N004166_N004168|E_N004166_N005302|E_N004168_N004171|E_N004169_N004180|E_N004171_N004294|E_N004235_N004241|E_N004249_N004264|E_N004253_N004264|E_N004263_N004267|E_N004263_N004278|E_N004263_N004390|E_N004263_N005417|E_N004267_N004278|E_N004269_N004379|E_N004277_N004278|E_N004277_N004407|E_N004277_N005415|E_N004277_N005417|E_N004278_N004281|E_N004278_N005417|E_N004283_N004393|E_N004283_N004404|E_N004283_N004407|E_N004288_N004292|E_N004288_N004294|E_N004288_N004297|E_N004288_N004418|E_N004288_N004420|E_N004288_N005428|E_N004288_N005431|E_N004288_N005554|E_N004292_N004294|E_N004292_N005428|E_N004294_N004297|E_N004297_N004420|E_N004376_N004379|E_N004389_N004393|E_N004389_N004404|E_N004389_N004516|E_N004393_N004395|E_N004393_N004404|E_N004403_N004404|E_N004403_N004409|E_N004403_N004533|E_N004403_N005541|E_N004403_N005543|E_N004404_N004407|E_N004404_N005541|E_N004404_N005543|E_N004409_N004519|E_N004409_N004530|E_N004409_N004533|E_N004414_N004420|E_N004414_N005554|E_N004418_N004420|E_N004418_N005554|E_N004420_N004423|E_N004491_N004507|E_N004501_N004502|E_N004501_N004516|E_N004501_N005639|E_N004505_N004507|E_N004505_N004516|E_N004505_N004521|E_N004515_N004516|E_N004515_N004519|E_N004515_N005653|E_N004516_N004521|E_N004516_N005653|E_N004519_N004521|E_N004519_N004530|E_N004519_N004535|E_N004529_N004530|E_N004530_N004533|E_N004530_N004535|E_N004530_N005667|E_N004530_N005669|E_N004540_N004544|E_N004540_N004546|E_N004540_N004549|E_N004540_N004670|E_N004540_N004672|E_N004540_N005680|E_N004540_N005683|E_N004540_N005806|E_N004541_N004544|E_N004541_N004546|E_N004541_N004548|E_N004541_N005680|E_N004541_N005682|E_N004544_N005680|E_N004557_N004563|E_N004558_N005695|E_N004575_N004590|E_N004584_N004590|E_N004586_N004590|E_N004589_N004604|E_N004598_N004600|E_N004600_N004604|E_N004640_N005780|E_N004645_N004647|E_N004654_N004656|E_N004654_N004659|E_N004654_N004660|E_N004654_N005793|E_N004654_N005794|E_N004655_N004656|E_N004655_N004659|E_N004655_N004661|E_N004655_N004782|E_N004655_N004785|E_N004655_N005793|E_N004655_N005795|E_N004655_N005919|E_N004656_N004659|E_N004656_N005793|E_N004659_N004660|E_N004659_N004661|E_N004661_N004771|E_N004661_N004785|E_N004666_N004670|E_N004666_N004672|E_N004666_N004675|E_N004666_N004796|E_N004666_N004798|E_N004666_N005806|E_N004666_N005809|E_N004666_N005932|E_N004670_N005806|E_N004675_N004798|E_N004711_N004712|E_N004740_N005863|E_N004753_N004759|E_N004771_N004782|E_N004781_N004782|E_N004781_N004785|E_N004781_N004787|E_N004781_N004908|E_N004781_N004911|E_N004781_N005919|E_N004781_N005921|E_N004782_N004785|E_N004782_N005919|E_N004785_N004787|E_N004787_N004897|E_N004787_N004908|E_N004787_N004911|E_N004792_N004796|E_N004792_N004798|E_N004792_N004801|E_N004792_N004922|E_N004792_N004924|E_N004792_N005932|E_N004792_N005935|E_N004792_N006058|E_N004796_N004798|E_N004796_N005932|E_N004798_N004801|E_N004801_N004924|E_N004810_N004813|E_N004823_N004824|E_N004879_N004885|E_N004893_N004908|E_N004897_N004908|E_N004907_N004908|E_N004907_N004913|E_N004907_N005034|E_N004907_N005037|E_N004907_N006045|E_N004907_N006047|E_N004908_N004911|E_N004908_N006047|E_N004913_N005023|E_N004913_N005034|E_N004913_N005037|E_N004918_N004922|E_N004918_N004924|E_N004918_N004927|E_N004918_N005048|E_N004918_N005050|E_N004918_N006058|E_N004918_N006061|E_N004918_N006184|E_N004921_N006061|E_N004922_N004924|E_N004922_N006058|E_N004924_N004927|E_N004927_N005050|E_N004963_N005104|E_N004963_N006103|E_N005006_N006129|E_N005019_N005034|E_N005033_N005034|E_N005033_N005039|E_N005033_N005163|E_N005033_N006171|E_N005033_N006173|E_N005034_N005037|E_N005034_N006171|E_N005039_N005149|E_N005039_N005160|E_N005039_N005163|E_N005044_N005048|E_N005044_N005050|E_N005044_N005053|E_N005044_N005174|E_N005044_N005176|E_N005044_N006184|E_N005044_N006187|E_N005044_N006310|E_N005048_N005050|E_N005048_N006184|E_N005050_N005053|E_N005053_N005176|E_N005075_N006215|E_N005145_N005149|E_N005145_N005160|E_N005159_N005160|E_N005159_N005289|E_N005159_N006297|E_N005159_N006299|E_N005160_N005163|E_N005160_N006297|E_N005163_N005165|E_N005165_N005275|E_N005165_N005286|E_N005165_N005289|E_N005170_N005174|E_N005170_N005176|E_N005170_N005179|E_N005170_N005300|E_N005170_N005302|E_N005170_N006310|E_N005170_N006313|E_N005170_N006436|E_N005174_N005176|E_N005174_N006310|E_N005176_N005179|E_N005179_N005302|E_N005229_N006383|E_N005271_N005286|E_N005271_N005398|E_N005271_N006425|E_N005275_N005286|E_N005285_N005286|E_N005285_N005291|E_N005285_N005415|E_N005285_N006423|E_N005285_N006425|E_N005286_N005289|E_N005286_N006425|E_N005291_N005412|E_N005291_N005415|E_N005296_N005300|E_N005296_N005302|E_N005296_N005305|E_N005296_N005426|E_N005296_N005428|E_N005296_N006436|E_N005296_N006439|E_N005296_N006562|E_N005299_N006439|E_N005300_N005302|E_N005300_N006436|E_N005302_N005305|E_N005305_N005428|E_N005317_N005328|E_N005356_N005359|E_N005383_N005389|E_N005397_N005401|E_N005397_N005412|E_N005397_N006551|E_N005401_N005403|E_N005401_N005412|E_N005411_N005412|E_N005411_N005541|E_N005411_N006549|E_N005411_N006551|E_N005412_N005415|E_N005412_N006549|E_N005412_N006551|E_N005417_N005527|E_N005417_N005538|E_N005417_N005541|E_N005422_N005426|E_N005422_N005428|E_N005422_N005431|E_N005422_N005552|E_N005422_N005554|E_N005422_N006562|E_N005422_N006565|E_N005422_N006688|E_N005426_N005428|E_N005426_N006562|E_N005428_N005431|E_N005431_N005554|E_N005468_N005471|E_N005523_N005538|E_N005524_N006647|E_N005527_N005529|E_N005537_N005538|E_N005537_N005543|E_N005537_N005664|E_N005537_N005667|E_N005537_N006675|E_N005537_N006677|E_N005537_N006801|E_N005538_N005541|E_N005538_N006675|E_N005538_N006677|E_N005543_N005653|E_N005543_N005664|E_N005543_N005667|E_N005548_N005554|E_N005548_N006688|E_N005552_N005554|E_N005552_N006688|E_N005554_N005557|E_N005625_N005641|E_N005635_N005636|E_N005636_N006773|E_N005639_N005655|E_N005649_N005650|E_N005649_N005653|E_N005649_N005664|E_N005650_N005655|E_N005653_N005655|E_N005653_N005669|E_N005663_N005664|E_N005664_N005667|E_N005664_N005669|E_N005664_N006801|E_N005664_N006803|E_N005667_N005669|E_N005674_N005678|E_N005674_N005680|E_N005674_N005683|E_N005674_N005804|E_N005674_N005806|E_N005674_N006814|E_N005674_N006817|E_N005674_N006940|E_N005675_N005678|E_N005675_N005680|E_N005675_N005682|E_N005675_N006814|E_N005675_N006816|E_N005678_N005680|E_N005678_N006814|E_N005680_N005682|E_N005680_N005683|E_N005683_N005806|E_N005737_N005752|E_N005765_N005776|E_N005774_N005780|E_N005788_N005790|E_N005788_N005793|E_N005788_N005794|E_N005788_N006927|E_N005788_N006928|E_N005789_N005790|E_N005789_N005793|E_N005789_N005916|E_N005789_N005919|E_N005789_N006927|E_N005789_N006929|E_N005790_N005793|E_N005790_N006927|E_N005793_N005794|E_N005793_N005795|E_N005795_N005919|E_N005800_N005804|E_N005800_N005806|E_N005800_N005809|E_N005800_N005930|E_N005800_N005932|E_N005800_N006940|E_N005800_N006943|E_N005800_N007066|E_N005804_N005806|E_N005804_N006940|E_N005806_N005809|E_N005809_N005932|E_N005817_N006957|E_N005823_N005947|E_N005837_N005961|E_N005849_N005860|E_N005901_N005916|E_N005901_N007055|E_N005902_N007025|E_N005915_N005916|E_N005915_N005919|E_N005915_N005921|E_N005915_N006042|E_N005915_N006045|E_N005915_N007053|E_N005915_N007055|E_N005915_N007179|E_N005916_N005919|E_N005916_N007053|E_N005919_N005921|E_N005921_N006031|E_N005921_N006042|E_N005921_N006045|E_N005926_N005930|E_N005926_N005932|E_N005926_N005935|E_N005926_N006056|E_N005926_N006058|E_N005926_N007066|E_N005926_N007069|E_N005926_N007192|E_N005929_N007069|E_N005930_N005932|E_N005932_N005935|E_N005935_N006058|E_N005947_N005963|E_N005961_N005977|E_N005963_N006087|E_N005975_N005991|E_N005977_N006101|E_N005985_N007125|E_N005986_N005989|E_N006014_N006017|E_N006027_N006042|E_N006027_N006154|E_N006027_N007181|E_N006041_N006042|E_N006041_N006168|E_N006041_N006171|E_N006041_N007179|E_N006041_N007181|E_N006042_N006045|E_N006042_N007165|E_N006042_N007179|E_N006045_N006047|E_N006047_N006157|E_N006047_N006171|E_N006052_N006056|E_N006052_N006058|E_N006052_N006061|E_N006052_N006182|E_N006052_N006184|E_N006052_N007192|E_N006052_N007318|E_N006056_N006058|E_N006056_N007192|E_N006058_N006061|E_N006061_N006184|E_N006087_N006103|E_N006101_N006117|E_N006103_N006227|E_N006117_N006241|E_N006153_N006168|E_N006153_N007307|E_N006154_N007277|E_N006167_N006168|E_N006167_N006173|E_N006167_N006294|E_N006167_N006297|E_N006167_N007305|E_N006167_N007307|E_N006168_N006171|E_N006168_N007305|E_N006173_N006283|E_N006173_N006297|E_N006178_N006182|E_N006178_N006184|E_N006178_N006187|E_N006178_N006308|E_N006178_N006310|E_N006178_N007318|E_N006178_N007321|E_N006178_N007444|E_N006182_N006184|E_N006182_N007318|E_N006184_N006187|E_N006187_N006310|E_N006213_N006229|E_N006227_N006243|E_N006241_N006257|E_N006243_N006367|E_N006255_N006271|E_N006257_N006381|E_N006279_N006294|E_N006279_N007433|E_N006293_N006294|E_N006293_N006299|E_N006293_N006420|E_N006293_N006423|E_N006293_N007431|E_N006293_N007433|E_N006294_N006297|E_N006294_N007431|E_N006297_N006299|E_N006299_N006409|E_N006299_N006420|E_N006299_N006423|E_N006304_N006308|E_N006304_N006310|E_N006304_N006313|E_N006304_N006434|E_N006304_N006436|E_N006304_N007444|E_N006304_N007447|E_N006304_N007570|E_N006308_N006310|E_N006310_N006313|E_N006313_N006436|E_N006367_N006383|E_N006381_N006397|E_N006383_N006507|E_N006395_N006406|E_N006405_N006420|E_N006419_N006420|E_N006419_N006425|E_N006419_N006546|E_N006419_N006549|E_N006419_N007557|E_N006419_N007559|E_N006420_N006423|E_N006420_N007559|E_N006425_N006535|E_N006425_N006546|E_N006425_N006549|E_N006430_N006434|E_N006430_N006436|E_N006430_N006439|E_N006430_N006560|E_N006430_N006562|E_N006430_N007570|E_N006430_N007696|E_N006434_N006436|E_N006434_N007570|E_N006436_N006439|E_N006439_N006562|E_N006476_N006479|E_N006507_N006523|E_N006521_N006537|E_N006523_N006647|E_N006531_N006546|E_N006535_N006537|E_N006545_N006546|E_N006545_N006672|E_N006545_N006675|E_N006545_N007683|E_N006545_N007685|E_N006546_N006549|E_N006546_N007683|E_N006546_N007685|E_N006549_N006551|E_N006551_N006675|E_N006556_N006560|E_N006556_N006562|E_N006556_N006565|E_N006556_N006686|E_N006556_N006688|E_N006556_N007696|E_N006556_N007699|E_N006556_N007822|E_N006560_N006562|E_N006560_N007696|E_N006562_N006565|E_N006565_N006688|E_N006602_N006605|E_N006671_N006672|E_N006671_N006677|E_N006671_N006798|E_N006671_N006801|E_N006671_N007809|E_N006671_N007811|E_N006671_N007935|E_N006672_N006675|E_N006672_N007809|E_N006675_N006677|E_N006677_N006801|E_N006682_N006688|E_N006682_N007822|E_N006686_N006688|E_N006686_N007822|E_N006688_N006691|E_N006759_N006775|E_N006769_N006770|E_N006773_N006789|E_N006783_N006784|E_N006783_N007921|E_N006787_N006803|E_N006797_N006798|E_N006798_N006801|E_N006798_N006803|E_N006798_N007937|E_N006801_N006803|E_N006808_N006812|E_N006808_N006814|E_N006808_N006817|E_N006808_N006938|E_N006808_N006940|E_N006808_N007948|E_N006808_N007951|E_N006808_N008074|E_N006809_N006812|E_N006809_N006814|E_N006809_N006816|E_N006809_N007948|E_N006809_N007950|E_N006812_N006814|E_N006812_N007948|E_N006814_N006816|E_N006814_N006817|E_N006817_N006940|E_N006853_N006859|E_N006895_N007022|E_N006909_N006924|E_N006922_N006924|E_N006922_N006927|E_N006922_N006928|E_N006922_N008061|E_N006922_N008062|E_N006923_N006924|E_N006923_N006927|E_N006923_N006929|E_N006923_N007050|E_N006923_N007053|E_N006923_N008061|E_N006923_N008063|E_N006923_N008187|E_N006924_N006927|E_N006924_N008061|E_N006927_N006928|E_N006927_N006929|E_N006929_N007039|E_N006929_N007053|E_N006934_N006938|E_N006934_N006940|E_N006934_N006943|E_N006934_N007064|E_N006934_N007066|E_N006934_N008074|E_N006934_N008077|E_N006934_N008200|E_N006938_N008074|E_N006940_N006943|E_N006943_N007066|E_N007007_N007022|E_N007021_N007036|E_N007035_N007050|E_N007035_N007055|E_N007035_N007162|E_N007049_N007055|E_N007050_N007053|E_N007050_N008187|E_N007050_N008189|E_N007053_N007055|E_N007055_N007165|E_N007055_N007176|E_N007055_N007179|E_N007060_N007064|E_N007060_N007066|E_N007060_N007069|E_N007060_N007190|E_N007060_N007192|E_N007060_N008200|E_N007060_N008203|E_N007060_N008326|E_N007064_N007066|E_N007064_N008200|E_N007066_N007069|E_N007069_N007192|E_N007105_N007232|E_N007106_N008243|E_N007119_N007246|E_N007133_N007148|E_N007133_N007260|E_N007147_N008301|E_N007161_N007176|E_N007161_N007288|E_N007162_N007165|E_N007165_N007167|E_N007175_N007176|E_N007175_N007179|E_N007175_N007181|E_N007175_N007302|E_N007175_N007305|E_N007175_N008315|E_N007175_N008439|E_N007176_N007179|E_N007176_N008315|E_N007179_N007181|E_N007181_N007291|E_N007181_N007305|E_N007186_N007190|E_N007186_N007192|E_N007186_N007195|E_N007186_N007316|E_N007186_N007318|E_N007186_N008326|E_N007186_N008329|E_N007186_N008452|E_N007190_N007192|E_N007190_N008326|E_N007192_N007195|E_N007195_N007318|E_N007217_N007344|E_N007231_N007246|E_N007231_N007358|E_N007245_N007372|E_N007259_N007386|E_N007274_N008397|E_N007287_N007302|E_N007301_N007302|E_N007301_N007307|E_N007301_N007428|E_N007301_N007431|E_N007301_N008439|E_N007301_N008441|E_N007302_N007305|E_N007302_N008439|E_N007305_N007307|E_N007307_N007417|E_N007307_N007431|E_N007312_N007316|E_N007312_N007318|E_N007312_N007321|E_N007312_N007442|E_N007312_N007444|E_N007312_N008452|E_N007312_N008455|E_N007312_N008578|E_N007316_N007318|E_N007316_N008452|E_N007318_N007321|E_N007321_N007444|E_N007343_N007358|E_N007343_N007470|E_N007357_N007372|E_N007357_N007484|E_N007371_N007498|E_N007403_N007414|E_N007413_N007428|E_N007413_N007540|E_N007413_N008567|E_N007427_N007428|E_N007427_N007431|E_N007427_N007433|E_N007427_N007554|E_N007427_N007557|E_N007427_N008565|E_N007427_N008567|E_N007428_N007431|E_N007428_N008565|E_N007431_N007433|E_N007433_N007543|E_N007433_N007554|E_N007433_N007557|E_N007438_N007442|E_N007438_N007444|E_N007438_N007447|E_N007438_N007568|E_N007438_N007570|E_N007438_N008578|E_N007438_N008581|E_N007438_N008704|E_N007442_N007444|E_N007442_N007445|E_N007442_N008578|E_N007444_N007447|E_N007447_N007570|E_N007469_N007484|E_N007469_N007596|E_N007483_N007489|E_N007539_N007554|E_N007539_N007666|E_N007539_N008679|E_N007543_N007545|E_N007553_N007554|E_N007553_N007559|E_N007553_N007680|E_N007553_N007683|E_N007553_N008691|E_N007553_N008693|E_N007554_N007557|E_N007554_N008693|E_N007559_N007669|E_N007559_N007680|E_N007559_N007683|E_N007564_N007568|E_N007564_N007570|E_N007564_N007573|E_N007564_N007694|E_N007564_N007696|E_N007564_N008704|E_N007564_N008830|E_N007568_N007570|E_N007568_N008704|E_N007570_N007573|E_N007573_N007696|E_N007581_N008721|E_N007665_N007680|E_N007669_N007680|E_N007679_N007680|E_N007679_N007685|E_N007679_N007806|E_N007679_N007809|E_N007679_N008817|E_N007679_N008819|E_N007679_N008943|E_N007680_N007683|E_N007680_N008817|E_N007680_N008819|E_N007683_N007685|E_N007685_N007809|E_N007690_N007694|E_N007690_N007696|E_N007690_N007699|E_N007690_N007820|E_N007690_N007822|E_N007690_N008830|E_N007690_N008833|E_N007690_N008956|E_N007694_N007696|E_N007694_N008830|E_N007696_N007699|E_N007699_N007822|E_N007805_N007806|E_N007805_N007809|E_N007805_N007811|E_N007805_N007932|E_N007805_N007935|E_N007805_N008943|E_N007805_N008945|E_N007805_N009069|E_N007806_N007809|E_N007806_N008943|E_N007809_N007811|E_N007811_N007935|E_N007816_N007822|E_N007816_N008956|E_N007820_N007822|E_N007820_N008956|E_N007822_N007825|E_N007889_N007890|E_N007893_N007909|E_N007903_N007904|E_N007907_N007923|E_N007917_N007918|E_N007917_N007932|E_N007918_N007921|E_N007921_N007937|E_N007931_N007932|E_N007932_N007935|E_N007932_N007937|E_N007932_N009069|E_N007932_N009071|E_N007935_N007937|E_N007942_N007946|E_N007942_N007948|E_N007942_N007951|E_N007942_N008072|E_N007942_N008074|E_N007942_N009082|E_N007942_N009085|E_N007942_N009208|E_N007943_N007946|E_N007943_N007950|E_N007943_N009082|E_N007943_N009084|E_N007944_N007950|E_N007946_N007948|E_N007946_N009082|E_N007948_N007950|E_N007948_N007951|E_N007951_N008074|E_N007986_N008006|E_N008000_N009140|E_N008021_N008131|E_N008029_N008035|E_N008033_N008044|E_N008033_N008048|E_N008035_N008145|E_N008043_N009197|E_N008049_N008159|E_N008056_N008058|E_N008056_N008061|E_N008056_N008062|E_N008056_N009195|E_N008056_N009196|E_N008057_N008058|E_N008057_N008061|E_N008057_N008063|E_N008057_N008184|E_N008057_N008187|E_N008057_N009195|E_N008057_N009197|E_N008058_N008061|E_N008058_N009195|E_N008061_N008062|E_N008061_N008063|E_N008063_N008173|E_N008063_N008187|E_N008068_N008072|E_N008068_N008074|E_N008068_N008077|E_N008068_N008198|E_N008068_N008200|E_N008068_N009208|E_N008068_N009211|E_N008068_N009334|E_N008072_N008074|E_N008072_N009085|E_N008072_N009208|E_N008074_N008077|E_N008077_N008200|E_N008099_N008119|E_N008131_N008133|E_N008145_N008147|E_N008145_N008156|E_N008147_N008257|E_N008159_N008161|E_N008161_N008271|E_N008169_N009323|E_N008173_N008175|E_N008183_N008184|E_N008183_N008187|E_N008183_N008189|E_N008183_N008310|E_N008183_N009323|E_N008184_N008187|E_N008184_N009321|E_N008187_N008189|E_N008189_N008299|E_N008189_N008310|E_N008194_N008198|E_N008194_N008200|E_N008194_N008203|E_N008194_N008324|E_N008194_N008326|E_N008194_N009334|E_N008194_N009337|E_N008194_N009460|E_N008198_N008200|E_N008198_N009211|E_N008198_N009334|E_N008200_N008203|E_N008203_N008326|E_N008212_N008215|E_N008225_N008245|E_N008245_N008355|E_N008257_N008259|E_N008259_N008369|E_N008271_N008273|E_N008273_N008383|E_N008281_N008287|E_N008285_N008287|E_N008287_N008397|E_N008299_N008301|E_N008301_N008411|E_N008310_N008313|E_N008315_N008425|E_N008315_N008436|E_N008315_N008439|E_N008320_N008324|E_N008320_N008326|E_N008320_N008329|E_N008320_N008450|E_N008320_N008452|E_N008320_N009460|E_N008320_N009463|E_N008320_N009586|E_N008324_N008326|E_N008324_N009460|E_N008326_N008329|E_N008329_N008452|E_N008355_N008357|E_N008369_N008371|E_N008371_N008481|E_N008380_N009503|E_N008383_N008385|E_N008385_N008495|E_N008397_N008399|E_N008399_N008509|E_N008411_N008413|E_N008435_N008436|E_N008435_N008439|E_N008435_N008441|E_N008435_N008562|E_N008435_N008565|E_N008435_N009575|E_N008436_N008439|E_N008439_N008441|E_N008441_N008551|E_N008441_N008565|E_N008446_N008450|E_N008446_N008452|E_N008446_N008455|E_N008446_N008576|E_N008446_N008578|E_N008446_N009586|E_N008446_N009589|E_N008446_N009712|E_N008450_N008452|E_N008450_N009586|E_N008452_N008455|E_N008455_N008578|E_N008477_N008497|E_N008481_N008483|E_N008495_N008497|E_N008497_N008607|E_N008509_N008511|E_N008511_N008621|E_N008523_N008525|E_N008525_N008635|E_N008551_N008553|E_N008551_N008562|E_N008561_N008562|E_N008561_N008565|E_N008561_N008567|E_N008561_N008688|E_N008561_N009701|E_N008562_N008565|E_N008562_N009685|E_N008562_N009699|E_N008565_N008567|E_N008567_N008677|E_N008572_N008576|E_N008572_N008578|E_N008572_N008581|E_N008572_N008702|E_N008572_N008704|E_N008572_N009712|E_N008572_N009715|E_N008572_N009838|E_N008576_N008578|E_N008576_N009712|E_N008578_N008581|E_N008581_N008704|E_N008607_N008609|E_N008609_N008719|E_N008621_N008623|E_N008623_N008733|E_N008635_N008637|E_N008637_N008747|E_N008677_N008679|E_N008687_N008688|E_N008687_N008693|E_N008687_N008814|E_N008687_N008817|E_N008687_N009827|E_N008693_N008803|E_N008693_N008817|E_N008698_N008702|E_N008698_N008704|E_N008698_N008707|E_N008698_N008828|E_N008698_N008830|E_N008698_N009838|E_N008698_N009841|E_N008698_N009964|E_N008702_N008704|E_N008702_N009838|E_N008704_N008707|E_N008707_N008830|E_N008716_N009839|E_N008719_N008721|E_N008733_N008735|E_N008747_N008749|E_N008799_N009953|E_N008813_N008814|E_N008813_N008819|E_N008813_N008940|E_N008813_N008943|E_N008813_N009951|E_N008813_N009953|E_N008814_N008817|E_N008817_N008819|E_N008819_N008943|E_N008824_N008828|E_N008824_N008830|E_N008824_N008833|E_N008824_N008954|E_N008824_N008956|E_N008824_N009964|E_N008824_N009967|E_N008824_N010090|E_N008828_N008830|E_N008828_N009964|E_N008830_N008833|E_N008833_N008956|E_N008841_N009995|E_N008911_N008917|E_N008939_N008940|E_N008939_N008943|E_N008939_N008945|E_N008939_N009066|E_N008939_N009069|E_N008939_N010077|E_N008939_N010079|E_N008939_N010203|E_N008940_N008943|E_N008940_N010077|E_N008943_N008945|E_N008945_N009069|E_N008950_N008956|E_N008950_N010090|E_N008954_N008956|E_N008954_N008957|E_N008954_N010090|E_N008956_N008959|E_N009041_N009057|E_N009051_N009052|E_N009051_N009055|E_N009055_N009071|E_N009065_N009066|E_N009066_N009069|E_N009066_N010203|E_N009066_N010205|E_N009069_N009071|E_N009076_N009082|E_N009076_N009208|E_N009077_N009080|E_N009077_N009082|E_N009077_N009084|E_N009080_N009082|E_N009082_N009084|E_N009085_N009208|E_N009097_N009098|E_N009097_N009113|E_N009113_N009237|E_N009149_N009169|E_N009190_N009192|E_N009190_N009195|E_N009190_N009196|E_N009191_N009197|E_N009192_N009195|E_N009195_N009196|E_N009195_N009197|E_N009197_N009318|E_N009202_N009208|E_N009202_N009211|E_N009202_N009334|E_N009206_N009208|E_N009208_N009211|E_N009211_N009334|E_N009237_N009253|E_N009239_N009363|E_N009253_N009377|E_N009323_N009444|E_N009328_N009334|E_N009328_N009460|E_N009332_N009334|E_N009334_N009337|E_N009337_N009460|E_N009337_N009461|E_N009351_N009475|E_N009363_N009379|E_N009365_N009489|E_N009379_N009503|E_N009429_N009435|E_N009444_N009447|E_N009444_N009449|E_N009449_N009570|E_N009454_N009460|E_N009454_N009586|E_N009458_N009460|E_N009460_N009463|E_N009461_N009477|E_N009463_N009586|E_N009475_N009491|E_N009489_N009505|E_N009491_N009615|E_N009503_N009519|E_N009505_N009629|E_N009519_N009643|E_N009528_N009531|E_N009533_N009657|E_N009545_N009556|E_N009570_N009573|E_N009570_N009575|E_N009575_N009696|E_N009580_N009586|E_N009580_N009712|E_N009584_N009586|E_N009586_N009589|E_N009587_N009603|E_N009589_N009712|E_N009601_N009617|E_N009615_N009631|E_N009617_N009741|E_N009629_N009645|E_N009631_N009755|E_N009643_N009659|E_N009645_N009769|E_N009657_N009673|E_N009659_N009783|E_N009671_N009682|E_N009673_N009797|E_N009681_N009687|E_N009695_N009701|E_N009695_N009822|E_N009696_N009699|E_N009699_N009701|E_N009701_N009822|E_N009706_N009712|E_N009706_N009715|E_N009706_N009838|E_N009710_N009712|E_N009712_N009715|E_N009715_N009838|E_N009727_N009743|E_N009741_N009757|E_N009743_N009867|E_N009755_N009771|E_N009757_N009881|E_N009769_N009785|E_N009771_N009895|E_N009783_N009799|E_N009785_N009909|E_N009799_N009923|E_N009807_N009827|E_N009813_N009937|E_N009821_N009822|E_N009821_N009948|E_N009827_N009951|E_N009832_N009838|E_N009832_N009964|E_N009836_N009838|E_N009838_N009841|E_N009841_N009964|E_N009853_N009869|E_N009881_N009897|E_N009895_N009911|E_N009897_N010021|E_N009909_N009925|E_N009911_N010035|E_N009923_N009939|E_N009925_N010049|E_N009933_N009937|E_N009939_N010063|E_N009947_N009948|E_N009947_N010074|E_N009948_N009951|E_N009951_N009953|E_N009953_N010077|E_N009958_N009964|E_N009958_N010090|E_N009962_N009964|E_N009964_N009967|E_N009967_N010090|E_N010021_N010037|E_N010035_N010051|E_N010049_N010065|E_N010051_N010175|E_N010059_N010079|E_N010063_N010079|E_N010065_N010189|E_N010073_N010079|E_N010073_N010200|E_N010074_N010077|E_N010077_N010079|E_N010079_N010203|E_N010084_N010088|E_N010084_N010090|E_N010088_N010090|E_N010090_N010093|E_N010158_N010161|E_N010161_N010177|E_N010175_N010191|E_N010185_N010189|E_N010189_N010205|E_N010199_N010200|E_N010200_N010203|E_N010200_N010205|E_N010203_N010205
low_priority_uncertain,dbscan,eps_mm=6.84,D0002,2,E_N003717_N003723|E_N003717_N004871
low_priority_uncertain,graph_shared_junction,shared_node,G0001,959,E_N000000_N000010|E_N000001_N000012|E_N000003_N000009|E_N000003_N000010|E_N000003_N000013|E_N000003_N000135|E_N000003_N000136|E_N000004_N000008|E_N000004_N000010|E_N000004_N000013|E_N000004_N000134|E_N000004_N000136|E_N000004_N001144|E_N000004_N001147|E_N000004_N001270|E_N000005_N000008|E_N000005_N000010|E_N000005_N001144|E_N000005_N001146|E_N000007_N001147|E_N000008_N000010|E_N000008_N001144|E_N000009_N000010|E_N000010_N000012|E_N000010_N000013|E_N000013_N000136|E_N000129_N000135|E_N000129_N000136|E_N000129_N000139|E_N000129_N000261|E_N000130_N000134|E_N000130_N000136|E_N000130_N000139|E_N000130_N000260|E_N000130_N000262|E_N000130_N001270|E_N000130_N001273|E_N000130_N001396|E_N000134_N000136|E_N000134_N001270|E_N000134_N001273|E_N000135_N000136|E_N000136_N000139|E_N000139_N000260|E_N000139_N000262|E_N000255_N000261|E_N000255_N000262|E_N000255_N000265|E_N000255_N000387|E_N000255_N000388|E_N000256_N000260|E_N000256_N000262|E_N000256_N000265|E_N000256_N000386|E_N000256_N000388|E_N000256_N001396|E_N000256_N001399|E_N000256_N001522|E_N000260_N000262|E_N000260_N000263|E_N000260_N001396|E_N000261_N000262|E_N000262_N000265|E_N000265_N000388|E_N000381_N000387|E_N000381_N000388|E_N000381_N000391|E_N000381_N000513|E_N000382_N000386|E_N000382_N000388|E_N000382_N000391|E_N000382_N000512|E_N000382_N000514|E_N000382_N001522|E_N000382_N001525|E_N000382_N001648|E_N000386_N000388|E_N000386_N001522|E_N000387_N000388|E_N000388_N000391|E_N000391_N000514|E_N000507_N000513|E_N000507_N000514|E_N000507_N000517|E_N000507_N000639|E_N000508_N000512|E_N000508_N000514|E_N000508_N000517|E_N000508_N000638|E_N000508_N000640|E_N000508_N001648|E_N000508_N001651|E_N000508_N001774|E_N000512_N000514|E_N000512_N001648|E_N000513_N000514|E_N000514_N000517|E_N000517_N000640|E_N000539_N000666|E_N000633_N000639|E_N000633_N000640|E_N000633_N000643|E_N000633_N000765|E_N000634_N000638|E_N000634_N000643|E_N000634_N000764|E_N000634_N000766|E_N000634_N001774|E_N000634_N001777|E_N000634_N001900|E_N000638_N000640|E_N000638_N001774|E_N000639_N000640|E_N000640_N000643|E_N000643_N000766|E_N000651_N000666|E_N000651_N000778|E_N000665_N000792|E_N000666_N001805|E_N000759_N000765|E_N000759_N000766|E_N000759_N000769|E_N000759_N000891|E_N000760_N000764|E_N000760_N000766|E_N000760_N000769|E_N000760_N000890|E_N000760_N000892|E_N000760_N001900|E_N000760_N001903|E_N000760_N002026|E_N000763_N000778|E_N000763_N002027|E_N000764_N000766|E_N000764_N001900|E_N000764_N001903|E_N000765_N000766|E_N000765_N000769|E_N000766_N000769|E_N000769_N000890|E_N000769_N000892|E_N000777_N000792|E_N000777_N000904|E_N000885_N000891|E_N000885_N000892|E_N000885_N000895|E_N000885_N001017|E_N000886_N000890|E_N000886_N000892|E_N000886_N000895|E_N000886_N001016|E_N000886_N001018|E_N000886_N002026|E_N000886_N002029|E_N000886_N002152|E_N000889_N000904|E_N000890_N000892|E_N000890_N002026|E_N000890_N002027|E_N000890_N002029|E_N000891_N000892|E_N000891_N000895|E_N000892_N000895|E_N000895_N001018|E_N000904_N002027|E_N001016_N001018|E_N001016_N001021|E_N001016_N002152|E_N001017_N001018|E_N001018_N001021|E_N001019_N001021|E_N001138_N001142|E_N001138_N001144|E_N001138_N001147|E_N001138_N001268|E_N001138_N001270|E_N001138_N002278|E_N001138_N002281|E_N001138_N002404|E_N001139_N001142|E_N001139_N001144|E_N001139_N001146|E_N001139_N002278|E_N001139_N002280|E_N001142_N001144|E_N001142_N002278|E_N001144_N001146|E_N001144_N001147|E_N001264_N001268|E_N001264_N001270|E_N001264_N001273|E_N001264_N001394|E_N001264_N001396|E_N001264_N002404|E_N001264_N002407|E_N001264_N002530|E_N001268_N001270|E_N001268_N001271|E_N001268_N002404|E_N001270_N001273|E_N001273_N001396|E_N001390_N001394|E_N001390_N001396|E_N001390_N001399|E_N001390_N001520|E_N001390_N001522|E_N001390_N002530|E_N001390_N002533|E_N001390_N002656|E_N001394_N001396|E_N001394_N002530|E_N001396_N001399|E_N001399_N001522|E_N001516_N001520|E_N001516_N001522|E_N001516_N001525|E_N001516_N001646|E_N001516_N001648|E_N001516_N002656|E_N001516_N002659|E_N001516_N002782|E_N001520_N001522|E_N001520_N002656|E_N001522_N001525|E_N001525_N001648|E_N001642_N001646|E_N001642_N001648|E_N001642_N001651|E_N001642_N001772|E_N001642_N001774|E_N001642_N002782|E_N001642_N002908|E_N001646_N001648|E_N001646_N002782|E_N001648_N001651|E_N001651_N001772|E_N001651_N001774|E_N001768_N001772|E_N001768_N001777|E_N001768_N001898|E_N001768_N001900|E_N001768_N002908|E_N001768_N002911|E_N001768_N003034|E_N001772_N001774|E_N001772_N002908|E_N001772_N002911|E_N001774_N001777|E_N001777_N001900|E_N001803_N001805|E_N001805_N001915|E_N001894_N001898|E_N001894_N001900|E_N001894_N001903|E_N001894_N002024|E_N001894_N002026|E_N001894_N003034|E_N001894_N003037|E_N001894_N003160|E_N001898_N001900|E_N001898_N003034|E_N001900_N001903|E_N001903_N002026|E_N002020_N002024|E_N002020_N002026|E_N002020_N002029|E_N002020_N002150|E_N002020_N002152|E_N002020_N003160|E_N002020_N003163|E_N002020_N003286|E_N002023_N002027|E_N002023_N002043|E_N002023_N003163|E_N002024_N002026|E_N002024_N003160|E_N002026_N002029|E_N002029_N002152|E_N002146_N002150|E_N002146_N003286|E_N002150_N002152|E_N002150_N003286|E_N002152_N002155|E_N002272_N002276|E_N002272_N002278|E_N002272_N002281|E_N002272_N002402|E_N002272_N002404|E_N002272_N003412|E_N002272_N003415|E_N002272_N003538|E_N002273_N002276|E_N002273_N002278|E_N002273_N002280|E_N002273_N003412|E_N002273_N003414|E_N002276_N002278|E_N002276_N002279|E_N002278_N002280|E_N002278_N002281|E_N002281_N002404|E_N002398_N002402|E_N002398_N002404|E_N002398_N002407|E_N002398_N002528|E_N002398_N002530|E_N002398_N003538|E_N002398_N003541|E_N002398_N003664|E_N002402_N002404|E_N002402_N003538|E_N002404_N002407|E_N002407_N002530|E_N002524_N002528|E_N002524_N002530|E_N002524_N002533|E_N002524_N002654|E_N002524_N002656|E_N002524_N003664|E_N002524_N003667|E_N002524_N003790|E_N002528_N002530|E_N002528_N003664|E_N002530_N002533|E_N002533_N002656|E_N002650_N002654|E_N002650_N002656|E_N002650_N002659|E_N002650_N002780|E_N002650_N002782|E_N002650_N003790|E_N002650_N003793|E_N002650_N003916|E_N002653_N002659|E_N002654_N002656|E_N002654_N003790|E_N002656_N002659|E_N002659_N002782|E_N002776_N002780|E_N002776_N002782|E_N002776_N002785|E_N002776_N002906|E_N002776_N002908|E_N002776_N003916|E_N002776_N003919|E_N002776_N004042|E_N002780_N002782|E_N002780_N003916|E_N002782_N002785|E_N002785_N002908|E_N002902_N002906|E_N002902_N002908|E_N002902_N002911|E_N002902_N003032|E_N002902_N003034|E_N002902_N004042|E_N002902_N004045|E_N002902_N004168|E_N002906_N002908|E_N002906_N004042|E_N002908_N002911|E_N002911_N003034|E_N003028_N003032|E_N003028_N003034|E_N003028_N003037|E_N003028_N003158|E_N003028_N003160|E_N003028_N004168|E_N003028_N004171|E_N003028_N004294|E_N003032_N003034|E_N003032_N004168|E_N003034_N003037|E_N003037_N003160|E_N003154_N003158|E_N003154_N003160|E_N003154_N003163|E_N003154_N003284|E_N003154_N003286|E_N003154_N004294|E_N003154_N004297|E_N003154_N004420|E_N003158_N003160|E_N003158_N004294|E_N003160_N003163|E_N003163_N003286|E_N003284_N003286|E_N003284_N004420|E_N003286_N003289|E_N003406_N003538|E_N003407_N003410|E_N003407_N003412|E_N003407_N003414|E_N003407_N004546|E_N003407_N004548|E_N003415_N003538|E_N003532_N003536|E_N003532_N003538|E_N003532_N003541|E_N003532_N003662|E_N003532_N003664|E_N003532_N004672|E_N003532_N004675|E_N003532_N004798|E_N003536_N003538|E_N003538_N003541|E_N003541_N003664|E_N003658_N003662|E_N003658_N003664|E_N003658_N003667|E_N003658_N003788|E_N003658_N003790|E_N003658_N004798|E_N003658_N004801|E_N003658_N004924|E_N003662_N003664|E_N003662_N004798|E_N003664_N003667|E_N003667_N003790|E_N003784_N003788|E_N003784_N003790|E_N003784_N003793|E_N003784_N003914|E_N003784_N003916|E_N003784_N004924|E_N003784_N004927|E_N003784_N005050|E_N003787_N004927|E_N003788_N003790|E_N003788_N004924|E_N003790_N003793|E_N003793_N003916|E_N003910_N003914|E_N003910_N003916|E_N003910_N003919|E_N003910_N004040|E_N003910_N004042|E_N003910_N005050|E_N003910_N005053|E_N003910_N005176|E_N003914_N003916|E_N003914_N005050|E_N003916_N003919|E_N003919_N004042|E_N004036_N004040|E_N004036_N004042|E_N004036_N004045|E_N004036_N004166|E_N004036_N004168|E_N004036_N005176|E_N004036_N005179|E_N004036_N005302|E_N004040_N004042|E_N004040_N005176|E_N004042_N004045|E_N004045_N004168|E_N004162_N004166|E_N004162_N004168|E_N004162_N004171|E_N004162_N004292|E_N004162_N004294|E_N004162_N005302|E_N004162_N005305|E_N004162_N005428|E_N004166_N004168|E_N004166_N005302|E_N004168_N004171|E_N004171_N004294|E_N004288_N004292|E_N004288_N004294|E_N004288_N004297|E_N004288_N004418|E_N004288_N004420|E_N004288_N005428|E_N004288_N005431|E_N004288_N005554|E_N004292_N004294|E_N004292_N005428|E_N004294_N004297|E_N004297_N004420|E_N004414_N004420|E_N004414_N005554|E_N004418_N004420|E_N004418_N005554|E_N004420_N004423|E_N004540_N004544|E_N004540_N004546|E_N004540_N004549|E_N004540_N004670|E_N004540_N004672|E_N004540_N005680|E_N004540_N005683|E_N004540_N005806|E_N004541_N004544|E_N004541_N004546|E_N004541_N004548|E_N004541_N005680|E_N004541_N005682|E_N004544_N005680|E_N004666_N004670|E_N004666_N004672|E_N004666_N004675|E_N004666_N004796|E_N004666_N004798|E_N004666_N005806|E_N004666_N005809|E_N004666_N005932|E_N004670_N005806|E_N004675_N004798|E_N004792_N004796|E_N004792_N004798|E_N004792_N004801|E_N004792_N004922|E_N004792_N004924|E_N004792_N005932|E_N004792_N005935|E_N004792_N006058|E_N004796_N004798|E_N004796_N005932|E_N004798_N004801|E_N004801_N004924|E_N004918_N004922|E_N004918_N004924|E_N004918_N004927|E_N004918_N005048|E_N004918_N005050|E_N004918_N006058|E_N004918_N006061|E_N004918_N006184|E_N004921_N006061|E_N004922_N004924|E_N004922_N006058|E_N004924_N004927|E_N004927_N005050|E_N005044_N005048|E_N005044_N005050|E_N005044_N005053|E_N005044_N005174|E_N005044_N005176|E_N005044_N006184|E_N005044_N006187|E_N005044_N006310|E_N005048_N005050|E_N005048_N006184|E_N005050_N005053|E_N005053_N005176|E_N005170_N005174|E_N005170_N005176|E_N005170_N005179|E_N005170_N005300|E_N005170_N005302|E_N005170_N006310|E_N005170_N006313|E_N005170_N006436|E_N005174_N005176|E_N005174_N006310|E_N005176_N005179|E_N005179_N005302|E_N005296_N005300|E_N005296_N005302|E_N005296_N005305|E_N005296_N005426|E_N005296_N005428|E_N005296_N006436|E_N005296_N006439|E_N005296_N006562|E_N005299_N006439|E_N005300_N005302|E_N005300_N006436|E_N005302_N005305|E_N005305_N005428|E_N005422_N005426|E_N005422_N005428|E_N005422_N005431|E_N005422_N005552|E_N005422_N005554|E_N005422_N006562|E_N005422_N006565|E_N005422_N006688|E_N005426_N005428|E_N005426_N006562|E_N005428_N005431|E_N005431_N005554|E_N005548_N005554|E_N005548_N006688|E_N005552_N005554|E_N005552_N006688|E_N005554_N005557|E_N005674_N005678|E_N005674_N005680|E_N005674_N005683|E_N005674_N005804|E_N005674_N005806|E_N005674_N006814|E_N005674_N006817|E_N005674_N006940|E_N005675_N005678|E_N005675_N005680|E_N005675_N005682|E_N005675_N006814|E_N005675_N006816|E_N005678_N005680|E_N005678_N006814|E_N005680_N005682|E_N005680_N005683|E_N005683_N005806|E_N005800_N005804|E_N005800_N005806|E_N005800_N005809|E_N005800_N005930|E_N005800_N005932|E_N005800_N006940|E_N005800_N006943|E_N005800_N007066|E_N005804_N005806|E_N005804_N006940|E_N005806_N005809|E_N005809_N005932|E_N005926_N005930|E_N005926_N005932|E_N005926_N005935|E_N005926_N006056|E_N005926_N006058|E_N005926_N007066|E_N005926_N007069|E_N005926_N007192|E_N005929_N007069|E_N005930_N005932|E_N005932_N005935|E_N005935_N006058|E_N006052_N006056|E_N006052_N006058|E_N006052_N006061|E_N006052_N006182|E_N006052_N006184|E_N006052_N007192|E_N006052_N007318|E_N006056_N006058|E_N006056_N007192|E_N006058_N006061|E_N006061_N006184|E_N006178_N006182|E_N006178_N006184|E_N006178_N006187|E_N006178_N006308|E_N006178_N006310|E_N006178_N007318|E_N006178_N007321|E_N006178_N007444|E_N006182_N006184|E_N006182_N007318|E_N006184_N006187|E_N006187_N006310|E_N006304_N006308|E_N006304_N006310|E_N006304_N006313|E_N006304_N006434|E_N006304_N006436|E_N006304_N007444|E_N006304_N007447|E_N006304_N007570|E_N006308_N006310|E_N006310_N006313|E_N006313_N006436|E_N006430_N006434|E_N006430_N006436|E_N006430_N006439|E_N006430_N006560|E_N006430_N006562|E_N006430_N007570|E_N006430_N007696|E_N006434_N006436|E_N006434_N007570|E_N006436_N006439|E_N006439_N006562|E_N006556_N006560|E_N006556_N006562|E_N006556_N006565|E_N006556_N006686|E_N006556_N006688|E_N006556_N007696|E_N006556_N007699|E_N006556_N007822|E_N006560_N006562|E_N006560_N007696|E_N006562_N006565|E_N006565_N006688|E_N006682_N006688|E_N006682_N007822|E_N006686_N006688|E_N006686_N007822|E_N006688_N006691|E_N006808_N006812|E_N006808_N006814|E_N006808_N006817|E_N006808_N006938|E_N006808_N006940|E_N006808_N007948|E_N006808_N007951|E_N006808_N008074|E_N006809_N006812|E_N006809_N006814|E_N006809_N006816|E_N006809_N007948|E_N006809_N007950|E_N006812_N006814|E_N006812_N007948|E_N006814_N006816|E_N006814_N006817|E_N006817_N006940|E_N006934_N006938|E_N006934_N006940|E_N006934_N006943|E_N006934_N007064|E_N006934_N007066|E_N006934_N008074|E_N006934_N008077|E_N006934_N008200|E_N006938_N008074|E_N006940_N006943|E_N006943_N007066|E_N007060_N007064|E_N007060_N007066|E_N007060_N007069|E_N007060_N007190|E_N007060_N007192|E_N007060_N008200|E_N007060_N008203|E_N007060_N008326|E_N007064_N007066|E_N007064_N008200|E_N007066_N007069|E_N007069_N007192|E_N007186_N007190|E_N007186_N007192|E_N007186_N007195|E_N007186_N007316|E_N007186_N007318|E_N007186_N008326|E_N007186_N008329|E_N007186_N008452|E_N007190_N007192|E_N007190_N008326|E_N007192_N007195|E_N007195_N007318|E_N007312_N007316|E_N007312_N007318|E_N007312_N007321|E_N007312_N007442|E_N007312_N007444|E_N007312_N008452|E_N007312_N008455|E_N007312_N008578|E_N007316_N007318|E_N007316_N008452|E_N007318_N007321|E_N007321_N007444|E_N007438_N007442|E_N007438_N007444|E_N007438_N007447|E_N007438_N007568|E_N007438_N007570|E_N007438_N008578|E_N007438_N008581|E_N007438_N008704|E_N007442_N007444|E_N007442_N007445|E_N007442_N008578|E_N007444_N007447|E_N007447_N007570|E_N007564_N007568|E_N007564_N007570|E_N007564_N007573|E_N007564_N007694|E_N007564_N007696|E_N007564_N008704|E_N007564_N008830|E_N007568_N007570|E_N007568_N008704|E_N007570_N007573|E_N007573_N007696|E_N007690_N007694|E_N007690_N007696|E_N007690_N007699|E_N007690_N007820|E_N007690_N007822|E_N007690_N008830|E_N007690_N008833|E_N007690_N008956|E_N007694_N007696|E_N007694_N008830|E_N007696_N007699|E_N007699_N007822|E_N007816_N007822|E_N007816_N008956|E_N007820_N007822|E_N007820_N008956|E_N007822_N007825|E_N007942_N007946|E_N007942_N007948|E_N007942_N007951|E_N007942_N008072|E_N007942_N008074|E_N007942_N009082|E_N007942_N009085|E_N007942_N009208|E_N007943_N007946|E_N007943_N007950|E_N007943_N009082|E_N007943_N009084|E_N007944_N007950|E_N007946_N007948|E_N007946_N009082|E_N007948_N007950|E_N007948_N007951|E_N007951_N008074|E_N008068_N008072|E_N008068_N008074|E_N008068_N008077|E_N008068_N008198|E_N008068_N008200|E_N008068_N009208|E_N008068_N009211|E_N008068_N009334|E_N008072_N008074|E_N008072_N009085|E_N008072_N009208|E_N008074_N008077|E_N008077_N008200|E_N008194_N008198|E_N008194_N008200|E_N008194_N008203|E_N008194_N008324|E_N008194_N008326|E_N008194_N009334|E_N008194_N009337|E_N008194_N009460|E_N008198_N008200|E_N008198_N009211|E_N008198_N009334|E_N008200_N008203|E_N008203_N008326|E_N008320_N008324|E_N008320_N008326|E_N008320_N008329|E_N008320_N008450|E_N008320_N008452|E_N008320_N009460|E_N008320_N009463|E_N008320_N009586|E_N008324_N008326|E_N008324_N009460|E_N008326_N008329|E_N008329_N008452|E_N008446_N008450|E_N008446_N008452|E_N008446_N008455|E_N008446_N008576|E_N008446_N008578|E_N008446_N009586|E_N008446_N009589|E_N008446_N009712|E_N008450_N008452|E_N008450_N009586|E_N008452_N008455|E_N008455_N008578|E_N008572_N008576|E_N008572_N008578|E_N008572_N008581|E_N008572_N008702|E_N008572_N008704|E_N008572_N009712|E_N008572_N009715|E_N008572_N009838|E_N008576_N008578|E_N008576_N009712|E_N008578_N008581|E_N008581_N008704|E_N008698_N008702|E_N008698_N008704|E_N008698_N008707|E_N008698_N008828|E_N008698_N008830|E_N008698_N009838|E_N008698_N009841|E_N008698_N009964|E_N008702_N008704|E_N008702_N009838|E_N008704_N008707|E_N008707_N008830|E_N008824_N008828|E_N008824_N008830|E_N008824_N008833|E_N008824_N008954|E_N008824_N008956|E_N008824_N009964|E_N008824_N009967|E_N008824_N010090|E_N008828_N008830|E_N008828_N009964|E_N008830_N008833|E_N008833_N008956|E_N008950_N008956|E_N008950_N010090|E_N008954_N008956|E_N008954_N008957|E_N008954_N010090|E_N008956_N008959|E_N009076_N009082|E_N009076_N009208|E_N009077_N009080|E_N009077_N009082|E_N009077_N009084|E_N009080_N009082|E_N009082_N009084|E_N009085_N009208|E_N009202_N009208|E_N009202_N009211|E_N009202_N009334|E_N009206_N009208|E_N009208_N009211|E_N009211_N009334|E_N009328_N009334|E_N009328_N009460|E_N009332_N009334|E_N009334_N009337|E_N009337_N009460|E_N009337_N009461|E_N009454_N009460|E_N009454_N009586|E_N009458_N009460|E_N009460_N009463|E_N009461_N009477|E_N009463_N009586|E_N009580_N009586|E_N009580_N009712|E_N009584_N009586|E_N009586_N009589|E_N009589_N009712|E_N009706_N009712|E_N009706_N009715|E_N009706_N009838|E_N009710_N009712|E_N009712_N009715|E_N009715_N009838|E_N009832_N009838|E_N009832_N009964|E_N009836_N009838|E_N009838_N009841|E_N009841_N009964|E_N009958_N009964|E_N009958_N010090|E_N009962_N009964|E_N009964_N009967|E_N009967_N010090|E_N010084_N010088|E_N010084_N010090|E_N010088_N010090|E_N010090_N010093
low_priority_uncertain,graph_shared_junction,shared_node,G0002,1,E_N000067_N000078
low_priority_uncertain,graph_shared_junction,shared_node,G0003,1,E_N000076_N000082
low_priority_uncertain,graph_shared_junction,shared_node,G0004,2,E_N000077_N000083|E_N000077_N001231
low_priority_uncertain,graph_shared_junction,shared_node,G0005,1399,E_N000090_N000096|E_N000090_N000110|E_N000091_N000106|E_N000091_N000218|E_N000100_N000109|E_N000100_N000235|E_N000104_N000106|E_N000104_N000109|E_N000104_N000110|E_N000104_N000120|E_N000104_N001258|E_N000105_N000106|E_N000105_N000109|E_N000105_N000120|E_N000105_N000235|E_N000105_N000246|E_N000106_N000110|E_N000106_N001243|E_N000109_N000111|E_N000109_N000120|E_N000109_N000125|E_N000111_N000221|E_N000114_N000121|E_N000114_N000123|E_N000114_N000125|E_N000114_N000247|E_N000118_N000120|E_N000118_N000123|E_N000118_N000124|E_N000118_N001257|E_N000118_N001258|E_N000119_N000120|E_N000119_N000249|E_N000119_N001257|E_N000119_N001259|E_N000120_N000124|E_N000120_N000125|E_N000120_N001243|E_N000120_N001257|E_N000120_N001258|E_N000120_N001259|E_N000121_N000124|E_N000121_N000125|E_N000123_N000124|E_N000125_N000246|E_N000125_N000247|E_N000125_N000249|E_N000189_N001343|E_N000193_N000204|E_N000193_N000209|E_N000203_N000204|E_N000203_N000218|E_N000203_N001341|E_N000204_N001341|E_N000209_N000333|E_N000217_N000218|E_N000217_N000223|E_N000217_N000344|E_N000217_N000358|E_N000221_N000223|E_N000221_N000232|E_N000221_N000237|E_N000223_N000333|E_N000223_N000347|E_N000226_N000251|E_N000226_N000361|E_N000231_N000232|E_N000231_N000235|E_N000231_N000246|E_N000231_N000361|E_N000231_N000372|E_N000231_N001371|E_N000231_N001385|E_N000231_N001495|E_N000233_N000235|E_N000235_N000237|E_N000235_N000246|E_N000235_N000251|E_N000237_N000358|E_N000240_N000247|E_N000240_N000249|E_N000240_N000251|E_N000240_N000373|E_N000245_N000246|E_N000245_N000375|E_N000245_N001383|E_N000245_N001385|E_N000246_N000249|E_N000246_N001259|E_N000246_N001385|E_N000247_N000251|E_N000251_N000373|E_N000251_N000375|E_N000315_N000330|E_N000315_N001469|E_N000319_N000335|E_N000329_N000330|E_N000329_N000335|E_N000329_N000344|E_N000330_N001467|E_N000333_N000335|E_N000335_N000459|E_N000338_N000363|E_N000343_N000344|E_N000343_N000470|E_N000343_N001497|E_N000347_N000349|E_N000347_N000358|E_N000347_N000363|E_N000352_N000487|E_N000357_N000361|E_N000357_N000363|E_N000357_N000498|E_N000357_N001621|E_N000358_N001497|E_N000359_N000361|E_N000359_N000363|E_N000363_N000473|E_N000363_N000484|E_N000363_N000487|E_N000366_N000373|E_N000366_N000375|E_N000366_N000377|E_N000366_N000499|E_N000371_N000372|E_N000371_N000501|E_N000371_N001509|E_N000371_N001511|E_N000372_N000375|E_N000372_N000377|E_N000372_N001385|E_N000373_N000377|E_N000377_N000501|E_N000441_N000456|E_N000455_N000461|E_N000455_N000470|E_N000455_N000582|E_N000456_N001579|E_N000456_N001593|E_N000459_N000461|E_N000459_N000475|E_N000461_N000585|E_N000469_N000470|E_N000469_N000596|E_N000473_N000475|E_N000473_N000484|E_N000473_N000489|E_N000478_N000503|E_N000478_N000613|E_N000483_N000484|E_N000483_N000489|E_N000483_N000610|E_N000483_N001637|E_N000484_N000487|E_N000484_N001621|E_N000484_N001623|E_N000485_N000487|E_N000485_N000489|E_N000487_N000498|E_N000487_N000503|E_N000489_N000599|E_N000489_N000610|E_N000489_N000613|E_N000492_N000499|E_N000492_N000501|E_N000492_N000503|E_N000492_N000625|E_N000497_N000498|E_N000497_N000627|E_N000497_N001635|E_N000497_N001637|E_N000498_N000501|E_N000499_N000501|E_N000503_N000627|E_N000581_N000587|E_N000581_N000596|E_N000581_N000708|E_N000582_N001719|E_N000585_N000587|E_N000587_N000697|E_N000587_N000711|E_N000595_N000722|E_N000599_N000601|E_N000599_N000610|E_N000601_N000711|E_N000609_N000613|E_N000609_N000615|E_N000609_N001763|E_N000609_N001873|E_N000610_N001747|E_N000613_N000615|E_N000613_N000629|E_N000615_N000725|E_N000615_N000736|E_N000615_N000739|E_N000618_N000625|E_N000618_N000627|E_N000618_N000629|E_N000618_N000751|E_N000623_N000624|E_N000623_N000753|E_N000623_N001761|E_N000623_N001763|E_N000624_N000627|E_N000629_N000753|E_N000688_N000713|E_N000693_N000708|E_N000693_N000820|E_N000693_N001847|E_N000697_N000713|E_N000707_N000713|E_N000707_N000722|E_N000707_N000834|E_N000711_N000713|E_N000716_N000741|E_N000721_N000736|E_N000721_N000848|E_N000725_N000727|E_N000730_N000865|E_N000735_N000739|E_N000735_N000741|E_N000735_N000862|E_N000735_N001999|E_N000737_N000739|E_N000737_N000741|E_N000741_N000851|E_N000741_N000862|E_N000744_N000751|E_N000744_N000753|E_N000744_N000755|E_N000744_N000877|E_N000749_N000750|E_N000749_N000879|E_N000749_N001887|E_N000749_N001889|E_N000750_N000753|E_N000755_N000879|E_N000819_N000834|E_N000833_N000848|E_N000833_N000960|E_N000834_N001971|E_N000847_N000867|E_N000847_N000974|E_N000848_N001985|E_N000851_N000853|E_N000861_N000865|E_N000861_N000867|E_N000861_N002015|E_N000861_N002125|E_N000863_N000865|E_N000863_N000867|E_N000865_N000867|E_N000865_N000876|E_N000867_N000977|E_N000870_N000877|E_N000870_N000879|E_N000870_N000881|E_N000870_N001003|E_N000875_N000876|E_N000875_N001005|E_N000875_N002013|E_N000875_N002015|E_N000876_N000879|E_N000881_N000991|E_N000881_N001005|E_N000945_N000960|E_N000959_N000974|E_N000959_N001086|E_N000968_N000993|E_N000973_N000979|E_N000973_N001100|E_N000973_N002127|E_N000977_N000979|E_N000982_N001117|E_N000987_N000991|E_N000987_N000993|E_N000987_N001114|E_N000987_N001128|E_N000987_N002141|E_N000987_N002251|E_N000988_N002125|E_N000989_N000993|E_N000991_N000993|E_N000991_N001002|E_N000993_N001103|E_N000996_N001003|E_N000996_N001005|E_N000996_N001007|E_N000996_N001129|E_N001001_N001002|E_N001001_N001131|E_N001001_N002139|E_N001001_N002141|E_N001002_N001005|E_N001007_N001117|E_N001007_N001128|E_N001007_N001131|E_N001066_N001075|E_N001075_N001091|E_N001080_N001089|E_N001085_N001086|E_N001085_N001100|E_N001085_N002223|E_N001086_N001091|E_N001089_N001091|E_N001089_N001105|E_N001094_N001103|E_N001099_N001100|E_N001099_N001114|E_N001099_N002237|E_N001100_N001103|E_N001100_N001105|E_N001101_N001105|E_N001103_N001105|E_N001103_N001119|E_N001108_N001117|E_N001113_N001114|E_N001113_N001117|E_N001113_N002251|E_N001114_N001119|E_N001114_N002251|E_N001117_N001119|E_N001117_N001128|E_N001117_N001129|E_N001117_N001133|E_N001122_N001131|E_N001127_N002265|E_N001128_N001131|E_N001128_N001133|E_N001128_N002265|E_N001239_N001254|E_N001239_N001366|E_N001243_N001245|E_N001243_N001254|E_N001243_N001258|E_N001245_N001355|E_N001252_N001254|E_N001252_N001257|E_N001252_N001258|E_N001252_N002391|E_N001252_N002392|E_N001253_N001254|E_N001253_N001257|E_N001253_N001383|E_N001253_N002391|E_N001253_N002393|E_N001253_N002517|E_N001254_N001257|E_N001254_N001258|E_N001254_N001259|E_N001254_N002391|E_N001257_N001258|E_N001257_N001259|E_N001259_N001380|E_N001259_N001383|E_N001337_N001343|E_N001337_N001464|E_N001341_N001343|E_N001343_N001453|E_N001351_N001366|E_N001351_N001478|E_N001355_N001357|E_N001357_N001467|E_N001365_N001369|E_N001365_N002519|E_N001369_N001380|E_N001371_N001481|E_N001371_N001492|E_N001379_N001380|E_N001379_N001383|E_N001379_N001385|E_N001379_N001509|E_N001379_N002517|E_N001379_N002519|E_N001380_N001383|E_N001380_N002517|E_N001380_N002519|E_N001385_N001509|E_N001449_N001464|E_N001449_N001576|E_N001463_N001469|E_N001463_N001478|E_N001463_N001590|E_N001469_N001579|E_N001477_N001604|E_N001477_N002631|E_N001481_N001483|E_N001491_N001497|E_N001491_N001618|E_N001491_N001632|E_N001491_N002645|E_N001491_N002755|E_N001492_N002629|E_N001497_N001607|E_N001505_N001506|E_N001505_N001635|E_N001505_N002643|E_N001505_N002645|E_N001506_N001509|E_N001511_N001632|E_N001511_N001635|E_N001575_N001590|E_N001589_N001595|E_N001589_N001604|E_N001589_N001716|E_N001593_N001595|E_N001595_N001705|E_N001603_N001618|E_N001603_N001730|E_N001607_N001609|E_N001609_N001719|E_N001617_N001621|E_N001617_N001744|E_N001621_N001632|E_N001623_N001733|E_N001631_N001632|E_N001631_N001761|E_N001631_N002769|E_N001631_N002771|E_N001632_N001635|E_N001632_N001637|E_N001632_N002645|E_N001632_N002755|E_N001632_N002769|E_N001632_N002771|E_N001637_N001761|E_N001701_N001716|E_N001701_N001828|E_N001715_N001721|E_N001715_N001730|E_N001715_N001842|E_N001719_N001721|E_N001721_N001831|E_N001729_N001856|E_N001733_N001735|E_N001735_N001845|E_N001743_N001747|E_N001743_N001870|E_N001743_N003007|E_N001747_N001758|E_N001749_N001859|E_N001749_N001870|E_N001757_N001758|E_N001757_N001887|E_N001757_N002895|E_N001757_N002897|E_N001758_N001761|E_N001758_N002895|E_N001758_N002897|E_N001763_N001887|E_N001813_N001828|E_N001827_N001842|E_N001827_N001954|E_N001841_N001847|E_N001841_N001856|E_N001841_N001968|E_N001842_N001845|E_N001845_N001847|E_N001847_N001957|E_N001855_N001870|E_N001855_N001982|E_N001859_N001861|E_N001861_N001971|E_N001869_N001873|E_N001869_N001875|E_N001869_N003133|E_N001870_N003007|E_N001873_N001884|E_N001875_N001985|E_N001883_N001884|E_N001883_N002013|E_N001883_N003021|E_N001883_N003023|E_N001884_N001887|E_N001884_N003021|E_N001889_N002013|E_N001953_N001968|E_N001953_N003107|E_N001971_N001973|E_N001973_N002083|E_N001981_N001996|E_N001985_N001987|E_N001987_N002097|E_N001995_N001999|E_N001995_N002001|E_N001995_N002122|E_N001995_N003149|E_N001995_N003259|E_N001996_N003133|E_N001999_N002001|E_N002001_N002111|E_N002009_N002010|E_N002009_N002139|E_N002009_N003147|E_N002009_N003149|E_N002010_N002013|E_N002015_N002125|E_N002015_N002139|E_N002093_N002113|E_N002107_N002122|E_N002111_N002113|E_N002121_N002125|E_N002121_N002127|E_N002121_N002248|E_N002121_N003275|E_N002121_N003385|E_N002122_N003259|E_N002127_N002237|E_N002135_N002136|E_N002135_N002265|E_N002135_N003273|E_N002135_N003275|E_N002136_N002139|E_N002141_N002251|E_N002141_N002262|E_N002141_N002265|E_N002219_N002220|E_N002219_N003357|E_N002220_N002225|E_N002223_N002225|E_N002223_N002239|E_N002233_N002234|E_N002233_N002248|E_N002233_N003371|E_N002234_N002239|E_N002237_N002239|E_N002237_N002253|E_N002247_N002248|E_N002247_N003385|E_N002248_N002253|E_N002248_N003387|E_N002251_N002262|E_N002251_N002267|E_N002261_N002262|E_N002261_N003399|E_N002262_N002265|E_N002262_N002267|E_N002358_N003512|E_N002360_N003497|E_N002372_N003512|E_N002372_N003526|E_N002386_N002388|E_N002386_N002391|E_N002386_N002392|E_N002386_N003525|E_N002386_N003526|E_N002387_N002388|E_N002387_N002391|E_N002387_N002393|E_N002387_N002514|E_N002387_N002517|E_N002387_N003525|E_N002387_N003527|E_N002387_N003651|E_N002388_N002391|E_N002388_N003525|E_N002391_N002392|E_N002391_N002393|E_N002393_N002503|E_N002393_N002517|E_N002485_N002505|E_N002485_N003625|E_N002489_N002491|E_N002489_N002505|E_N002499_N002503|E_N002499_N002514|E_N002503_N002505|E_N002503_N002514|E_N002505_N002615|E_N002513_N002514|E_N002513_N002519|E_N002513_N002643|E_N002513_N003651|E_N002513_N003653|E_N002514_N002517|E_N002514_N003651|E_N002514_N003653|E_N002517_N002519|E_N002519_N002629|E_N002519_N002640|E_N002519_N002643|E_N002611_N002626|E_N002625_N002626|E_N002625_N002640|E_N002625_N002752|E_N002626_N003763|E_N002629_N002631|E_N002639_N002640|E_N002639_N002766|E_N002639_N002769|E_N002639_N003777|E_N002639_N003779|E_N002640_N002643|E_N002640_N003779|E_N002645_N002755|E_N002645_N002766|E_N002645_N002769|E_N002737_N002752|E_N002751_N002755|E_N002751_N002757|E_N002751_N002766|E_N002751_N002878|E_N002751_N003905|E_N002752_N003889|E_N002755_N002757|E_N002755_N002766|E_N002757_N002867|E_N002765_N002766|E_N002765_N002771|E_N002765_N002892|E_N002765_N002895|E_N002765_N003903|E_N002765_N003905|E_N002766_N002769|E_N002766_N003903|E_N002766_N003905|E_N002771_N002892|E_N002771_N002895|E_N002863_N002878|E_N002863_N002990|E_N002863_N004017|E_N002877_N002881|E_N002877_N002892|E_N002877_N004031|E_N002877_N004141|E_N002881_N002892|E_N002883_N003004|E_N002891_N002892|E_N002891_N003021|E_N002891_N004029|E_N002891_N004031|E_N002892_N002895|E_N002892_N004029|E_N002892_N004031|E_N002897_N003018|E_N002897_N003021|E_N002989_N003004|E_N003003_N003007|E_N003003_N003009|E_N003003_N003018|E_N003003_N003130|E_N003003_N004157|E_N003003_N004267|E_N003004_N004143|E_N003007_N003009|E_N003007_N003018|E_N003009_N003119|E_N003017_N003018|E_N003017_N003147|E_N003017_N004155|E_N003017_N004157|E_N003018_N003021|E_N003023_N003147|E_N003115_N003130|E_N003129_N003135|E_N003129_N003256|E_N003129_N004283|E_N003129_N004393|E_N003133_N003144|E_N003135_N003245|E_N003143_N003144|E_N003143_N003273|E_N003143_N004281|E_N003143_N004283|E_N003144_N003147|E_N003149_N003273|E_N003245_N003256|E_N003247_N003357|E_N003255_N003259|E_N003255_N003261|E_N003255_N003270|E_N003256_N004393|E_N003259_N003261|E_N003259_N003270|E_N003269_N003270|E_N003269_N003275|E_N003269_N003399|E_N003269_N004407|E_N003269_N004409|E_N003270_N003273|E_N003270_N004409|E_N003275_N003385|E_N003275_N003396|E_N003275_N003399|E_N003353_N003354|E_N003353_N004491|E_N003354_N003359|E_N003357_N003373|E_N003367_N003368|E_N003367_N003382|E_N003367_N004505|E_N003368_N003373|E_N003371_N003387|E_N003381_N003382|E_N003381_N003385|E_N003381_N004519|E_N003382_N003387|E_N003382_N004521|E_N003385_N003387|E_N003385_N003401|E_N003395_N003396|E_N003395_N004533|E_N003396_N003399|E_N003396_N003401|E_N003396_N004533|E_N003492_N003498|E_N003492_N003508|E_N003493_N003508|E_N003497_N003508|E_N003506_N003508|E_N003506_N003511|E_N003506_N003526|E_N003507_N003508|E_N003507_N003513|E_N003507_N004661|E_N003508_N003512|E_N003508_N003513|E_N003508_N004631|E_N003508_N004645|E_N003508_N004646|E_N003508_N004647|E_N003520_N003522|E_N003520_N003525|E_N003520_N004659|E_N003520_N004660|E_N003521_N003522|E_N003521_N003651|E_N003521_N004661|E_N003522_N003525|E_N003522_N004659|E_N003525_N003526|E_N003525_N003527|E_N003527_N003637|E_N003527_N003648|E_N003527_N003651|E_N003633_N003648|E_N003637_N003639|E_N003647_N003648|E_N003647_N003653|E_N003647_N003774|E_N003647_N003777|E_N003647_N004785|E_N003647_N004787|E_N003647_N004911|E_N003648_N003651|E_N003648_N003653|E_N003648_N004785|E_N003653_N003763|E_N003653_N003774|E_N003653_N003777|E_N003759_N003763|E_N003759_N003765|E_N003759_N003774|E_N003759_N004913|E_N003763_N003765|E_N003763_N003774|E_N003773_N003774|E_N003773_N003779|E_N003773_N003900|E_N003773_N003903|E_N003773_N004911|E_N003773_N004913|E_N003773_N005037|E_N003774_N003777|E_N003774_N004911|E_N003774_N004913|E_N003777_N003779|E_N003779_N003903|E_N003885_N003889|E_N003885_N003900|E_N003889_N003891|E_N003899_N003900|E_N003899_N004029|E_N003899_N005037|E_N003899_N005039|E_N003900_N003903|E_N003905_N004015|E_N003905_N004026|E_N003905_N004029|E_N004011_N004015|E_N004011_N004017|E_N004011_N004026|E_N004011_N004138|E_N004011_N005165|E_N004011_N005275|E_N004012_N005149|E_N004015_N004017|E_N004017_N004127|E_N004025_N004026|E_N004025_N004155|E_N004025_N005163|E_N004025_N005165|E_N004026_N004029|E_N004026_N005165|E_N004031_N004141|E_N004031_N004152|E_N004031_N004155|E_N004123_N004138|E_N004137_N004152|E_N004137_N004264|E_N004137_N005277|E_N004137_N005291|E_N004137_N005401|E_N004141_N004143|E_N004141_N004152|E_N004143_N004253|E_N004151_N004152|E_N004151_N004281|E_N004151_N005289|E_N004151_N005291|E_N004152_N004155|E_N004152_N005289|E_N004152_N005291|E_N004157_N004281|E_N004249_N004264|E_N004253_N004264|E_N004263_N004267|E_N004263_N004278|E_N004263_N004390|E_N004263_N005417|E_N004267_N004278|E_N004277_N004278|E_N004277_N004407|E_N004277_N005415|E_N004277_N005417|E_N004278_N004281|E_N004278_N005417|E_N004283_N004393|E_N004283_N004404|E_N004283_N004407|E_N004389_N004393|E_N004389_N004404|E_N004389_N004516|E_N004393_N004395|E_N004393_N004404|E_N004403_N004404|E_N004403_N004409|E_N004403_N004533|E_N004403_N005541|E_N004403_N005543|E_N004404_N004407|E_N004404_N005541|E_N004404_N005543|E_N004409_N004519|E_N004409_N004530|E_N004409_N004533|E_N004491_N004507|E_N004501_N004502|E_N004501_N004516|E_N004501_N005639|E_N004505_N004507|E_N004505_N004516|E_N004505_N004521|E_N004515_N004516|E_N004515_N004519|E_N004515_N005653|E_N004516_N004521|E_N004516_N005653|E_N004519_N004521|E_N004519_N004530|E_N004519_N004535|E_N004529_N004530|E_N004530_N004533|E_N004530_N004535|E_N004530_N005667|E_N004530_N005669|E_N004645_N004647|E_N004654_N004656|E_N004654_N004659|E_N004654_N004660|E_N004654_N005793|E_N004654_N005794|E_N004655_N004656|E_N004655_N004659|E_N004655_N004661|E_N004655_N004782|E_N004655_N004785|E_N004655_N005793|E_N004655_N005795|E_N004655_N005919|E_N004656_N004659|E_N004656_N005793|E_N004659_N004660|E_N004659_N004661|E_N004661_N004771|E_N004661_N004785|E_N004771_N004782|E_N004781_N004782|E_N004781_N004785|E_N004781_N004787|E_N004781_N004908|E_N004781_N004911|E_N004781_N005919|E_N004781_N005921|E_N004782_N004785|E_N004782_N005919|E_N004785_N004787|E_N004787_N004897|E_N004787_N004908|E_N004787_N004911|E_N004893_N004908|E_N004897_N004908|E_N004907_N004908|E_N004907_N004913|E_N004907_N005034|E_N004907_N005037|E_N004907_N006045|E_N004907_N006047|E_N004908_N004911|E_N004908_N006047|E_N004913_N005023|E_N004913_N005034|E_N004913_N005037|E_N005019_N005034|E_N005033_N005034|E_N005033_N005039|E_N005033_N005163|E_N005033_N006171|E_N005033_N006173|E_N005034_N005037|E_N005034_N006171|E_N005039_N005149|E_N005039_N005160|E_N005039_N005163|E_N005145_N005149|E_N005145_N005160|E_N005159_N005160|E_N005159_N005289|E_N005159_N006297|E_N005159_N006299|E_N005160_N005163|E_N005160_N006297|E_N005163_N005165|E_N005165_N005275|E_N005165_N005286|E_N005165_N005289|E_N005271_N005286|E_N005271_N005398|E_N005271_N006425|E_N005275_N005286|E_N005285_N005286|E_N005285_N005291|E_N005285_N005415|E_N005285_N006423|E_N005285_N006425|E_N005286_N005289|E_N005286_N006425|E_N005291_N005412|E_N005291_N005415|E_N005397_N005401|E_N005397_N005412|E_N005397_N006551|E_N005401_N005403|E_N005401_N005412|E_N005411_N005412|E_N005411_N005541|E_N005411_N006549|E_N005411_N006551|E_N005412_N005415|E_N005412_N006549|E_N005412_N006551|E_N005417_N005527|E_N005417_N005538|E_N005417_N005541|E_N005523_N005538|E_N005527_N005529|E_N005537_N005538|E_N005537_N005543|E_N005537_N005664|E_N005537_N005667|E_N005537_N006675|E_N005537_N006677|E_N005537_N006801|E_N005538_N005541|E_N005538_N006675|E_N005538_N006677|E_N005543_N005653|E_N005543_N005664|E_N005543_N005667|E_N005639_N005655|E_N005649_N005650|E_N005649_N005653|E_N005649_N005664|E_N005650_N005655|E_N005653_N005655|E_N005653_N005669|E_N005663_N005664|E_N005664_N005667|E_N005664_N005669|E_N005664_N006801|E_N005664_N006803|E_N005667_N005669|E_N005788_N005790|E_N005788_N005793|E_N005788_N005794|E_N005788_N006927|E_N005788_N006928|E_N005789_N005790|E_N005789_N005793|E_N005789_N005916|E_N005789_N005919|E_N005789_N006927|E_N005789_N006929|E_N005790_N005793|E_N005790_N006927|E_N005793_N005794|E_N005793_N005795|E_N005795_N005919|E_N005901_N005916|E_N005901_N007055|E_N005915_N005916|E_N005915_N005919|E_N005915_N005921|E_N005915_N006042|E_N005915_N006045|E_N005915_N007053|E_N005915_N007055|E_N005915_N007179|E_N005916_N005919|E_N005916_N007053|E_N005919_N005921|E_N005921_N006031|E_N005921_N006042|E_N005921_N006045|E_N006027_N006042|E_N006027_N006154|E_N006027_N007181|E_N006041_N006042|E_N006041_N006168|E_N006041_N006171|E_N006041_N007179|E_N006041_N007181|E_N006042_N006045|E_N006042_N007165|E_N006042_N007179|E_N006045_N006047|E_N006047_N006157|E_N006047_N006171|E_N006153_N006168|E_N006153_N007307|E_N006154_N007277|E_N006167_N006168|E_N006167_N006173|E_N006167_N006294|E_N006167_N006297|E_N006167_N007305|E_N006167_N007307|E_N006168_N006171|E_N006168_N007305|E_N006173_N006283|E_N006173_N006297|E_N006279_N006294|E_N006279_N007433|E_N006293_N006294|E_N006293_N006299|E_N006293_N006420|E_N006293_N006423|E_N006293_N007431|E_N006293_N007433|E_N006294_N006297|E_N006294_N007431|E_N006297_N006299|E_N006299_N006409|E_N006299_N006420|E_N006299_N006423|E_N006405_N006420|E_N006419_N006420|E_N006419_N006425|E_N006419_N006546|E_N006419_N006549|E_N006419_N007557|E_N006419_N007559|E_N006420_N006423|E_N006420_N007559|E_N006425_N006535|E_N006425_N006546|E_N006425_N006549|E_N006521_N006537|E_N006531_N006546|E_N006535_N006537|E_N006545_N006546|E_N006545_N006672|E_N006545_N006675|E_N006545_N007683|E_N006545_N007685|E_N006546_N006549|E_N006546_N007683|E_N006546_N007685|E_N006549_N006551|E_N006551_N006675|E_N006671_N006672|E_N006671_N006677|E_N006671_N006798|E_N006671_N006801|E_N006671_N007809|E_N006671_N007811|E_N006671_N007935|E_N006672_N006675|E_N006672_N007809|E_N006675_N006677|E_N006677_N006801|E_N006783_N006784|E_N006783_N007921|E_N006787_N006803|E_N006797_N006798|E_N006798_N006801|E_N006798_N006803|E_N006798_N007937|E_N006801_N006803|E_N006909_N006924|E_N006922_N006924|E_N006922_N006927|E_N006922_N006928|E_N006922_N008061|E_N006922_N008062|E_N006923_N006924|E_N006923_N006927|E_N006923_N006929|E_N006923_N007050|E_N006923_N007053|E_N006923_N008061|E_N006923_N008063|E_N006923_N008187|E_N006924_N006927|E_N006924_N008061|E_N006927_N006928|E_N006927_N006929|E_N006929_N007039|E_N006929_N007053|E_N007035_N007050|E_N007035_N007055|E_N007035_N007162|E_N007049_N007055|E_N007050_N007053|E_N007050_N008187|E_N007050_N008189|E_N007053_N007055|E_N007055_N007165|E_N007055_N007176|E_N007055_N007179|E_N007147_N008301|E_N007161_N007176|E_N007161_N007288|E_N007162_N007165|E_N007165_N007167|E_N007175_N007176|E_N007175_N007179|E_N007175_N007181|E_N007175_N007302|E_N007175_N007305|E_N007175_N008315|E_N007175_N008439|E_N007176_N007179|E_N007176_N008315|E_N007179_N007181|E_N007181_N007291|E_N007181_N007305|E_N007287_N007302|E_N007301_N007302|E_N007301_N007307|E_N007301_N007428|E_N007301_N007431|E_N007301_N008439|E_N007301_N008441|E_N007302_N007305|E_N007302_N008439|E_N007305_N007307|E_N007307_N007417|E_N007307_N007431|E_N007413_N007428|E_N007413_N007540|E_N007413_N008567|E_N007427_N007428|E_N007427_N007431|E_N007427_N007433|E_N007427_N007554|E_N007427_N007557|E_N007427_N008565|E_N007427_N008567|E_N007428_N007431|E_N007428_N008565|E_N007431_N007433|E_N007433_N007543|E_N007433_N007554|E_N007433_N007557|E_N007539_N007554|E_N007539_N007666|E_N007539_N008679|E_N007543_N007545|E_N007553_N007554|E_N007553_N007559|E_N007553_N007680|E_N007553_N007683|E_N007553_N008691|E_N007553_N008693|E_N007554_N007557|E_N007554_N008693|E_N007559_N007669|E_N007559_N007680|E_N007559_N007683|E_N007665_N007680|E_N007669_N007680|E_N007679_N007680|E_N007679_N007685|E_N007679_N007806|E_N007679_N007809|E_N007679_N008817|E_N007679_N008819|E_N007679_N008943|E_N007680_N007683|E_N007680_N008817|E_N007680_N008819|E_N007683_N007685|E_N007685_N007809|E_N007805_N007806|E_N007805_N007809|E_N007805_N007811|E_N007805_N007932|E_N007805_N007935|E_N007805_N008943|E_N007805_N008945|E_N007805_N009069|E_N007806_N007809|E_N007806_N008943|E_N007809_N007811|E_N007811_N007935|E_N007917_N007918|E_N007917_N007932|E_N007918_N007921|E_N007921_N007937|E_N007931_N007932|E_N007932_N007935|E_N007932_N007937|E_N007932_N009069|E_N007932_N009071|E_N007935_N007937|E_N008043_N009197|E_N008056_N008058|E_N008056_N008061|E_N008056_N008062|E_N008056_N009195|E_N008056_N009196|E_N008057_N008058|E_N008057_N008061|E_N008057_N008063|E_N008057_N008184|E_N008057_N008187|E_N008057_N009195|E_N008057_N009197|E_N008058_N008061|E_N008058_N009195|E_N008061_N008062|E_N008061_N008063|E_N008063_N008173|E_N008063_N008187|E_N008169_N009323|E_N008173_N008175|E_N008183_N008184|E_N008183_N008187|E_N008183_N008189|E_N008183_N008310|E_N008183_N009323|E_N008184_N008187|E_N008184_N009321|E_N008187_N008189|E_N008189_N008299|E_N008189_N008310|E_N008299_N008301|E_N008301_N008411|E_N008310_N008313|E_N008315_N008425|E_N008315_N008436|E_N008315_N008439|E_N008380_N009503|E_N008411_N008413|E_N008435_N008436|E_N008435_N008439|E_N008435_N008441|E_N008435_N008562|E_N008435_N008565|E_N008435_N009575|E_N008436_N008439|E_N008439_N008441|E_N008441_N008551|E_N008441_N008565|E_N008551_N008553|E_N008551_N008562|E_N008561_N008562|E_N008561_N008565|E_N008561_N008567|E_N008561_N008688|E_N008561_N009701|E_N008562_N008565|E_N008562_N009685|E_N008562_N009699|E_N008565_N008567|E_N008567_N008677|E_N008677_N008679|E_N008687_N008688|E_N008687_N008693|E_N008687_N008814|E_N008687_N008817|E_N008687_N009827|E_N008693_N008803|E_N008693_N008817|E_N008799_N009953|E_N008813_N008814|E_N008813_N008819|E_N008813_N008940|E_N008813_N008943|E_N008813_N009951|E_N008813_N009953|E_N008814_N008817|E_N008817_N008819|E_N008819_N008943|E_N008939_N008940|E_N008939_N008943|E_N008939_N008945|E_N008939_N009066|E_N008939_N009069|E_N008939_N010077|E_N008939_N010079|E_N008939_N010203|E_N008940_N008943|E_N008940_N010077|E_N008943_N008945|E_N008945_N009069|E_N009051_N009052|E_N009051_N009055|E_N009055_N009071|E_N009065_N009066|E_N009066_N009069|E_N009066_N010203|E_N009066_N010205|E_N009069_N009071|E_N009190_N009192|E_N009190_N009195|E_N009190_N009196|E_N009191_N009197|E_N009192_N009195|E_N009195_N009196|E_N009195_N009197|E_N009197_N009318|E_N009239_N009363|E_N009323_N009444|E_N009363_N009379|E_N009365_N009489|E_N009379_N009503|E_N009444_N009447|E_N009444_N009449|E_N009449_N009570|E_N009489_N009505|E_N009503_N009519|E_N009505_N009629|E_N009519_N009643|E_N009570_N009573|E_N009570_N009575|E_N009575_N009696|E_N009629_N009645|E_N009643_N009659|E_N009645_N009769|E_N009659_N009783|E_N009695_N009701|E_N009695_N009822|E_N009696_N009699|E_N009699_N009701|E_N009701_N009822|E_N009769_N009785|E_N009783_N009799|E_N009785_N009909|E_N009799_N009923|E_N009807_N009827|E_N009821_N009822|E_N009821_N009948|E_N009827_N009951|E_N009909_N009925|E_N009923_N009939|E_N009925_N010049|E_N009939_N010063|E_N009947_N009948|E_N009947_N010074|E_N009948_N009951|E_N009951_N009953|E_N009953_N010077|E_N010049_N010065|E_N010059_N010079|E_N010063_N010079|E_N010065_N010189|E_N010073_N010079|E_N010073_N010200|E_N010074_N010077|E_N010077_N010079|E_N010079_N010203|E_N010185_N010189|E_N010189_N010205|E_N010199_N010200|E_N010200_N010203|E_N010200_N010205|E_N010203_N010205
low_priority_uncertain,graph_shared_junction,shared_node,G0006,2,E_N000133_N001397|E_N001393_N001397
low_priority_uncertain,graph_shared_junction,shared_node,G0007,2,E_N000147_N001287|E_N001267_N001287
low_priority_uncertain,graph_shared_junction,shared_node,G0008,1,E_N000161_N001301
low_priority_uncertain,graph_shared_junction,shared_node,G0009,1,E_N000385_N001649
low_priority_uncertain,graph_shared_junction,shared_node,G0010,2,E_N000511_N001775|E_N001771_N001775
low_priority_uncertain,graph_shared_junction,shared_node,G0011,6,E_N000559_N000669|E_N000669_N000671|E_N000669_N000685|E_N000671_N000781|E_N000683_N000685|E_N000781_N000783
low_priority_uncertain,graph_shared_junction,shared_node,G0012,3,E_N000637_N000652|E_N000637_N001901|E_N000652_N001791
low_priority_uncertain,graph_shared_junction,shared_node,G0013,1,E_N000657_N000767
low_priority_uncertain,graph_shared_junction,shared_node,G0014,2,E_N000795_N000797|E_N000797_N000907
low_priority_uncertain,graph_shared_junction,shared_node,G0015,1,E_N000893_N000905
low_priority_uncertain,graph_shared_junction,shared_node,G0016,3,E_N000921_N000923|E_N000923_N001033|E_N001024_N001033
low_priority_uncertain,graph_shared_junction,shared_node,G0017,1,E_N001047_N001049
low_priority_uncertain,graph_shared_junction,shared_node,G0018,1,E_N001052_N001061
low_priority_uncertain,graph_shared_junction,shared_node,G0019,5,E_N001057_N002195|E_N002192_N002195|E_N002192_N002197|E_N002195_N002206|E_N002206_N002211
low_priority_uncertain,graph_shared_junction,shared_node,G0020,1,E_N001071_N002209
low_priority_uncertain,graph_shared_junction,shared_node,G0021,1,E_N001072_N001077
low_priority_uncertain,graph_shared_junction,shared_node,G0022,2,E_N001154_N001156|E_N001156_N001160
low_priority_uncertain,graph_shared_junction,shared_node,G0023,2,E_N001197_N002351|E_N002345_N002351
low_priority_uncertain,graph_shared_junction,shared_node,G0024,1,E_N001211_N001217
low_priority_uncertain,graph_shared_junction,shared_node,G0025,1,E_N001225_N001240
low_priority_uncertain,graph_shared_junction,shared_node,G0026,1,E_N001238_N001244
low_priority_uncertain,graph_shared_junction,shared_node,G0027,1,E_N001282_N001285
low_priority_uncertain,graph_shared_junction,shared_node,G0028,2,E_N001327_N001338|E_N001338_N002461
low_priority_uncertain,graph_shared_junction,shared_node,G0029,2,E_N001408_N001411|E_N001408_N002531
low_priority_uncertain,graph_shared_junction,shared_node,G0030,1,E_N001422_N001425
low_priority_uncertain,graph_shared_junction,shared_node,G0031,1,E_N001533_N001539
low_priority_uncertain,graph_shared_junction,shared_node,G0032,2,E_N001645_N002909|E_N002905_N002909
low_priority_uncertain,graph_shared_junction,shared_node,G0033,3,E_N001673_N001800|E_N001785_N001800|E_N001800_N002939
low_priority_uncertain,graph_shared_junction,shared_node,G0034,1,E_N001679_N001789
low_priority_uncertain,graph_shared_junction,shared_node,G0035,1,E_N001702_N002839
low_priority_uncertain,graph_shared_junction,shared_node,G0036,5,E_N001707_N001817|E_N001814_N001817|E_N001817_N001819|E_N001819_N001929|E_N001929_N001931
low_priority_uncertain,graph_shared_junction,shared_node,G0037,1,E_N001943_N001945
low_priority_uncertain,graph_shared_junction,shared_node,G0038,1,E_N002191_N003329
low_priority_uncertain,graph_shared_junction,shared_node,G0039,1,E_N002205_N003343
low_priority_uncertain,graph_shared_junction,shared_node,G0040,1,E_N002288_N002308
low_priority_uncertain,graph_shared_junction,shared_node,G0041,2,E_N002363_N002378|E_N002374_N002378
low_priority_uncertain,graph_shared_junction,shared_node,G0042,2,E_N002373_N002379|E_N002377_N002379
low_priority_uncertain,graph_shared_junction,shared_node,G0043,2,E_N002444_N003581|E_N003578_N003581
low_priority_uncertain,graph_shared_junction,shared_node,G0044,1,E_N002471_N002477
low_priority_uncertain,graph_shared_junction,shared_node,G0045,1,E_N002542_N003665
low_priority_uncertain,graph_shared_junction,shared_node,G0046,1,E_N002598_N002601
low_priority_uncertain,graph_shared_junction,shared_node,G0047,1,E_N002808_N002811
low_priority_uncertain,graph_shared_junction,shared_node,G0048,2,E_N002855_N002965|E_N002965_N002967
low_priority_uncertain,graph_shared_junction,shared_node,G0049,3,E_N002869_N002979|E_N002975_N002981|E_N002979_N002981
low_priority_uncertain,graph_shared_junction,shared_node,G0050,1,E_N002993_N002995
low_priority_uncertain,graph_shared_junction,shared_node,G0051,1,E_N003049_N003060
low_priority_uncertain,graph_shared_junction,shared_node,G0052,1,E_N003074_N004211
low_priority_uncertain,graph_shared_junction,shared_node,G0053,1,E_N003102_N004239
low_priority_uncertain,graph_shared_junction,shared_node,G0054,1,E_N003105_N003116
low_priority_uncertain,graph_shared_junction,shared_node,G0055,1,E_N003200_N003203
low_priority_uncertain,graph_shared_junction,shared_node,G0056,1,E_N003227_N004381
low_priority_uncertain,graph_shared_junction,shared_node,G0057,2,E_N003228_N004365|E_N003242_N004365
low_priority_uncertain,graph_shared_junction,shared_node,G0058,1,E_N003340_N003345
low_priority_uncertain,graph_shared_junction,shared_node,G0059,1,E_N003436_N003441
low_priority_uncertain,graph_shared_junction,shared_node,G0060,2,E_N003450_N003452|E_N003450_N003456
low_priority_uncertain,graph_shared_junction,shared_node,G0061,1,E_N003550_N003553
low_priority_uncertain,graph_shared_junction,shared_node,G0062,1,E_N003564_N003567
low_priority_uncertain,graph_shared_junction,shared_node,G0063,2,E_N003619_N004759|E_N004753_N004759
low_priority_uncertain,graph_shared_junction,shared_node,G0064,2,E_N003717_N003723|E_N003717_N004871
low_priority_uncertain,graph_shared_junction,shared_node,G0065,1,E_N003875_N003886
low_priority_uncertain,graph_shared_junction,shared_node,G0066,1,E_N004110_N005247
low_priority_uncertain,graph_shared_junction,shared_node,G0067,1,E_N004113_N004124
low_priority_uncertain,graph_shared_junction,shared_node,G0068,1,E_N004169_N004180
low_priority_uncertain,graph_shared_junction,shared_node,G0069,1,E_N004235_N004241
low_priority_uncertain,graph_shared_junction,shared_node,G0070,2,E_N004269_N004379|E_N004376_N004379
low_priority_uncertain,graph_shared_junction,shared_node,G0071,1,E_N004557_N004563
low_priority_uncertain,graph_shared_junction,shared_node,G0072,1,E_N004558_N005695
low_priority_uncertain,graph_shared_junction,shared_node,G0073,3,E_N004575_N004590|E_N004584_N004590|E_N004586_N004590
low_priority_uncertain,graph_shared_junction,shared_node,G0074,3,E_N004589_N004604|E_N004598_N004600|E_N004600_N004604
low_priority_uncertain,graph_shared_junction,shared_node,G0075,2,E_N004640_N005780|E_N005774_N005780
low_priority_uncertain,graph_shared_junction,shared_node,G0076,1,E_N004711_N004712
low_priority_uncertain,graph_shared_junction,shared_node,G0077,1,E_N004740_N005863
low_priority_uncertain,graph_shared_junction,shared_node,G0078,1,E_N004810_N004813
low_priority_uncertain,graph_shared_junction,shared_node,G0079,1,E_N004823_N004824
low_priority_uncertain,graph_shared_junction,shared_node,G0080,1,E_N004879_N004885
low_priority_uncertain,graph_shared_junction,shared_node,G0081,15,E_N004963_N005104|E_N004963_N006103|E_N005229_N006383|E_N005524_N006647|E_N005823_N005947|E_N005947_N005963|E_N005963_N006087|E_N006087_N006103|E_N006103_N006227|E_N006227_N006243|E_N006243_N006367|E_N006367_N006383|E_N006383_N006507|E_N006507_N006523|E_N006523_N006647
low_priority_uncertain,graph_shared_junction,shared_node,G0082,1,E_N005006_N006129
low_priority_uncertain,graph_shared_junction,shared_node,G0083,1,E_N005075_N006215
low_priority_uncertain,graph_shared_junction,shared_node,G0084,1,E_N005317_N005328
low_priority_uncertain,graph_shared_junction,shared_node,G0085,1,E_N005356_N005359
low_priority_uncertain,graph_shared_junction,shared_node,G0086,1,E_N005383_N005389
low_priority_uncertain,graph_shared_junction,shared_node,G0087,1,E_N005468_N005471
low_priority_uncertain,graph_shared_junction,shared_node,G0088,1,E_N005625_N005641
low_priority_uncertain,graph_shared_junction,shared_node,G0089,3,E_N005635_N005636|E_N005636_N006773|E_N006773_N006789
low_priority_uncertain,graph_shared_junction,shared_node,G0090,1,E_N005737_N005752
low_priority_uncertain,graph_shared_junction,shared_node,G0091,1,E_N005765_N005776
low_priority_uncertain,graph_shared_junction,shared_node,G0092,1,E_N005817_N006957
low_priority_uncertain,graph_shared_junction,shared_node,G0093,8,E_N005837_N005961|E_N005961_N005977|E_N005977_N006101|E_N006101_N006117|E_N006117_N006241|E_N006241_N006257|E_N006257_N006381|E_N006381_N006397
low_priority_uncertain,graph_shared_junction,shared_node,G0094,1,E_N005849_N005860
low_priority_uncertain,graph_shared_junction,shared_node,G0095,1,E_N005902_N007025
low_priority_uncertain,graph_shared_junction,shared_node,G0096,1,E_N005975_N005991
low_priority_uncertain,graph_shared_junction,shared_node,G0097,1,E_N005985_N007125
low_priority_uncertain,graph_shared_junction,shared_node,G0098,1,E_N005986_N005989
low_priority_uncertain,graph_shared_junction,shared_node,G0099,1,E_N006014_N006017
low_priority_uncertain,graph_shared_junction,shared_node,G0100,1,E_N006213_N006229
low_priority_uncertain,graph_shared_junction,shared_node,G0101,1,E_N006255_N006271
low_priority_uncertain,graph_shared_junction,shared_node,G0102,1,E_N006395_N006406
low_priority_uncertain,graph_shared_junction,shared_node,G0103,1,E_N006476_N006479
low_priority_uncertain,graph_shared_junction,shared_node,G0104,1,E_N006602_N006605
low_priority_uncertain,graph_shared_junction,shared_node,G0105,1,E_N006759_N006775
low_priority_uncertain,graph_shared_junction,shared_node,G0106,1,E_N006769_N006770
low_priority_uncertain,graph_shared_junction,shared_node,G0107,1,E_N006829_N006840
low_priority_uncertain,graph_shared_junction,shared_node,G0108,1,E_N006853_N006859
low_priority_uncertain,graph_shared_junction,shared_node,G0109,2,E_N006895_N007022|E_N007007_N007022
low_priority_uncertain,graph_shared_junction,shared_node,G0110,1,E_N007021_N007036
low_priority_uncertain,graph_shared_junction,shared_node,G0111,1,E_N007105_N007232
low_priority_uncertain,graph_shared_junction,shared_node,G0112,1,E_N007106_N008243
low_priority_uncertain,graph_shared_junction,shared_node,G0113,5,E_N007119_N007246|E_N007231_N007246|E_N007231_N007358|E_N007343_N007358|E_N007343_N007470
low_priority_uncertain,graph_shared_junction,shared_node,G0114,2,E_N007133_N007148|E_N007133_N007260
low_priority_uncertain,graph_shared_junction,shared_node,G0115,1,E_N007217_N007344
low_priority_uncertain,graph_shared_junction,shared_node,G0116,5,E_N007245_N007372|E_N007357_N007372|E_N007357_N007484|E_N007469_N007484|E_N007469_N007596
low_priority_uncertain,graph_shared_junction,shared_node,G0117,1,E_N007259_N007386
low_priority_uncertain,graph_shared_junction,shared_node,G0118,11,E_N007274_N008397|E_N008281_N008287|E_N008285_N008287|E_N008287_N008397|E_N008397_N008399|E_N008399_N008509|E_N008509_N008511|E_N008511_N008621|E_N008621_N008623|E_N008623_N008733|E_N008733_N008735
low_priority_uncertain,graph_shared_junction,shared_node,G0119,1,E_N007371_N007498
low_priority_uncertain,graph_shared_junction,shared_node,G0120,1,E_N007403_N007414
low_priority_uncertain,graph_shared_junction,shared_node,G0121,1,E_N007483_N007489
low_priority_uncertain,graph_shared_junction,shared_node,G0122,14,E_N007581_N008721|E_N008049_N008159|E_N008159_N008161|E_N008161_N008271|E_N008271_N008273|E_N008273_N008383|E_N008383_N008385|E_N008385_N008495|E_N008477_N008497|E_N008495_N008497|E_N008497_N008607|E_N008607_N008609|E_N008609_N008719|E_N008719_N008721
low_priority_uncertain,graph_shared_junction,shared_node,G0123,1,E_N007889_N007890
low_priority_uncertain,graph_shared_junction,shared_node,G0124,1,E_N007893_N007909
low_priority_uncertain,graph_shared_junction,shared_node,G0125,1,E_N007903_N007904
low_priority_uncertain,graph_shared_junction,shared_node,G0126,1,E_N007907_N007923
low_priority_uncertain,graph_shared_junction,shared_node,G0127,1,E_N007986_N008006
low_priority_uncertain,graph_shared_junction,shared_node,G0128,1,E_N008000_N009140
low_priority_uncertain,graph_shared_junction,shared_node,G0129,2,E_N008021_N008131|E_N008131_N008133
low_priority_uncertain,graph_shared_junction,shared_node,G0130,10,E_N008029_N008035|E_N008035_N008145|E_N008145_N008147|E_N008145_N008156|E_N008147_N008257|E_N008257_N008259|E_N008259_N008369|E_N008369_N008371|E_N008371_N008481|E_N008481_N008483
low_priority_uncertain,graph_shared_junction,shared_node,G0131,2,E_N008033_N008044|E_N008033_N008048
low_priority_uncertain,graph_shared_junction,shared_node,G0132,1,E_N008099_N008119
low_priority_uncertain,graph_shared_junction,shared_node,G0133,1,E_N008212_N008215
low_priority_uncertain,graph_shared_junction,shared_node,G0134,3,E_N008225_N008245|E_N008245_N008355|E_N008355_N008357
low_priority_uncertain,graph_shared_junction,shared_node,G0135,5,E_N008523_N008525|E_N008525_N008635|E_N008635_N008637|E_N008637_N008747|E_N008747_N008749
low_priority_uncertain,graph_shared_junction,shared_node,G0136,1,E_N008716_N009839
low_priority_uncertain,graph_shared_junction,shared_node,G0137,1,E_N008841_N009995
low_priority_uncertain,graph_shared_junction,shared_node,G0138,1,E_N008911_N008917
low_priority_uncertain,graph_shared_junction,shared_node,G0139,1,E_N009041_N009057
low_priority_uncertain,graph_shared_junction,shared_node,G0140,5,E_N009097_N009098|E_N009097_N009113|E_N009113_N009237|E_N009237_N009253|E_N009253_N009377
low_priority_uncertain,graph_shared_junction,shared_node,G0141,1,E_N009149_N009169
low_priority_uncertain,graph_shared_junction,shared_node,G0142,12,E_N009351_N009475|E_N009475_N009491|E_N009491_N009615|E_N009615_N009631|E_N009631_N009755|E_N009755_N009771|E_N009771_N009895|E_N009895_N009911|E_N009911_N010035|E_N010035_N010051|E_N010051_N010175|E_N010175_N010191
low_priority_uncertain,graph_shared_junction,shared_node,G0143,1,E_N009429_N009435
low_priority_uncertain,graph_shared_junction,shared_node,G0144,1,E_N009528_N009531
low_priority_uncertain,graph_shared_junction,shared_node,G0145,3,E_N009533_N009657|E_N009657_N009673|E_N009673_N009797
low_priority_uncertain,graph_shared_junction,shared_node,G0146,1,E_N009545_N009556
low_priority_uncertain,graph_shared_junction,shared_node,G0147,1,E_N009587_N009603
low_priority_uncertain,graph_shared_junction,shared_node,G0148,7,E_N009601_N009617|E_N009617_N009741|E_N009741_N009757|E_N009757_N009881|E_N009881_N009897|E_N009897_N010021|E_N010021_N010037
low_priority_uncertain,graph_shared_junction,shared_node,G0149,1,E_N009671_N009682
low_priority_uncertain,graph_shared_junction,shared_node,G0150,1,E_N009681_N009687
low_priority_uncertain,graph_shared_junction,shared_node,G0151,2,E_N009727_N009743|E_N009743_N009867
low_priority_uncertain,graph_shared_junction,shared_node,G0152,2,E_N009813_N009937|E_N009933_N009937
low_priority_uncertain,graph_shared_junction,shared_node,G0153,1,E_N009853_N009869
low_priority_uncertain,graph_shared_junction,shared_node,G0154,2,E_N010158_N010161|E_N010161_N010177
main,dbscan,eps_mm=2.28,D0001,2,E_N001010_N001021|E_N001010_N001035
main,dbscan,eps_mm=2.28,D0002,4,E_N001012_N001016|E_N001012_N001021|E_N001012_N002152|E_N001012_N002155
main,dbscan,eps_mm=2.28,D0003,4,E_N001015_N001021|E_N001015_N001035|E_N001015_N002155|E_N001015_N002169
main,dbscan,eps_mm=2.28,D0004,2,E_N001024_N001035|E_N001024_N001049
main,dbscan,eps_mm=2.28,D0005,4,E_N001029_N001035|E_N001029_N001049|E_N001029_N002169|E_N001029_N002183
main,dbscan,eps_mm=2.28,D0006,2,E_N001043_N001049|E_N001043_N002183
main,dbscan,eps_mm=2.28,D0007,4,E_N001043_N001063|E_N001043_N002197|E_N001057_N001063|E_N001057_N002197
main,dbscan,eps_mm=2.28,D0008,4,E_N001057_N001077|E_N001057_N002211|E_N001071_N001077|E_N001071_N002211
main,dbscan,eps_mm=2.28,D0009,2,E_N002146_N002155|E_N002146_N003289
main,dbscan,eps_mm=2.28,D0010,4,E_N002149_N002155|E_N002149_N002169|E_N002149_N003289|E_N002149_N003303
main,dbscan,eps_mm=2.28,D0011,4,E_N002163_N002169|E_N002163_N002183|E_N002163_N003303|E_N002163_N003317
main,dbscan,eps_mm=2.28,D0012,2,E_N002177_N002183|E_N002177_N003317
main,dbscan,eps_mm=2.28,D0013,4,E_N002177_N002197|E_N002177_N003331|E_N002191_N002197|E_N002191_N003331
main,dbscan,eps_mm=2.28,D0014,2,E_N002205_N002225|E_N002205_N003359
main,dbscan,eps_mm=2.28,D0015,2,E_N003280_N004423|E_N004414_N004423
main,dbscan,eps_mm=2.28,D0016,2,E_N003283_N003289|E_N003283_N003303
main,dbscan,eps_mm=2.28,D0017,4,E_N003283_N004423|E_N003283_N004437|E_N004417_N004423|E_N004417_N004437
main,dbscan,eps_mm=2.28,D0018,2,E_N003297_N003303|E_N003297_N003317
main,dbscan,eps_mm=2.28,D0019,4,E_N003297_N004437|E_N003297_N004451|E_N004431_N004437|E_N004431_N004451
main,dbscan,eps_mm=2.28,D0020,2,E_N003311_N003331|E_N003325_N003331
main,dbscan,eps_mm=2.28,D0021,2,E_N003311_N004451|E_N004445_N004451
main,dbscan,eps_mm=2.28,D0022,4,E_N003311_N004465|E_N003325_N004465|E_N004445_N004465|E_N004459_N004465
main,dbscan,eps_mm=2.28,D0023,2,E_N003325_N003345|E_N003339_N003345
main,dbscan,eps_mm=2.28,D0024,4,E_N003325_N004479|E_N003339_N004479|E_N004459_N004479|E_N004473_N004479
main,dbscan,eps_mm=2.28,D0025,6,E_N003436_N003452|E_N003450_N003455|E_N003450_N003466|E_N003450_N004589|E_N003452_N003456|E_N003466_N004589
main,dbscan,eps_mm=2.28,D0026,2,E_N004414_N005557|E_N005548_N005557
main,dbscan,eps_mm=2.28,D0027,4,E_N004417_N005557|E_N004417_N005571|E_N005551_N005557|E_N005551_N005571
main,dbscan,eps_mm=2.28,D0028,4,E_N004431_N005571|E_N004431_N005585|E_N005565_N005571|E_N005565_N005585
main,dbscan,eps_mm=2.28,D0029,2,E_N004445_N005585|E_N005579_N005585
main,dbscan,eps_mm=2.28,D0030,4,E_N004445_N005599|E_N004459_N005599|E_N005579_N005599|E_N005593_N005599
main,dbscan,eps_mm=2.28,D0031,4,E_N004459_N005613|E_N004473_N005613|E_N005593_N005613|E_N005607_N005613
main,dbscan,eps_mm=2.28,D0032,2,E_N004473_N005627|E_N005607_N005627
main,dbscan,eps_mm=2.28,D0033,2,E_N005551_N006691|E_N005551_N006705
main,dbscan,eps_mm=2.28,D0034,2,E_N005565_N006705|E_N005565_N006719
main,dbscan,eps_mm=2.28,D0035,2,E_N005579_N006733|E_N005593_N006733
main,dbscan,eps_mm=2.28,D0036,2,E_N005593_N006747|E_N005607_N006747
main,dbscan,eps_mm=2.28,D0037,3,E_N006682_N007825|E_N007816_N007825|E_N007816_N008959
main,dbscan,eps_mm=2.28,D0038,2,E_N006685_N006691|E_N006685_N006705
main,dbscan,eps_mm=2.28,D0039,6,E_N006685_N007825|E_N006685_N007839|E_N007819_N007825|E_N007819_N007839|E_N007819_N008959|E_N007819_N008973
main,dbscan,eps_mm=2.28,D0040,2,E_N006699_N006705|E_N006699_N006719
main,dbscan,eps_mm=2.28,D0041,6,E_N006699_N007839|E_N006699_N007853|E_N007833_N007839|E_N007833_N007853|E_N007833_N008973|E_N007833_N008987
main,dbscan,eps_mm=2.28,D0042,2,E_N006713_N006733|E_N006727_N006733
main,dbscan,eps_mm=2.28,D0043,3,E_N006713_N007853|E_N007847_N007853|E_N007847_N008987
main,dbscan,eps_mm=2.28,D0044,6,E_N006713_N007867|E_N006727_N007867|E_N007847_N007867|E_N007847_N009001|E_N007861_N007867|E_N007861_N009001
main,dbscan,eps_mm=2.28,D0045,2,E_N006727_N006747|E_N006741_N006747
main,dbscan,eps_mm=2.28,D0046,6,E_N006727_N007881|E_N006741_N007881|E_N007861_N007881|E_N007861_N009015|E_N007875_N007881|E_N007875_N009015
main,dbscan,eps_mm=2.28,D0047,3,E_N006741_N007895|E_N007875_N007895|E_N007875_N009029
main,dbscan,eps_mm=2.28,D0048,3,E_N006755_N007895|E_N007889_N007895|E_N007889_N009029
main,dbscan,eps_mm=2.28,D0049,2,E_N008953_N008959|E_N008953_N008973
main,dbscan,eps_mm=2.28,D0050,2,E_N008953_N010093|E_N008953_N010107
main,dbscan,eps_mm=2.28,D0051,2,E_N008967_N008973|E_N008967_N008987
main,dbscan,eps_mm=2.28,D0052,3,E_N008967_N010105|E_N008967_N010107|E_N008967_N010121
main,dbscan,eps_mm=2.28,D0053,5,E_N008981_N009001|E_N008981_N010135|E_N008995_N008996|E_N008995_N009001|E_N008995_N010135
main,dbscan,eps_mm=2.28,D0054,2,E_N008995_N009015|E_N009009_N009015
main,dbscan,eps_mm=2.28,D0055,2,E_N008995_N010149|E_N009009_N010149
main,dbscan,eps_mm=2.28,D0056,5,E_N010087_N010093|E_N010087_N010107|E_N010101_N010107|E_N010101_N010121|E_N010102_N010107
main,dbscan,eps_mm=2.28,D0057,2,E_N010115_N010135|E_N010129_N010135
main,dbscan,eps_mm=2.28,D0058,2,E_N010129_N010149|E_N010143_N010149
main,dbscan,eps_mm=4.56,D0001,6,E_N000251_N000361|E_N000358_N001495|E_N000361_N000363|E_N001365_N001380|E_N001379_N001506|E_N001491_N001506
main,dbscan,eps_mm=4.56,D0002,207,E_N001010_N001021|E_N001010_N001035|E_N001011_N001021|E_N001012_N001016|E_N001012_N001021|E_N001012_N002152|E_N001012_N002155|E_N001015_N001021|E_N001015_N001035|E_N001015_N002155|E_N001015_N002169|E_N001024_N001035|E_N001024_N001049|E_N001029_N001035|E_N001029_N001049|E_N001029_N002169|E_N001029_N002183|E_N001038_N001049|E_N001038_N001063|E_N001043_N001049|E_N001043_N001063|E_N001043_N002183|E_N001043_N002197|E_N001057_N001063|E_N001057_N001077|E_N001057_N002197|E_N001057_N002211|E_N001071_N001077|E_N001071_N001091|E_N001071_N002211|E_N001085_N002225|E_N002146_N002155|E_N002146_N003289|E_N002149_N002155|E_N002149_N002169|E_N002149_N003289|E_N002149_N003303|E_N002163_N002169|E_N002163_N002183|E_N002163_N003303|E_N002163_N003317|E_N002177_N002183|E_N002177_N002197|E_N002177_N003317|E_N002177_N003331|E_N002191_N002197|E_N002191_N002211|E_N002191_N003331|E_N002205_N002225|E_N002205_N003345|E_N002205_N003359|E_N002219_N003359|E_N003280_N003289|E_N003280_N004423|E_N003283_N003289|E_N003283_N003303|E_N003283_N004423|E_N003283_N004437|E_N003297_N003303|E_N003297_N003317|E_N003297_N004437|E_N003297_N004451|E_N003311_N003317|E_N003311_N003331|E_N003311_N004451|E_N003311_N004465|E_N003325_N003331|E_N003325_N003345|E_N003325_N004465|E_N003325_N004479|E_N003339_N003345|E_N003339_N003359|E_N003339_N004479|E_N003353_N004493|E_N004414_N004423|E_N004414_N005557|E_N004417_N004423|E_N004417_N004437|E_N004417_N005557|E_N004417_N005571|E_N004431_N004437|E_N004431_N004451|E_N004431_N005571|E_N004431_N005585|E_N004445_N004451|E_N004445_N004465|E_N004445_N005585|E_N004445_N005599|E_N004459_N004465|E_N004459_N004479|E_N004459_N005599|E_N004459_N005613|E_N004473_N004479|E_N004473_N004493|E_N004473_N005613|E_N004473_N005627|E_N005548_N005557|E_N005548_N006691|E_N005551_N005557|E_N005551_N005571|E_N005551_N006691|E_N005551_N006705|E_N005565_N005571|E_N005565_N005585|E_N005565_N006705|E_N005565_N006719|E_N005579_N005585|E_N005579_N005599|E_N005579_N006719|E_N005579_N006733|E_N005593_N005599|E_N005593_N005613|E_N005593_N006733|E_N005593_N006747|E_N005607_N005613|E_N005607_N005627|E_N005607_N006747|E_N005607_N006761|E_N005621_N005627|E_N005621_N006761|E_N006682_N006691|E_N006682_N007825|E_N006685_N006691|E_N006685_N006705|E_N006685_N007825|E_N006685_N007839|E_N006699_N006705|E_N006699_N006719|E_N006699_N007839|E_N006699_N007853|E_N006713_N006719|E_N006713_N006733|E_N006713_N007853|E_N006713_N007867|E_N006727_N006733|E_N006727_N006747|E_N006727_N007867|E_N006727_N007881|E_N006741_N006747|E_N006741_N006761|E_N006741_N007881|E_N006741_N007895|E_N006755_N006761|E_N006755_N007895|E_N007816_N007825|E_N007816_N008959|E_N007819_N007825|E_N007819_N007839|E_N007819_N008959|E_N007819_N008973|E_N007833_N007839|E_N007833_N007853|E_N007833_N008973|E_N007833_N008987|E_N007847_N007853|E_N007847_N007867|E_N007847_N008987|E_N007847_N009001|E_N007861_N007867|E_N007861_N007881|E_N007861_N009001|E_N007861_N009015|E_N007875_N007881|E_N007875_N007895|E_N007875_N009015|E_N007875_N009029|E_N007889_N007895|E_N007889_N009029|E_N008950_N008959|E_N008950_N010093|E_N008953_N008959|E_N008953_N008973|E_N008953_N010093|E_N008953_N010107|E_N008967_N008973|E_N008967_N008987|E_N008967_N010105|E_N008967_N010107|E_N008967_N010121|E_N008981_N008987|E_N008981_N009001|E_N008981_N010121|E_N008981_N010135|E_N008995_N008996|E_N008995_N009001|E_N008995_N009015|E_N008995_N010135|E_N008995_N010149|E_N009009_N009015|E_N009009_N009029|E_N009009_N010149|E_N009009_N010163|E_N009023_N009029|E_N009023_N010163|E_N010084_N010093|E_N010087_N010093|E_N010087_N010107|E_N010101_N010107|E_N010101_N010121|E_N010102_N010107|E_N010115_N010121|E_N010115_N010135|E_N010129_N010135|E_N010129_N010149|E_N010143_N010149|E_N010143_N010163|E_N010157_N010163
main,dbscan,eps_mm=4.56,D0003,8,E_N003436_N003452|E_N003450_N003455|E_N003450_N003466|E_N003450_N004589|E_N003452_N003456|E_N003466_N003471|E_N003466_N004589|E_N004584_N004604
main,dbscan,eps_mm=4.56,D0004,2,E_N009317_N009321|E_N009443_N009447
main,dbscan,eps_mm=6.84,D0001,6,E_N000251_N000361|E_N000358_N001495|E_N000361_N000363|E_N001365_N001380|E_N001379_N001506|E_N001491_N001506
main,dbscan,eps_mm=6.84,D0002,208,E_N001010_N001021|E_N001010_N001035|E_N001011_N001021|E_N001012_N001016|E_N001012_N001021|E_N001012_N002152|E_N001012_N002155|E_N001015_N001021|E_N001015_N001035|E_N001015_N002155|E_N001015_N002169|E_N001024_N001035|E_N001024_N001049|E_N001029_N001035|E_N001029_N001049|E_N001029_N002169|E_N001029_N002183|E_N001038_N001049|E_N001038_N001063|E_N001043_N001049|E_N001043_N001063|E_N001043_N002183|E_N001043_N002197|E_N001057_N001063|E_N001057_N001077|E_N001057_N002197|E_N001057_N002211|E_N001071_N001077|E_N001071_N001091|E_N001071_N002211|E_N001085_N002225|E_N002146_N002155|E_N002146_N003289|E_N002149_N002155|E_N002149_N002169|E_N002149_N003289|E_N002149_N003303|E_N002163_N002169|E_N002163_N002183|E_N002163_N003303|E_N002163_N003317|E_N002177_N002183|E_N002177_N002197|E_N002177_N003317|E_N002177_N003331|E_N002191_N002197|E_N002191_N002211|E_N002191_N003331|E_N002205_N002225|E_N002205_N003345|E_N002205_N003359|E_N002219_N003359|E_N003280_N003289|E_N003280_N004423|E_N003283_N003289|E_N003283_N003303|E_N003283_N004423|E_N003283_N004437|E_N003297_N003303|E_N003297_N003317|E_N003297_N004437|E_N003297_N004451|E_N003311_N003317|E_N003311_N003331|E_N003311_N004451|E_N003311_N004465|E_N003325_N003331|E_N003325_N003345|E_N003325_N004465|E_N003325_N004479|E_N003339_N003345|E_N003339_N003359|E_N003339_N004479|E_N003353_N004493|E_N004414_N004423|E_N004414_N005557|E_N004417_N004423|E_N004417_N004437|E_N004417_N005557|E_N004417_N005571|E_N004431_N004437|E_N004431_N004451|E_N004431_N005571|E_N004431_N005585|E_N004445_N004451|E_N004445_N004465|E_N004445_N005585|E_N004445_N005599|E_N004459_N004465|E_N004459_N004479|E_N004459_N005599|E_N004459_N005613|E_N004473_N004479|E_N004473_N004493|E_N004473_N005613|E_N004473_N005627|E_N005548_N005557|E_N005548_N006691|E_N005551_N005557|E_N005551_N005571|E_N005551_N006691|E_N005551_N006705|E_N005565_N005571|E_N005565_N005585|E_N005565_N006705|E_N005565_N006719|E_N005579_N005585|E_N005579_N005599|E_N005579_N006719|E_N005579_N006733|E_N005593_N005599|E_N005593_N005613|E_N005593_N006733|E_N005593_N006747|E_N005607_N005613|E_N005607_N005627|E_N005607_N006747|E_N005607_N006761|E_N005621_N005627|E_N005621_N006761|E_N006559_N007697|E_N006682_N006691|E_N006682_N007825|E_N006685_N006691|E_N006685_N006705|E_N006685_N007825|E_N006685_N007839|E_N006699_N006705|E_N006699_N006719|E_N006699_N007839|E_N006699_N007853|E_N006713_N006719|E_N006713_N006733|E_N006713_N007853|E_N006713_N007867|E_N006727_N006733|E_N006727_N006747|E_N006727_N007867|E_N006727_N007881|E_N006741_N006747|E_N006741_N006761|E_N006741_N007881|E_N006741_N007895|E_N006755_N006761|E_N006755_N007895|E_N007816_N007825|E_N007816_N008959|E_N007819_N007825|E_N007819_N007839|E_N007819_N008959|E_N007819_N008973|E_N007833_N007839|E_N007833_N007853|E_N007833_N008973|E_N007833_N008987|E_N007847_N007853|E_N007847_N007867|E_N007847_N008987|E_N007847_N009001|E_N007861_N007867|E_N007861_N007881|E_N007861_N009001|E_N007861_N009015|E_N007875_N007881|E_N007875_N007895|E_N007875_N009015|E_N007875_N009029|E_N007889_N007895|E_N007889_N009029|E_N008950_N008959|E_N008950_N010093|E_N008953_N008959|E_N008953_N008973|E_N008953_N010093|E_N008953_N010107|E_N008967_N008973|E_N008967_N008987|E_N008967_N010105|E_N008967_N010107|E_N008967_N010121|E_N008981_N008987|E_N008981_N009001|E_N008981_N010121|E_N008981_N010135|E_N008995_N008996|E_N008995_N009001|E_N008995_N009015|E_N008995_N010135|E_N008995_N010149|E_N009009_N009015|E_N009009_N009029|E_N009009_N010149|E_N009009_N010163|E_N009023_N009029|E_N009023_N010163|E_N010084_N010093|E_N010087_N010093|E_N010087_N010107|E_N010101_N010107|E_N010101_N010121|E_N010102_N010107|E_N010115_N010121|E_N010115_N010135|E_N010129_N010135|E_N010129_N010149|E_N010143_N010149|E_N010143_N010163|E_N010157_N010163
main,dbscan,eps_mm=6.84,D0003,8,E_N003436_N003452|E_N003450_N003455|E_N003450_N003466|E_N003450_N004589|E_N003452_N003456|E_N003466_N003471|E_N003466_N004589|E_N004584_N004604
main,dbscan,eps_mm=6.84,D0004,3,E_N008309_N008313|E_N009317_N009321|E_N009443_N009447
main,graph_shared_junction,shared_node,G0001,2,E_N000251_N000361|E_N000361_N000363
main,graph_shared_junction,shared_node,G0002,1,E_N000358_N001495
main,graph_shared_junction,shared_node,G0003,207,E_N001010_N001021|E_N001010_N001035|E_N001011_N001021|E_N001012_N001016|E_N001012_N001021|E_N001012_N002152|E_N001012_N002155|E_N001015_N001021|E_N001015_N001035|E_N001015_N002155|E_N001015_N002169|E_N001024_N001035|E_N001024_N001049|E_N001029_N001035|E_N001029_N001049|E_N001029_N002169|E_N001029_N002183|E_N001038_N001049|E_N001038_N001063|E_N001043_N001049|E_N001043_N001063|E_N001043_N002183|E_N001043_N002197|E_N001057_N001063|E_N001057_N001077|E_N001057_N002197|E_N001057_N002211|E_N001071_N001077|E_N001071_N001091|E_N001071_N002211|E_N001085_N002225|E_N002146_N002155|E_N002146_N003289|E_N002149_N002155|E_N002149_N002169|E_N002149_N003289|E_N002149_N003303|E_N002163_N002169|E_N002163_N002183|E_N002163_N003303|E_N002163_N003317|E_N002177_N002183|E_N002177_N002197|E_N002177_N003317|E_N002177_N003331|E_N002191_N002197|E_N002191_N002211|E_N002191_N003331|E_N002205_N002225|E_N002205_N003345|E_N002205_N003359|E_N002219_N003359|E_N003280_N003289|E_N003280_N004423|E_N003283_N003289|E_N003283_N003303|E_N003283_N004423|E_N003283_N004437|E_N003297_N003303|E_N003297_N003317|E_N003297_N004437|E_N003297_N004451|E_N003311_N003317|E_N003311_N003331|E_N003311_N004451|E_N003311_N004465|E_N003325_N003331|E_N003325_N003345|E_N003325_N004465|E_N003325_N004479|E_N003339_N003345|E_N003339_N003359|E_N003339_N004479|E_N003353_N004493|E_N004414_N004423|E_N004414_N005557|E_N004417_N004423|E_N004417_N004437|E_N004417_N005557|E_N004417_N005571|E_N004431_N004437|E_N004431_N004451|E_N004431_N005571|E_N004431_N005585|E_N004445_N004451|E_N004445_N004465|E_N004445_N005585|E_N004445_N005599|E_N004459_N004465|E_N004459_N004479|E_N004459_N005599|E_N004459_N005613|E_N004473_N004479|E_N004473_N004493|E_N004473_N005613|E_N004473_N005627|E_N005548_N005557|E_N005548_N006691|E_N005551_N005557|E_N005551_N005571|E_N005551_N006691|E_N005551_N006705|E_N005565_N005571|E_N005565_N005585|E_N005565_N006705|E_N005565_N006719|E_N005579_N005585|E_N005579_N005599|E_N005579_N006719|E_N005579_N006733|E_N005593_N005599|E_N005593_N005613|E_N005593_N006733|E_N005593_N006747|E_N005607_N005613|E_N005607_N005627|E_N005607_N006747|E_N005607_N006761|E_N005621_N005627|E_N005621_N006761|E_N006682_N006691|E_N006682_N007825|E_N006685_N006691|E_N006685_N006705|E_N006685_N007825|E_N006685_N007839|E_N006699_N006705|E_N006699_N006719|E_N006699_N007839|E_N006699_N007853|E_N006713_N006719|E_N006713_N006733|E_N006713_N007853|E_N006713_N007867|E_N006727_N006733|E_N006727_N006747|E_N006727_N007867|E_N006727_N007881|E_N006741_N006747|E_N006741_N006761|E_N006741_N007881|E_N006741_N007895|E_N006755_N006761|E_N006755_N007895|E_N007816_N007825|E_N007816_N008959|E_N007819_N007825|E_N007819_N007839|E_N007819_N008959|E_N007819_N008973|E_N007833_N007839|E_N007833_N007853|E_N007833_N008973|E_N007833_N008987|E_N007847_N007853|E_N007847_N007867|E_N007847_N008987|E_N007847_N009001|E_N007861_N007867|E_N007861_N007881|E_N007861_N009001|E_N007861_N009015|E_N007875_N007881|E_N007875_N007895|E_N007875_N009015|E_N007875_N009029|E_N007889_N007895|E_N007889_N009029|E_N008950_N008959|E_N008950_N010093|E_N008953_N008959|E_N008953_N008973|E_N008953_N010093|E_N008953_N010107|E_N008967_N008973|E_N008967_N008987|E_N008967_N010105|E_N008967_N010107|E_N008967_N010121|E_N008981_N008987|E_N008981_N009001|E_N008981_N010121|E_N008981_N010135|E_N008995_N008996|E_N008995_N009001|E_N008995_N009015|E_N008995_N010135|E_N008995_N010149|E_N009009_N009015|E_N009009_N009029|E_N009009_N010149|E_N009009_N010163|E_N009023_N009029|E_N009023_N010163|E_N010084_N010093|E_N010087_N010093|E_N010087_N010107|E_N010101_N010107|E_N010101_N010121|E_N010102_N010107|E_N010115_N010121|E_N010115_N010135|E_N010129_N010135|E_N010129_N010149|E_N010143_N010149|E_N010143_N010163|E_N010157_N010163
main,graph_shared_junction,shared_node,G0004,1,E_N001365_N001380
main,graph_shared_junction,shared_node,G0005,2,E_N001379_N001506|E_N001491_N001506
main,graph_shared_junction,shared_node,G0006,2,E_N003436_N003452|E_N003452_N003456
main,graph_shared_junction,shared_node,G0007,5,E_N003450_N003455|E_N003450_N003466|E_N003450_N004589|E_N003466_N003471|E_N003466_N004589
main,graph_shared_junction,shared_node,G0008,1,E_N003511_N003526
main,graph_shared_junction,shared_node,G0009,1,E_N004584_N004604
main,graph_shared_junction,shared_node,G0010,1,E_N005369_N005375
main,graph_shared_junction,shared_node,G0011,1,E_N005471_N005482
main,graph_shared_junction,shared_node,G0012,1,E_N006559_N007697
main,graph_shared_junction,shared_node,G0013,1,E_N008309_N008313
main,graph_shared_junction,shared_node,G0014,1,E_N009317_N009321
main,graph_shared_junction,shared_node,G0015,1,E_N009443_N009447
review_required,dbscan,eps_mm=2.28,D0001,2,E_N000099_N000124|E_N000109_N000124
review_required,dbscan,eps_mm=2.28,D0002,2,E_N000100_N000125|E_N000125_N000235
review_required,dbscan,eps_mm=2.28,D0003,8,E_N000105_N000111|E_N000105_N000232|E_N000105_N001259|E_N000105_N001369|E_N000111_N000235|E_N000232_N001369|E_N001259_N001369|E_N001369_N001371
review_required,dbscan,eps_mm=2.28,D0004,9,E_N000113_N000123|E_N000119_N000123|E_N000119_N000125|E_N000119_N000246|E_N000119_N001383|E_N000121_N000123|E_N000123_N000125|E_N000246_N001383|E_N001383_N001385
review_required,dbscan,eps_mm=2.28,D0005,43,E_N000114_N000249|E_N000240_N000375|E_N000245_N000249|E_N000245_N000251|E_N000245_N000372|E_N000245_N001509|E_N000247_N000249|E_N000249_N000251|E_N000251_N000372|E_N000352_N000377|E_N000357_N000372|E_N000357_N001511|E_N000361_N000372|E_N000361_N000377|E_N000371_N000375|E_N000371_N000377|E_N000371_N000498|E_N000371_N001635|E_N000372_N001509|E_N000372_N001511|E_N000373_N000375|E_N000375_N000377|E_N000377_N000487|E_N000377_N000498|E_N000483_N000487|E_N000483_N000498|E_N000483_N001747|E_N000487_N000489|E_N000498_N001635|E_N000498_N001637|E_N001505_N001509|E_N001505_N001511|E_N001505_N001632|E_N001505_N002769|E_N001509_N001511|E_N001511_N001621|E_N001631_N001635|E_N001631_N001637|E_N001631_N001758|E_N001631_N002895|E_N001635_N001637|E_N001637_N001747|E_N001637_N001758
review_required,dbscan,eps_mm=2.28,D0006,3,E_N000231_N000237|E_N000231_N000358|E_N000237_N000361
review_required,dbscan,eps_mm=2.28,D0007,2,E_N000469_N000484|E_N000469_N001623
review_required,dbscan,eps_mm=2.28,D0008,38,E_N000492_N000627|E_N000604_N000629|E_N000604_N000739|E_N000623_N000627|E_N000623_N000629|E_N000623_N000750|E_N000623_N001887|E_N000625_N000627|E_N000625_N000629|E_N000627_N000629|E_N000629_N000739|E_N000629_N000750|E_N000735_N000750|E_N000735_N001889|E_N000739_N000750|E_N000750_N001887|E_N000750_N001889|E_N001883_N001887|E_N001883_N001889|E_N001883_N002010|E_N001883_N003147|E_N001887_N001889|E_N001889_N001999|E_N001889_N002010|E_N001995_N002010|E_N001999_N002010|E_N002010_N003147|E_N002010_N003149|E_N003143_N003147|E_N003143_N003149|E_N003143_N003270|E_N003143_N004407|E_N003147_N003149|E_N003149_N003259|E_N003149_N003270|E_N003270_N004407|E_N004403_N004407|E_N004407_N004409
review_required,dbscan,eps_mm=2.28,D0009,19,E_N000497_N000501|E_N000497_N000503|E_N000497_N000624|E_N000497_N001761|E_N000499_N000503|E_N000501_N000503|E_N000503_N000613|E_N000503_N000624|E_N000609_N000624|E_N000613_N000624|E_N000624_N001761|E_N000624_N001763|E_N001757_N001761|E_N001757_N001763|E_N001757_N001884|E_N001757_N003021|E_N001761_N001763|E_N001763_N001873|E_N001763_N001884
review_required,dbscan,eps_mm=2.28,D0010,26,E_N000618_N000753|E_N000730_N000755|E_N000749_N000753|E_N000749_N000755|E_N000749_N000876|E_N000749_N002013|E_N000751_N000753|E_N000751_N000755|E_N000753_N000755|E_N000755_N000865|E_N000755_N000876|E_N000861_N000876|E_N000876_N002013|E_N000876_N002015|E_N002009_N002013|E_N002009_N002015|E_N002009_N002136|E_N002009_N003273|E_N002013_N002015|E_N002015_N002136|E_N002121_N002136|E_N002125_N002136|E_N002136_N003273|E_N002136_N003275|E_N003269_N003273|E_N003273_N003275
review_required,dbscan,eps_mm=2.28,D0011,52,E_N000744_N000879|E_N000856_N000881|E_N000856_N000991|E_N000875_N000879|E_N000875_N000881|E_N000875_N001002|E_N000875_N002139|E_N000877_N000879|E_N000877_N000881|E_N000879_N000881|E_N000881_N001002|E_N000987_N001002|E_N000989_N000991|E_N000996_N001131|E_N001002_N002139|E_N001002_N002141|E_N001108_N001133|E_N001113_N001119|E_N001113_N001128|E_N001113_N001133|E_N001113_N002253|E_N001113_N002267|E_N001122_N001133|E_N001127_N001128|E_N001127_N001131|E_N001127_N001133|E_N001127_N002267|E_N001128_N002267|E_N001129_N001131|E_N001129_N001133|E_N001131_N001133|E_N002135_N002139|E_N002135_N002141|E_N002135_N002262|E_N002135_N003399|E_N002139_N002141|E_N002247_N002251|E_N002247_N002253|E_N002247_N002262|E_N002247_N002267|E_N002247_N003387|E_N002247_N003401|E_N002251_N002253|E_N002261_N002265|E_N002261_N002267|E_N002261_N003401|E_N002262_N003399|E_N002262_N003401|E_N002265_N002267|E_N003395_N003399|E_N003395_N003401|E_N003399_N003401
review_required,dbscan,eps_mm=2.28,D0012,9,E_N000870_N001005|E_N000982_N001007|E_N001001_N001005|E_N001001_N001007|E_N001001_N001128|E_N001001_N002265|E_N001003_N001005|E_N001003_N001007|E_N001005_N001007
review_required,dbscan,eps_mm=2.28,D0013,2,E_N001011_N001018|E_N001017_N001021
review_required,dbscan,eps_mm=2.28,D0014,2,E_N001052_N001077|E_N001066_N001077
review_required,dbscan,eps_mm=2.28,D0015,5,E_N001080_N001105|E_N001094_N001105|E_N001094_N001119|E_N001108_N001119|E_N001115_N001119
review_required,dbscan,eps_mm=2.28,D0016,6,E_N001085_N001105|E_N001085_N002239|E_N001099_N001105|E_N001099_N001119|E_N001099_N002239|E_N001099_N002253
review_required,dbscan,eps_mm=2.28,D0017,2,E_N001253_N001259|E_N001253_N001380
review_required,dbscan,eps_mm=2.28,D0018,6,E_N001379_N002643|E_N001506_N002643|E_N001506_N002645|E_N002639_N002643|E_N002639_N002645|E_N002643_N002645
review_required,dbscan,eps_mm=2.28,D0019,5,E_N001385_N001495|E_N001385_N001506|E_N001491_N001495|E_N001495_N001497|E_N001495_N001506
review_required,dbscan,eps_mm=2.28,D0020,2,E_N001617_N001623|E_N001621_N001623
review_required,dbscan,eps_mm=2.28,D0021,3,E_N001617_N001632|E_N001617_N002771|E_N002771_N002881
review_required,dbscan,eps_mm=2.28,D0022,2,E_N001743_N001749|E_N001747_N001749
review_required,dbscan,eps_mm=2.28,D0023,2,E_N001744_N002881|E_N002881_N002883
review_required,dbscan,eps_mm=2.28,D0024,20,E_N001869_N001884|E_N001869_N003023|E_N001884_N003023|E_N003017_N003021|E_N003017_N003023|E_N003017_N003144|E_N003017_N004281|E_N003021_N003023|E_N003023_N003133|E_N003023_N003144|E_N003129_N003133|E_N003129_N003144|E_N003133_N003135|E_N003144_N004281|E_N003144_N004283|E_N004277_N004281|E_N004277_N004283|E_N004277_N004404|E_N004277_N005541|E_N004281_N004283
review_required,dbscan,eps_mm=2.28,D0025,6,E_N002219_N002239|E_N002219_N003373|E_N002233_N002239|E_N002233_N002253|E_N002233_N003373|E_N002233_N003387
review_required,dbscan,eps_mm=2.28,D0026,3,E_N002513_N002640|E_N002513_N003777|E_N002640_N003777
review_required,dbscan,eps_mm=2.28,D0027,2,E_N002765_N002769|E_N002769_N002771
review_required,dbscan,eps_mm=2.28,D0028,15,E_N002891_N002895|E_N002891_N002897|E_N002891_N003018|E_N002891_N004155|E_N002895_N002897|E_N003018_N004155|E_N003018_N004157|E_N004151_N004155|E_N004151_N004157|E_N004151_N004278|E_N004151_N005415|E_N004155_N004157|E_N004157_N004267|E_N004157_N004278|E_N004278_N005415
review_required,dbscan,eps_mm=2.28,D0029,2,E_N003130_N004267|E_N004267_N004269
review_required,dbscan,eps_mm=2.28,D0030,2,E_N003269_N003396|E_N003269_N004533
review_required,dbscan,eps_mm=2.28,D0031,3,E_N003353_N003373|E_N003367_N003373|E_N003367_N003387
review_required,dbscan,eps_mm=2.28,D0032,6,E_N003353_N004507|E_N003367_N004507|E_N003367_N004521|E_N004487_N004507|E_N004501_N004507|E_N004501_N004521
review_required,dbscan,eps_mm=2.28,D0033,13,E_N003381_N003396|E_N003381_N003401|E_N003381_N004535|E_N003385_N003396|E_N003395_N004535|E_N003396_N004535|E_N004515_N004530|E_N004515_N004535|E_N004515_N005669|E_N004529_N004533|E_N004529_N004535|E_N004533_N004535|E_N005649_N005669
review_required,dbscan,eps_mm=2.28,D0034,2,E_N003381_N004521|E_N004515_N004521
review_required,dbscan,eps_mm=2.28,D0035,3,E_N003436_N004575|E_N003436_N004576|E_N004570_N004576
review_required,dbscan,eps_mm=2.28,D0036,2,E_N003520_N003526|E_N003522_N003526
review_required,dbscan,eps_mm=2.28,D0037,5,E_N003521_N003525|E_N003521_N003527|E_N003521_N003648|E_N003521_N004659|E_N003521_N004785
review_required,dbscan,eps_mm=2.28,D0038,2,E_N003647_N003651|E_N003651_N003653
review_required,dbscan,eps_mm=2.28,D0039,6,E_N003899_N003903|E_N003899_N003905|E_N003899_N004026|E_N003899_N005163|E_N003903_N003905|E_N004026_N005163
review_required,dbscan,eps_mm=2.28,D0040,3,E_N003900_N005037|E_N005033_N005037|E_N005037_N005039
review_required,dbscan,eps_mm=2.28,D0041,5,E_N004025_N004029|E_N004025_N004031|E_N004025_N004152|E_N004025_N005289|E_N004029_N004031
review_required,dbscan,eps_mm=2.28,D0042,2,E_N004221_N005361|E_N005355_N005361
review_required,dbscan,eps_mm=2.28,D0043,2,E_N004403_N004530|E_N004403_N005667
review_required,dbscan,eps_mm=2.28,D0044,6,E_N004487_N005641|E_N004501_N005641|E_N004501_N005655|E_N005621_N005641|E_N005635_N005641|E_N005635_N005655
review_required,dbscan,eps_mm=2.28,D0045,2,E_N004515_N005655|E_N005649_N005655
review_required,dbscan,eps_mm=2.28,D0046,4,E_N004529_N005667|E_N004529_N005669|E_N005663_N005667|E_N005663_N005669
review_required,dbscan,eps_mm=2.28,D0047,2,E_N004781_N006045|E_N004908_N006045
review_required,dbscan,eps_mm=2.28,D0048,2,E_N004907_N004911|E_N004911_N004913
review_required,dbscan,eps_mm=2.28,D0049,2,E_N005033_N005160|E_N005033_N006297
review_required,dbscan,eps_mm=2.28,D0050,7,E_N005159_N005163|E_N005159_N005165|E_N005159_N005286|E_N005159_N006423|E_N005286_N006423|E_N006419_N006423|E_N006423_N006425
review_required,dbscan,eps_mm=2.28,D0051,2,E_N005285_N005289|E_N005289_N005291
review_required,dbscan,eps_mm=2.28,D0052,2,E_N005285_N005412|E_N005285_N006549
review_required,dbscan,eps_mm=2.28,D0053,4,E_N005411_N005415|E_N005411_N005417|E_N005411_N005538|E_N005411_N006675
review_required,dbscan,eps_mm=2.28,D0054,2,E_N005537_N005541|E_N005541_N005543
review_required,dbscan,eps_mm=2.28,D0055,3,E_N005621_N006775|E_N005635_N006775|E_N005635_N006789
review_required,dbscan,eps_mm=2.28,D0056,2,E_N005663_N006801|E_N005663_N006803
review_required,dbscan,eps_mm=2.28,D0057,2,E_N006041_N006045|E_N006041_N006047
review_required,dbscan,eps_mm=2.28,D0058,2,E_N006167_N006171|E_N006171_N006173
review_required,dbscan,eps_mm=2.28,D0059,4,E_N006293_N007557|E_N006420_N007557|E_N007553_N007557|E_N007557_N007559
review_required,dbscan,eps_mm=2.28,D0060,2,E_N006545_N006549|E_N006545_N006551
review_required,dbscan,eps_mm=2.28,D0061,3,E_N006755_N006775|E_N006769_N006775|E_N006769_N006789
review_required,dbscan,eps_mm=2.28,D0062,9,E_N006755_N007909|E_N006769_N007909|E_N006769_N007923|E_N007889_N007909|E_N007889_N009043|E_N007903_N007909|E_N007903_N007923|E_N007903_N009043|E_N007903_N009057
review_required,dbscan,eps_mm=2.28,D0063,3,E_N006783_N007923|E_N007917_N007923|E_N007917_N009057
review_required,dbscan,eps_mm=2.28,D0064,3,E_N006783_N007937|E_N007917_N007937|E_N007917_N009071
review_required,dbscan,eps_mm=2.28,D0065,2,E_N006797_N006801|E_N006797_N006803
review_required,dbscan,eps_mm=2.28,D0066,7,E_N006797_N007935|E_N006797_N007937|E_N006798_N007935|E_N007931_N007935|E_N007931_N007937|E_N007931_N009069|E_N007931_N009071
review_required,dbscan,eps_mm=2.28,D0067,8,E_N007049_N007053|E_N007049_N007176|E_N007049_N007179|E_N007049_N008187|E_N007049_N008313|E_N007175_N008313|E_N007176_N008313|E_N008313_N008315
review_required,dbscan,eps_mm=2.28,D0068,4,E_N007427_N008691|E_N007554_N008691|E_N008687_N008691|E_N008691_N008693
review_required,dbscan,eps_mm=2.28,D0069,18,E_N008183_N009321|E_N008183_N009447|E_N008309_N008436|E_N008309_N008439|E_N008309_N009447|E_N008309_N009573|E_N008310_N009447|E_N008435_N009573|E_N008436_N009573|E_N009321_N009323|E_N009443_N009449|E_N009443_N009573|E_N009447_N009449|E_N009569_N009573|E_N009569_N009575|E_N009569_N009699|E_N009573_N009575|E_N009695_N009699
review_required,dbscan,eps_mm=2.28,D0070,2,E_N008435_N009699|E_N008561_N009699
review_required,dbscan,eps_mm=2.28,D0071,12,E_N008561_N009825|E_N008687_N009825|E_N008688_N009825|E_N009695_N009825|E_N009821_N009825|E_N009821_N009827|E_N009821_N009951|E_N009822_N009825|E_N009825_N009827|E_N009947_N009951|E_N009947_N009953|E_N009947_N010077
review_required,dbscan,eps_mm=2.28,D0072,2,E_N008687_N009951|E_N008814_N009951
review_required,dbscan,eps_mm=2.28,D0073,3,E_N009023_N009043|E_N009037_N009043|E_N009037_N009057
review_required,dbscan,eps_mm=2.28,D0074,3,E_N009023_N010177|E_N009037_N010177|E_N009037_N010191
review_required,dbscan,eps_mm=2.28,D0075,2,E_N009065_N009069|E_N009065_N009071
review_required,dbscan,eps_mm=2.28,D0076,2,E_N009065_N010203|E_N009065_N010205
review_required,dbscan,eps_mm=2.28,D0077,2,E_N009191_N009195|E_N009191_N009321
review_required,dbscan,eps_mm=2.28,D0078,2,E_N010073_N010074|E_N010073_N010077
review_required,dbscan,eps_mm=2.28,D0079,3,E_N010157_N010177|E_N010171_N010177|E_N010171_N010191
review_required,dbscan,eps_mm=2.28,D0080,2,E_N010199_N010203|E_N010199_N010205
review_required,dbscan,eps_mm=4.56,D0001,575,E_N000091_N001245|E_N000099_N000124|E_N000100_N000125|E_N000105_N000111|E_N000105_N000232|E_N000105_N001259|E_N000105_N001369|E_N000109_N000124|E_N000111_N000235|E_N000113_N000123|E_N000114_N000249|E_N000119_N000123|E_N000119_N000125|E_N000119_N000246|E_N000119_N001383|E_N000121_N000123|E_N000123_N000125|E_N000125_N000235|E_N000217_N000232|E_N000226_N000235|E_N000231_N000237|E_N000231_N000358|E_N000232_N001369|E_N000237_N000347|E_N000237_N000361|E_N000240_N000375|E_N000245_N000249|E_N000245_N000251|E_N000245_N000372|E_N000245_N001509|E_N000246_N001383|E_N000247_N000249|E_N000249_N000251|E_N000251_N000372|E_N000343_N000358|E_N000352_N000377|E_N000357_N000372|E_N000357_N000484|E_N000357_N001511|E_N000361_N000372|E_N000361_N000377|E_N000366_N000501|E_N000371_N000375|E_N000371_N000377|E_N000371_N000498|E_N000371_N001635|E_N000372_N001509|E_N000372_N001511|E_N000373_N000375|E_N000375_N000377|E_N000377_N000487|E_N000377_N000498|E_N000469_N000484|E_N000469_N001623|E_N000483_N000487|E_N000483_N000498|E_N000483_N001747|E_N000487_N000489|E_N000492_N000627|E_N000497_N000501|E_N000497_N000503|E_N000497_N000624|E_N000497_N001761|E_N000498_N001635|E_N000498_N001637|E_N000499_N000503|E_N000501_N000503|E_N000503_N000613|E_N000503_N000624|E_N000595_N000610|E_N000604_N000629|E_N000604_N000739|E_N000609_N000624|E_N000609_N000736|E_N000611_N000613|E_N000613_N000624|E_N000618_N000753|E_N000623_N000627|E_N000623_N000629|E_N000623_N000750|E_N000623_N001887|E_N000624_N001761|E_N000624_N001763|E_N000625_N000627|E_N000625_N000629|E_N000627_N000629|E_N000629_N000739|E_N000629_N000750|E_N000721_N000727|E_N000730_N000755|E_N000735_N000750|E_N000735_N001889|E_N000739_N000741|E_N000739_N000750|E_N000744_N000879|E_N000749_N000753|E_N000749_N000755|E_N000749_N000876|E_N000749_N002013|E_N000750_N001887|E_N000750_N001889|E_N000751_N000753|E_N000751_N000755|E_N000753_N000755|E_N000755_N000865|E_N000755_N000876|E_N000847_N000862|E_N000856_N000881|E_N000856_N000991|E_N000861_N000876|E_N000861_N000988|E_N000862_N001999|E_N000870_N001005|E_N000875_N000879|E_N000875_N000881|E_N000875_N001002|E_N000875_N002139|E_N000876_N002013|E_N000876_N002015|E_N000877_N000879|E_N000877_N000881|E_N000879_N000881|E_N000881_N001002|E_N000973_N000988|E_N000982_N001007|E_N000987_N001002|E_N000989_N000991|E_N000996_N001131|E_N001001_N001005|E_N001001_N001007|E_N001001_N001128|E_N001001_N002265|E_N001002_N002139|E_N001002_N002141|E_N001003_N001005|E_N001003_N001007|E_N001005_N001007|E_N001052_N001063|E_N001052_N001077|E_N001066_N001077|E_N001066_N001091|E_N001071_N002225|E_N001080_N001091|E_N001080_N001105|E_N001085_N001091|E_N001085_N001105|E_N001085_N002239|E_N001094_N001105|E_N001094_N001119|E_N001099_N001105|E_N001099_N001119|E_N001099_N002239|E_N001099_N002253|E_N001108_N001119|E_N001108_N001133|E_N001113_N001119|E_N001113_N001128|E_N001113_N001133|E_N001113_N002253|E_N001113_N002267|E_N001115_N001119|E_N001122_N001133|E_N001127_N001128|E_N001127_N001131|E_N001127_N001133|E_N001127_N002267|E_N001128_N002267|E_N001129_N001131|E_N001129_N001133|E_N001131_N001133|E_N001239_N001245|E_N001239_N002393|E_N001253_N001259|E_N001253_N001380|E_N001259_N001369|E_N001365_N001492|E_N001369_N001371|E_N001379_N002643|E_N001383_N001385|E_N001385_N001495|E_N001385_N001506|E_N001477_N001492|E_N001491_N001495|E_N001495_N001497|E_N001495_N001506|E_N001505_N001509|E_N001505_N001511|E_N001505_N001632|E_N001505_N002769|E_N001506_N002643|E_N001506_N002645|E_N001509_N001511|E_N001511_N001621|E_N001617_N001623|E_N001617_N001632|E_N001617_N002771|E_N001618_N002755|E_N001621_N001623|E_N001631_N001635|E_N001631_N001637|E_N001631_N001758|E_N001631_N002895|E_N001635_N001637|E_N001637_N001747|E_N001637_N001758|E_N001729_N001744|E_N001743_N001749|E_N001743_N001758|E_N001744_N002881|E_N001747_N001749|E_N001757_N001761|E_N001757_N001763|E_N001757_N001884|E_N001757_N003021|E_N001761_N001763|E_N001763_N001873|E_N001763_N001884|E_N001869_N001884|E_N001869_N001996|E_N001869_N003023|E_N001873_N001875|E_N001883_N001887|E_N001883_N001889|E_N001883_N002010|E_N001883_N003147|E_N001884_N003023|E_N001887_N001889|E_N001889_N001999|E_N001889_N002010|E_N001995_N002010|E_N001999_N002010|E_N002009_N002013|E_N002009_N002015|E_N002009_N002136|E_N002009_N003273|E_N002010_N003147|E_N002010_N003149|E_N002013_N002015|E_N002015_N002136|E_N002121_N002136|E_N002125_N002127|E_N002125_N002136|E_N002135_N002139|E_N002135_N002141|E_N002135_N002262|E_N002135_N003399|E_N002136_N003273|E_N002136_N003275|E_N002139_N002141|E_N002191_N003345|E_N002205_N002211|E_N002219_N002225|E_N002219_N002239|E_N002219_N003373|E_N002233_N002239|E_N002233_N002253|E_N002233_N003373|E_N002233_N003387|E_N002247_N002251|E_N002247_N002253|E_N002247_N002262|E_N002247_N002267|E_N002247_N003387|E_N002247_N003401|E_N002251_N002253|E_N002261_N002265|E_N002261_N002267|E_N002261_N003401|E_N002262_N003399|E_N002262_N003401|E_N002265_N002267|E_N002373_N003511|E_N002499_N003653|E_N002513_N002517|E_N002513_N002640|E_N002513_N003777|E_N002629_N002640|E_N002639_N002643|E_N002639_N002645|E_N002639_N003903|E_N002640_N003777|E_N002643_N002645|E_N002765_N002769|E_N002765_N004029|E_N002769_N002771|E_N002771_N002881|E_N002877_N003004|E_N002881_N002883|E_N002883_N002993|E_N002891_N002895|E_N002891_N002897|E_N002891_N003018|E_N002891_N004155|E_N002895_N002897|E_N002897_N003007|E_N003017_N003021|E_N003017_N003023|E_N003017_N003144|E_N003017_N004281|E_N003018_N004155|E_N003018_N004157|E_N003021_N003023|E_N003023_N003133|E_N003023_N003144|E_N003129_N003133|E_N003129_N003144|E_N003130_N004267|E_N003133_N003135|E_N003143_N003147|E_N003143_N003149|E_N003143_N003270|E_N003143_N004407|E_N003144_N004281|E_N003144_N004283|E_N003147_N003149|E_N003149_N003259|E_N003149_N003270|E_N003269_N003273|E_N003269_N003396|E_N003269_N004533|E_N003270_N004407|E_N003273_N003275|E_N003339_N004493|E_N003353_N003359|E_N003353_N003373|E_N003353_N004507|E_N003367_N003373|E_N003367_N003387|E_N003367_N004507|E_N003367_N004521|E_N003381_N003387|E_N003381_N003396|E_N003381_N003401|E_N003381_N004521|E_N003381_N004535|E_N003385_N003396|E_N003395_N003399|E_N003395_N003401|E_N003395_N004535|E_N003396_N004535|E_N003399_N003401|E_N003520_N003526|E_N003521_N003525|E_N003521_N003527|E_N003521_N003648|E_N003521_N004659|E_N003521_N004785|E_N003522_N003526|E_N003637_N003648|E_N003647_N003651|E_N003651_N003653|E_N003773_N003777|E_N003889_N003900|E_N003899_N003903|E_N003899_N003905|E_N003899_N004026|E_N003899_N005163|E_N003900_N005037|E_N003903_N003905|E_N004025_N004029|E_N004025_N004031|E_N004025_N004152|E_N004025_N005289|E_N004026_N005163|E_N004029_N004031|E_N004137_N004141|E_N004151_N004155|E_N004151_N004157|E_N004151_N004278|E_N004151_N005415|E_N004155_N004157|E_N004157_N004267|E_N004157_N004278|E_N004267_N004269|E_N004277_N004281|E_N004277_N004283|E_N004277_N004404|E_N004277_N005541|E_N004278_N005415|E_N004281_N004283|E_N004403_N004407|E_N004403_N004530|E_N004403_N005667|E_N004407_N004409|E_N004487_N004493|E_N004487_N004507|E_N004487_N005641|E_N004501_N004507|E_N004501_N004521|E_N004501_N005641|E_N004501_N005655|E_N004515_N004521|E_N004515_N004530|E_N004515_N004535|E_N004515_N005655|E_N004515_N005669|E_N004529_N004533|E_N004529_N004535|E_N004529_N005667|E_N004529_N005669|E_N004533_N004535|E_N004781_N006045|E_N004893_N006047|E_N004907_N004911|E_N004907_N006171|E_N004908_N006045|E_N004911_N004913|E_N005033_N005037|E_N005033_N005160|E_N005033_N006297|E_N005037_N005039|E_N005159_N005163|E_N005159_N005165|E_N005159_N005286|E_N005159_N006423|E_N005285_N005289|E_N005285_N005412|E_N005285_N006549|E_N005286_N006423|E_N005289_N005291|E_N005291_N005401|E_N005411_N005415|E_N005411_N005417|E_N005411_N005538|E_N005411_N006675|E_N005537_N005541|E_N005541_N005543|E_N005621_N005641|E_N005621_N006775|E_N005635_N005641|E_N005635_N005655|E_N005635_N006775|E_N005635_N006789|E_N005649_N005655|E_N005649_N005669|E_N005649_N006789|E_N005649_N006803|E_N005650_N006773|E_N005663_N005667|E_N005663_N005669|E_N005663_N006801|E_N005663_N006803|E_N005789_N005795|E_N005789_N007053|E_N006041_N006045|E_N006041_N006047|E_N006041_N007305|E_N006167_N006171|E_N006167_N007431|E_N006171_N006173|E_N006293_N006297|E_N006293_N007557|E_N006405_N007559|E_N006419_N006423|E_N006419_N007683|E_N006420_N007557|E_N006423_N006425|E_N006545_N006549|E_N006545_N006551|E_N006545_N007809|E_N006671_N006675|E_N006755_N006775|E_N006755_N007909|E_N006769_N006775|E_N006769_N006789|E_N006769_N007909|E_N006769_N007923|E_N006783_N006789|E_N006783_N006803|E_N006783_N007923|E_N006783_N007937|E_N006797_N006801|E_N006797_N006803|E_N006797_N007935|E_N006797_N007937|E_N006798_N007935|E_N007049_N007053|E_N007049_N007176|E_N007049_N007179|E_N007049_N008187|E_N007049_N008313|E_N007175_N008313|E_N007176_N008313|E_N007301_N007305|E_N007301_N008565|E_N007427_N008691|E_N007553_N007557|E_N007553_N008817|E_N007554_N008691|E_N007557_N007559|E_N007679_N007683|E_N007889_N007909|E_N007889_N009043|E_N007903_N007909|E_N007903_N007923|E_N007903_N009043|E_N007903_N009057|E_N007917_N007923|E_N007917_N007937|E_N007917_N009057|E_N007917_N009071|E_N007931_N007935|E_N007931_N007937|E_N007931_N009069|E_N007931_N009071|E_N008057_N009321|E_N008183_N008313|E_N008183_N009321|E_N008183_N009447|E_N008309_N008436|E_N008309_N008439|E_N008309_N009447|E_N008309_N009573|E_N008310_N009447|E_N008313_N008315|E_N008435_N009573|E_N008435_N009699|E_N008436_N009573|E_N008561_N008691|E_N008561_N009699|E_N008561_N009825|E_N008687_N008691|E_N008687_N009825|E_N008687_N009951|E_N008688_N009825|E_N008691_N008693|E_N008813_N008817|E_N008813_N010077|E_N008814_N009951|E_N009023_N009043|E_N009023_N010177|E_N009037_N009043|E_N009037_N009057|E_N009037_N010177|E_N009037_N010191|E_N009051_N009057|E_N009051_N009071|E_N009051_N010191|E_N009051_N010205|E_N009065_N009069|E_N009065_N009071|E_N009065_N010203|E_N009065_N010205|E_N009177_N009318|E_N009191_N009195|E_N009191_N009321|E_N009317_N009447|E_N009321_N009323|E_N009443_N009449|E_N009443_N009573|E_N009447_N009449|E_N009569_N009573|E_N009569_N009575|E_N009569_N009699|E_N009573_N009575|E_N009695_N009699|E_N009695_N009825|E_N009821_N009825|E_N009821_N009827|E_N009821_N009951|E_N009822_N009825|E_N009825_N009827|E_N009947_N009951|E_N009947_N009953|E_N009947_N010077|E_N010073_N010074|E_N010073_N010077|E_N010073_N010203|E_N010157_N010177|E_N010171_N010177|E_N010171_N010191|E_N010185_N010191|E_N010185_N010205|E_N010199_N010203|E_N010199_N010205
review_required,dbscan,eps_mm=4.56,D0002,3,E_N000260_N001399|E_N000274_N001397|E_N000288_N001411
review_required,dbscan,eps_mm=4.56,D0003,8,E_N000381_N000514|E_N000507_N000640|E_N000633_N000766|E_N000634_N000640|E_N000639_N000643|E_N000759_N000892|E_N001642_N002785|E_N001768_N001774
review_required,dbscan,eps_mm=4.56,D0004,8,E_N000885_N001018|E_N001011_N001018|E_N001012_N001018|E_N001017_N001021|E_N002146_N002152|E_N002153_N002155|E_N003280_N003286|E_N003280_N004420
review_required,dbscan,eps_mm=4.56,D0005,4,E_N001674_N002811|E_N001687_N001693|E_N001688_N002811|E_N002821_N002827
review_required,dbscan,eps_mm=4.56,D0006,2,E_N002713_N002724|E_N003847_N003858
review_required,dbscan,eps_mm=4.56,D0007,2,E_N002905_N002925|E_N002919_N004059
review_required,dbscan,eps_mm=4.56,D0008,2,E_N002961_N002967|E_N003088_N004225
review_required,dbscan,eps_mm=4.56,D0009,4,E_N003436_N004575|E_N003436_N004576|E_N004570_N004576|E_N004570_N004590
review_required,dbscan,eps_mm=4.56,D0010,2,E_N004221_N005361|E_N005355_N005361
review_required,dbscan,eps_mm=4.56,D0011,3,E_N005327_N005333|E_N005328_N005331|E_N005454_N006577
review_required,dbscan,eps_mm=4.56,D0012,2,E_N006125_N006131|E_N007259_N007265
review_required,dbscan,eps_mm=4.56,D0013,3,E_N006196_N007333|E_N006321_N007461|E_N006322_N007459
review_required,dbscan,eps_mm=4.56,D0014,2,E_N006430_N007573|E_N007564_N008707
review_required,dbscan,eps_mm=4.56,D0015,2,E_N006938_N006940|E_N006941_N006952
review_required,dbscan,eps_mm=4.56,D0016,3,E_N008351_N008371|E_N008351_N009505|E_N009485_N009500
review_required,dbscan,eps_mm=4.56,D0017,12,E_N009082_N009085|E_N009083_N009084|E_N009083_N009099|E_N009085_N009209|E_N009099_N009223|E_N009209_N009225|E_N009211_N009335|E_N009223_N009239|E_N009225_N009349|E_N009233_N009360|E_N009335_N009351|E_N009349_N009365
review_required,dbscan,eps_mm=6.84,D0001,4,E_N000063_N001217|E_N000203_N000209|E_N000445_N000456|E_N001467_N001469
review_required,dbscan,eps_mm=6.84,D0002,578,E_N000091_N001245|E_N000099_N000124|E_N000100_N000125|E_N000105_N000111|E_N000105_N000232|E_N000105_N001259|E_N000105_N001369|E_N000109_N000124|E_N000111_N000235|E_N000113_N000123|E_N000114_N000249|E_N000119_N000123|E_N000119_N000125|E_N000119_N000246|E_N000119_N001383|E_N000121_N000123|E_N000123_N000125|E_N000125_N000235|E_N000217_N000232|E_N000226_N000235|E_N000231_N000237|E_N000231_N000358|E_N000232_N001369|E_N000237_N000347|E_N000237_N000361|E_N000240_N000375|E_N000245_N000249|E_N000245_N000251|E_N000245_N000372|E_N000245_N001509|E_N000246_N001383|E_N000247_N000249|E_N000249_N000251|E_N000251_N000372|E_N000343_N000358|E_N000352_N000377|E_N000357_N000372|E_N000357_N000484|E_N000357_N001511|E_N000361_N000372|E_N000361_N000377|E_N000366_N000501|E_N000371_N000375|E_N000371_N000377|E_N000371_N000498|E_N000371_N001635|E_N000372_N001509|E_N000372_N001511|E_N000373_N000375|E_N000375_N000377|E_N000377_N000487|E_N000377_N000498|E_N000469_N000484|E_N000469_N001623|E_N000483_N000487|E_N000483_N000498|E_N000483_N001747|E_N000487_N000489|E_N000492_N000627|E_N000497_N000501|E_N000497_N000503|E_N000497_N000624|E_N000497_N001761|E_N000498_N001635|E_N000498_N001637|E_N000499_N000503|E_N000501_N000503|E_N000503_N000613|E_N000503_N000624|E_N000595_N000610|E_N000604_N000629|E_N000604_N000739|E_N000609_N000624|E_N000609_N000736|E_N000611_N000613|E_N000613_N000624|E_N000618_N000753|E_N000623_N000627|E_N000623_N000629|E_N000623_N000750|E_N000623_N001887|E_N000624_N001761|E_N000624_N001763|E_N000625_N000627|E_N000625_N000629|E_N000627_N000629|E_N000629_N000739|E_N000629_N000750|E_N000721_N000727|E_N000730_N000755|E_N000735_N000750|E_N000735_N001889|E_N000739_N000741|E_N000739_N000750|E_N000744_N000879|E_N000749_N000753|E_N000749_N000755|E_N000749_N000876|E_N000749_N002013|E_N000750_N001887|E_N000750_N001889|E_N000751_N000753|E_N000751_N000755|E_N000753_N000755|E_N000755_N000865|E_N000755_N000876|E_N000847_N000862|E_N000856_N000881|E_N000856_N000991|E_N000861_N000876|E_N000861_N000988|E_N000862_N001999|E_N000870_N001005|E_N000875_N000879|E_N000875_N000881|E_N000875_N001002|E_N000875_N002139|E_N000876_N002013|E_N000876_N002015|E_N000877_N000879|E_N000877_N000881|E_N000879_N000881|E_N000881_N001002|E_N000973_N000988|E_N000982_N001007|E_N000987_N001002|E_N000989_N000991|E_N000996_N001131|E_N001001_N001005|E_N001001_N001007|E_N001001_N001128|E_N001001_N002265|E_N001002_N002139|E_N001002_N002141|E_N001003_N001005|E_N001003_N001007|E_N001005_N001007|E_N001052_N001063|E_N001052_N001077|E_N001066_N001077|E_N001066_N001091|E_N001071_N002225|E_N001080_N001091|E_N001080_N001105|E_N001085_N001091|E_N001085_N001105|E_N001085_N002239|E_N001094_N001105|E_N001094_N001119|E_N001099_N001105|E_N001099_N001119|E_N001099_N002239|E_N001099_N002253|E_N001108_N001119|E_N001108_N001133|E_N001113_N001119|E_N001113_N001128|E_N001113_N001133|E_N001113_N002253|E_N001113_N002267|E_N001115_N001119|E_N001122_N001133|E_N001127_N001128|E_N001127_N001131|E_N001127_N001133|E_N001127_N002267|E_N001128_N002267|E_N001129_N001131|E_N001129_N001133|E_N001131_N001133|E_N001239_N001245|E_N001239_N002393|E_N001253_N001259|E_N001253_N001380|E_N001259_N001369|E_N001365_N001492|E_N001369_N001371|E_N001379_N002643|E_N001383_N001385|E_N001385_N001495|E_N001385_N001506|E_N001477_N001492|E_N001491_N001495|E_N001495_N001497|E_N001495_N001506|E_N001505_N001509|E_N001505_N001511|E_N001505_N001632|E_N001505_N002769|E_N001506_N002643|E_N001506_N002645|E_N001509_N001511|E_N001511_N001621|E_N001617_N001623|E_N001617_N001632|E_N001617_N002771|E_N001618_N002755|E_N001621_N001623|E_N001631_N001635|E_N001631_N001637|E_N001631_N001758|E_N001631_N002895|E_N001635_N001637|E_N001637_N001747|E_N001637_N001758|E_N001715_N002869|E_N001729_N001744|E_N001743_N001749|E_N001743_N001758|E_N001744_N002881|E_N001747_N001749|E_N001757_N001761|E_N001757_N001763|E_N001757_N001884|E_N001757_N003021|E_N001761_N001763|E_N001763_N001873|E_N001763_N001884|E_N001869_N001884|E_N001869_N001996|E_N001869_N003023|E_N001873_N001875|E_N001883_N001887|E_N001883_N001889|E_N001883_N002010|E_N001883_N003147|E_N001884_N003023|E_N001887_N001889|E_N001889_N001999|E_N001889_N002010|E_N001995_N002010|E_N001999_N002010|E_N002009_N002013|E_N002009_N002015|E_N002009_N002136|E_N002009_N003273|E_N002010_N003147|E_N002010_N003149|E_N002013_N002015|E_N002015_N002136|E_N002121_N002136|E_N002125_N002127|E_N002125_N002136|E_N002135_N002139|E_N002135_N002141|E_N002135_N002262|E_N002135_N003399|E_N002136_N003273|E_N002136_N003275|E_N002139_N002141|E_N002191_N003345|E_N002205_N002211|E_N002219_N002225|E_N002219_N002239|E_N002219_N003373|E_N002233_N002239|E_N002233_N002253|E_N002233_N003373|E_N002233_N003387|E_N002247_N002251|E_N002247_N002253|E_N002247_N002262|E_N002247_N002267|E_N002247_N003387|E_N002247_N003401|E_N002251_N002253|E_N002261_N002265|E_N002261_N002267|E_N002261_N003401|E_N002262_N003399|E_N002262_N003401|E_N002265_N002267|E_N002373_N003511|E_N002499_N003653|E_N002513_N002517|E_N002513_N002640|E_N002513_N003777|E_N002629_N002640|E_N002639_N002643|E_N002639_N002645|E_N002639_N003903|E_N002640_N003777|E_N002643_N002645|E_N002765_N002769|E_N002765_N004029|E_N002769_N002771|E_N002771_N002881|E_N002877_N003004|E_N002881_N002883|E_N002883_N002993|E_N002891_N002895|E_N002891_N002897|E_N002891_N003018|E_N002891_N004155|E_N002895_N002897|E_N002897_N003007|E_N003017_N003021|E_N003017_N003023|E_N003017_N003144|E_N003017_N004281|E_N003018_N004155|E_N003018_N004157|E_N003021_N003023|E_N003023_N003133|E_N003023_N003144|E_N003129_N003133|E_N003129_N003144|E_N003130_N004267|E_N003133_N003135|E_N003143_N003147|E_N003143_N003149|E_N003143_N003270|E_N003143_N004407|E_N003144_N004281|E_N003144_N004283|E_N003147_N003149|E_N003149_N003259|E_N003149_N003270|E_N003269_N003273|E_N003269_N003396|E_N003269_N004533|E_N003270_N004407|E_N003273_N003275|E_N003339_N004493|E_N003353_N003359|E_N003353_N003373|E_N003353_N004507|E_N003367_N003373|E_N003367_N003387|E_N003367_N004507|E_N003367_N004521|E_N003381_N003387|E_N003381_N003396|E_N003381_N003401|E_N003381_N004521|E_N003381_N004535|E_N003385_N003396|E_N003395_N003399|E_N003395_N003401|E_N003395_N004535|E_N003396_N004535|E_N003399_N003401|E_N003520_N003526|E_N003521_N003525|E_N003521_N003527|E_N003521_N003648|E_N003521_N004659|E_N003521_N004785|E_N003522_N003526|E_N003637_N003648|E_N003647_N003651|E_N003651_N003653|E_N003773_N003777|E_N003889_N003900|E_N003899_N003903|E_N003899_N003905|E_N003899_N004026|E_N003899_N005163|E_N003900_N005037|E_N003903_N003905|E_N004001_N004012|E_N004025_N004029|E_N004025_N004031|E_N004025_N004152|E_N004025_N005289|E_N004026_N005163|E_N004029_N004031|E_N004137_N004141|E_N004151_N004155|E_N004151_N004157|E_N004151_N004278|E_N004151_N005415|E_N004155_N004157|E_N004157_N004267|E_N004157_N004278|E_N004267_N004269|E_N004277_N004281|E_N004277_N004283|E_N004277_N004404|E_N004277_N005541|E_N004278_N005415|E_N004281_N004283|E_N004403_N004407|E_N004403_N004530|E_N004403_N005667|E_N004407_N004409|E_N004487_N004493|E_N004487_N004507|E_N004487_N005641|E_N004501_N004507|E_N004501_N004521|E_N004501_N005641|E_N004501_N005655|E_N004515_N004521|E_N004515_N004530|E_N004515_N004535|E_N004515_N005655|E_N004515_N005669|E_N004529_N004533|E_N004529_N004535|E_N004529_N005667|E_N004529_N005669|E_N004533_N004535|E_N004781_N006045|E_N004893_N006047|E_N004907_N004911|E_N004907_N006171|E_N004908_N006045|E_N004911_N004913|E_N005033_N005037|E_N005033_N005160|E_N005033_N006297|E_N005037_N005039|E_N005159_N005163|E_N005159_N005165|E_N005159_N005286|E_N005159_N006423|E_N005285_N005289|E_N005285_N005412|E_N005285_N006549|E_N005286_N006423|E_N005289_N005291|E_N005291_N005401|E_N005411_N005415|E_N005411_N005417|E_N005411_N005538|E_N005411_N006675|E_N005537_N005541|E_N005541_N005543|E_N005621_N005641|E_N005621_N006775|E_N005635_N005641|E_N005635_N005655|E_N005635_N006775|E_N005635_N006789|E_N005649_N005655|E_N005649_N005669|E_N005649_N006789|E_N005649_N006803|E_N005650_N006773|E_N005663_N005667|E_N005663_N005669|E_N005663_N006801|E_N005663_N006803|E_N005789_N005795|E_N005789_N007053|E_N006041_N006045|E_N006041_N006047|E_N006041_N007305|E_N006167_N006171|E_N006167_N007431|E_N006171_N006173|E_N006293_N006297|E_N006293_N007557|E_N006405_N007559|E_N006419_N006423|E_N006419_N007683|E_N006420_N007557|E_N006423_N006425|E_N006545_N006549|E_N006545_N006551|E_N006545_N007809|E_N006629_N006635|E_N006671_N006675|E_N006755_N006775|E_N006755_N007909|E_N006769_N006775|E_N006769_N006789|E_N006769_N007909|E_N006769_N007923|E_N006783_N006789|E_N006783_N006803|E_N006783_N007923|E_N006783_N007937|E_N006797_N006801|E_N006797_N006803|E_N006797_N007935|E_N006797_N007937|E_N006798_N007935|E_N007049_N007053|E_N007049_N007176|E_N007049_N007179|E_N007049_N008187|E_N007049_N008313|E_N007175_N008313|E_N007176_N008313|E_N007301_N007305|E_N007301_N008565|E_N007427_N008691|E_N007553_N007557|E_N007553_N008817|E_N007554_N008691|E_N007557_N007559|E_N007679_N007683|E_N007889_N007909|E_N007889_N009043|E_N007903_N007909|E_N007903_N007923|E_N007903_N009043|E_N007903_N009057|E_N007917_N007923|E_N007917_N007937|E_N007917_N009057|E_N007917_N009071|E_N007931_N007935|E_N007931_N007937|E_N007931_N009069|E_N007931_N009071|E_N008057_N009321|E_N008183_N008313|E_N008183_N009321|E_N008183_N009447|E_N008309_N008436|E_N008309_N008439|E_N008309_N009447|E_N008309_N009573|E_N008310_N009447|E_N008313_N008315|E_N008435_N009573|E_N008435_N009699|E_N008436_N009573|E_N008561_N008691|E_N008561_N009699|E_N008561_N009825|E_N008687_N008691|E_N008687_N009825|E_N008687_N009951|E_N008688_N009825|E_N008691_N008693|E_N008813_N008817|E_N008813_N010077|E_N008814_N009951|E_N009023_N009043|E_N009023_N010177|E_N009037_N009043|E_N009037_N009057|E_N009037_N010177|E_N009037_N010191|E_N009051_N009057|E_N009051_N009071|E_N009051_N010191|E_N009051_N010205|E_N009065_N009069|E_N009065_N009071|E_N009065_N010203|E_N009065_N010205|E_N009177_N009318|E_N009191_N009195|E_N009191_N009321|E_N009317_N009447|E_N009321_N009323|E_N009443_N009449|E_N009443_N009573|E_N009447_N009449|E_N009569_N009573|E_N009569_N009575|E_N009569_N009699|E_N009573_N009575|E_N009695_N009699|E_N009695_N009825|E_N009821_N009825|E_N009821_N009827|E_N009821_N009951|E_N009822_N009825|E_N009825_N009827|E_N009947_N009951|E_N009947_N009953|E_N009947_N010077|E_N010073_N010074|E_N010073_N010077|E_N010073_N010203|E_N010157_N010177|E_N010171_N010177|E_N010171_N010191|E_N010185_N010191|E_N010185_N010205|E_N010199_N010203|E_N010199_N010205
review_required,dbscan,eps_mm=6.84,D0003,6,E_N000129_N000262|E_N000260_N001399|E_N000274_N001397|E_N000288_N001411|E_N001296_N001299|E_N001310_N002447
review_required,dbscan,eps_mm=6.84,D0004,17,E_N000381_N000514|E_N000507_N000640|E_N000633_N000766|E_N000634_N000640|E_N000639_N000643|E_N000759_N000892|E_N000885_N001018|E_N001011_N001018|E_N001012_N001018|E_N001017_N001021|E_N001642_N002785|E_N001768_N001774|E_N002037_N002043|E_N002146_N002152|E_N002153_N002155|E_N003280_N003286|E_N003280_N004420
review_required,dbscan,eps_mm=6.84,D0005,23,E_N000567_N000573|E_N001674_N002811|E_N001687_N001693|E_N001688_N002811|E_N002330_N003484|E_N002713_N002724|E_N002821_N002827|E_N002961_N002967|E_N003088_N004225|E_N003465_N004605|E_N003718_N004855|E_N003847_N003858|E_N003984_N005121|E_N004099_N004110|E_N004221_N005361|E_N005247_N005258|E_N005327_N005333|E_N005328_N005331|E_N005355_N005361|E_N005454_N006577|E_N005468_N006605|E_N006391_N006397|E_N006587_N007727
review_required,dbscan,eps_mm=6.84,D0006,3,E_N002653_N003793|E_N003787_N004941|E_N003801_N003821
review_required,dbscan,eps_mm=6.84,D0007,2,E_N002905_N002925|E_N002919_N004059
review_required,dbscan,eps_mm=6.84,D0008,4,E_N003436_N004575|E_N003436_N004576|E_N004570_N004576|E_N004570_N004590
review_required,dbscan,eps_mm=6.84,D0009,12,E_N005930_N007066|E_N006052_N007195|E_N006196_N007333|E_N006308_N007444|E_N006321_N007461|E_N006322_N007459|E_N006430_N007573|E_N006938_N006940|E_N006941_N006952|E_N007078_N007081|E_N007564_N008707|E_N007708_N008831
review_required,dbscan,eps_mm=6.84,D0010,4,E_N006125_N006131|E_N007259_N007265|E_N008379_N008399|E_N008505_N009645
review_required,dbscan,eps_mm=6.84,D0011,3,E_N007735_N008889|E_N008757_N008763|E_N008772_N008775
review_required,dbscan,eps_mm=6.84,D0012,3,E_N008351_N008371|E_N008351_N009505|E_N009485_N009500
review_required,dbscan,eps_mm=6.84,D0013,12,E_N009082_N009085|E_N009083_N009084|E_N009083_N009099|E_N009085_N009209|E_N009099_N009223|E_N009209_N009225|E_N009211_N009335|E_N009223_N009239|E_N009225_N009349|E_N009233_N009360|E_N009335_N009351|E_N009349_N009365
review_required,graph_shared_junction,shared_node,G0001,1,E_N000063_N001217
review_required,graph_shared_junction,shared_node,G0002,3,E_N000091_N001245|E_N001239_N001245|E_N001239_N002393
review_required,graph_shared_junction,shared_node,G0003,2,E_N000099_N000124|E_N000109_N000124
review_required,graph_shared_junction,shared_node,G0004,50,E_N000100_N000125|E_N000105_N000111|E_N000105_N000232|E_N000105_N001259|E_N000105_N001369|E_N000111_N000235|E_N000113_N000123|E_N000119_N000123|E_N000119_N000125|E_N000119_N000246|E_N000119_N001383|E_N000121_N000123|E_N000123_N000125|E_N000125_N000235|E_N000217_N000232|E_N000226_N000235|E_N000232_N001369|E_N000246_N001383|E_N001253_N001259|E_N001253_N001380|E_N001259_N001369|E_N001369_N001371|E_N001379_N002643|E_N001383_N001385|E_N001385_N001495|E_N001385_N001506|E_N001491_N001495|E_N001495_N001497|E_N001495_N001506|E_N001506_N002643|E_N001506_N002645|E_N002639_N002643|E_N002639_N002645|E_N002639_N003903|E_N002643_N002645|E_N003899_N003903|E_N003899_N003905|E_N003899_N004026|E_N003899_N005163|E_N003903_N003905|E_N004026_N005163|E_N005159_N005163|E_N005159_N005165|E_N005159_N005286|E_N005159_N006423|E_N005286_N006423|E_N006419_N006423|E_N006419_N007683|E_N006423_N006425|E_N007679_N007683
review_required,graph_shared_junction,shared_node,G0005,102,E_N000114_N000249|E_N000231_N000237|E_N000231_N000358|E_N000237_N000347|E_N000237_N000361|E_N000240_N000375|E_N000245_N000249|E_N000245_N000251|E_N000245_N000372|E_N000245_N001509|E_N000247_N000249|E_N000249_N000251|E_N000251_N000372|E_N000343_N000358|E_N000352_N000377|E_N000357_N000372|E_N000357_N000484|E_N000357_N001511|E_N000361_N000372|E_N000361_N000377|E_N000371_N000375|E_N000371_N000377|E_N000371_N000498|E_N000371_N001635|E_N000372_N001509|E_N000372_N001511|E_N000373_N000375|E_N000375_N000377|E_N000377_N000487|E_N000377_N000498|E_N000469_N000484|E_N000469_N001623|E_N000483_N000487|E_N000483_N000498|E_N000483_N001747|E_N000487_N000489|E_N000498_N001635|E_N000498_N001637|E_N001505_N001509|E_N001505_N001511|E_N001505_N001632|E_N001505_N002769|E_N001509_N001511|E_N001511_N001621|E_N001617_N001623|E_N001617_N001632|E_N001617_N002771|E_N001621_N001623|E_N001631_N001635|E_N001631_N001637|E_N001631_N001758|E_N001631_N002895|E_N001635_N001637|E_N001637_N001747|E_N001637_N001758|E_N001729_N001744|E_N001743_N001749|E_N001743_N001758|E_N001744_N002881|E_N001747_N001749|E_N002765_N002769|E_N002765_N004029|E_N002769_N002771|E_N002771_N002881|E_N002881_N002883|E_N002883_N002993|E_N002891_N002895|E_N002891_N002897|E_N002891_N003018|E_N002891_N004155|E_N002895_N002897|E_N002897_N003007|E_N003018_N004155|E_N003018_N004157|E_N003130_N004267|E_N004025_N004029|E_N004025_N004031|E_N004025_N004152|E_N004025_N005289|E_N004029_N004031|E_N004151_N004155|E_N004151_N004157|E_N004151_N004278|E_N004151_N005415|E_N004155_N004157|E_N004157_N004267|E_N004157_N004278|E_N004267_N004269|E_N004278_N005415|E_N005285_N005289|E_N005285_N005412|E_N005285_N006549|E_N005289_N005291|E_N005291_N005401|E_N005411_N005415|E_N005411_N005417|E_N005411_N005538|E_N005411_N006675|E_N006545_N006549|E_N006545_N006551|E_N006545_N007809|E_N006671_N006675
review_required,graph_shared_junction,shared_node,G0006,1,E_N000129_N000262
review_required,graph_shared_junction,shared_node,G0007,1,E_N000203_N000209
review_required,graph_shared_junction,shared_node,G0008,1,E_N000260_N001399
review_required,graph_shared_junction,shared_node,G0009,1,E_N000274_N001397
review_required,graph_shared_junction,shared_node,G0010,1,E_N000288_N001411
review_required,graph_shared_junction,shared_node,G0011,46,E_N000366_N000501|E_N000497_N000501|E_N000497_N000503|E_N000497_N000624|E_N000497_N001761|E_N000499_N000503|E_N000501_N000503|E_N000503_N000613|E_N000503_N000624|E_N000609_N000624|E_N000609_N000736|E_N000611_N000613|E_N000613_N000624|E_N000624_N001761|E_N000624_N001763|E_N001757_N001761|E_N001757_N001763|E_N001757_N001884|E_N001757_N003021|E_N001761_N001763|E_N001763_N001873|E_N001763_N001884|E_N001869_N001884|E_N001869_N001996|E_N001869_N003023|E_N001873_N001875|E_N001884_N003023|E_N003017_N003021|E_N003017_N003023|E_N003017_N003144|E_N003017_N004281|E_N003021_N003023|E_N003023_N003133|E_N003023_N003144|E_N003129_N003133|E_N003129_N003144|E_N003133_N003135|E_N003144_N004281|E_N003144_N004283|E_N004277_N004281|E_N004277_N004283|E_N004277_N004404|E_N004277_N005541|E_N004281_N004283|E_N005537_N005541|E_N005541_N005543
review_required,graph_shared_junction,shared_node,G0012,1,E_N000381_N000514
review_required,graph_shared_junction,shared_node,G0013,1,E_N000445_N000456
review_required,graph_shared_junction,shared_node,G0014,329,E_N000492_N000627|E_N000604_N000629|E_N000604_N000739|E_N000618_N000753|E_N000623_N000627|E_N000623_N000629|E_N000623_N000750|E_N000623_N001887|E_N000625_N000627|E_N000625_N000629|E_N000627_N000629|E_N000629_N000739|E_N000629_N000750|E_N000730_N000755|E_N000735_N000750|E_N000735_N001889|E_N000739_N000741|E_N000739_N000750|E_N000744_N000879|E_N000749_N000753|E_N000749_N000755|E_N000749_N000876|E_N000749_N002013|E_N000750_N001887|E_N000750_N001889|E_N000751_N000753|E_N000751_N000755|E_N000753_N000755|E_N000755_N000865|E_N000755_N000876|E_N000847_N000862|E_N000856_N000881|E_N000856_N000991|E_N000861_N000876|E_N000861_N000988|E_N000862_N001999|E_N000870_N001005|E_N000875_N000879|E_N000875_N000881|E_N000875_N001002|E_N000875_N002139|E_N000876_N002013|E_N000876_N002015|E_N000877_N000879|E_N000877_N000881|E_N000879_N000881|E_N000881_N001002|E_N000973_N000988|E_N000982_N001007|E_N000987_N001002|E_N000989_N000991|E_N000996_N001131|E_N001001_N001005|E_N001001_N001007|E_N001001_N001128|E_N001001_N002265|E_N001002_N002139|E_N001002_N002141|E_N001003_N001005|E_N001003_N001007|E_N001005_N001007|E_N001052_N001063|E_N001052_N001077|E_N001066_N001077|E_N001066_N001091|E_N001071_N002225|E_N001080_N001091|E_N001080_N001105|E_N001085_N001091|E_N001085_N001105|E_N001085_N002239|E_N001094_N001105|E_N001094_N001119|E_N001099_N001105|E_N001099_N001119|E_N001099_N002239|E_N001099_N002253|E_N001108_N001119|E_N001108_N001133|E_N001113_N001119|E_N001113_N001128|E_N001113_N001133|E_N001113_N002253|E_N001113_N002267|E_N001115_N001119|E_N001122_N001133|E_N001127_N001128|E_N001127_N001131|E_N001127_N001133|E_N001127_N002267|E_N001128_N002267|E_N001129_N001131|E_N001129_N001133|E_N001131_N001133|E_N001883_N001887|E_N001883_N001889|E_N001883_N002010|E_N001883_N003147|E_N001887_N001889|E_N001889_N001999|E_N001889_N002010|E_N001995_N002010|E_N001999_N002010|E_N002009_N002013|E_N002009_N002015|E_N002009_N002136|E_N002009_N003273|E_N002010_N003147|E_N002010_N003149|E_N002013_N002015|E_N002015_N002136|E_N002121_N002136|E_N002125_N002127|E_N002125_N002136|E_N002135_N002139|E_N002135_N002141|E_N002135_N002262|E_N002135_N003399|E_N002136_N003273|E_N002136_N003275|E_N002139_N002141|E_N002219_N002225|E_N002219_N002239|E_N002219_N003373|E_N002233_N002239|E_N002233_N002253|E_N002233_N003373|E_N002233_N003387|E_N002247_N002251|E_N002247_N002253|E_N002247_N002262|E_N002247_N002267|E_N002247_N003387|E_N002247_N003401|E_N002251_N002253|E_N002261_N002265|E_N002261_N002267|E_N002261_N003401|E_N002262_N003399|E_N002262_N003401|E_N002265_N002267|E_N003143_N003147|E_N003143_N003149|E_N003143_N003270|E_N003143_N004407|E_N003147_N003149|E_N003149_N003259|E_N003149_N003270|E_N003269_N003273|E_N003269_N003396|E_N003269_N004533|E_N003270_N004407|E_N003273_N003275|E_N003339_N004493|E_N003353_N003359|E_N003353_N003373|E_N003353_N004507|E_N003367_N003373|E_N003367_N003387|E_N003367_N004507|E_N003367_N004521|E_N003381_N003387|E_N003381_N003396|E_N003381_N003401|E_N003381_N004521|E_N003381_N004535|E_N003385_N003396|E_N003395_N003399|E_N003395_N003401|E_N003395_N004535|E_N003396_N004535|E_N003399_N003401|E_N003889_N003900|E_N003900_N005037|E_N004403_N004407|E_N004403_N004530|E_N004403_N005667|E_N004407_N004409|E_N004487_N004493|E_N004487_N004507|E_N004487_N005641|E_N004501_N004507|E_N004501_N004521|E_N004501_N005641|E_N004501_N005655|E_N004515_N004521|E_N004515_N004530|E_N004515_N004535|E_N004515_N005655|E_N004515_N005669|E_N004529_N004533|E_N004529_N004535|E_N004529_N005667|E_N004529_N005669|E_N004533_N004535|E_N005033_N005037|E_N005033_N005160|E_N005033_N006297|E_N005037_N005039|E_N005621_N005641|E_N005621_N006775|E_N005635_N005641|E_N005635_N005655|E_N005635_N006775|E_N005635_N006789|E_N005649_N005655|E_N005649_N005669|E_N005649_N006789|E_N005649_N006803|E_N005663_N005667|E_N005663_N005669|E_N005663_N006801|E_N005663_N006803|E_N005789_N005795|E_N005789_N007053|E_N006293_N006297|E_N006293_N007557|E_N006405_N007559|E_N006420_N007557|E_N006755_N006775|E_N006755_N007909|E_N006769_N006775|E_N006769_N006789|E_N006769_N007909|E_N006769_N007923|E_N006783_N006789|E_N006783_N006803|E_N006783_N007923|E_N006783_N007937|E_N006797_N006801|E_N006797_N006803|E_N006797_N007935|E_N006797_N007937|E_N006798_N007935|E_N007049_N007053|E_N007049_N007176|E_N007049_N007179|E_N007049_N008187|E_N007049_N008313|E_N007175_N008313|E_N007176_N008313|E_N007427_N008691|E_N007553_N007557|E_N007553_N008817|E_N007554_N008691|E_N007557_N007559|E_N007889_N007909|E_N007889_N009043|E_N007903_N007909|E_N007903_N007923|E_N007903_N009043|E_N007903_N009057|E_N007917_N007923|E_N007917_N007937|E_N007917_N009057|E_N007917_N009071|E_N007931_N007935|E_N007931_N007937|E_N007931_N009069|E_N007931_N009071|E_N008057_N009321|E_N008183_N008313|E_N008183_N009321|E_N008183_N009447|E_N008309_N008436|E_N008309_N008439|E_N008309_N009447|E_N008309_N009573|E_N008310_N009447|E_N008313_N008315|E_N008435_N009573|E_N008435_N009699|E_N008436_N009573|E_N008561_N008691|E_N008561_N009699|E_N008561_N009825|E_N008687_N008691|E_N008687_N009825|E_N008687_N009951|E_N008688_N009825|E_N008691_N008693|E_N008813_N008817|E_N008813_N010077|E_N008814_N009951|E_N009023_N009043|E_N009023_N010177|E_N009037_N009043|E_N009037_N009057|E_N009037_N010177|E_N009037_N010191|E_N009051_N009057|E_N009051_N009071|E_N009051_N010191|E_N009051_N010205|E_N009065_N009069|E_N009065_N009071|E_N009065_N010203|E_N009065_N010205|E_N009191_N009195|E_N009191_N009321|E_N009317_N009447|E_N009321_N009323|E_N009443_N009449|E_N009443_N009573|E_N009447_N009449|E_N009569_N009573|E_N009569_N009575|E_N009569_N009699|E_N009573_N009575|E_N009695_N009699|E_N009695_N009825|E_N009821_N009825|E_N009821_N009827|E_N009821_N009951|E_N009822_N009825|E_N009825_N009827|E_N009947_N009951|E_N009947_N009953|E_N009947_N010077|E_N010073_N010074|E_N010073_N010077|E_N010073_N010203|E_N010157_N010177|E_N010171_N010177|E_N010171_N010191|E_N010185_N010191|E_N010185_N010205|E_N010199_N010203|E_N010199_N010205
review_required,graph_shared_junction,shared_node,G0015,2,E_N000507_N000640|E_N000634_N000640
review_required,graph_shared_junction,shared_node,G0016,1,E_N000567_N000573
review_required,graph_shared_junction,shared_node,G0017,1,E_N000595_N000610
review_required,graph_shared_junction,shared_node,G0018,1,E_N000633_N000766
review_required,graph_shared_junction,shared_node,G0019,1,E_N000639_N000643
review_required,graph_shared_junction,shared_node,G0020,1,E_N000721_N000727
review_required,graph_shared_junction,shared_node,G0021,1,E_N000759_N000892
review_required,graph_shared_junction,shared_node,G0022,3,E_N000885_N001018|E_N001011_N001018|E_N001012_N001018
review_required,graph_shared_junction,shared_node,G0023,1,E_N001017_N001021
review_required,graph_shared_junction,shared_node,G0024,1,E_N001140_N002280
review_required,graph_shared_junction,shared_node,G0025,1,E_N001154_N001174
review_required,graph_shared_junction,shared_node,G0026,1,E_N001296_N001299
review_required,graph_shared_junction,shared_node,G0027,1,E_N001310_N002447
review_required,graph_shared_junction,shared_node,G0028,2,E_N001365_N001492|E_N001477_N001492
review_required,graph_shared_junction,shared_node,G0029,1,E_N001467_N001469
review_required,graph_shared_junction,shared_node,G0030,1,E_N001618_N002755
review_required,graph_shared_junction,shared_node,G0031,1,E_N001642_N002785
review_required,graph_shared_junction,shared_node,G0032,2,E_N001674_N002811|E_N001688_N002811
review_required,graph_shared_junction,shared_node,G0033,1,E_N001687_N001693
review_required,graph_shared_junction,shared_node,G0034,1,E_N001715_N002869
review_required,graph_shared_junction,shared_node,G0035,1,E_N001768_N001774
review_required,graph_shared_junction,shared_node,G0036,1,E_N002037_N002043
review_required,graph_shared_junction,shared_node,G0037,1,E_N002146_N002152
review_required,graph_shared_junction,shared_node,G0038,1,E_N002153_N002155
review_required,graph_shared_junction,shared_node,G0039,1,E_N002191_N003345
review_required,graph_shared_junction,shared_node,G0040,1,E_N002205_N002211
review_required,graph_shared_junction,shared_node,G0041,1,E_N002330_N003484
review_required,graph_shared_junction,shared_node,G0042,1,E_N002373_N003511
review_required,graph_shared_junction,shared_node,G0043,3,E_N002499_N003653|E_N003647_N003651|E_N003651_N003653
review_required,graph_shared_junction,shared_node,G0044,6,E_N002513_N002517|E_N002513_N002640|E_N002513_N003777|E_N002629_N002640|E_N002640_N003777|E_N003773_N003777
review_required,graph_shared_junction,shared_node,G0045,1,E_N002653_N003793
review_required,graph_shared_junction,shared_node,G0046,1,E_N002713_N002724
review_required,graph_shared_junction,shared_node,G0047,1,E_N002821_N002827
review_required,graph_shared_junction,shared_node,G0048,1,E_N002877_N003004
review_required,graph_shared_junction,shared_node,G0049,1,E_N002905_N002925
review_required,graph_shared_junction,shared_node,G0050,1,E_N002919_N004059
review_required,graph_shared_junction,shared_node,G0051,1,E_N002961_N002967
review_required,graph_shared_junction,shared_node,G0052,1,E_N003088_N004225
review_required,graph_shared_junction,shared_node,G0053,2,E_N003280_N003286|E_N003280_N004420
review_required,graph_shared_junction,shared_node,G0054,4,E_N003436_N004575|E_N003436_N004576|E_N004570_N004576|E_N004570_N004590
review_required,graph_shared_junction,shared_node,G0055,1,E_N003465_N004605
review_required,graph_shared_junction,shared_node,G0056,2,E_N003520_N003526|E_N003522_N003526
review_required,graph_shared_junction,shared_node,G0057,6,E_N003521_N003525|E_N003521_N003527|E_N003521_N003648|E_N003521_N004659|E_N003521_N004785|E_N003637_N003648
review_required,graph_shared_junction,shared_node,G0058,1,E_N003718_N004855
review_required,graph_shared_junction,shared_node,G0059,1,E_N003787_N004941
review_required,graph_shared_junction,shared_node,G0060,1,E_N003801_N003821
review_required,graph_shared_junction,shared_node,G0061,1,E_N003847_N003858
review_required,graph_shared_junction,shared_node,G0062,1,E_N003984_N005121
review_required,graph_shared_junction,shared_node,G0063,1,E_N004001_N004012
review_required,graph_shared_junction,shared_node,G0064,1,E_N004099_N004110
review_required,graph_shared_junction,shared_node,G0065,1,E_N004137_N004141
review_required,graph_shared_junction,shared_node,G0066,2,E_N004221_N005361|E_N005355_N005361
review_required,graph_shared_junction,shared_node,G0067,1,E_N004684_N005821
review_required,graph_shared_junction,shared_node,G0068,8,E_N004781_N006045|E_N004893_N006047|E_N004908_N006045|E_N006041_N006045|E_N006041_N006047|E_N006041_N007305|E_N007301_N007305|E_N007301_N008565
review_required,graph_shared_junction,shared_node,G0069,6,E_N004907_N004911|E_N004907_N006171|E_N004911_N004913|E_N006167_N006171|E_N006167_N007431|E_N006171_N006173
review_required,graph_shared_junction,shared_node,G0070,1,E_N005247_N005258
review_required,graph_shared_junction,shared_node,G0071,1,E_N005327_N005333
review_required,graph_shared_junction,shared_node,G0072,1,E_N005328_N005331
review_required,graph_shared_junction,shared_node,G0073,1,E_N005454_N006577
review_required,graph_shared_junction,shared_node,G0074,1,E_N005468_N006605
review_required,graph_shared_junction,shared_node,G0075,1,E_N005650_N006773
review_required,graph_shared_junction,shared_node,G0076,1,E_N005873_N005879
review_required,graph_shared_junction,shared_node,G0077,1,E_N005930_N007066
review_required,graph_shared_junction,shared_node,G0078,1,E_N006052_N007195
review_required,graph_shared_junction,shared_node,G0079,1,E_N006125_N006131
review_required,graph_shared_junction,shared_node,G0080,1,E_N006196_N007333
review_required,graph_shared_junction,shared_node,G0081,1,E_N006308_N007444
review_required,graph_shared_junction,shared_node,G0082,1,E_N006321_N007461
review_required,graph_shared_junction,shared_node,G0083,1,E_N006322_N007459
review_required,graph_shared_junction,shared_node,G0084,1,E_N006391_N006397
review_required,graph_shared_junction,shared_node,G0085,1,E_N006430_N007573
review_required,graph_shared_junction,shared_node,G0086,1,E_N006587_N007727
review_required,graph_shared_junction,shared_node,G0087,1,E_N006629_N006635
review_required,graph_shared_junction,shared_node,G0088,1,E_N006938_N006940
review_required,graph_shared_junction,shared_node,G0089,1,E_N006941_N006952
review_required,graph_shared_junction,shared_node,G0090,1,E_N007078_N007081
review_required,graph_shared_junction,shared_node,G0091,1,E_N007109_N007120
review_required,graph_shared_junction,shared_node,G0092,1,E_N007259_N007265
review_required,graph_shared_junction,shared_node,G0093,1,E_N007564_N008707
review_required,graph_shared_junction,shared_node,G0094,1,E_N007708_N008831
review_required,graph_shared_junction,shared_node,G0095,1,E_N007735_N008889
review_required,graph_shared_junction,shared_node,G0096,2,E_N008351_N008371|E_N008351_N009505
review_required,graph_shared_junction,shared_node,G0097,1,E_N008379_N008399
review_required,graph_shared_junction,shared_node,G0098,1,E_N008505_N009645
review_required,graph_shared_junction,shared_node,G0099,1,E_N008757_N008763
review_required,graph_shared_junction,shared_node,G0100,1,E_N008772_N008775
review_required,graph_shared_junction,shared_node,G0101,5,E_N009082_N009085|E_N009085_N009209|E_N009209_N009225|E_N009225_N009349|E_N009349_N009365
review_required,graph_shared_junction,shared_node,G0102,4,E_N009083_N009084|E_N009083_N009099|E_N009099_N009223|E_N009223_N009239
review_required,graph_shared_junction,shared_node,G0103,1,E_N009177_N009318
review_required,graph_shared_junction,shared_node,G0104,2,E_N009211_N009335|E_N009335_N009351
review_required,graph_shared_junction,shared_node,G0105,1,E_N009233_N009360
review_required,graph_shared_junction,shared_node,G0106,1,E_N009485_N009500
review_required,graph_shared_junction,shared_node,G0107,1,E_N010116_N010121
