edge_id,source_strut_id,defect_class,k,neighbor_edge_ids,neighbor_defect_classes,neighbor_distances_mm,missing_neighbor_count,broken_neighbor_count,thin_neighbor_count
E_N000251_N000361,651,broken,1,"[""E_N000361_N000363""]","[""broken""]",[3.224406922210658],0,1,0
E_N000251_N000361,651,broken,3,"[""E_N000361_N000363"",""E_N000358_N001495"",""E_N001365_N001380""]","[""broken"",""broken"",""missing""]","[3.224406922210658,4.265489420922293,7.209993065183904]",1,2,0
E_N000251_N000361,651,broken,5,"[""E_N000361_N000363"",""E_N000358_N001495"",""E_N001365_N001380"",""E_N001379_N001506"",""E_N001491_N001506""]","[""broken"",""broken"",""missing"",""missing"",""missing""]","[3.224406922210658,4.265489420922293,7.209993065183904,7.209993065183905,7.209993065183905]",3,2,0
E_N000251_N000361,651,broken,10,"[""E_N000361_N000363"",""E_N000358_N001495"",""E_N001365_N001380"",""E_N001379_N001506"",""E_N001491_N001506"",""E_N003511_N003526"",""E_N003466_N003471"",""E_N003450_N003466"",""E_N003450_N003455"",""E_N003466_N004589""]","[""broken"",""broken"",""missing"",""missing"",""missing"",""missing"",""broken"",""broken"",""broken"",""broken""]","[3.224406922210658,4.265489420922293,7.209993065183904,7.209993065183905,7.209993065183905,16.44131381611579,23.6395431427936,25.895822056849248,26.045944022054563,26.24477090774465]",4,6,0
E_N000358_N001495,2640,broken,1,"[""E_N000361_N000363""]","[""broken""]",[3.604996532591952],0,1,0
E_N000358_N001495,2640,broken,3,"[""E_N000361_N000363"",""E_N000251_N000361"",""E_N001491_N001506""]","[""broken"",""broken"",""missing""]","[3.604996532591952,4.265489420922293,4.265489420922294]",1,2,0
E_N000358_N001495,2640,broken,5,"[""E_N000361_N000363"",""E_N000251_N000361"",""E_N001491_N001506"",""E_N001365_N001380"",""E_N001379_N001506""]","[""broken"",""broken"",""missing"",""missing"",""missing""]","[3.604996532591952,4.265489420922293,4.265489420922294,5.3470739661987094,5.812882245495777]",3,2,0
E_N000358_N001495,2640,broken,10,"[""E_N000361_N000363"",""E_N000251_N000361"",""E_N001491_N001506"",""E_N001365_N001380"",""E_N001379_N001506"",""E_N003511_N003526"",""E_N003466_N003471"",""E_N003450_N003466"",""E_N003466_N004589"",""E_N003450_N003455""]","[""broken"",""broken"",""missing"",""missing"",""missing"",""missing"",""broken"",""broken"",""broken"",""broken""]","[3.604996532591952,4.265489420922293,4.265489420922294,5.3470739661987094,5.812882245495777,14.687872548466641,20.329112130144786,22.7429285713164,22.913716416155626,22.970363514755263]",4,6,0
E_N000361_N000363,625,broken,1,"[""E_N000251_N000361""]","[""broken""]",[3.224406922210658],0,1,0
E_N000361_N000363,625,broken,3,"[""E_N000251_N000361"",""E_N000358_N001495"",""E_N001491_N001506""]","[""broken"",""broken"",""missing""]","[3.224406922210658,3.604996532591952,7.209993065183905]",1,2,0
E_N000361_N000363,625,broken,5,"[""E_N000251_N000361"",""E_N000358_N001495"",""E_N001491_N001506"",""E_N001365_N001380"",""E_N001379_N001506""]","[""broken"",""broken"",""missing"",""missing"",""missing""]","[3.224406922210658,3.604996532591952,7.209993065183905,8.530978841844586,8.530978841844588]",3,2,0
E_N000361_N000363,625,broken,10,"[""E_N000251_N000361"",""E_N000358_N001495"",""E_N001491_N001506"",""E_N001365_N001380"",""E_N001379_N001506"",""E_N003511_N003526"",""E_N003466_N003471"",""E_N003450_N003466"",""E_N003450_N003455"",""E_N003466_N004589""]","[""broken"",""broken"",""missing"",""missing"",""missing"",""missing"",""broken"",""broken"",""broken"",""broken""]","[3.224406922210658,3.604996532591952,7.209993065183905,8.530978841844586,8.530978841844588,17.95273795274693,22.856928927570294,25.28642323461347,25.337766278817867,25.542106412745206]",4,6,0
E_N001010_N001021,1772,missing,1,"[""E_N001010_N001035""]","[""missing""]",[2.2799999999999994],1,0,0
E_N001010_N001021,1772,missing,3,"[""E_N001010_N001035"",""E_N001011_N001021"",""E_N001015_N001021""]","[""missing"",""missing"",""missing""]","[2.2799999999999994,2.2800000000000002,2.2800000000000002]",3,0,0
E_N001010_N001021,1772,missing,5,"[""E_N001010_N001035"",""E_N001011_N001021"",""E_N001015_N001021"",""E_N001015_N001035"",""E_N001012_N001021""]","[""missing"",""missing"",""missing"",""missing"",""missing""]","[2.2799999999999994,2.2800000000000002,2.2800000000000002,3.2244069222106564,3.2244069222106573]",5,0,0
E_N001010_N001021,1772,missing,10,"[""E_N001010_N001035"",""E_N001011_N001021"",""E_N001015_N001021"",""E_N001015_N001035"",""E_N001012_N001021"",""E_N001012_N001016"",""E_N001015_N002155"",""E_N001024_N001035"",""E_N001012_N002155"",""E_N001015_N002169""]","[""missing"",""missing"",""missing"",""missing"",""missing"",""missing"",""missing"",""missing"",""missing"",""missing""]","[2.2799999999999994,2.2800000000000002,2.2800000000000002,3.2244069222106564,3.2244069222106573,4.265489420922293,4.56,4.56,5.09823498869952,5.09823498869952]",10,0,0
E_N001010_N001035,1801,missing,1,"[""E_N001010_N001021""]","[""missing""]",[2.2799999999999994],1,0,0
E_N001010_N001035,1801,missing,3,"[""E_N001010_N001021"",""E_N001015_N001035"",""E_N001024_N001035""]","[""missing"",""missing"",""missing""]","[2.2799999999999994,2.2800000000000002,2.2800000000000002]",3,0,0
E_N001010_N001035,1801,missing,5,"[""E_N001010_N001021"",""E_N001015_N001035"",""E_N001024_N001035"",""E_N001015_N001021"",""E_N001029_N001035""]","[""missing"",""missing"",""missing"",""missing"",""missing""]","[2.2799999999999994,2.2800000000000002,2.2800000000000002,3.2244069222106564,3.2244069222106573]",5,0,0
E_N001010_N001035,1801,missing,10,"[""E_N001010_N001021"",""E_N001015_N001035"",""E_N001024_N001035"",""E_N001015_N001021"",""E_N001029_N001035"",""E_N001024_N001049"",""E_N001011_N001021"",""E_N001015_N002169"",""E_N001029_N001049"",""E_N001012_N001021""]","[""missing"",""missing"",""missing"",""missing"",""missing"",""missing"",""missing"",""missing"",""missing"",""missing""]","[2.2799999999999994,2.2800000000000002,2.2800000000000002,3.2244069222106564,3.2244069222106573,4.559999999999999,4.56,4.56,5.098234988699519,5.09823498869952]",10,0,0
E_N001011_N001021,1773,missing,1,"[""E_N001010_N001021""]","[""missing""]",[2.2800000000000002],1,0,0
E_N001011_N001021,1773,missing,3,"[""E_N001010_N001021"",""E_N001012_N001021"",""E_N001015_N001021""]","[""missing"",""missing"",""missing""]","[2.2800000000000002,2.2800000000000002,3.2244069222106573]",3,0,0
E_N001011_N001021,1773,missing,5,"[""E_N001010_N001021"",""E_N001012_N001021"",""E_N001015_N001021"",""E_N001012_N001016"",""E_N001010_N001035""]","[""missing"",""missing"",""missing"",""missing"",""missing""]","[2.2800000000000002,2.2800000000000002,3.2244069222106573,3.6049965325919526,4.56]",5,0,0
E_N001011_N001021,1773,missing,10,"[""E_N001010_N001021"",""E_N001012_N001021"",""E_N001015_N001021"",""E_N001012_N001016"",""E_N001010_N001035"",""E_N001012_N002155"",""E_N001012_N002152"",""E_N001015_N001035"",""E_N001015_N002155"",""E_N001015_N002169""]","[""missing"",""missing"",""missing"",""missing"",""missing"",""missing"",""missing"",""missing"",""missing"",""missing""]","[2.2800000000000002,2.2800000000000002,3.2244069222106573,3.6049965325919526,4.56,4.56,4.836610383315985,5.09823498869952,5.09823498869952,6.448813844421313]",10,0,0
E_N001012_N001016,3779,missing,1,"[""E_N001012_N002152""]","[""missing""]",[1.612203461105328],1,0,0
E_N001012_N001016,3779,missing,3,"[""E_N001012_N002152"",""E_N001012_N001021"",""E_N001012_N002155""]","[""missing"",""missing"",""missing""]","[1.612203461105328,1.6122034611053286,1.6122034611053286]",3,0,0
E_N001012_N001016,3779,missing,5,"[""E_N001012_N002152"",""E_N001012_N001021"",""E_N001012_N002155"",""E_N001015_N001021"",""E_N001015_N002155""]","[""missing"",""missing"",""missing"",""missing"",""missing""]","[1.612203461105328,1.6122034611053286,1.6122034611053286,2.792418306772823,2.792418306772823]",5,0,0
E_N001012_N001016,3779,missing,10,"[""E_N001012_N002152"",""E_N001012_N001021"",""E_N001012_N002155"",""E_N001015_N001021"",""E_N001015_N002155"",""E_N001011_N001021"",""E_N002146_N002155"",""E_N001010_N001021"",""E_N002149_N002155"",""E_N001015_N001035""]","[""missing"",""missing"",""missing"",""missing"",""missing"",""missing"",""missing"",""missing"",""missing"",""missing""]","[1.612203461105328,1.6122034611053286,1.6122034611053286,2.792418306772823,2.792418306772823,3.6049965325919526,3.6049965325919526,4.265489420922293,4.265489420922293,4.836610383315985]",10,0,0
E_N001012_N001021,1774,missing,1,"[""E_N001012_N001016""]","[""missing""]",[1.6122034611053286],1,0,0
E_N001012_N001021,1774,missing,3,"[""E_N001012_N001016"",""E_N001012_N002155"",""E_N001011_N001021""]","[""missing"",""missing"",""missing""]","[1.6122034611053286,2.2799999999999994,2.2800000000000002]",3,0,0
E_N001012_N001021,1774,missing,5,"[""E_N001012_N001016"",""E_N001012_N002155"",""E_N001011_N001021"",""E_N001015_N001021"",""E_N001012_N002152""]","[""missing"",""missing"",""missing"",""missing"",""missing""]","[1.6122034611053286,2.2799999999999994,2.2800000000000002,2.2800000000000002,2.7924183067728228]",5,0,0
E_N001012_N001021,1774,missing,10,"[""E_N001012_N001016"",""E_N001012_N002155"",""E_N001011_N001021"",""E_N001015_N001021"",""E_N001012_N002152"",""E_N001015_N002155"",""E_N001010_N001021"",""E_N001015_N001035"",""E_N002146_N002155"",""E_N001010_N001035""]","[""missing"",""missing"",""missing"",""missing"",""missing"",""missing"",""missing"",""missing"",""missing"",""missing""]","[1.6122034611053286,2.2799999999999994,2.2800000000000002,2.2800000000000002,2.7924183067728228,3.2244069222106564,3.2244069222106573,4.56,4.56,5.09823498869952]",10,0,0
E_N001012_N002152,3781,missing,1,"[""E_N001012_N001016""]","[""missing""]",[1.612203461105328],1,0,0
E_N001012_N002152,3781,missing,3,"[""E_N001012_N001016"",""E_N001012_N002155"",""E_N001012_N001021""]","[""missing"",""missing"",""missing""]","[1.612203461105328,1.6122034611053286,2.7924183067728228]",3,0,0
E_N001012_N002152,3781,missing,5,"[""E_N001012_N001016"",""E_N001012_N002155"",""E_N001012_N001021"",""E_N002146_N002155"",""E_N001015_N002155""]","[""missing"",""missing"",""missing"",""missing"",""missing""]","[1.612203461105328,1.6122034611053286,2.7924183067728228,2.7924183067728237,3.6049965325919526]",5,0,0
E_N001012_N002152,3781,missing,10,"[""E_N001012_N001016"",""E_N001012_N002155"",""E_N001012_N001021"",""E_N002146_N002155"",""E_N001015_N002155"",""E_N001015_N001021"",""E_N002149_N002155"",""E_N002146_N003289"",""E_N001011_N001021"",""E_N002149_N003289""]","[""missing"",""missing"",""missing"",""missing"",""missing"",""missing"",""missing"",""missing"",""missing"",""missing""]","[1.612203461105328,1.6122034611053286,2.7924183067728228,2.7924183067728237,3.6049965325919526,4.265489420922293,4.265489420922293,4.836610383315984,4.836610383315985,5.812882245495773]",10,0,0
E_N001012_N002155,3789,missing,1,"[""E_N001012_N001016""]","[""missing""]",[1.6122034611053286],1,0,0
E_N001012_N002155,3789,missing,3,"[""E_N001012_N001016"",""E_N001012_N002152"",""E_N001012_N001021""]","[""missing"",""missing"",""missing""]","[1.6122034611053286,1.6122034611053286,2.2799999999999994]",3,0,0
E_N001012_N002155,3789,missing,5,"[""E_N001012_N001016"",""E_N001012_N002152"",""E_N001012_N001021"",""E_N001015_N002155"",""E_N002146_N002155""]","[""missing"",""missing"",""missing"",""missing"",""missing""]","[1.6122034611053286,1.6122034611053286,2.2799999999999994,2.2800000000000002,2.2800000000000002]",5,0,0
E_N001012_N002155,3789,missing,10,"[""E_N001012_N001016"",""E_N001012_N002152"",""E_N001012_N001021"",""E_N001015_N002155"",""E_N002146_N002155"",""E_N001015_N001021"",""E_N002149_N002155"",""E_N002146_N003289"",""E_N001011_N001021"",""E_N001015_N002169""]","[""missing"",""missing"",""missing"",""missing"",""missing"",""missing"",""missing"",""missing"",""missing"",""missing""]","[1.6122034611053286,1.6122034611053286,2.2799999999999994,2.2800000000000002,2.2800000000000002,3.2244069222106564,3.2244069222106573,4.559999999999999,4.56,4.56]",10,0,0
E_N001015_N001021,1775,missing,1,"[""E_N001015_N001035""]","[""missing""]",[2.2799999999999994],1,0,0
E_N001015_N001021,1775,missing,3,"[""E_N001015_N001035"",""E_N001015_N002155"",""E_N001010_N001021""]","[""missing"",""missing"",""missing""]","[2.2799999999999994,2.2799999999999994,2.2800000000000002]",3,0,0
E_N001015_N001021,1775,missing,5,"[""E_N001015_N001035"",""E_N001015_N002155"",""E_N001010_N001021"",""E_N001012_N001021"",""E_N001012_N001016""]","[""missing"",""missing"",""missing"",""missing"",""missing""]","[2.2799999999999994,2.2799999999999994,2.2800000000000002,2.2800000000000002,2.792418306772823]",5,0,0
E_N001015_N001021,1775,missing,10,"[""E_N001015_N001035"",""E_N001015_N002155"",""E_N001010_N001021"",""E_N001012_N001021"",""E_N001012_N001016"",""E_N001015_N002169"",""E_N001010_N001035"",""E_N001012_N002155"",""E_N001011_N001021"",""E_N001012_N002152""]","[""missing"",""missing"",""missing"",""missing"",""missing"",""missing"",""missing"",""missing"",""missing"",""missing""]","[2.2799999999999994,2.2799999999999994,2.2800000000000002,2.2800000000000002,2.792418306772823,3.2244069222106555,3.2244069222106564,3.2244069222106564,3.2244069222106573,4.265489420922293]",10,0,0
E_N001015_N001035,1802,missing,1,"[""E_N001015_N001021""]","[""missing""]",[2.2799999999999994],1,0,0
E_N001015_N001035,1802,missing,3,"[""E_N001015_N001021"",""E_N001015_N002169"",""E_N001010_N001035""]","[""missing"",""missing"",""missing""]","[2.2799999999999994,2.2799999999999994,2.2800000000000002]",3,0,0
E_N001015_N001035,1802,missing,5,"[""E_N001015_N001021"",""E_N001015_N002169"",""E_N001010_N001035"",""E_N001029_N001035"",""E_N001015_N002155""]","[""missing"",""missing"",""missing"",""missing"",""missing""]","[2.2799999999999994,2.2799999999999994,2.2800000000000002,2.2800000000000002,3.2244069222106555]",5,0,0
E_N001015_N001035,1802,missing,10,"[""E_N001015_N001021"",""E_N001015_N002169"",""E_N001010_N001035"",""E_N001029_N001035"",""E_N001015_N002155"",""E_N001010_N001021"",""E_N001029_N002169"",""E_N001024_N001035"",""E_N001029_N001049"",""E_N001012_N001021""]","[""missing"",""missing"",""missing"",""missing"",""missing"",""missing"",""missing"",""missing"",""missing"",""missing""]","[2.2799999999999994,2.2799999999999994,2.2800000000000002,2.2800000000000002,3.2244069222106555,3.2244069222106564,3.2244069222106564,3.2244069222106573,4.559999999999999,4.56]",10,0,0
E_N001015_N002155,3788,missing,1,"[""E_N001015_N001021""]","[""missing""]",[2.2799999999999994],1,0,0
E_N001015_N002155,3788,missing,3,"[""E_N001015_N001021"",""E_N001015_N002169"",""E_N001012_N002155""]","[""missing"",""missing"",""missing""]","[2.2799999999999994,2.2799999999999994,2.2800000000000002]",3,0,0
E_N001015_N002155,3788,missing,5,"[""E_N001015_N001021"",""E_N001015_N002169"",""E_N001012_N002155"",""E_N002149_N002155"",""E_N001012_N001016""]","[""missing"",""missing"",""missing"",""missing"",""missing""]","[2.2799999999999994,2.2799999999999994,2.2800000000000002,2.2800000000000002,2.792418306772823]",5,0,0
E_N001015_N002155,3788,missing,10,"[""E_N001015_N001021"",""E_N001015_N002169"",""E_N001012_N002155"",""E_N002149_N002155"",""E_N001012_N001016"",""E_N001015_N001035"",""E_N001012_N001021"",""E_N002149_N002169"",""E_N002146_N002155"",""E_N001012_N002152""]","[""missing"",""missing"",""missing"",""missing"",""missing"",""missing"",""missing"",""missing"",""missing"",""missing""]","[2.2799999999999994,2.2799999999999994,2.2800000000000002,2.2800000000000002,2.792418306772823,3.2244069222106555,3.2244069222106564,3.2244069222106564,3.2244069222106573,3.6049965325919526]",10,0,0
E_N001015_N002169,3817,missing,1,"[""E_N001015_N001035""]","[""missing""]",[2.2799999999999994],1,0,0
E_N001015_N002169,3817,missing,3,"[""E_N001015_N001035"",""E_N001015_N002155"",""E_N001029_N002169""]","[""missing"",""missing"",""missing""]","[2.2799999999999994,2.2799999999999994,2.2800000000000002]",3,0,0
E_N001015_N002169,3817,missing,5,"[""E_N001015_N001035"",""E_N001015_N002155"",""E_N001029_N002169"",""E_N002149_N002169"",""E_N001015_N001021""]","[""missing"",""missing"",""missing"",""missing"",""missing""]","[2.2799999999999994,2.2799999999999994,2.2800000000000002,2.2800000000000002,3.2244069222106555]",5,0,0
E_N001015_N002169,3817,missing,10,"[""E_N001015_N001035"",""E_N001015_N002155"",""E_N001029_N002169"",""E_N002149_N002169"",""E_N001015_N001021"",""E_N001029_N001035"",""E_N002149_N002155"",""E_N002163_N002169"",""E_N001029_N002183"",""E_N002149_N003303""]","[""missing"",""missing"",""missing"",""missing"",""missing"",""missing"",""missing"",""missing"",""missing"",""missing""]","[2.2799999999999994,2.2799999999999994,2.2800000000000002,2.2800000000000002,3.2244069222106555,3.2244069222106564,3.2244069222106564,3.2244069222106573,4.559999999999999,4.559999999999999]",10,0,0
E_N001024_N001035,1800,missing,1,"[""E_N001024_N001049""]","[""missing""]",[2.2799999999999985],1,0,0
E_N001024_N001035,1800,missing,3,"[""E_N001024_N001049"",""E_N001010_N001035"",""E_N001029_N001035""]","[""missing"",""missing"",""missing""]","[2.2799999999999985,2.2800000000000002,2.2800000000000002]",3,0,0
E_N001024_N001035,1800,missing,5,"[""E_N001024_N001049"",""E_N001010_N001035"",""E_N001029_N001035"",""E_N001029_N001049"",""E_N001015_N001035""]","[""missing"",""missing"",""missing"",""missing"",""missing""]","[2.2799999999999985,2.2800000000000002,2.2800000000000002,3.224406922210656,3.2244069222106573]",5,0,0
E_N001024_N001035,1800,missing,10,"[""E_N001024_N001049"",""E_N001010_N001035"",""E_N001029_N001035"",""E_N001029_N001049"",""E_N001015_N001035"",""E_N001010_N001021"",""E_N001029_N002169"",""E_N001038_N001049"",""E_N001029_N002183"",""E_N001015_N001021""]","[""missing"",""missing"",""missing"",""missing"",""missing"",""missing"",""missing"",""missing"",""missing"",""missing""]","[2.2799999999999985,2.2800000000000002,2.2800000000000002,3.224406922210656,3.2244069222106573,4.56,4.56,4.56,5.098234988699519,5.09823498869952]",10,0,0
E_N001024_N001049,1829,missing,1,"[""E_N001024_N001035""]","[""missing""]",[2.2799999999999985],1,0,0
E_N001024_N001049,1829,missing,3,"[""E_N001024_N001035"",""E_N001029_N001049"",""E_N001038_N001049""]","[""missing"",""missing"",""missing""]","[2.2799999999999985,2.2800000000000002,2.280000000000001]",3,0,0
E_N001024_N001049,1829,missing,5,"[""E_N001024_N001035"",""E_N001029_N001049"",""E_N001038_N001049"",""E_N001029_N001035"",""E_N001043_N001049""]","[""missing"",""missing"",""missing"",""missing"",""missing""]","[2.2799999999999985,2.2800000000000002,2.280000000000001,3.224406922210656,3.2244069222106577]",5,0,0
E_N001024_N001049,1829,missing,10,"[""E_N001024_N001035"",""E_N001029_N001049"",""E_N001038_N001049"",""E_N001029_N001035"",""E_N001043_N001049"",""E_N001010_N001035"",""E_N001029_N002183"",""E_N001038_N001063"",""E_N001015_N001035"",""E_N001029_N002169""]","[""missing"",""missing"",""missing"",""missing"",""missing"",""missing"",""missing"",""missing"",""missing"",""missing""]","[2.2799999999999985,2.2800000000000002,2.280000000000001,3.224406922210656,3.2244069222106577,4.559999999999999,4.56,4.560000000000002,5.098234988699519,5.098234988699519]",10,0,0
E_N001029_N001035,1803,missing,1,"[""E_N001029_N001049""]","[""missing""]",[2.2799999999999985],1,0,0
E_N001029_N001035,1803,missing,3,"[""E_N001029_N001049"",""E_N001029_N002169"",""E_N001015_N001035""]","[""missing"",""missing"",""missing""]","[2.2799999999999985,2.2799999999999994,2.2800000000000002]",3,0,0
E_N001029_N001035,1803,missing,5,"[""E_N001029_N001049"",""E_N001029_N002169"",""E_N001015_N001035"",""E_N001024_N001035"",""E_N001029_N002183""]","[""missing"",""missing"",""missing"",""missing"",""missing""]","[2.2799999999999985,2.2799999999999994,2.2800000000000002,2.2800000000000002,3.224406922210655]",5,0,0
E_N001029_N001035,1803,missing,10,"[""E_N001029_N001049"",""E_N001029_N002169"",""E_N001015_N001035"",""E_N001024_N001035"",""E_N001029_N002183"",""E_N001024_N001049"",""E_N001015_N002169"",""E_N001010_N001035"",""E_N001015_N001021"",""E_N001043_N001049""]","[""missing"",""missing"",""missing"",""missing"",""missing"",""missing"",""missing"",""missing"",""missing"",""missing""]","[2.2799999999999985,2.2799999999999994,2.2800000000000002,2.2800000000000002,3.224406922210655,3.224406922210656,3.2244069222106564,3.2244069222106573,4.56,4.56]",10,0,0
E_N001029_N001049,1830,missing,1,"[""E_N001029_N001035""]","[""missing""]",[2.2799999999999985],1,0,0
E_N001029_N001049,1830,missing,3,"[""E_N001029_N001035"",""E_N001029_N002183"",""E_N001024_N001049""]","[""missing"",""missing"",""missing""]","[2.2799999999999985,2.2799999999999994,2.2800000000000002]",3,0,0
E_N001029_N001049,1830,missing,5,"[""E_N001029_N001035"",""E_N001029_N002183"",""E_N001024_N001049"",""E_N001043_N001049"",""E_N001029_N002169""]","[""missing"",""missing"",""missing"",""missing"",""missing""]","[2.2799999999999985,2.2799999999999994,2.2800000000000002,2.280000000000001,3.224406922210655]",5,0,0
E_N001029_N001049,1830,missing,10,"[""E_N001029_N001035"",""E_N001029_N002183"",""E_N001024_N001049"",""E_N001043_N001049"",""E_N001029_N002169"",""E_N001024_N001035"",""E_N001043_N002183"",""E_N001038_N001049"",""E_N001015_N001035"",""E_N002163_N002183""]","[""missing"",""missing"",""missing"",""missing"",""missing"",""missing"",""missing"",""missing"",""missing"",""missing""]","[2.2799999999999985,2.2799999999999994,2.2800000000000002,2.280000000000001,3.224406922210655,3.224406922210656,3.2244069222106573,3.2244069222106577,4.559999999999999,4.56]",10,0,0
E_N001029_N002169,3816,missing,1,"[""E_N001029_N002183""]","[""missing""]",[2.2799999999999985],1,0,0
E_N001029_N002169,3816,missing,3,"[""E_N001029_N002183"",""E_N001029_N001035"",""E_N001015_N002169""]","[""missing"",""missing"",""missing""]","[2.2799999999999985,2.2799999999999994,2.2800000000000002]",3,0,0
E_N001029_N002169,3816,missing,5,"[""E_N001029_N002183"",""E_N001029_N001035"",""E_N001015_N002169"",""E_N002163_N002169"",""E_N001029_N001049""]","[""missing"",""missing"",""missing"",""missing"",""missing""]","[2.2799999999999985,2.2799999999999994,2.2800000000000002,2.2800000000000002,3.224406922210655]",5,0,0
E_N001029_N002169,3816,missing,10,"[""E_N001029_N002183"",""E_N001029_N001035"",""E_N001015_N002169"",""E_N002163_N002169"",""E_N001029_N001049"",""E_N002163_N002183"",""E_N001015_N001035"",""E_N002149_N002169"",""E_N002163_N003303"",""E_N001015_N002155""]","[""missing"",""missing"",""missing"",""missing"",""missing"",""missing"",""missing"",""missing"",""missing"",""missing""]","[2.2799999999999985,2.2799999999999994,2.2800000000000002,2.2800000000000002,3.224406922210655,3.224406922210656,3.2244069222106564,3.2244069222106573,4.559999999999999,4.56]",10,0,0
E_N001029_N002183,3845,missing,1,"[""E_N001029_N002169""]","[""missing""]",[2.2799999999999985],1,0,0
E_N001029_N002183,3845,missing,3,"[""E_N001029_N002169"",""E_N001029_N001049"",""E_N002163_N002183""]","[""missing"",""missing"",""missing""]","[2.2799999999999985,2.2799999999999994,2.2800000000000002]",3,0,0
E_N001029_N002183,3845,missing,5,"[""E_N001029_N002169"",""E_N001029_N001049"",""E_N002163_N002183"",""E_N001043_N002183"",""E_N001029_N001035""]","[""missing"",""missing"",""missing"",""missing"",""missing""]","[2.2799999999999985,2.2799999999999994,2.2800000000000002,2.280000000000001,3.224406922210655]",5,0,0
E_N001029_N002183,3845,missing,10,"[""E_N001029_N002169"",""E_N001029_N001049"",""E_N002163_N002183"",""E_N001043_N002183"",""E_N001029_N001035"",""E_N002163_N002169"",""E_N001043_N001049"",""E_N002177_N002183"",""E_N001015_N002169"",""E_N002163_N003317""]","[""missing"",""missing"",""missing"",""missing"",""missing"",""missing"",""missing"",""missing"",""missing"",""missing""]","[2.2799999999999985,2.2799999999999994,2.2800000000000002,2.280000000000001,3.224406922210655,3.224406922210656,3.2244069222106573,3.2244069222106577,4.559999999999999,4.559999999999999]",10,0,0
E_N001038_N001049,1828,missing,1,"[""E_N001043_N001049""]","[""missing""]",[2.2800000000000002],1,0,0
E_N001038_N001049,1828,missing,3,"[""E_N001043_N001049"",""E_N001024_N001049"",""E_N001038_N001063""]","[""missing"",""missing"",""missing""]","[2.2800000000000002,2.280000000000001,2.280000000000001]",3,0,0
E_N001038_N001049,1828,missing,5,"[""E_N001043_N001049"",""E_N001024_N001049"",""E_N001038_N001063"",""E_N001029_N001049"",""E_N001043_N001063""]","[""missing"",""missing"",""missing"",""missing"",""missing""]","[2.2800000000000002,2.280000000000001,2.280000000000001,3.2244069222106577,3.2244069222106577]",5,0,0
E_N001038_N001049,1828,missing,10,"[""E_N001043_N001049"",""E_N001024_N001049"",""E_N001038_N001063"",""E_N001029_N001049"",""E_N001043_N001063"",""E_N001024_N001035"",""E_N001043_N002183"",""E_N001057_N001063"",""E_N001029_N001035"",""E_N001029_N002183""]","[""missing"",""missing"",""missing"",""missing"",""missing"",""missing"",""missing"",""missing"",""missing"",""missing""]","[2.2800000000000002,2.280000000000001,2.280000000000001,3.2244069222106577,3.2244069222106577,4.56,4.56,5.098234988699519,5.09823498869952,5.098234988699521]",10,0,0
E_N001038_N001063,1857,missing,1,"[""E_N001043_N001063""]","[""missing""]",[2.2800000000000002],1,0,0
E_N001038_N001063,1857,missing,3,"[""E_N001043_N001063"",""E_N001038_N001049"",""E_N001057_N001063""]","[""missing"",""missing"",""missing""]","[2.2800000000000002,2.280000000000001,3.224406922210655]",3,0,0
E_N001038_N001063,1857,missing,5,"[""E_N001043_N001063"",""E_N001038_N001049"",""E_N001057_N001063"",""E_N001043_N001049"",""E_N001043_N002197""]","[""missing"",""missing"",""missing"",""missing"",""missing""]","[2.2800000000000002,2.280000000000001,3.224406922210655,3.2244069222106577,4.56]",5,0,0
E_N001038_N001063,1857,missing,10,"[""E_N001043_N001063"",""E_N001038_N001049"",""E_N001057_N001063"",""E_N001043_N001049"",""E_N001043_N002197"",""E_N001024_N001049"",""E_N001057_N001077"",""E_N001057_N002197"",""E_N001043_N002183"",""E_N001029_N001049""]","[""missing"",""missing"",""missing"",""missing"",""missing"",""missing"",""missing"",""missing"",""missing"",""missing""]","[2.2800000000000002,2.280000000000001,3.224406922210655,3.2244069222106577,4.56,4.560000000000002,5.098234988699519,5.098234988699519,5.098234988699521,5.098234988699522]",10,0,0
E_N001043_N001049,1831,missing,1,"[""E_N001043_N002183""]","[""missing""]",[2.2799999999999994],1,0,0
E_N001043_N001049,1831,missing,3,"[""E_N001043_N002183"",""E_N001038_N001049"",""E_N001029_N001049""]","[""missing"",""missing"",""missing""]","[2.2799999999999994,2.2800000000000002,2.280000000000001]",3,0,0
E_N001043_N001049,1831,missing,5,"[""E_N001043_N002183"",""E_N001038_N001049"",""E_N001029_N001049"",""E_N001043_N001063"",""E_N001029_N002183""]","[""missing"",""missing"",""missing"",""missing"",""missing""]","[2.2799999999999994,2.2800000000000002,2.280000000000001,2.280000000000001,3.2244069222106573]",5,0,0
E_N001043_N001049,1831,missing,10,"[""E_N001043_N002183"",""E_N001038_N001049"",""E_N001029_N001049"",""E_N001043_N001063"",""E_N001029_N002183"",""E_N001043_N002197"",""E_N001024_N001049"",""E_N001038_N001063"",""E_N001057_N001063"",""E_N001029_N001035""]","[""missing"",""missing"",""missing"",""missing"",""missing"",""missing"",""missing"",""missing"",""missing"",""missing""]","[2.2799999999999994,2.2800000000000002,2.280000000000001,2.280000000000001,3.2244069222106573,3.2244069222106573,3.2244069222106577,3.2244069222106577,4.559999999999999,4.56]",10,0,0
E_N001043_N001063,1858,missing,1,"[""E_N001057_N001063""]","[""missing""]",[2.2799999999999976],1,0,0
E_N001043_N001063,1858,missing,3,"[""E_N001057_N001063"",""E_N001043_N002197"",""E_N001038_N001063""]","[""missing"",""missing"",""missing""]","[2.2799999999999976,2.2799999999999994,2.2800000000000002]",3,0,0
E_N001043_N001063,1858,missing,5,"[""E_N001057_N001063"",""E_N001043_N002197"",""E_N001038_N001063"",""E_N001043_N001049"",""E_N001057_N002197""]","[""missing"",""missing"",""missing"",""missing"",""missing""]","[2.2799999999999976,2.2799999999999994,2.2800000000000002,2.280000000000001,3.224406922210654]",5,0,0
E_N001043_N001063,1858,missing,10,"[""E_N001057_N001063"",""E_N001043_N002197"",""E_N001038_N001063"",""E_N001043_N001049"",""E_N001057_N002197"",""E_N001043_N002183"",""E_N001038_N001049"",""E_N001057_N001077"",""E_N002177_N002197"",""E_N001029_N001049""]","[""missing"",""missing"",""missing"",""missing"",""missing"",""missing"",""missing"",""missing"",""missing"",""missing""]","[2.2799999999999976,2.2799999999999994,2.2800000000000002,2.280000000000001,3.224406922210654,3.2244069222106573,3.2244069222106577,4.559999999999999,4.56,4.560000000000002]",10,0,0
E_N001043_N002183,3844,missing,1,"[""E_N001043_N001049""]","[""missing""]",[2.2799999999999994],1,0,0
E_N001043_N002183,3844,missing,3,"[""E_N001043_N001049"",""E_N002177_N002183"",""E_N001029_N002183""]","[""missing"",""missing"",""missing""]","[2.2799999999999994,2.2800000000000002,2.280000000000001]",3,0,0
E_N001043_N002183,3844,missing,5,"[""E_N001043_N001049"",""E_N002177_N002183"",""E_N001029_N002183"",""E_N001043_N002197"",""E_N001029_N001049""]","[""missing"",""missing"",""missing"",""missing"",""missing""]","[2.2799999999999994,2.2800000000000002,2.280000000000001,2.280000000000001,3.2244069222106573]",5,0,0
E_N001043_N002183,3844,missing,10,"[""E_N001043_N001049"",""E_N002177_N002183"",""E_N001029_N002183"",""E_N001043_N002197"",""E_N001029_N001049"",""E_N001043_N001063"",""E_N002163_N002183"",""E_N002177_N002197"",""E_N001057_N002197"",""E_N002177_N003317""]","[""missing"",""missing"",""missing"",""missing"",""missing"",""missing"",""missing"",""missing"",""missing"",""missing""]","[2.2799999999999994,2.2800000000000002,2.280000000000001,2.280000000000001,3.2244069222106573,3.2244069222106573,3.2244069222106577,3.2244069222106577,4.559999999999999,4.559999999999999]",10,0,0
E_N001043_N002197,3873,missing,1,"[""E_N001057_N002197""]","[""missing""]",[2.2799999999999976],1,0,0
E_N001043_N002197,3873,missing,3,"[""E_N001057_N002197"",""E_N001043_N001063"",""E_N002177_N002197""]","[""missing"",""missing"",""missing""]","[2.2799999999999976,2.2799999999999994,2.2800000000000002]",3,0,0
E_N001043_N002197,3873,missing,5,"[""E_N001057_N002197"",""E_N001043_N001063"",""E_N002177_N002197"",""E_N001043_N002183"",""E_N001057_N001063""]","[""missing"",""missing"",""missing"",""missing"",""missing""]","[2.2799999999999976,2.2799999999999994,2.2800000000000002,2.280000000000001,3.224406922210654]",5,0,0
E_N001043_N002197,3873,missing,10,"[""E_N001057_N002197"",""E_N001043_N001063"",""E_N002177_N002197"",""E_N001043_N002183"",""E_N001057_N001063"",""E_N002191_N002197"",""E_N001043_N001049"",""E_N002177_N002183"",""E_N001057_N002211"",""E_N002177_N003331""]","[""missing"",""missing"",""missing"",""missing"",""missing"",""missing"",""missing"",""missing"",""missing"",""missing""]","[2.2799999999999976,2.2799999999999994,2.2800000000000002,2.280000000000001,3.224406922210654,3.224406922210655,3.2244069222106573,3.2244069222106577,4.559999999999999,4.559999999999999]",10,0,0
E_N001057_N001063,1859,missing,1,"[""E_N001043_N001063""]","[""missing""]",[2.2799999999999976],1,0,0
E_N001057_N001063,1859,missing,3,"[""E_N001043_N001063"",""E_N001057_N002197"",""E_N001057_N001077""]","[""missing"",""missing"",""missing""]","[2.2799999999999976,2.2799999999999994,2.280000000000001]",3,0,0
E_N001057_N001063,1859,missing,5,"[""E_N001043_N001063"",""E_N001057_N002197"",""E_N001057_N001077"",""E_N001043_N002197"",""E_N001038_N001063""]","[""missing"",""missing"",""missing"",""missing"",""missing""]","[2.2799999999999976,2.2799999999999994,2.280000000000001,3.224406922210654,3.224406922210655]",5,0,0
E_N001057_N001063,1859,missing,10,"[""E_N001043_N001063"",""E_N001057_N002197"",""E_N001057_N001077"",""E_N001043_N002197"",""E_N001038_N001063"",""E_N001057_N002211"",""E_N001043_N001049"",""E_N001071_N001077"",""E_N002191_N002197"",""E_N001043_N002183""]","[""missing"",""missing"",""missing"",""missing"",""missing"",""missing"",""missing"",""missing"",""missing"",""missing""]","[2.2799999999999976,2.2799999999999994,2.280000000000001,3.224406922210654,3.224406922210655,3.2244069222106573,4.559999999999999,4.559999999999999,4.56,5.098234988699518]",10,0,0
E_N001057_N001077,1886,missing,1,"[""E_N001071_N001077""]","[""missing""]",[2.2799999999999976],1,0,0
E_N001057_N001077,1886,missing,3,"[""E_N001071_N001077"",""E_N001057_N002211"",""E_N001057_N001063""]","[""missing"",""missing"",""missing""]","[2.2799999999999976,2.2799999999999994,2.280000000000001]",3,0,0
E_N001057_N001077,1886,missing,5,"[""E_N001071_N001077"",""E_N001057_N002211"",""E_N001057_N001063"",""E_N001071_N002211"",""E_N001057_N002197""]","[""missing"",""missing"",""missing"",""missing"",""missing""]","[2.2799999999999976,2.2799999999999994,2.280000000000001,3.224406922210654,3.2244069222106573]",5,0,0
E_N001057_N001077,1886,missing,10,"[""E_N001071_N001077"",""E_N001057_N002211"",""E_N001057_N001063"",""E_N001071_N002211"",""E_N001057_N002197"",""E_N001043_N001063"",""E_N001071_N001091"",""E_N002191_N002211"",""E_N001043_N002197"",""E_N001038_N001063""]","[""missing"",""missing"",""missing"",""missing"",""missing"",""missing"",""missing"",""missing"",""missing"",""missing""]","[2.2799999999999976,2.2799999999999994,2.280000000000001,3.224406922210654,3.2244069222106573,4.559999999999999,4.559999999999999,4.56,5.098234988699518,5.098234988699519]",10,0,0
E_N001057_N002197,3872,missing,1,"[""E_N001043_N002197""]","[""missing""]",[2.2799999999999976],1,0,0
E_N001057_N002197,3872,missing,3,"[""E_N001043_N002197"",""E_N001057_N001063"",""E_N002191_N002197""]","[""missing"",""missing"",""missing""]","[2.2799999999999976,2.2799999999999994,2.2800000000000002]",3,0,0
E_N001057_N002197,3872,missing,5,"[""E_N001043_N002197"",""E_N001057_N001063"",""E_N002191_N002197"",""E_N001057_N002211"",""E_N001043_N001063""]","[""missing"",""missing"",""missing"",""missing"",""missing""]","[2.2799999999999976,2.2799999999999994,2.2800000000000002,2.280000000000001,3.224406922210654]",5,0,0
E_N001057_N002197,3872,missing,10,"[""E_N001043_N002197"",""E_N001057_N001063"",""E_N002191_N002197"",""E_N001057_N002211"",""E_N001043_N001063"",""E_N002177_N002197"",""E_N001057_N001077"",""E_N002191_N002211"",""E_N001043_N002183"",""E_N001071_N002211""]","[""missing"",""missing"",""missing"",""missing"",""missing"",""missing"",""missing"",""missing"",""missing"",""missing""]","[2.2799999999999976,2.2799999999999994,2.2800000000000002,2.280000000000001,3.224406922210654,3.224406922210655,3.2244069222106573,3.2244069222106577,4.559999999999999,4.559999999999999]",10,0,0
E_N001057_N002211,3901,missing,1,"[""E_N001071_N002211""]","[""missing""]",[2.2799999999999976],1,0,0
E_N001057_N002211,3901,missing,3,"[""E_N001071_N002211"",""E_N001057_N001077"",""E_N002191_N002211""]","[""missing"",""missing"",""missing""]","[2.2799999999999976,2.2799999999999994,2.2800000000000002]",3,0,0
E_N001057_N002211,3901,missing,5,"[""E_N001071_N002211"",""E_N001057_N001077"",""E_N002191_N002211"",""E_N001057_N002197"",""E_N001071_N001077""]","[""missing"",""missing"",""missing"",""missing"",""missing""]","[2.2799999999999976,2.2799999999999994,2.2800000000000002,2.280000000000001,3.224406922210654]",5,0,0
E_N001057_N002211,3901,missing,10,"[""E_N001071_N002211"",""E_N001057_N001077"",""E_N002191_N002211"",""E_N001057_N002197"",""E_N001071_N001077"",""E_N001057_N001063"",""E_N002191_N002197"",""E_N001043_N002197"",""E_N001043_N001063"",""E_N001071_N001091""]","[""missing"",""missing"",""missing"",""missing"",""missing"",""missing"",""missing"",""missing"",""missing"",""missing""]","[2.2799999999999976,2.2799999999999994,2.2800000000000002,2.280000000000001,3.224406922210654,3.2244069222106573,3.2244069222106577,4.559999999999999,5.098234988699518,5.098234988699518]",10,0,0
E_N001071_N001077,1887,missing,1,"[""E_N001057_N001077""]","[""missing""]",[2.2799999999999976],1,0,0
E_N001071_N001077,1887,missing,3,"[""E_N001057_N001077"",""E_N001071_N002211"",""E_N001071_N001091""]","[""missing"",""missing"",""missing""]","[2.2799999999999976,2.2799999999999994,2.280000000000001]",3,0,0
E_N001071_N001077,1887,missing,5,"[""E_N001057_N001077"",""E_N001071_N002211"",""E_N001071_N001091"",""E_N001057_N002211"",""E_N001057_N001063""]","[""missing"",""missing"",""missing"",""missing"",""missing""]","[2.2799999999999976,2.2799999999999994,2.280000000000001,3.224406922210654,4.559999999999999]",5,0,0
E_N001071_N001077,1887,missing,10,"[""E_N001057_N001077"",""E_N001071_N002211"",""E_N001071_N001091"",""E_N001057_N002211"",""E_N001057_N001063"",""E_N001057_N002197"",""E_N002191_N002211"",""E_N002205_N002225"",""E_N001085_N002225"",""E_N002191_N002197""]","[""missing"",""missing"",""missing"",""missing"",""missing"",""missing"",""missing"",""missing"",""missing"",""missing""]","[2.2799999999999976,2.2799999999999994,2.280000000000001,3.224406922210654,4.559999999999999,5.098234988699518,5.098234988699519,5.098234988699521,5.098234988699522,6.448813844421312]",10,0,0
E_N001071_N001091,1914,missing,1,"[""E_N001071_N001077""]","[""missing""]",[2.280000000000001],1,0,0
E_N001071_N001091,1914,missing,3,"[""E_N001071_N001077"",""E_N001071_N002211"",""E_N001085_N002225""]","[""missing"",""missing"",""missing""]","[2.280000000000001,3.2244069222106573,3.2244069222106573]",3,0,0
E_N001071_N001091,1914,missing,5,"[""E_N001071_N001077"",""E_N001071_N002211"",""E_N001085_N002225"",""E_N001057_N001077"",""E_N002205_N002225""]","[""missing"",""missing"",""missing"",""missing"",""missing""]","[2.280000000000001,3.2244069222106573,3.2244069222106573,4.559999999999999,4.56]",5,0,0
E_N001071_N001091,1914,missing,10,"[""E_N001071_N001077"",""E_N001071_N002211"",""E_N001085_N002225"",""E_N001057_N001077"",""E_N002205_N002225"",""E_N001057_N002211"",""E_N002191_N002211"",""E_N002205_N003359"",""E_N001057_N001063"",""E_N002205_N003345""]","[""missing"",""missing"",""missing"",""missing"",""missing"",""missing"",""missing"",""missing"",""missing"",""missing""]","[2.280000000000001,3.2244069222106573,3.2244069222106573,4.559999999999999,4.56,5.098234988699518,6.448813844421312,6.839999999999998,6.84,7.2099930651839035]",10,0,0
E_N001071_N002211,3900,missing,1,"[""E_N001057_N002211""]","[""missing""]",[2.2799999999999976],1,0,0
E_N001071_N002211,3900,missing,3,"[""E_N001057_N002211"",""E_N001071_N001077"",""E_N001057_N001077""]","[""missing"",""missing"",""missing""]","[2.2799999999999976,2.2799999999999994,3.224406922210654]",3,0,0
E_N001071_N002211,3900,missing,5,"[""E_N001057_N002211"",""E_N001071_N001077"",""E_N001057_N001077"",""E_N002191_N002211"",""E_N001071_N001091""]","[""missing"",""missing"",""missing"",""missing"",""missing""]","[2.2799999999999976,2.2799999999999994,3.224406922210654,3.224406922210655,3.2244069222106573]",5,0,0
E_N001071_N002211,3900,missing,10,"[""E_N001057_N002211"",""E_N001071_N001077"",""E_N001057_N001077"",""E_N002191_N002211"",""E_N001071_N001091"",""E_N002205_N002225"",""E_N001057_N002197"",""E_N002205_N003345"",""E_N001085_N002225"",""E_N001057_N001063""]","[""missing"",""missing"",""missing"",""missing"",""missing"",""missing"",""missing"",""missing"",""missing"",""missing""]","[2.2799999999999976,2.2799999999999994,3.224406922210654,3.224406922210655,3.2244069222106573,3.2244069222106577,4.559999999999999,4.559999999999999,4.560000000000002,5.098234988699518]",10,0,0
E_N001085_N002225,3928,missing,1,"[""E_N001071_N001091""]","[""missing""]",[3.2244069222106573],1,0,0
E_N001085_N002225,3928,missing,3,"[""E_N001071_N001091"",""E_N002205_N002225"",""E_N002219_N003359""]","[""missing"",""missing"",""missing""]","[3.2244069222106573,3.2244069222106577,4.559999999999999]",3,0,0
E_N001085_N002225,3928,missing,5,"[""E_N001071_N001091"",""E_N002205_N002225"",""E_N002219_N003359"",""E_N001071_N002211"",""E_N002205_N003359""]","[""missing"",""missing"",""missing"",""missing"",""missing""]","[3.2244069222106573,3.2244069222106577,4.559999999999999,4.560000000000002,5.098234988699519]",5,0,0
E_N001085_N002225,3928,missing,10,"[""E_N001071_N001091"",""E_N002205_N002225"",""E_N002219_N003359"",""E_N001071_N002211"",""E_N002205_N003359"",""E_N001071_N001077"",""E_N002205_N003345"",""E_N001057_N002211"",""E_N001057_N001077"",""E_N002191_N002211""]","[""missing"",""missing"",""missing"",""missing"",""missing"",""missing"",""missing"",""missing"",""missing"",""missing""]","[3.2244069222106573,3.2244069222106577,4.559999999999999,4.560000000000002,5.098234988699519,5.098234988699522,6.448813844421315,6.84,7.209993065183904,7.209993065183904]",10,0,0
E_N001365_N001380,4447,missing,1,"[""E_N001379_N001506""]","[""missing""]",[3.2244069222106564],1,0,0
E_N001365_N001380,4447,missing,3,"[""E_N001379_N001506"",""E_N001491_N001506"",""E_N000358_N001495""]","[""missing"",""missing"",""broken""]","[3.2244069222106564,4.56,5.3470739661987094]",2,1,0
E_N001365_N001380,4447,missing,5,"[""E_N001379_N001506"",""E_N001491_N001506"",""E_N000358_N001495"",""E_N000251_N000361"",""E_N000361_N000363""]","[""missing"",""missing"",""broken"",""broken"",""broken""]","[3.2244069222106564,4.56,5.3470739661987094,7.209993065183904,8.530978841844586]",2,3,0
E_N001365_N001380,4447,missing,10,"[""E_N001379_N001506"",""E_N001491_N001506"",""E_N000358_N001495"",""E_N000251_N000361"",""E_N000361_N000363"",""E_N003511_N003526"",""E_N003466_N003471"",""E_N003450_N003466"",""E_N003466_N004589"",""E_N003450_N003455""]","[""missing"",""missing"",""broken"",""broken"",""broken"",""missing"",""broken"",""broken"",""broken"",""broken""]","[3.2244069222106564,4.56,5.3470739661987094,7.209993065183904,8.530978841844586,9.67322076663197,19.413500457156093,21.509476981089055,21.68997925310211,22.046550750627635]",3,7,0
E_N001379_N001506,4665,missing,1,"[""E_N001365_N001380""]","[""missing""]",[3.2244069222106564],1,0,0
E_N001379_N001506,4665,missing,3,"[""E_N001365_N001380"",""E_N001491_N001506"",""E_N000358_N001495""]","[""missing"",""missing"",""broken""]","[3.2244069222106564,3.224406922210658,5.812882245495777]",2,1,0
E_N001379_N001506,4665,missing,5,"[""E_N001365_N001380"",""E_N001491_N001506"",""E_N000358_N001495"",""E_N000251_N000361"",""E_N000361_N000363""]","[""missing"",""missing"",""broken"",""broken"",""broken""]","[3.2244069222106564,3.224406922210658,5.812882245495777,7.209993065183905,8.530978841844588]",2,3,0
E_N001379_N001506,4665,missing,10,"[""E_N001365_N001380"",""E_N001491_N001506"",""E_N000358_N001495"",""E_N000251_N000361"",""E_N000361_N000363"",""E_N003511_N003526"",""E_N003466_N003471"",""E_N003450_N003466"",""E_N003466_N004589"",""E_N003450_N003455""]","[""missing"",""missing"",""broken"",""broken"",""broken"",""missing"",""broken"",""broken"",""broken"",""broken""]","[3.2244069222106564,3.224406922210658,5.812882245495777,7.209993065183905,8.530978841844588,11.625764490991546,22.046550750627635,24.236732453035,24.29029435803527,24.819556805068054]",3,7,0
E_N001491_N001506,4667,missing,1,"[""E_N001379_N001506""]","[""missing""]",[3.224406922210658],1,0,0
E_N001491_N001506,4667,missing,3,"[""E_N001379_N001506"",""E_N000358_N001495"",""E_N001365_N001380""]","[""missing"",""broken"",""missing""]","[3.224406922210658,4.265489420922294,4.56]",2,1,0
E_N001491_N001506,4667,missing,5,"[""E_N001379_N001506"",""E_N000358_N001495"",""E_N001365_N001380"",""E_N000251_N000361"",""E_N000361_N000363""]","[""missing"",""broken"",""missing"",""broken"",""broken""]","[3.224406922210658,4.265489420922294,4.56,7.209993065183905,7.209993065183905]",2,3,0
E_N001491_N001506,4667,missing,10,"[""E_N001379_N001506"",""E_N000358_N001495"",""E_N001365_N001380"",""E_N000251_N000361"",""E_N000361_N000363"",""E_N003511_N003526"",""E_N003466_N003471"",""E_N003466_N004589"",""E_N003450_N003466"",""E_N003450_N003455""]","[""missing"",""broken"",""missing"",""broken"",""broken"",""missing"",""broken"",""broken"",""broken"",""broken""]","[3.224406922210658,4.265489420922294,4.56,7.209993065183905,7.209993065183905,13.294570320247283,20.958644994369266,23.307355062297393,23.36304774638788,23.85843247156024]",3,7,0
E_N002146_N002155,3790,missing,1,"[""E_N002146_N003289""]","[""missing""]",[2.2799999999999985],1,0,0
E_N002146_N002155,3790,missing,3,"[""E_N002146_N003289"",""E_N001012_N002155"",""E_N002149_N002155""]","[""missing"",""missing"",""missing""]","[2.2799999999999985,2.2800000000000002,2.2800000000000002]",3,0,0
E_N002146_N002155,3790,missing,5,"[""E_N002146_N003289"",""E_N001012_N002155"",""E_N002149_N002155"",""E_N001012_N002152"",""E_N002149_N003289""]","[""missing"",""missing"",""missing"",""missing"",""missing""]","[2.2799999999999985,2.2800000000000002,2.2800000000000002,2.7924183067728237,3.224406922210656]",5,0,0
E_N002146_N002155,3790,missing,10,"[""E_N002146_N003289"",""E_N001012_N002155"",""E_N002149_N002155"",""E_N001012_N002152"",""E_N002149_N003289"",""E_N001015_N002155"",""E_N001012_N001016"",""E_N001012_N001021"",""E_N002149_N002169"",""E_N003280_N003289""]","[""missing"",""missing"",""missing"",""missing"",""missing"",""missing"",""missing"",""missing"",""missing"",""missing""]","[2.2799999999999985,2.2800000000000002,2.2800000000000002,2.7924183067728237,3.224406922210656,3.2244069222106573,3.6049965325919526,4.56,4.56,4.56]",10,0,0
E_N002146_N003289,5805,missing,1,"[""E_N002146_N002155""]","[""missing""]",[2.2799999999999985],1,0,0
E_N002146_N003289,5805,missing,3,"[""E_N002146_N002155"",""E_N002149_N003289"",""E_N003280_N003289""]","[""missing"",""missing"",""missing""]","[2.2799999999999985,2.2800000000000002,2.280000000000001]",3,0,0
E_N002146_N003289,5805,missing,5,"[""E_N002146_N002155"",""E_N002149_N003289"",""E_N003280_N003289"",""E_N002149_N002155"",""E_N003283_N003289""]","[""missing"",""missing"",""missing"",""missing"",""missing""]","[2.2799999999999985,2.2800000000000002,2.280000000000001,3.224406922210656,3.2244069222106577]",5,0,0
E_N002146_N003289,5805,missing,10,"[""E_N002146_N002155"",""E_N002149_N003289"",""E_N003280_N003289"",""E_N002149_N002155"",""E_N003283_N003289"",""E_N001012_N002155"",""E_N002149_N003303"",""E_N003280_N004423"",""E_N001012_N002152"",""E_N001015_N002155""]","[""missing"",""missing"",""missing"",""missing"",""missing"",""missing"",""missing"",""missing"",""missing"",""missing""]","[2.2799999999999985,2.2800000000000002,2.280000000000001,3.224406922210656,3.2244069222106577,4.559999999999999,4.56,4.560000000000002,4.836610383315984,5.098234988699519]",10,0,0
E_N002149_N002155,3791,missing,1,"[""E_N002149_N003289""]","[""missing""]",[2.2799999999999985],1,0,0
E_N002149_N002155,3791,missing,3,"[""E_N002149_N003289"",""E_N002149_N002169"",""E_N001015_N002155""]","[""missing"",""missing"",""missing""]","[2.2799999999999985,2.2799999999999994,2.2800000000000002]",3,0,0
E_N002149_N002155,3791,missing,5,"[""E_N002149_N003289"",""E_N002149_N002169"",""E_N001015_N002155"",""E_N002146_N002155"",""E_N002149_N003303""]","[""missing"",""missing"",""missing"",""missing"",""missing""]","[2.2799999999999985,2.2799999999999994,2.2800000000000002,2.2800000000000002,3.224406922210655]",5,0,0
E_N002149_N002155,3791,missing,10,"[""E_N002149_N003289"",""E_N002149_N002169"",""E_N001015_N002155"",""E_N002146_N002155"",""E_N002149_N003303"",""E_N002146_N003289"",""E_N001015_N002169"",""E_N001012_N002155"",""E_N001012_N001016"",""E_N001012_N002152""]","[""missing"",""missing"",""missing"",""missing"",""missing"",""missing"",""missing"",""missing"",""missing"",""missing""]","[2.2799999999999985,2.2799999999999994,2.2800000000000002,2.2800000000000002,3.224406922210655,3.224406922210656,3.2244069222106564,3.2244069222106573,4.265489420922293,4.265489420922293]",10,0,0
E_N002149_N002169,3818,missing,1,"[""E_N002149_N003303""]","[""missing""]",[2.2799999999999985],1,0,0
E_N002149_N002169,3818,missing,3,"[""E_N002149_N003303"",""E_N002149_N002155"",""E_N001015_N002169""]","[""missing"",""missing"",""missing""]","[2.2799999999999985,2.2799999999999994,2.2800000000000002]",3,0,0
E_N002149_N002169,3818,missing,5,"[""E_N002149_N003303"",""E_N002149_N002155"",""E_N001015_N002169"",""E_N002163_N002169"",""E_N002149_N003289""]","[""missing"",""missing"",""missing"",""missing"",""missing""]","[2.2799999999999985,2.2799999999999994,2.2800000000000002,2.2800000000000002,3.224406922210655]",5,0,0
E_N002149_N002169,3818,missing,10,"[""E_N002149_N003303"",""E_N002149_N002155"",""E_N001015_N002169"",""E_N002163_N002169"",""E_N002149_N003289"",""E_N002163_N003303"",""E_N001015_N002155"",""E_N001029_N002169"",""E_N002163_N002183"",""E_N001015_N001035""]","[""missing"",""missing"",""missing"",""missing"",""missing"",""missing"",""missing"",""missing"",""missing"",""missing""]","[2.2799999999999985,2.2799999999999994,2.2800000000000002,2.2800000000000002,3.224406922210655,3.224406922210656,3.2244069222106564,3.2244069222106573,4.559999999999999,4.56]",10,0,0
E_N002149_N003289,5804,missing,1,"[""E_N002149_N002155""]","[""missing""]",[2.2799999999999985],1,0,0
E_N002149_N003289,5804,missing,3,"[""E_N002149_N002155"",""E_N002149_N003303"",""E_N002146_N003289""]","[""missing"",""missing"",""missing""]","[2.2799999999999985,2.2799999999999994,2.2800000000000002]",3,0,0
E_N002149_N003289,5804,missing,5,"[""E_N002149_N002155"",""E_N002149_N003303"",""E_N002146_N003289"",""E_N003283_N003289"",""E_N002149_N002169""]","[""missing"",""missing"",""missing"",""missing"",""missing""]","[2.2799999999999985,2.2799999999999994,2.2800000000000002,2.280000000000001,3.224406922210655]",5,0,0
E_N002149_N003289,5804,missing,10,"[""E_N002149_N002155"",""E_N002149_N003303"",""E_N002146_N003289"",""E_N003283_N003289"",""E_N002149_N002169"",""E_N002146_N002155"",""E_N003283_N003303"",""E_N003280_N003289"",""E_N001015_N002155"",""E_N002163_N003303""]","[""missing"",""missing"",""missing"",""missing"",""missing"",""missing"",""missing"",""missing"",""missing"",""missing""]","[2.2799999999999985,2.2799999999999994,2.2800000000000002,2.280000000000001,3.224406922210655,3.224406922210656,3.2244069222106573,3.2244069222106577,4.559999999999999,4.56]",10,0,0
E_N002149_N003303,5833,missing,1,"[""E_N002149_N002169""]","[""missing""]",[2.2799999999999985],1,0,0
E_N002149_N003303,5833,missing,3,"[""E_N002149_N002169"",""E_N002149_N003289"",""E_N002163_N003303""]","[""missing"",""missing"",""missing""]","[2.2799999999999985,2.2799999999999994,2.2800000000000002]",3,0,0
E_N002149_N003303,5833,missing,5,"[""E_N002149_N002169"",""E_N002149_N003289"",""E_N002163_N003303"",""E_N003283_N003303"",""E_N002149_N002155""]","[""missing"",""missing"",""missing"",""missing"",""missing""]","[2.2799999999999985,2.2799999999999994,2.2800000000000002,2.280000000000001,3.224406922210655]",5,0,0
E_N002149_N003303,5833,missing,10,"[""E_N002149_N002169"",""E_N002149_N003289"",""E_N002163_N003303"",""E_N003283_N003303"",""E_N002149_N002155"",""E_N002163_N002169"",""E_N003283_N003289"",""E_N003297_N003303"",""E_N001015_N002169"",""E_N002163_N003317""]","[""missing"",""missing"",""missing"",""missing"",""missing"",""missing"",""missing"",""missing"",""missing"",""missing""]","[2.2799999999999985,2.2799999999999994,2.2800000000000002,2.280000000000001,3.224406922210655,3.224406922210656,3.2244069222106573,3.2244069222106577,4.559999999999999,4.559999999999999]",10,0,0
E_N002163_N002169,3819,missing,1,"[""E_N002163_N002183""]","[""missing""]",[2.2799999999999985],1,0,0
E_N002163_N002169,3819,missing,3,"[""E_N002163_N002183"",""E_N002163_N003303"",""E_N001029_N002169""]","[""missing"",""missing"",""missing""]","[2.2799999999999985,2.2799999999999985,2.2800000000000002]",3,0,0
E_N002163_N002169,3819,missing,5,"[""E_N002163_N002183"",""E_N002163_N003303"",""E_N001029_N002169"",""E_N002149_N002169"",""E_N002163_N003317""]","[""missing"",""missing"",""missing"",""missing"",""missing""]","[2.2799999999999985,2.2799999999999985,2.2800000000000002,2.2800000000000002,3.2244069222106546]",5,0,0
E_N002163_N002169,3819,missing,10,"[""E_N002163_N002183"",""E_N002163_N003303"",""E_N001029_N002169"",""E_N002149_N002169"",""E_N002163_N003317"",""E_N001029_N002183"",""E_N002149_N003303"",""E_N001015_N002169"",""E_N001029_N001035"",""E_N002149_N002155""]","[""missing"",""missing"",""missing"",""missing"",""missing"",""missing"",""missing"",""missing"",""missing"",""missing""]","[2.2799999999999985,2.2799999999999985,2.2800000000000002,2.2800000000000002,3.2244069222106546,3.224406922210656,3.224406922210656,3.2244069222106573,4.56,4.56]",10,0,0
E_N002163_N002183,3846,missing,1,"[""E_N002163_N002169""]","[""missing""]",[2.2799999999999985],1,0,0
E_N002163_N002183,3846,missing,3,"[""E_N002163_N002169"",""E_N002163_N003317"",""E_N001029_N002183""]","[""missing"",""missing"",""missing""]","[2.2799999999999985,2.2799999999999985,2.2800000000000002]",3,0,0
E_N002163_N002183,3846,missing,5,"[""E_N002163_N002169"",""E_N002163_N003317"",""E_N001029_N002183"",""E_N002177_N002183"",""E_N002163_N003303""]","[""missing"",""missing"",""missing"",""missing"",""missing""]","[2.2799999999999985,2.2799999999999985,2.2800000000000002,2.280000000000001,3.2244069222106546]",5,0,0
E_N002163_N002183,3846,missing,10,"[""E_N002163_N002169"",""E_N002163_N003317"",""E_N001029_N002183"",""E_N002177_N002183"",""E_N002163_N003303"",""E_N001029_N002169"",""E_N002177_N003317"",""E_N001043_N002183"",""E_N002149_N002169"",""E_N001029_N001049""]","[""missing"",""missing"",""missing"",""missing"",""missing"",""missing"",""missing"",""missing"",""missing"",""missing""]","[2.2799999999999985,2.2799999999999985,2.2800000000000002,2.280000000000001,3.2244069222106546,3.224406922210656,3.2244069222106564,3.2244069222106577,4.559999999999999,4.56]",10,0,0
E_N002163_N003303,5832,missing,1,"[""E_N002163_N002169""]","[""missing""]",[2.2799999999999985],1,0,0
E_N002163_N003303,5832,missing,3,"[""E_N002163_N002169"",""E_N002163_N003317"",""E_N002149_N003303""]","[""missing"",""missing"",""missing""]","[2.2799999999999985,2.2799999999999985,2.2800000000000002]",3,0,0
E_N002163_N003303,5832,missing,5,"[""E_N002163_N002169"",""E_N002163_N003317"",""E_N002149_N003303"",""E_N003297_N003303"",""E_N002163_N002183""]","[""missing"",""missing"",""missing"",""missing"",""missing""]","[2.2799999999999985,2.2799999999999985,2.2800000000000002,2.280000000000001,3.2244069222106546]",5,0,0
E_N002163_N003303,5832,missing,10,"[""E_N002163_N002169"",""E_N002163_N003317"",""E_N002149_N003303"",""E_N003297_N003303"",""E_N002163_N002183"",""E_N002149_N002169"",""E_N003297_N003317"",""E_N003283_N003303"",""E_N001029_N002169"",""E_N002149_N003289""]","[""missing"",""missing"",""missing"",""missing"",""missing"",""missing"",""missing"",""missing"",""missing"",""missing""]","[2.2799999999999985,2.2799999999999985,2.2800000000000002,2.280000000000001,3.2244069222106546,3.224406922210656,3.2244069222106564,3.2244069222106577,4.559999999999999,4.56]",10,0,0
E_N002163_N003317,5861,missing,1,"[""E_N002163_N002183""]","[""missing""]",[2.2799999999999985],1,0,0
E_N002163_N003317,5861,missing,3,"[""E_N002163_N002183"",""E_N002163_N003303"",""E_N002177_N003317""]","[""missing"",""missing"",""missing""]","[2.2799999999999985,2.2799999999999985,2.280000000000001]",3,0,0
E_N002163_N003317,5861,missing,5,"[""E_N002163_N002183"",""E_N002163_N003303"",""E_N002177_N003317"",""E_N003297_N003317"",""E_N002163_N002169""]","[""missing"",""missing"",""missing"",""missing"",""missing""]","[2.2799999999999985,2.2799999999999985,2.280000000000001,2.280000000000001,3.2244069222106546]",5,0,0
E_N002163_N003317,5861,missing,10,"[""E_N002163_N002183"",""E_N002163_N003303"",""E_N002177_N003317"",""E_N003297_N003317"",""E_N002163_N002169"",""E_N002177_N002183"",""E_N003297_N003303"",""E_N003311_N003317"",""E_N001029_N002183"",""E_N002149_N003303""]","[""missing"",""missing"",""missing"",""missing"",""missing"",""missing"",""missing"",""missing"",""missing"",""missing""]","[2.2799999999999985,2.2799999999999985,2.280000000000001,2.280000000000001,3.2244069222106546,3.2244069222106564,3.2244069222106564,3.224406922210658,4.559999999999999,4.559999999999999]",10,0,0
E_N002177_N002183,3847,missing,1,"[""E_N002177_N003317""]","[""missing""]",[2.2799999999999985],1,0,0
E_N002177_N002183,3847,missing,3,"[""E_N002177_N003317"",""E_N001043_N002183"",""E_N002163_N002183""]","[""missing"",""missing"",""missing""]","[2.2799999999999985,2.2800000000000002,2.280000000000001]",3,0,0
E_N002177_N002183,3847,missing,5,"[""E_N002177_N003317"",""E_N001043_N002183"",""E_N002163_N002183"",""E_N002177_N002197"",""E_N002163_N003317""]","[""missing"",""missing"",""missing"",""missing"",""missing""]","[2.2799999999999985,2.2800000000000002,2.280000000000001,2.280000000000001,3.2244069222106564]",5,0,0
E_N002177_N002183,3847,missing,10,"[""E_N002177_N003317"",""E_N001043_N002183"",""E_N002163_N002183"",""E_N002177_N002197"",""E_N002163_N003317"",""E_N002177_N003331"",""E_N001029_N002183"",""E_N001043_N002197"",""E_N002191_N002197"",""E_N001043_N001049""]","[""missing"",""missing"",""missing"",""missing"",""missing"",""missing"",""missing"",""missing"",""missing"",""missing""]","[2.2799999999999985,2.2800000000000002,2.280000000000001,2.280000000000001,3.2244069222106564,3.2244069222106564,3.2244069222106577,3.2244069222106577,4.559999999999999,4.56]",10,0,0
E_N002177_N002197,3874,missing,1,"[""E_N002191_N002197""]","[""missing""]",[2.2799999999999976],1,0,0
E_N002177_N002197,3874,missing,3,"[""E_N002191_N002197"",""E_N002177_N003331"",""E_N001043_N002197""]","[""missing"",""missing"",""missing""]","[2.2799999999999976,2.2799999999999985,2.2800000000000002]",3,0,0
E_N002177_N002197,3874,missing,5,"[""E_N002191_N002197"",""E_N002177_N003331"",""E_N001043_N002197"",""E_N002177_N002183"",""E_N002191_N003331""]","[""missing"",""missing"",""missing"",""missing"",""missing""]","[2.2799999999999976,2.2799999999999985,2.2800000000000002,2.280000000000001,3.2244069222106537]",5,0,0
E_N002177_N002197,3874,missing,10,"[""E_N002191_N002197"",""E_N002177_N003331"",""E_N001043_N002197"",""E_N002177_N002183"",""E_N002191_N003331"",""E_N001057_N002197"",""E_N002177_N003317"",""E_N001043_N002183"",""E_N002191_N002211"",""E_N001043_N001063""]","[""missing"",""missing"",""missing"",""missing"",""missing"",""missing"",""missing"",""missing"",""missing"",""missing""]","[2.2799999999999976,2.2799999999999985,2.2800000000000002,2.280000000000001,3.2244069222106537,3.224406922210655,3.2244069222106564,3.2244069222106577,4.559999999999999,4.56]",10,0,0
E_N002177_N003317,5860,missing,1,"[""E_N002177_N002183""]","[""missing""]",[2.2799999999999985],1,0,0
E_N002177_N003317,5860,missing,3,"[""E_N002177_N002183"",""E_N002163_N003317"",""E_N002177_N003331""]","[""missing"",""missing"",""missing""]","[2.2799999999999985,2.280000000000001,2.280000000000001]",3,0,0
E_N002177_N003317,5860,missing,5,"[""E_N002177_N002183"",""E_N002163_N003317"",""E_N002177_N003331"",""E_N003311_N003317"",""E_N002163_N002183""]","[""missing"",""missing"",""missing"",""missing"",""missing""]","[2.2799999999999985,2.280000000000001,2.280000000000001,2.280000000000001,3.2244069222106564]",5,0,0
E_N002177_N003317,5860,missing,10,"[""E_N002177_N002183"",""E_N002163_N003317"",""E_N002177_N003331"",""E_N003311_N003317"",""E_N002163_N002183"",""E_N002177_N002197"",""E_N003297_N003317"",""E_N003311_N003331"",""E_N001043_N002183"",""E_N002191_N003331""]","[""missing"",""missing"",""missing"",""missing"",""missing"",""missing"",""missing"",""missing"",""missing"",""missing""]","[2.2799999999999985,2.280000000000001,2.280000000000001,2.280000000000001,3.2244069222106564,3.2244069222106564,3.224406922210658,3.224406922210658,4.559999999999999,4.559999999999999]",10,0,0
E_N002177_N003331,5889,missing,1,"[""E_N002191_N003331""]","[""missing""]",[2.2799999999999976],1,0,0
E_N002177_N003331,5889,missing,3,"[""E_N002191_N003331"",""E_N002177_N002197"",""E_N002177_N003317""]","[""missing"",""missing"",""missing""]","[2.2799999999999976,2.2799999999999985,2.280000000000001]",3,0,0
E_N002177_N003331,5889,missing,5,"[""E_N002191_N003331"",""E_N002177_N002197"",""E_N002177_N003317"",""E_N003311_N003331"",""E_N002191_N002197""]","[""missing"",""missing"",""missing"",""missing"",""missing""]","[2.2799999999999976,2.2799999999999985,2.280000000000001,2.280000000000001,3.2244069222106537]",5,0,0
E_N002177_N003331,5889,missing,10,"[""E_N002191_N003331"",""E_N002177_N002197"",""E_N002177_N003317"",""E_N003311_N003331"",""E_N002191_N002197"",""E_N003325_N003331"",""E_N002177_N002183"",""E_N003311_N003317"",""E_N001043_N002197"",""E_N002163_N003317""]","[""missing"",""missing"",""missing"",""missing"",""missing"",""missing"",""missing"",""missing"",""missing"",""missing""]","[2.2799999999999976,2.2799999999999985,2.280000000000001,2.280000000000001,3.2244069222106537,3.2244069222106555,3.2244069222106564,3.224406922210658,4.559999999999999,4.560000000000002]",10,0,0
E_N002191_N002197,3875,missing,1,"[""E_N002177_N002197""]","[""missing""]",[2.2799999999999976],1,0,0
E_N002191_N002197,3875,missing,3,"[""E_N002177_N002197"",""E_N002191_N003331"",""E_N001057_N002197""]","[""missing"",""missing"",""missing""]","[2.2799999999999976,2.2799999999999985,2.2800000000000002]",3,0,0
E_N002191_N002197,3875,missing,5,"[""E_N002177_N002197"",""E_N002191_N003331"",""E_N001057_N002197"",""E_N002191_N002211"",""E_N002177_N003331""]","[""missing"",""missing"",""missing"",""missing"",""missing""]","[2.2799999999999976,2.2799999999999985,2.2800000000000002,2.280000000000001,3.2244069222106537]",5,0,0
E_N002191_N002197,3875,missing,10,"[""E_N002177_N002197"",""E_N002191_N003331"",""E_N001057_N002197"",""E_N002191_N002211"",""E_N002177_N003331"",""E_N001043_N002197"",""E_N001057_N002211"",""E_N002177_N002183"",""E_N001057_N001063"",""E_N003325_N003331""]","[""missing"",""missing"",""missing"",""missing"",""missing"",""missing"",""missing"",""missing"",""missing"",""missing""]","[2.2799999999999976,2.2799999999999985,2.2800000000000002,2.280000000000001,3.2244069222106537,3.224406922210655,3.2244069222106577,4.559999999999999,4.56,4.56]",10,0,0
E_N002191_N002211,3902,missing,1,"[""E_N001057_N002211""]","[""missing""]",[2.2800000000000002],1,0,0
E_N002191_N002211,3902,missing,3,"[""E_N001057_N002211"",""E_N002191_N002197"",""E_N002205_N003345""]","[""missing"",""missing"",""missing""]","[2.2800000000000002,2.280000000000001,3.2244069222106537]",3,0,0
E_N002191_N002211,3902,missing,5,"[""E_N001057_N002211"",""E_N002191_N002197"",""E_N002205_N003345"",""E_N001071_N002211"",""E_N002191_N003331""]","[""missing"",""missing"",""missing"",""missing"",""missing""]","[2.2800000000000002,2.280000000000001,3.2244069222106537,3.224406922210655,3.2244069222106564]",5,0,0
E_N002191_N002211,3902,missing,10,"[""E_N001057_N002211"",""E_N002191_N002197"",""E_N002205_N003345"",""E_N001071_N002211"",""E_N002191_N003331"",""E_N001057_N002197"",""E_N002177_N002197"",""E_N002205_N002225"",""E_N001057_N001077"",""E_N003325_N003345""]","[""missing"",""missing"",""missing"",""missing"",""missing"",""missing"",""missing"",""missing"",""missing"",""missing""]","[2.2800000000000002,2.280000000000001,3.2244069222106537,3.224406922210655,3.2244069222106564,3.2244069222106577,4.559999999999999,4.559999999999999,4.56,4.56]",10,0,0
E_N002191_N003331,5888,missing,1,"[""E_N002177_N003331""]","[""missing""]",[2.2799999999999976],1,0,0
E_N002191_N003331,5888,missing,3,"[""E_N002177_N003331"",""E_N002191_N002197"",""E_N003325_N003331""]","[""missing"",""missing"",""missing""]","[2.2799999999999976,2.2799999999999985,2.280000000000001]",3,0,0
E_N002191_N003331,5888,missing,5,"[""E_N002177_N003331"",""E_N002191_N002197"",""E_N003325_N003331"",""E_N002177_N002197"",""E_N003311_N003331""]","[""missing"",""missing"",""missing"",""missing"",""missing""]","[2.2799999999999976,2.2799999999999985,2.280000000000001,3.2244069222106537,3.2244069222106555]",5,0,0
E_N002191_N003331,5888,missing,10,"[""E_N002177_N003331"",""E_N002191_N002197"",""E_N003325_N003331"",""E_N002177_N002197"",""E_N003311_N003331"",""E_N002191_N002211"",""E_N003325_N003345"",""E_N001057_N002197"",""E_N002177_N003317"",""E_N002205_N003345""]","[""missing"",""missing"",""missing"",""missing"",""missing"",""missing"",""missing"",""missing"",""missing"",""missing""]","[2.2799999999999976,2.2799999999999985,2.280000000000001,3.2244069222106537,3.2244069222106555,3.2244069222106564,3.224406922210658,4.559999999999999,4.559999999999999,4.559999999999999]",10,0,0
E_N002205_N002225,3930,missing,1,"[""E_N002205_N003359""]","[""missing""]",[2.2799999999999985],1,0,0
E_N002205_N002225,3930,missing,3,"[""E_N002205_N003359"",""E_N002205_N003345"",""E_N002219_N003359""]","[""missing"",""missing"",""missing""]","[2.2799999999999985,3.2244069222106564,3.2244069222106564]",3,0,0
E_N002205_N002225,3930,missing,5,"[""E_N002205_N003359"",""E_N002205_N003345"",""E_N002219_N003359"",""E_N001071_N002211"",""E_N001085_N002225""]","[""missing"",""missing"",""missing"",""missing"",""missing""]","[2.2799999999999985,3.2244069222106564,3.2244069222106564,3.2244069222106577,3.2244069222106577]",5,0,0
E_N002205_N002225,3930,missing,10,"[""E_N002205_N003359"",""E_N002205_N003345"",""E_N002219_N003359"",""E_N001071_N002211"",""E_N001085_N002225"",""E_N002191_N002211"",""E_N001071_N001091"",""E_N003339_N003359"",""E_N001057_N002211"",""E_N001071_N001077""]","[""missing"",""missing"",""missing"",""missing"",""missing"",""missing"",""missing"",""missing"",""missing"",""missing""]","[2.2799999999999985,3.2244069222106564,3.2244069222106564,3.2244069222106577,3.2244069222106577,4.559999999999999,4.56,4.56,5.098234988699519,5.098234988699521]",10,0,0
E_N002205_N003345,5916,missing,1,"[""E_N002205_N003359""]","[""missing""]",[2.280000000000001],1,0,0
E_N002205_N003345,5916,missing,3,"[""E_N002205_N003359"",""E_N003339_N003345"",""E_N002191_N002211""]","[""missing"",""missing"",""missing""]","[2.280000000000001,2.280000000000001,3.2244069222106537]",3,0,0
E_N002205_N003345,5916,missing,5,"[""E_N002205_N003359"",""E_N003339_N003345"",""E_N002191_N002211"",""E_N003325_N003345"",""E_N002205_N002225""]","[""missing"",""missing"",""missing"",""missing"",""missing""]","[2.280000000000001,2.280000000000001,3.2244069222106537,3.2244069222106555,3.2244069222106564]",5,0,0
E_N002205_N003345,5916,missing,10,"[""E_N002205_N003359"",""E_N003339_N003345"",""E_N002191_N002211"",""E_N003325_N003345"",""E_N002205_N002225"",""E_N003339_N003359"",""E_N001071_N002211"",""E_N002191_N003331"",""E_N002219_N003359"",""E_N003339_N004479""]","[""missing"",""missing"",""missing"",""missing"",""missing"",""missing"",""missing"",""missing"",""missing"",""missing""]","[2.280000000000001,2.280000000000001,3.2244069222106537,3.2244069222106555,3.2244069222106564,3.224406922210658,4.559999999999999,4.559999999999999,4.560000000000002,4.560000000000002]",10,0,0
E_N002205_N003359,5945,missing,1,"[""E_N002205_N002225""]","[""missing""]",[2.2799999999999985],1,0,0
E_N002205_N003359,5945,missing,3,"[""E_N002205_N002225"",""E_N002205_N003345"",""E_N002219_N003359""]","[""missing"",""missing"",""missing""]","[2.2799999999999985,2.280000000000001,2.280000000000001]",3,0,0
E_N002205_N003359,5945,missing,5,"[""E_N002205_N002225"",""E_N002205_N003345"",""E_N002219_N003359"",""E_N003339_N003359"",""E_N003339_N003345""]","[""missing"",""missing"",""missing"",""missing"",""missing""]","[2.2799999999999985,2.280000000000001,2.280000000000001,2.280000000000001,3.224406922210658]",5,0,0
E_N002205_N003359,5945,missing,10,"[""E_N002205_N002225"",""E_N002205_N003345"",""E_N002219_N003359"",""E_N003339_N003359"",""E_N003339_N003345"",""E_N002191_N002211"",""E_N001071_N002211"",""E_N001085_N002225"",""E_N003325_N003345"",""E_N003339_N004479""]","[""missing"",""missing"",""missing"",""missing"",""missing"",""missing"",""missing"",""missing"",""missing"",""missing""]","[2.2799999999999985,2.280000000000001,2.280000000000001,2.280000000000001,3.224406922210658,5.098234988699518,5.098234988699519,5.098234988699519,5.098234988699519,5.098234988699523]",10,0,0
E_N002219_N003359,5944,missing,1,"[""E_N002205_N003359""]","[""missing""]",[2.280000000000001],1,0,0
E_N002219_N003359,5944,missing,3,"[""E_N002205_N003359"",""E_N002205_N002225"",""E_N003339_N003359""]","[""missing"",""missing"",""missing""]","[2.280000000000001,3.2244069222106564,3.224406922210658]",3,0,0
E_N002219_N003359,5944,missing,5,"[""E_N002205_N003359"",""E_N002205_N002225"",""E_N003339_N003359"",""E_N001085_N002225"",""E_N002205_N003345""]","[""missing"",""missing"",""missing"",""missing"",""missing""]","[2.280000000000001,3.2244069222106564,3.224406922210658,4.559999999999999,4.560000000000002]",5,0,0
E_N002219_N003359,5944,missing,10,"[""E_N002205_N003359"",""E_N002205_N002225"",""E_N003339_N003359"",""E_N001085_N002225"",""E_N002205_N003345"",""E_N003353_N004493"",""E_N003339_N003345"",""E_N001071_N002211"",""E_N003339_N004479"",""E_N001071_N001091""]","[""missing"",""missing"",""missing"",""missing"",""missing"",""missing"",""missing"",""missing"",""missing"",""missing""]","[2.280000000000001,3.2244069222106564,3.224406922210658,4.559999999999999,4.560000000000002,4.560000000000002,5.098234988699523,6.448813844421315,6.448813844421316,7.2099930651839035]",10,0,0
E_N003280_N003289,5806,missing,1,"[""E_N003283_N003289""]","[""missing""]",[2.2800000000000002],1,0,0
E_N003280_N003289,5806,missing,3,"[""E_N003283_N003289"",""E_N002146_N003289"",""E_N003280_N004423""]","[""missing"",""missing"",""missing""]","[2.2800000000000002,2.280000000000001,2.280000000000001]",3,0,0
E_N003280_N003289,5806,missing,5,"[""E_N003283_N003289"",""E_N002146_N003289"",""E_N003280_N004423"",""E_N002149_N003289"",""E_N003283_N004423""]","[""missing"",""missing"",""missing"",""missing"",""missing""]","[2.2800000000000002,2.280000000000001,2.280000000000001,3.2244069222106577,3.2244069222106577]",5,0,0
E_N003280_N003289,5806,missing,10,"[""E_N003283_N003289"",""E_N002146_N003289"",""E_N003280_N004423"",""E_N002149_N003289"",""E_N003283_N004423"",""E_N004414_N004423"",""E_N002146_N002155"",""E_N003283_N003303"",""E_N004417_N004423"",""E_N002149_N002155""]","[""missing"",""missing"",""missing"",""missing"",""missing"",""missing"",""missing"",""missing"",""missing"",""missing""]","[2.2800000000000002,2.280000000000001,2.280000000000001,3.2244069222106577,3.2244069222106577,4.559999999999999,4.56,4.56,5.098234988699519,5.09823498869952]",10,0,0
E_N003280_N004423,7821,missing,1,"[""E_N004414_N004423""]","[""missing""]",[2.2799999999999976],1,0,0
E_N003280_N004423,7821,missing,3,"[""E_N004414_N004423"",""E_N003283_N004423"",""E_N003280_N003289""]","[""missing"",""missing"",""missing""]","[2.2799999999999976,2.2800000000000002,2.280000000000001]",3,0,0
E_N003280_N004423,7821,missing,5,"[""E_N004414_N004423"",""E_N003283_N004423"",""E_N003280_N003289"",""E_N004417_N004423"",""E_N003283_N003289""]","[""missing"",""missing"",""missing"",""missing"",""missing""]","[2.2799999999999976,2.2800000000000002,2.280000000000001,3.224406922210655,3.2244069222106577]",5,0,0
E_N003280_N004423,7821,missing,10,"[""E_N004414_N004423"",""E_N003283_N004423"",""E_N003280_N003289"",""E_N004417_N004423"",""E_N003283_N003289"",""E_N004414_N005557"",""E_N003283_N004437"",""E_N002146_N003289"",""E_N004417_N004437"",""E_N004417_N005557""]","[""missing"",""missing"",""missing"",""missing"",""missing"",""missing"",""missing"",""missing"",""missing"",""missing""]","[2.2799999999999976,2.2800000000000002,2.280000000000001,3.224406922210655,3.2244069222106577,4.559999999999999,4.56,4.560000000000002,5.098234988699519,5.098234988699519]",10,0,0
E_N003283_N003289,5807,missing,1,"[""E_N003283_N003303""]","[""missing""]",[2.2799999999999994],1,0,0
E_N003283_N003289,5807,missing,3,"[""E_N003283_N003303"",""E_N003280_N003289"",""E_N002149_N003289""]","[""missing"",""missing"",""missing""]","[2.2799999999999994,2.2800000000000002,2.280000000000001]",3,0,0
E_N003283_N003289,5807,missing,5,"[""E_N003283_N003303"",""E_N003280_N003289"",""E_N002149_N003289"",""E_N003283_N004423"",""E_N002149_N003303""]","[""missing"",""missing"",""missing"",""missing"",""missing""]","[2.2799999999999994,2.2800000000000002,2.280000000000001,2.280000000000001,3.2244069222106573]",5,0,0
E_N003283_N003289,5807,missing,10,"[""E_N003283_N003303"",""E_N003280_N003289"",""E_N002149_N003289"",""E_N003283_N004423"",""E_N002149_N003303"",""E_N003283_N004437"",""E_N002146_N003289"",""E_N003280_N004423"",""E_N004417_N004423"",""E_N002149_N002155""]","[""missing"",""missing"",""missing"",""missing"",""missing"",""missing"",""missing"",""missing"",""missing"",""missing""]","[2.2799999999999994,2.2800000000000002,2.280000000000001,2.280000000000001,3.2244069222106573,3.2244069222106573,3.2244069222106577,3.2244069222106577,4.559999999999999,4.56]",10,0,0
E_N003283_N003303,5834,missing,1,"[""E_N003283_N003289""]","[""missing""]",[2.2799999999999994],1,0,0
E_N003283_N003303,5834,missing,3,"[""E_N003283_N003289"",""E_N003297_N003303"",""E_N002149_N003303""]","[""missing"",""missing"",""missing""]","[2.2799999999999994,2.2800000000000002,2.280000000000001]",3,0,0
E_N003283_N003303,5834,missing,5,"[""E_N003283_N003289"",""E_N003297_N003303"",""E_N002149_N003303"",""E_N003283_N004437"",""E_N002149_N003289""]","[""missing"",""missing"",""missing"",""missing"",""missing""]","[2.2799999999999994,2.2800000000000002,2.280000000000001,2.280000000000001,3.2244069222106573]",5,0,0
E_N003283_N003303,5834,missing,10,"[""E_N003283_N003289"",""E_N003297_N003303"",""E_N002149_N003303"",""E_N003283_N004437"",""E_N002149_N003289"",""E_N003283_N004423"",""E_N002163_N003303"",""E_N003297_N004437"",""E_N003297_N003317"",""E_N004417_N004437""]","[""missing"",""missing"",""missing"",""missing"",""missing"",""missing"",""missing"",""missing"",""missing"",""missing""]","[2.2799999999999994,2.2800000000000002,2.280000000000001,2.280000000000001,3.2244069222106573,3.2244069222106573,3.2244069222106577,3.2244069222106577,4.559999999999999,4.559999999999999]",10,0,0
E_N003283_N004423,7820,missing,1,"[""E_N004417_N004423""]","[""missing""]",[2.2799999999999976],1,0,0
E_N003283_N004423,7820,missing,3,"[""E_N004417_N004423"",""E_N003283_N004437"",""E_N003280_N004423""]","[""missing"",""missing"",""missing""]","[2.2799999999999976,2.2799999999999994,2.2800000000000002]",3,0,0
E_N003283_N004423,7820,missing,5,"[""E_N004417_N004423"",""E_N003283_N004437"",""E_N003280_N004423"",""E_N003283_N003289"",""E_N004417_N004437""]","[""missing"",""missing"",""missing"",""missing"",""missing""]","[2.2799999999999976,2.2799999999999994,2.2800000000000002,2.280000000000001,3.224406922210654]",5,0,0
E_N003283_N004423,7820,missing,10,"[""E_N004417_N004423"",""E_N003283_N004437"",""E_N003280_N004423"",""E_N003283_N003289"",""E_N004417_N004437"",""E_N004414_N004423"",""E_N003283_N003303"",""E_N003280_N003289"",""E_N004417_N005557"",""E_N003297_N004437""]","[""missing"",""missing"",""missing"",""missing"",""missing"",""missing"",""missing"",""missing"",""missing"",""missing""]","[2.2799999999999976,2.2799999999999994,2.2800000000000002,2.280000000000001,3.224406922210654,3.224406922210655,3.2244069222106573,3.2244069222106577,4.559999999999999,4.56]",10,0,0
E_N003283_N004437,7849,missing,1,"[""E_N004417_N004437""]","[""missing""]",[2.2799999999999976],1,0,0
E_N003283_N004437,7849,missing,3,"[""E_N004417_N004437"",""E_N003283_N004423"",""E_N003297_N004437""]","[""missing"",""missing"",""missing""]","[2.2799999999999976,2.2799999999999994,2.2800000000000002]",3,0,0
E_N003283_N004437,7849,missing,5,"[""E_N004417_N004437"",""E_N003283_N004423"",""E_N003297_N004437"",""E_N003283_N003303"",""E_N004417_N004423""]","[""missing"",""missing"",""missing"",""missing"",""missing""]","[2.2799999999999976,2.2799999999999994,2.2800000000000002,2.280000000000001,3.224406922210654]",5,0,0
E_N003283_N004437,7849,missing,10,"[""E_N004417_N004437"",""E_N003283_N004423"",""E_N003297_N004437"",""E_N003283_N003303"",""E_N004417_N004423"",""E_N004431_N004437"",""E_N003283_N003289"",""E_N003297_N003303"",""E_N003297_N004451"",""E_N004417_N005571""]","[""missing"",""missing"",""missing"",""missing"",""missing"",""missing"",""missing"",""missing"",""missing"",""missing""]","[2.2799999999999976,2.2799999999999994,2.2800000000000002,2.280000000000001,3.224406922210654,3.224406922210655,3.2244069222106573,3.2244069222106577,4.559999999999999,4.559999999999999]",10,0,0
E_N003297_N003303,5835,missing,1,"[""E_N003297_N003317""]","[""missing""]",[2.2799999999999985],1,0,0
E_N003297_N003303,5835,missing,3,"[""E_N003297_N003317"",""E_N003283_N003303"",""E_N002163_N003303""]","[""missing"",""missing"",""missing""]","[2.2799999999999985,2.2800000000000002,2.280000000000001]",3,0,0
E_N003297_N003303,5835,missing,5,"[""E_N003297_N003317"",""E_N003283_N003303"",""E_N002163_N003303"",""E_N003297_N004437"",""E_N002163_N003317""]","[""missing"",""missing"",""missing"",""missing"",""missing""]","[2.2799999999999985,2.2800000000000002,2.280000000000001,2.280000000000001,3.2244069222106564]",5,0,0
E_N003297_N003303,5835,missing,10,"[""E_N003297_N003317"",""E_N003283_N003303"",""E_N002163_N003303"",""E_N003297_N004437"",""E_N002163_N003317"",""E_N003297_N004451"",""E_N002149_N003303"",""E_N003283_N004437"",""E_N004431_N004437"",""E_N002163_N002169""]","[""missing"",""missing"",""missing"",""missing"",""missing"",""missing"",""missing"",""missing"",""missing"",""missing""]","[2.2799999999999985,2.2800000000000002,2.280000000000001,2.280000000000001,3.2244069222106564,3.2244069222106564,3.2244069222106577,3.2244069222106577,4.559999999999999,4.56]",10,0,0
E_N003297_N003317,5862,missing,1,"[""E_N003297_N003303""]","[""missing""]",[2.2799999999999985],1,0,0
E_N003297_N003317,5862,missing,3,"[""E_N003297_N003303"",""E_N002163_N003317"",""E_N003297_N004451""]","[""missing"",""missing"",""missing""]","[2.2799999999999985,2.280000000000001,2.280000000000001]",3,0,0
E_N003297_N003317,5862,missing,5,"[""E_N003297_N003303"",""E_N002163_N003317"",""E_N003297_N004451"",""E_N003311_N003317"",""E_N002163_N003303""]","[""missing"",""missing"",""missing"",""missing"",""missing""]","[2.2799999999999985,2.280000000000001,2.280000000000001,2.280000000000001,3.2244069222106564]",5,0,0
E_N003297_N003317,5862,missing,10,"[""E_N003297_N003303"",""E_N002163_N003317"",""E_N003297_N004451"",""E_N003311_N003317"",""E_N002163_N003303"",""E_N003297_N004437"",""E_N002177_N003317"",""E_N003311_N004451"",""E_N003283_N003303"",""E_N004431_N004451""]","[""missing"",""missing"",""missing"",""missing"",""missing"",""missing"",""missing"",""missing"",""missing"",""missing""]","[2.2799999999999985,2.280000000000001,2.280000000000001,2.280000000000001,3.2244069222106564,3.2244069222106564,3.224406922210658,3.224406922210658,4.559999999999999,4.559999999999999]",10,0,0
E_N003297_N004437,7848,missing,1,"[""E_N004431_N004437""]","[""missing""]",[2.2799999999999976],1,0,0
E_N003297_N004437,7848,missing,3,"[""E_N004431_N004437"",""E_N003297_N004451"",""E_N003283_N004437""]","[""missing"",""missing"",""missing""]","[2.2799999999999976,2.2799999999999985,2.2800000000000002]",3,0,0
E_N003297_N004437,7848,missing,5,"[""E_N004431_N004437"",""E_N003297_N004451"",""E_N003283_N004437"",""E_N003297_N003303"",""E_N004431_N004451""]","[""missing"",""missing"",""missing"",""missing"",""missing""]","[2.2799999999999976,2.2799999999999985,2.2800000000000002,2.280000000000001,3.2244069222106537]",5,0,0
E_N003297_N004437,7848,missing,10,"[""E_N004431_N004437"",""E_N003297_N004451"",""E_N003283_N004437"",""E_N003297_N003303"",""E_N004431_N004451"",""E_N004417_N004437"",""E_N003297_N003317"",""E_N003283_N003303"",""E_N004431_N005571"",""E_N003283_N004423""]","[""missing"",""missing"",""missing"",""missing"",""missing"",""missing"",""missing"",""missing"",""missing"",""missing""]","[2.2799999999999976,2.2799999999999985,2.2800000000000002,2.280000000000001,3.2244069222106537,3.224406922210655,3.2244069222106564,3.2244069222106577,4.559999999999999,4.56]",10,0,0
E_N003297_N004451,7877,missing,1,"[""E_N004431_N004451""]","[""missing""]",[2.2799999999999976],1,0,0
E_N003297_N004451,7877,missing,3,"[""E_N004431_N004451"",""E_N003297_N004437"",""E_N003297_N003317""]","[""missing"",""missing"",""missing""]","[2.2799999999999976,2.2799999999999985,2.280000000000001]",3,0,0
E_N003297_N004451,7877,missing,5,"[""E_N004431_N004451"",""E_N003297_N004437"",""E_N003297_N003317"",""E_N003311_N004451"",""E_N004431_N004437""]","[""missing"",""missing"",""missing"",""missing"",""missing""]","[2.2799999999999976,2.2799999999999985,2.280000000000001,2.280000000000001,3.2244069222106537]",5,0,0
E_N003297_N004451,7877,missing,10,"[""E_N004431_N004451"",""E_N003297_N004437"",""E_N003297_N003317"",""E_N003311_N004451"",""E_N004431_N004437"",""E_N004445_N004451"",""E_N003297_N003303"",""E_N003311_N003317"",""E_N003283_N004437"",""E_N004431_N005585""]","[""missing"",""missing"",""missing"",""missing"",""missing"",""missing"",""missing"",""missing"",""missing"",""missing""]","[2.2799999999999976,2.2799999999999985,2.280000000000001,2.280000000000001,3.2244069222106537,3.2244069222106555,3.2244069222106564,3.224406922210658,4.559999999999999,4.559999999999999]",10,0,0
E_N003311_N003317,5863,missing,1,"[""E_N002177_N003317""]","[""missing""]",[2.280000000000001],1,0,0
E_N003311_N003317,5863,missing,3,"[""E_N002177_N003317"",""E_N003297_N003317"",""E_N003311_N003331""]","[""missing"",""missing"",""missing""]","[2.280000000000001,2.280000000000001,2.280000000000001]",3,0,0
E_N003311_N003317,5863,missing,5,"[""E_N002177_N003317"",""E_N003297_N003317"",""E_N003311_N003331"",""E_N003311_N004451"",""E_N002163_N003317""]","[""missing"",""missing"",""missing"",""missing"",""missing""]","[2.280000000000001,2.280000000000001,2.280000000000001,2.280000000000001,3.224406922210658]",5,0,0
E_N003311_N003317,5863,missing,10,"[""E_N002177_N003317"",""E_N003297_N003317"",""E_N003311_N003331"",""E_N003311_N004451"",""E_N002163_N003317"",""E_N002177_N003331"",""E_N003297_N004451"",""E_N003311_N004465"",""E_N003325_N003331"",""E_N004445_N004451""]","[""missing"",""missing"",""missing"",""missing"",""missing"",""missing"",""missing"",""missing"",""missing"",""missing""]","[2.280000000000001,2.280000000000001,2.280000000000001,2.280000000000001,3.224406922210658,3.224406922210658,3.224406922210658,3.224406922210658,4.559999999999999,4.559999999999999]",10,0,0
E_N003311_N003331,5890,missing,1,"[""E_N003325_N003331""]","[""missing""]",[2.2799999999999976],1,0,0
E_N003311_N003331,5890,missing,3,"[""E_N003325_N003331"",""E_N002177_N003331"",""E_N003311_N003317""]","[""missing"",""missing"",""missing""]","[2.2799999999999976,2.280000000000001,2.280000000000001]",3,0,0
E_N003311_N003331,5890,missing,5,"[""E_N003325_N003331"",""E_N002177_N003331"",""E_N003311_N003317"",""E_N003311_N004465"",""E_N002191_N003331""]","[""missing"",""missing"",""missing"",""missing"",""missing""]","[2.2799999999999976,2.280000000000001,2.280000000000001,2.280000000000001,3.2244069222106555]",5,0,0
E_N003311_N003331,5890,missing,10,"[""E_N003325_N003331"",""E_N002177_N003331"",""E_N003311_N003317"",""E_N003311_N004465"",""E_N002191_N003331"",""E_N003325_N004465"",""E_N002177_N003317"",""E_N003311_N004451"",""E_N003325_N003345"",""E_N004445_N004465""]","[""missing"",""missing"",""missing"",""missing"",""missing"",""missing"",""missing"",""missing"",""missing"",""missing""]","[2.2799999999999976,2.280000000000001,2.280000000000001,2.280000000000001,3.2244069222106555,3.2244069222106555,3.224406922210658,3.224406922210658,4.559999999999999,4.559999999999999]",10,0,0
E_N003311_N004451,7876,missing,1,"[""E_N004445_N004451""]","[""missing""]",[2.2799999999999976],1,0,0
E_N003311_N004451,7876,missing,3,"[""E_N004445_N004451"",""E_N003297_N004451"",""E_N003311_N003317""]","[""missing"",""missing"",""missing""]","[2.2799999999999976,2.280000000000001,2.280000000000001]",3,0,0
E_N003311_N004451,7876,missing,5,"[""E_N004445_N004451"",""E_N003297_N004451"",""E_N003311_N003317"",""E_N003311_N004465"",""E_N004431_N004451""]","[""missing"",""missing"",""missing"",""missing"",""missing""]","[2.2799999999999976,2.280000000000001,2.280000000000001,2.280000000000001,3.2244069222106555]",5,0,0
E_N003311_N004451,7876,missing,10,"[""E_N004445_N004451"",""E_N003297_N004451"",""E_N003311_N003317"",""E_N003311_N004465"",""E_N004431_N004451"",""E_N004445_N004465"",""E_N003297_N003317"",""E_N003311_N003331"",""E_N003325_N004465"",""E_N004445_N005585""]","[""missing"",""missing"",""missing"",""missing"",""missing"",""missing"",""missing"",""missing"",""missing"",""missing""]","[2.2799999999999976,2.280000000000001,2.280000000000001,2.280000000000001,3.2244069222106555,3.2244069222106555,3.224406922210658,3.224406922210658,4.559999999999999,4.559999999999999]",10,0,0
E_N003311_N004465,7905,missing,1,"[""E_N003325_N004465""]","[""missing""]",[2.2799999999999976],1,0,0
E_N003311_N004465,7905,missing,3,"[""E_N003325_N004465"",""E_N004445_N004465"",""E_N003311_N003331""]","[""missing"",""missing"",""missing""]","[2.2799999999999976,2.2799999999999976,2.280000000000001]",3,0,0
E_N003311_N004465,7905,missing,5,"[""E_N003325_N004465"",""E_N004445_N004465"",""E_N003311_N003331"",""E_N003311_N004451"",""E_N004459_N004465""]","[""missing"",""missing"",""missing"",""missing"",""missing""]","[2.2799999999999976,2.2799999999999976,2.280000000000001,2.280000000000001,3.2244069222106533]",5,0,0
E_N003311_N004465,7905,missing,10,"[""E_N003325_N004465"",""E_N004445_N004465"",""E_N003311_N003331"",""E_N003311_N004451"",""E_N004459_N004465"",""E_N003325_N003331"",""E_N004445_N004451"",""E_N003311_N003317"",""E_N003325_N004479"",""E_N004445_N005599""]","[""missing"",""missing"",""missing"",""missing"",""missing"",""missing"",""missing"",""missing"",""missing"",""missing""]","[2.2799999999999976,2.2799999999999976,2.280000000000001,2.280000000000001,3.2244069222106533,3.2244069222106555,3.2244069222106555,3.224406922210658,4.559999999999999,4.559999999999999]",10,0,0
E_N003325_N003331,5891,missing,1,"[""E_N003311_N003331""]","[""missing""]",[2.2799999999999976],1,0,0
E_N003325_N003331,5891,missing,3,"[""E_N003311_N003331"",""E_N002191_N003331"",""E_N003325_N003345""]","[""missing"",""missing"",""missing""]","[2.2799999999999976,2.280000000000001,2.280000000000001]",3,0,0
E_N003325_N003331,5891,missing,5,"[""E_N003311_N003331"",""E_N002191_N003331"",""E_N003325_N003345"",""E_N003325_N004465"",""E_N002177_N003331""]","[""missing"",""missing"",""missing"",""missing"",""missing""]","[2.2799999999999976,2.280000000000001,2.280000000000001,2.280000000000001,3.2244069222106555]",5,0,0
E_N003325_N003331,5891,missing,10,"[""E_N003311_N003331"",""E_N002191_N003331"",""E_N003325_N003345"",""E_N003325_N004465"",""E_N002177_N003331"",""E_N003311_N004465"",""E_N003325_N004479"",""E_N003311_N003317"",""E_N003339_N003345"",""E_N004459_N004465""]","[""missing"",""missing"",""missing"",""missing"",""missing"",""missing"",""missing"",""missing"",""missing"",""missing""]","[2.2799999999999976,2.280000000000001,2.280000000000001,2.280000000000001,3.2244069222106555,3.2244069222106555,3.224406922210658,4.559999999999999,4.559999999999999,4.559999999999999]",10,0,0
E_N003325_N003345,5918,missing,1,"[""E_N003339_N003345""]","[""missing""]",[2.2799999999999976],1,0,0
E_N003325_N003345,5918,missing,3,"[""E_N003339_N003345"",""E_N003325_N003331"",""E_N003325_N004479""]","[""missing"",""missing"",""missing""]","[2.2799999999999976,2.280000000000001,2.280000000000001]",3,0,0
E_N003325_N003345,5918,missing,5,"[""E_N003339_N003345"",""E_N003325_N003331"",""E_N003325_N004479"",""E_N002205_N003345"",""E_N003339_N004479""]","[""missing"",""missing"",""missing"",""missing"",""missing""]","[2.2799999999999976,2.280000000000001,2.280000000000001,3.2244069222106555,3.2244069222106555]",5,0,0
E_N003325_N003345,5918,missing,10,"[""E_N003339_N003345"",""E_N003325_N003331"",""E_N003325_N004479"",""E_N002205_N003345"",""E_N003339_N004479"",""E_N002191_N003331"",""E_N003325_N004465"",""E_N003311_N003331"",""E_N003339_N003359"",""E_N004459_N004479""]","[""missing"",""missing"",""missing"",""missing"",""missing"",""missing"",""missing"",""missing"",""missing"",""missing""]","[2.2799999999999976,2.280000000000001,2.280000000000001,3.2244069222106555,3.2244069222106555,3.224406922210658,3.224406922210658,4.559999999999999,4.559999999999999,4.559999999999999]",10,0,0
E_N003325_N004465,7904,missing,1,"[""E_N003311_N004465""]","[""missing""]",[2.2799999999999976],1,0,0
E_N003325_N004465,7904,missing,3,"[""E_N003311_N004465"",""E_N004459_N004465"",""E_N003325_N003331""]","[""missing"",""missing"",""missing""]","[2.2799999999999976,2.2799999999999976,2.280000000000001]",3,0,0
E_N003325_N004465,7904,missing,5,"[""E_N003311_N004465"",""E_N004459_N004465"",""E_N003325_N003331"",""E_N003325_N004479"",""E_N004445_N004465""]","[""missing"",""missing"",""missing"",""missing"",""missing""]","[2.2799999999999976,2.2799999999999976,2.280000000000001,2.280000000000001,3.2244069222106533]",5,0,0
E_N003325_N004465,7904,missing,10,"[""E_N003311_N004465"",""E_N004459_N004465"",""E_N003325_N003331"",""E_N003325_N004479"",""E_N004445_N004465"",""E_N003311_N003331"",""E_N004459_N004479"",""E_N003325_N003345"",""E_N003311_N004451"",""E_N003339_N004479""]","[""missing"",""missing"",""missing"",""missing"",""missing"",""missing"",""missing"",""missing"",""missing"",""missing""]","[2.2799999999999976,2.2799999999999976,2.280000000000001,2.280000000000001,3.2244069222106533,3.2244069222106555,3.2244069222106555,3.224406922210658,4.559999999999999,4.559999999999999]",10,0,0
E_N003325_N004479,7933,missing,1,"[""E_N003339_N004479""]","[""missing""]",[2.2799999999999976],1,0,0
E_N003325_N004479,7933,missing,3,"[""E_N003339_N004479"",""E_N004459_N004479"",""E_N003325_N003345""]","[""missing"",""missing"",""missing""]","[2.2799999999999976,2.2799999999999976,2.280000000000001]",3,0,0
E_N003325_N004479,7933,missing,5,"[""E_N003339_N004479"",""E_N004459_N004479"",""E_N003325_N003345"",""E_N003325_N004465"",""E_N004473_N004479""]","[""missing"",""missing"",""missing"",""missing"",""missing""]","[2.2799999999999976,2.2799999999999976,2.280000000000001,2.280000000000001,3.2244069222106533]",5,0,0
E_N003325_N004479,7933,missing,10,"[""E_N003339_N004479"",""E_N004459_N004479"",""E_N003325_N003345"",""E_N003325_N004465"",""E_N004473_N004479"",""E_N003339_N003345"",""E_N004459_N004465"",""E_N003325_N003331"",""E_N003311_N004465"",""E_N004459_N005613""]","[""missing"",""missing"",""missing"",""missing"",""missing"",""missing"",""missing"",""missing"",""missing"",""missing""]","[2.2799999999999976,2.2799999999999976,2.280000000000001,2.280000000000001,3.2244069222106533,3.2244069222106555,3.2244069222106555,3.224406922210658,4.559999999999999,4.559999999999999]",10,0,0
E_N003339_N003345,5919,missing,1,"[""E_N003325_N003345""]","[""missing""]",[2.2799999999999976],1,0,0
E_N003339_N003345,5919,missing,3,"[""E_N003325_N003345"",""E_N002205_N003345"",""E_N003339_N003359""]","[""missing"",""missing"",""missing""]","[2.2799999999999976,2.280000000000001,2.280000000000001]",3,0,0
E_N003339_N003345,5919,missing,5,"[""E_N003325_N003345"",""E_N002205_N003345"",""E_N003339_N003359"",""E_N003339_N004479"",""E_N003325_N004479""]","[""missing"",""missing"",""missing"",""missing"",""missing""]","[2.2799999999999976,2.280000000000001,2.280000000000001,2.280000000000001,3.2244069222106555]",5,0,0
E_N003339_N003345,5919,missing,10,"[""E_N003325_N003345"",""E_N002205_N003345"",""E_N003339_N003359"",""E_N003339_N004479"",""E_N003325_N004479"",""E_N002205_N003359"",""E_N003325_N003331"",""E_N004473_N004479"",""E_N004459_N004479"",""E_N002191_N002211""]","[""missing"",""missing"",""missing"",""missing"",""missing"",""missing"",""missing"",""missing"",""missing"",""missing""]","[2.2799999999999976,2.280000000000001,2.280000000000001,2.280000000000001,3.2244069222106555,3.224406922210658,4.559999999999999,4.559999999999999,5.098234988699518,5.098234988699519]",10,0,0
E_N003339_N003359,5946,missing,1,"[""E_N002205_N003359""]","[""missing""]",[2.280000000000001],1,0,0
E_N003339_N003359,5946,missing,3,"[""E_N002205_N003359"",""E_N003339_N003345"",""E_N002205_N003345""]","[""missing"",""missing"",""missing""]","[2.280000000000001,2.280000000000001,3.224406922210658]",3,0,0
E_N003339_N003359,5946,missing,5,"[""E_N002205_N003359"",""E_N003339_N003345"",""E_N002205_N003345"",""E_N002219_N003359"",""E_N003339_N004479""]","[""missing"",""missing"",""missing"",""missing"",""missing""]","[2.280000000000001,2.280000000000001,3.224406922210658,3.224406922210658,3.224406922210658]",5,0,0
E_N003339_N003359,5946,missing,10,"[""E_N002205_N003359"",""E_N003339_N003345"",""E_N002205_N003345"",""E_N002219_N003359"",""E_N003339_N004479"",""E_N003353_N004493"",""E_N003325_N003345"",""E_N004473_N004493"",""E_N002205_N002225"",""E_N003325_N004479""]","[""missing"",""missing"",""missing"",""missing"",""missing"",""missing"",""missing"",""missing"",""missing"",""missing""]","[2.280000000000001,2.280000000000001,3.224406922210658,3.224406922210658,3.224406922210658,3.224406922210658,4.559999999999999,4.559999999999999,4.56,5.098234988699519]",10,0,0
E_N003339_N004479,7932,missing,1,"[""E_N003325_N004479""]","[""missing""]",[2.2799999999999976],1,0,0
E_N003339_N004479,7932,missing,3,"[""E_N003325_N004479"",""E_N004473_N004479"",""E_N003339_N003345""]","[""missing"",""missing"",""missing""]","[2.2799999999999976,2.2799999999999976,2.280000000000001]",3,0,0
E_N003339_N004479,7932,missing,5,"[""E_N003325_N004479"",""E_N004473_N004479"",""E_N003339_N003345"",""E_N004459_N004479"",""E_N003325_N003345""]","[""missing"",""missing"",""missing"",""missing"",""missing""]","[2.2799999999999976,2.2799999999999976,2.280000000000001,3.2244069222106533,3.2244069222106555]",5,0,0
E_N003339_N004479,7932,missing,10,"[""E_N003325_N004479"",""E_N004473_N004479"",""E_N003339_N003345"",""E_N004459_N004479"",""E_N003325_N003345"",""E_N004473_N004493"",""E_N003339_N003359"",""E_N003325_N004465"",""E_N004473_N005613"",""E_N002205_N003345""]","[""missing"",""missing"",""missing"",""missing"",""missing"",""missing"",""missing"",""missing"",""missing"",""missing""]","[2.2799999999999976,2.2799999999999976,2.280000000000001,3.2244069222106533,3.2244069222106555,3.2244069222106555,3.224406922210658,4.559999999999999,4.559999999999999,4.560000000000002]",10,0,0
E_N003353_N004493,7960,missing,1,"[""E_N004473_N004493""]","[""missing""]",[3.2244069222106555],1,0,0
E_N003353_N004493,7960,missing,3,"[""E_N004473_N004493"",""E_N003339_N003359"",""E_N002219_N003359""]","[""missing"",""missing"",""missing""]","[3.2244069222106555,3.224406922210658,4.560000000000002]",3,0,0
E_N003353_N004493,7960,missing,5,"[""E_N004473_N004493"",""E_N003339_N003359"",""E_N002219_N003359"",""E_N003339_N004479"",""E_N004473_N005627""]","[""missing"",""missing"",""missing"",""missing"",""missing""]","[3.2244069222106555,3.224406922210658,4.560000000000002,4.560000000000002,5.098234988699519]",5,0,0
E_N003353_N004493,7960,missing,10,"[""E_N004473_N004493"",""E_N003339_N003359"",""E_N002219_N003359"",""E_N003339_N004479"",""E_N004473_N005627"",""E_N004473_N004479"",""E_N002205_N003359"",""E_N003339_N003345"",""E_N004473_N005613"",""E_N002205_N003345""]","[""missing"",""missing"",""missing"",""missing"",""missing"",""missing"",""missing"",""missing"",""missing"",""missing""]","[3.2244069222106555,3.224406922210658,4.560000000000002,4.560000000000002,5.098234988699519,5.098234988699521,5.098234988699523,5.098234988699523,6.448813844421315,6.448813844421316]",10,0,0
E_N003436_N003452,8136,missing,1,"[""E_N003452_N003456""]","[""broken""]",[1.6122034611053278],0,1,0
E_N003436_N003452,8136,missing,3,"[""E_N003452_N003456"",""E_N003450_N003455"",""E_N003450_N004589""]","[""broken"",""broken"",""missing""]","[1.6122034611053278,3.604996532591951,3.604996532591951]",1,2,0
E_N003436_N003452,8136,missing,5,"[""E_N003452_N003456"",""E_N003450_N003455"",""E_N003450_N004589"",""E_N003450_N003466"",""E_N003466_N004589""]","[""broken"",""broken"",""missing"",""broken"",""broken""]","[1.6122034611053278,3.604996532591951,3.604996532591951,4.559999999999999,4.836610383315984]",1,4,0
E_N003436_N003452,8136,missing,10,"[""E_N003452_N003456"",""E_N003450_N003455"",""E_N003450_N004589"",""E_N003450_N003466"",""E_N003466_N004589"",""E_N004584_N004604"",""E_N003466_N003471"",""E_N003511_N003526"",""E_N001365_N001380"",""E_N000358_N001495""]","[""broken"",""broken"",""missing"",""broken"",""broken"",""broken"",""broken"",""missing"",""missing"",""broken""]","[1.6122034611053278,3.604996532591951,3.604996532591951,4.559999999999999,4.836610383315984,5.812882245495773,6.244037155558893,22.913716416155626,25.4911749434976,26.145546465889744]",3,7,0
E_N003450_N003455,6151,broken,1,"[""E_N003450_N003466""]","[""broken""]",[1.612203461105329],0,1,0
E_N003450_N003455,6151,broken,3,"[""E_N003450_N003466"",""E_N003452_N003456"",""E_N003450_N004589""]","[""broken"",""broken"",""missing""]","[1.612203461105329,2.2799999999999994,2.280000000000001]",1,2,0
E_N003450_N003455,6151,broken,5,"[""E_N003450_N003466"",""E_N003452_N003456"",""E_N003450_N004589"",""E_N003466_N004589"",""E_N003466_N003471""]","[""broken"",""broken"",""missing"",""broken"",""broken""]","[1.612203461105329,2.2799999999999994,2.280000000000001,2.792418306772824,3.2244069222106577]",1,4,0
E_N003450_N003455,6151,broken,10,"[""E_N003450_N003466"",""E_N003452_N003456"",""E_N003450_N004589"",""E_N003466_N004589"",""E_N003466_N003471"",""E_N003436_N003452"",""E_N004584_N004604"",""E_N003511_N003526"",""E_N001365_N001380"",""E_N000358_N001495""]","[""broken"",""broken"",""missing"",""broken"",""broken"",""missing"",""broken"",""missing"",""missing"",""broken""]","[1.612203461105329,2.2799999999999994,2.280000000000001,2.792418306772824,3.2244069222106577,3.604996532591951,4.836610383315984,19.413500457156097,22.046550750627635,22.970363514755263]",4,6,0
E_N003450_N003466,8160,broken,1,"[""E_N003466_N004589""]","[""broken""]",[1.6122034611053286],0,1,0
E_N003450_N003466,8160,broken,3,"[""E_N003466_N004589"",""E_N003450_N003455"",""E_N003450_N004589""]","[""broken"",""broken"",""missing""]","[1.6122034611053286,1.612203461105329,1.612203461105329]",1,2,0
E_N003450_N003466,8160,broken,5,"[""E_N003466_N004589"",""E_N003450_N003455"",""E_N003450_N004589"",""E_N003466_N003471"",""E_N004584_N004604""]","[""broken"",""broken"",""missing"",""broken"",""broken""]","[1.6122034611053286,1.612203461105329,1.612203461105329,2.7924183067728237,3.604996532591951]",1,4,0
E_N003450_N003466,8160,broken,10,"[""E_N003466_N004589"",""E_N003450_N003455"",""E_N003450_N004589"",""E_N003466_N003471"",""E_N004584_N004604"",""E_N003452_N003456"",""E_N003436_N003452"",""E_N003511_N003526"",""E_N001365_N001380"",""E_N000358_N001495""]","[""broken"",""broken"",""missing"",""broken"",""broken"",""broken"",""missing"",""missing"",""missing"",""broken""]","[1.6122034611053286,1.612203461105329,1.612203461105329,2.7924183067728237,3.604996532591951,3.6049965325919526,4.559999999999999,18.38194766612069,21.509476981089055,22.7429285713164]",4,6,0
E_N003450_N004589,8164,missing,1,"[""E_N003466_N004589""]","[""broken""]",[1.6122034611053286],0,1,0
E_N003450_N004589,8164,missing,3,"[""E_N003466_N004589"",""E_N003450_N003466"",""E_N003450_N003455""]","[""broken"",""broken"",""broken""]","[1.6122034611053286,1.612203461105329,2.280000000000001]",0,3,0
E_N003450_N004589,8164,missing,5,"[""E_N003466_N004589"",""E_N003450_N003466"",""E_N003450_N003455"",""E_N004584_N004604"",""E_N003452_N003456""]","[""broken"",""broken"",""broken"",""broken"",""broken""]","[1.6122034611053286,1.612203461105329,2.280000000000001,2.7924183067728214,3.2244069222106573]",0,5,0
E_N003450_N004589,8164,missing,10,"[""E_N003466_N004589"",""E_N003450_N003466"",""E_N003450_N003455"",""E_N004584_N004604"",""E_N003452_N003456"",""E_N003436_N003452"",""E_N003466_N003471"",""E_N003511_N003526"",""E_N001365_N001380"",""E_N000358_N001495""]","[""broken"",""broken"",""broken"",""broken"",""broken"",""missing"",""broken"",""missing"",""missing"",""broken""]","[1.6122034611053286,1.612203461105329,2.280000000000001,2.7924183067728214,3.2244069222106573,3.604996532591951,3.9490758412570415,19.679451211860556,22.970363514755267,24.18305191657992]",3,7,0
E_N003452_N003456,6141,broken,1,"[""E_N003436_N003452""]","[""missing""]",[1.6122034611053278],1,0,0
E_N003452_N003456,6141,broken,3,"[""E_N003436_N003452"",""E_N003450_N003455"",""E_N003450_N004589""]","[""missing"",""broken"",""missing""]","[1.6122034611053278,2.2799999999999994,3.2244069222106573]",2,1,0
E_N003452_N003456,6141,broken,5,"[""E_N003436_N003452"",""E_N003450_N003455"",""E_N003450_N004589"",""E_N003450_N003466"",""E_N003466_N004589""]","[""missing"",""broken"",""missing"",""broken"",""broken""]","[1.6122034611053278,2.2799999999999994,3.2244069222106573,3.6049965325919526,4.265489420922293]",2,3,0
E_N003452_N003456,6141,broken,10,"[""E_N003436_N003452"",""E_N003450_N003455"",""E_N003450_N004589"",""E_N003450_N003466"",""E_N003466_N004589"",""E_N003466_N003471"",""E_N004584_N004604"",""E_N003511_N003526"",""E_N001365_N001380"",""E_N000358_N001495""]","[""missing"",""broken"",""missing"",""broken"",""broken"",""broken"",""broken"",""missing"",""missing"",""broken""]","[1.6122034611053278,2.2799999999999994,3.2244069222106573,3.6049965325919526,4.265489420922293,5.098234988699521,5.812882245495773,21.68997925310211,24.075331773414874,24.714611063093827]",4,6,0
E_N003466_N003471,6166,broken,1,"[""E_N003450_N003466""]","[""broken""]",[2.7924183067728237],0,1,0
E_N003466_N003471,6166,broken,3,"[""E_N003450_N003466"",""E_N003466_N004589"",""E_N003450_N003455""]","[""broken"",""broken"",""broken""]","[2.7924183067728237,2.792418306772824,3.2244069222106577]",0,3,0
E_N003466_N003471,6166,broken,5,"[""E_N003450_N003466"",""E_N003466_N004589"",""E_N003450_N003455"",""E_N003450_N004589"",""E_N003452_N003456""]","[""broken"",""broken"",""broken"",""missing"",""broken""]","[2.7924183067728237,2.792418306772824,3.2244069222106577,3.9490758412570415,5.098234988699521]",1,4,0
E_N003466_N003471,6166,broken,10,"[""E_N003450_N003466"",""E_N003466_N004589"",""E_N003450_N003455"",""E_N003450_N004589"",""E_N003452_N003456"",""E_N004584_N004604"",""E_N003436_N003452"",""E_N003511_N003526"",""E_N001365_N001380"",""E_N000358_N001495""]","[""broken"",""broken"",""broken"",""missing"",""broken"",""broken"",""missing"",""missing"",""missing"",""broken""]","[2.7924183067728237,2.792418306772824,3.2244069222106577,3.9490758412570415,5.098234988699521,5.812882245495773,6.244037155558893,17.28895601243753,19.413500457156093,20.329112130144786]",4,6,0
E_N003466_N004589,8173,broken,1,"[""E_N003450_N003466""]","[""broken""]",[1.6122034611053286],0,1,0
E_N003466_N004589,8173,broken,3,"[""E_N003450_N003466"",""E_N003450_N004589"",""E_N003450_N003455""]","[""broken"",""missing"",""broken""]","[1.6122034611053286,1.6122034611053286,2.792418306772824]",1,2,0
E_N003466_N004589,8173,broken,5,"[""E_N003450_N003466"",""E_N003450_N004589"",""E_N003450_N003455"",""E_N003466_N003471"",""E_N004584_N004604""]","[""broken"",""missing"",""broken"",""broken"",""broken""]","[1.6122034611053286,1.6122034611053286,2.792418306772824,2.792418306772824,3.224406922210655]",1,4,0
E_N003466_N004589,8173,broken,10,"[""E_N003450_N003466"",""E_N003450_N004589"",""E_N003450_N003455"",""E_N003466_N003471"",""E_N004584_N004604"",""E_N003452_N003456"",""E_N003436_N003452"",""E_N003511_N003526"",""E_N001365_N001380"",""E_N000358_N001495""]","[""broken"",""missing"",""broken"",""broken"",""broken"",""broken"",""missing"",""missing"",""missing"",""broken""]","[1.6122034611053286,1.6122034611053286,2.792418306772824,2.792418306772824,3.224406922210655,4.265489420922293,4.836610383315984,18.592837330542103,21.68997925310211,22.913716416155626]",4,6,0
E_N003511_N003526,6259,missing,1,"[""E_N001365_N001380""]","[""missing""]",[9.67322076663197],1,0,0
E_N003511_N003526,6259,missing,3,"[""E_N001365_N001380"",""E_N001379_N001506"",""E_N001491_N001506""]","[""missing"",""missing"",""missing""]","[9.67322076663197,11.625764490991546,13.294570320247283]",3,0,0
E_N003511_N003526,6259,missing,5,"[""E_N001365_N001380"",""E_N001379_N001506"",""E_N001491_N001506"",""E_N000358_N001495"",""E_N000251_N000361""]","[""missing"",""missing"",""missing"",""broken"",""broken""]","[9.67322076663197,11.625764490991546,13.294570320247283,14.687872548466641,16.44131381611579]",3,2,0
E_N003511_N003526,6259,missing,10,"[""E_N001365_N001380"",""E_N001379_N001506"",""E_N001491_N001506"",""E_N000358_N001495"",""E_N000251_N000361"",""E_N003466_N003471"",""E_N000361_N000363"",""E_N003450_N003466"",""E_N003466_N004589"",""E_N004584_N004604""]","[""missing"",""missing"",""missing"",""broken"",""broken"",""broken"",""broken"",""broken"",""broken"",""broken""]","[9.67322076663197,11.625764490991546,13.294570320247283,14.687872548466641,16.44131381611579,17.28895601243753,17.95273795274693,18.38194766612069,18.592837330542103,19.143855411071197]",3,7,0
E_N004414_N004423,7822,missing,1,"[""E_N003280_N004423""]","[""missing""]",[2.2799999999999976],1,0,0
E_N004414_N004423,7822,missing,3,"[""E_N003280_N004423"",""E_N004417_N004423"",""E_N004414_N005557""]","[""missing"",""missing"",""missing""]","[2.2799999999999976,2.2800000000000002,2.280000000000001]",3,0,0
E_N004414_N004423,7822,missing,5,"[""E_N003280_N004423"",""E_N004417_N004423"",""E_N004414_N005557"",""E_N003283_N004423"",""E_N004417_N005557""]","[""missing"",""missing"",""missing"",""missing"",""missing""]","[2.2799999999999976,2.2800000000000002,2.280000000000001,3.224406922210655,3.2244069222106577]",5,0,0
E_N004414_N004423,7822,missing,10,"[""E_N003280_N004423"",""E_N004417_N004423"",""E_N004414_N005557"",""E_N003283_N004423"",""E_N004417_N005557"",""E_N003280_N003289"",""E_N005548_N005557"",""E_N004417_N004437"",""E_N003283_N003289"",""E_N003283_N004437""]","[""missing"",""missing"",""missing"",""missing"",""missing"",""missing"",""missing"",""missing"",""missing"",""missing""]","[2.2799999999999976,2.2800000000000002,2.280000000000001,3.224406922210655,3.2244069222106577,4.559999999999999,4.559999999999999,4.56,5.098234988699519,5.098234988699519]",10,0,0
E_N004414_N005557,9837,missing,1,"[""E_N005548_N005557""]","[""missing""]",[2.2799999999999976],1,0,0
E_N004414_N005557,9837,missing,3,"[""E_N005548_N005557"",""E_N004417_N005557"",""E_N004414_N004423""]","[""missing"",""missing"",""missing""]","[2.2799999999999976,2.2800000000000002,2.280000000000001]",3,0,0
E_N004414_N005557,9837,missing,5,"[""E_N005548_N005557"",""E_N004417_N005557"",""E_N004414_N004423"",""E_N005551_N005557"",""E_N004417_N004423""]","[""missing"",""missing"",""missing"",""missing"",""missing""]","[2.2799999999999976,2.2800000000000002,2.280000000000001,3.224406922210655,3.2244069222106577]",5,0,0
E_N004414_N005557,9837,missing,10,"[""E_N005548_N005557"",""E_N004417_N005557"",""E_N004414_N004423"",""E_N005551_N005557"",""E_N004417_N004423"",""E_N003280_N004423"",""E_N005548_N006691"",""E_N004417_N005571"",""E_N003283_N004423"",""E_N005551_N005571""]","[""missing"",""missing"",""missing"",""missing"",""missing"",""missing"",""missing"",""missing"",""missing"",""missing""]","[2.2799999999999976,2.2800000000000002,2.280000000000001,3.224406922210655,3.2244069222106577,4.559999999999999,4.559999999999999,4.56,5.098234988699519,5.098234988699519]",10,0,0
E_N004417_N004423,7823,missing,1,"[""E_N003283_N004423""]","[""missing""]",[2.2799999999999976],1,0,0
E_N004417_N004423,7823,missing,3,"[""E_N003283_N004423"",""E_N004417_N004437"",""E_N004414_N004423""]","[""missing"",""missing"",""missing""]","[2.2799999999999976,2.2799999999999994,2.2800000000000002]",3,0,0
E_N004417_N004423,7823,missing,5,"[""E_N003283_N004423"",""E_N004417_N004437"",""E_N004414_N004423"",""E_N004417_N005557"",""E_N003283_N004437""]","[""missing"",""missing"",""missing"",""missing"",""missing""]","[2.2799999999999976,2.2799999999999994,2.2800000000000002,2.280000000000001,3.224406922210654]",5,0,0
E_N004417_N004423,7823,missing,10,"[""E_N003283_N004423"",""E_N004417_N004437"",""E_N004414_N004423"",""E_N004417_N005557"",""E_N003283_N004437"",""E_N003280_N004423"",""E_N004417_N005571"",""E_N004414_N005557"",""E_N003283_N003289"",""E_N005551_N005557""]","[""missing"",""missing"",""missing"",""missing"",""missing"",""missing"",""missing"",""missing"",""missing"",""missing""]","[2.2799999999999976,2.2799999999999994,2.2800000000000002,2.280000000000001,3.224406922210654,3.224406922210655,3.2244069222106573,3.2244069222106577,4.559999999999999,4.559999999999999]",10,0,0
E_N004417_N004437,7850,missing,1,"[""E_N003283_N004437""]","[""missing""]",[2.2799999999999976],1,0,0
E_N004417_N004437,7850,missing,3,"[""E_N003283_N004437"",""E_N004417_N004423"",""E_N004431_N004437""]","[""missing"",""missing"",""missing""]","[2.2799999999999976,2.2799999999999994,2.2800000000000002]",3,0,0
E_N004417_N004437,7850,missing,5,"[""E_N003283_N004437"",""E_N004417_N004423"",""E_N004431_N004437"",""E_N004417_N005571"",""E_N003283_N004423""]","[""missing"",""missing"",""missing"",""missing"",""missing""]","[2.2799999999999976,2.2799999999999994,2.2800000000000002,2.280000000000001,3.224406922210654]",5,0,0
E_N004417_N004437,7850,missing,10,"[""E_N003283_N004437"",""E_N004417_N004423"",""E_N004431_N004437"",""E_N004417_N005571"",""E_N003283_N004423"",""E_N003297_N004437"",""E_N004417_N005557"",""E_N004431_N005571"",""E_N003283_N003303"",""E_N004431_N004451""]","[""missing"",""missing"",""missing"",""missing"",""missing"",""missing"",""missing"",""missing"",""missing"",""missing""]","[2.2799999999999976,2.2799999999999994,2.2800000000000002,2.280000000000001,3.224406922210654,3.224406922210655,3.2244069222106573,3.2244069222106577,4.559999999999999,4.559999999999999]",10,0,0
E_N004417_N005557,9836,missing,1,"[""E_N005551_N005557""]","[""missing""]",[2.2799999999999976],1,0,0
E_N004417_N005557,9836,missing,3,"[""E_N005551_N005557"",""E_N004417_N005571"",""E_N004414_N005557""]","[""missing"",""missing"",""missing""]","[2.2799999999999976,2.2799999999999994,2.2800000000000002]",3,0,0
E_N004417_N005557,9836,missing,5,"[""E_N005551_N005557"",""E_N004417_N005571"",""E_N004414_N005557"",""E_N004417_N004423"",""E_N005551_N005571""]","[""missing"",""missing"",""missing"",""missing"",""missing""]","[2.2799999999999976,2.2799999999999994,2.2800000000000002,2.280000000000001,3.224406922210654]",5,0,0
E_N004417_N005557,9836,missing,10,"[""E_N005551_N005557"",""E_N004417_N005571"",""E_N004414_N005557"",""E_N004417_N004423"",""E_N005551_N005571"",""E_N005548_N005557"",""E_N004417_N004437"",""E_N004414_N004423"",""E_N003283_N004423"",""E_N005551_N006691""]","[""missing"",""missing"",""missing"",""missing"",""missing"",""missing"",""missing"",""missing"",""missing"",""missing""]","[2.2799999999999976,2.2799999999999994,2.2800000000000002,2.280000000000001,3.224406922210654,3.224406922210655,3.2244069222106573,3.2244069222106577,4.559999999999999,4.559999999999999]",10,0,0
E_N004417_N005571,9865,missing,1,"[""E_N005551_N005571""]","[""missing""]",[2.2799999999999976],1,0,0
E_N004417_N005571,9865,missing,3,"[""E_N005551_N005571"",""E_N004417_N005557"",""E_N004431_N005571""]","[""missing"",""missing"",""missing""]","[2.2799999999999976,2.2799999999999994,2.2800000000000002]",3,0,0
E_N004417_N005571,9865,missing,5,"[""E_N005551_N005571"",""E_N004417_N005557"",""E_N004431_N005571"",""E_N004417_N004437"",""E_N005551_N005557""]","[""missing"",""missing"",""missing"",""missing"",""missing""]","[2.2799999999999976,2.2799999999999994,2.2800000000000002,2.280000000000001,3.224406922210654]",5,0,0
E_N004417_N005571,9865,missing,10,"[""E_N005551_N005571"",""E_N004417_N005557"",""E_N004431_N005571"",""E_N004417_N004437"",""E_N005551_N005557"",""E_N005565_N005571"",""E_N004417_N004423"",""E_N004431_N004437"",""E_N003283_N004437"",""E_N004431_N005585""]","[""missing"",""missing"",""missing"",""missing"",""missing"",""missing"",""missing"",""missing"",""missing"",""missing""]","[2.2799999999999976,2.2799999999999994,2.2800000000000002,2.280000000000001,3.224406922210654,3.224406922210655,3.2244069222106573,3.2244069222106577,4.559999999999999,4.559999999999999]",10,0,0
E_N004431_N004437,7851,missing,1,"[""E_N003297_N004437""]","[""missing""]",[2.2799999999999976],1,0,0
E_N004431_N004437,7851,missing,3,"[""E_N003297_N004437"",""E_N004431_N004451"",""E_N004417_N004437""]","[""missing"",""missing"",""missing""]","[2.2799999999999976,2.2799999999999985,2.2800000000000002]",3,0,0
E_N004431_N004437,7851,missing,5,"[""E_N003297_N004437"",""E_N004431_N004451"",""E_N004417_N004437"",""E_N004431_N005571"",""E_N003297_N004451""]","[""missing"",""missing"",""missing"",""missing"",""missing""]","[2.2799999999999976,2.2799999999999985,2.2800000000000002,2.280000000000001,3.2244069222106537]",5,0,0
E_N004431_N004437,7851,missing,10,"[""E_N003297_N004437"",""E_N004431_N004451"",""E_N004417_N004437"",""E_N004431_N005571"",""E_N003297_N004451"",""E_N003283_N004437"",""E_N004431_N005585"",""E_N004417_N005571"",""E_N003297_N003303"",""E_N005565_N005571""]","[""missing"",""missing"",""missing"",""missing"",""missing"",""missing"",""missing"",""missing"",""missing"",""missing""]","[2.2799999999999976,2.2799999999999985,2.2800000000000002,2.280000000000001,3.2244069222106537,3.224406922210655,3.2244069222106564,3.2244069222106577,4.559999999999999,4.559999999999999]",10,0,0
E_N004431_N004451,7878,missing,1,"[""E_N003297_N004451""]","[""missing""]",[2.2799999999999976],1,0,0
E_N004431_N004451,7878,missing,3,"[""E_N003297_N004451"",""E_N004431_N004437"",""E_N004431_N005585""]","[""missing"",""missing"",""missing""]","[2.2799999999999976,2.2799999999999985,2.280000000000001]",3,0,0
E_N004431_N004451,7878,missing,5,"[""E_N003297_N004451"",""E_N004431_N004437"",""E_N004431_N005585"",""E_N004445_N004451"",""E_N003297_N004437""]","[""missing"",""missing"",""missing"",""missing"",""missing""]","[2.2799999999999976,2.2799999999999985,2.280000000000001,2.280000000000001,3.2244069222106537]",5,0,0
E_N004431_N004451,7878,missing,10,"[""E_N003297_N004451"",""E_N004431_N004437"",""E_N004431_N005585"",""E_N004445_N004451"",""E_N003297_N004437"",""E_N003311_N004451"",""E_N004431_N005571"",""E_N004445_N005585"",""E_N003297_N003317"",""E_N004417_N004437""]","[""missing"",""missing"",""missing"",""missing"",""missing"",""missing"",""missing"",""missing"",""missing"",""missing""]","[2.2799999999999976,2.2799999999999985,2.280000000000001,2.280000000000001,3.2244069222106537,3.2244069222106555,3.2244069222106564,3.224406922210658,4.559999999999999,4.559999999999999]",10,0,0
E_N004431_N005571,9864,missing,1,"[""E_N005565_N005571""]","[""missing""]",[2.2799999999999976],1,0,0
E_N004431_N005571,9864,missing,3,"[""E_N005565_N005571"",""E_N004431_N005585"",""E_N004417_N005571""]","[""missing"",""missing"",""missing""]","[2.2799999999999976,2.2799999999999985,2.2800000000000002]",3,0,0
E_N004431_N005571,9864,missing,5,"[""E_N005565_N005571"",""E_N004431_N005585"",""E_N004417_N005571"",""E_N004431_N004437"",""E_N005565_N005585""]","[""missing"",""missing"",""missing"",""missing"",""missing""]","[2.2799999999999976,2.2799999999999985,2.2800000000000002,2.280000000000001,3.2244069222106537]",5,0,0
E_N004431_N005571,9864,missing,10,"[""E_N005565_N005571"",""E_N004431_N005585"",""E_N004417_N005571"",""E_N004431_N004437"",""E_N005565_N005585"",""E_N005551_N005571"",""E_N004431_N004451"",""E_N004417_N004437"",""E_N003297_N004437"",""E_N005565_N006705""]","[""missing"",""missing"",""missing"",""missing"",""missing"",""missing"",""missing"",""missing"",""missing"",""missing""]","[2.2799999999999976,2.2799999999999985,2.2800000000000002,2.280000000000001,3.2244069222106537,3.224406922210655,3.2244069222106564,3.2244069222106577,4.559999999999999,4.559999999999999]",10,0,0
E_N004431_N005585,9893,missing,1,"[""E_N005565_N005585""]","[""missing""]",[2.2799999999999976],1,0,0
E_N004431_N005585,9893,missing,3,"[""E_N005565_N005585"",""E_N004431_N005571"",""E_N004431_N004451""]","[""missing"",""missing"",""missing""]","[2.2799999999999976,2.2799999999999985,2.280000000000001]",3,0,0
E_N004431_N005585,9893,missing,5,"[""E_N005565_N005585"",""E_N004431_N005571"",""E_N004431_N004451"",""E_N004445_N005585"",""E_N005565_N005571""]","[""missing"",""missing"",""missing"",""missing"",""missing""]","[2.2799999999999976,2.2799999999999985,2.280000000000001,2.280000000000001,3.2244069222106537]",5,0,0
E_N004431_N005585,9893,missing,10,"[""E_N005565_N005585"",""E_N004431_N005571"",""E_N004431_N004451"",""E_N004445_N005585"",""E_N005565_N005571"",""E_N005579_N005585"",""E_N004431_N004437"",""E_N004445_N004451"",""E_N003297_N004451"",""E_N004417_N005571""]","[""missing"",""missing"",""missing"",""missing"",""missing"",""missing"",""missing"",""missing"",""missing"",""missing""]","[2.2799999999999976,2.2799999999999985,2.280000000000001,2.280000000000001,3.2244069222106537,3.2244069222106555,3.2244069222106564,3.224406922210658,4.559999999999999,4.559999999999999]",10,0,0
E_N004445_N004451,7879,missing,1,"[""E_N003311_N004451""]","[""missing""]",[2.2799999999999976],1,0,0
E_N004445_N004451,7879,missing,3,"[""E_N003311_N004451"",""E_N004431_N004451"",""E_N004445_N004465""]","[""missing"",""missing"",""missing""]","[2.2799999999999976,2.280000000000001,2.280000000000001]",3,0,0
E_N004445_N004451,7879,missing,5,"[""E_N003311_N004451"",""E_N004431_N004451"",""E_N004445_N004465"",""E_N004445_N005585"",""E_N003297_N004451""]","[""missing"",""missing"",""missing"",""missing"",""missing""]","[2.2799999999999976,2.280000000000001,2.280000000000001,2.280000000000001,3.2244069222106555]",5,0,0
E_N004445_N004451,7879,missing,10,"[""E_N003311_N004451"",""E_N004431_N004451"",""E_N004445_N004465"",""E_N004445_N005585"",""E_N003297_N004451"",""E_N003311_N004465"",""E_N004431_N005585"",""E_N004445_N005599"",""E_N003311_N003317"",""E_N004459_N004465""]","[""missing"",""missing"",""missing"",""missing"",""missing"",""missing"",""missing"",""missing"",""missing"",""missing""]","[2.2799999999999976,2.280000000000001,2.280000000000001,2.280000000000001,3.2244069222106555,3.2244069222106555,3.224406922210658,3.224406922210658,4.559999999999999,4.559999999999999]",10,0,0
E_N004445_N004465,7906,missing,1,"[""E_N003311_N004465""]","[""missing""]",[2.2799999999999976],1,0,0
E_N004445_N004465,7906,missing,3,"[""E_N003311_N004465"",""E_N004459_N004465"",""E_N004445_N004451""]","[""missing"",""missing"",""missing""]","[2.2799999999999976,2.2799999999999976,2.280000000000001]",3,0,0
E_N004445_N004465,7906,missing,5,"[""E_N003311_N004465"",""E_N004459_N004465"",""E_N004445_N004451"",""E_N004445_N005599"",""E_N003325_N004465""]","[""missing"",""missing"",""missing"",""missing"",""missing""]","[2.2799999999999976,2.2799999999999976,2.280000000000001,2.280000000000001,3.2244069222106533]",5,0,0
E_N004445_N004465,7906,missing,10,"[""E_N003311_N004465"",""E_N004459_N004465"",""E_N004445_N004451"",""E_N004445_N005599"",""E_N003325_N004465"",""E_N003311_N004451"",""E_N004459_N005599"",""E_N004445_N005585"",""E_N003311_N003331"",""E_N004459_N004479""]","[""missing"",""missing"",""missing"",""missing"",""missing"",""missing"",""missing"",""missing"",""missing"",""missing""]","[2.2799999999999976,2.2799999999999976,2.280000000000001,2.280000000000001,3.2244069222106533,3.2244069222106555,3.2244069222106555,3.224406922210658,4.559999999999999,4.559999999999999]",10,0,0
E_N004445_N005585,9892,missing,1,"[""E_N005579_N005585""]","[""missing""]",[2.2799999999999976],1,0,0
E_N004445_N005585,9892,missing,3,"[""E_N005579_N005585"",""E_N004431_N005585"",""E_N004445_N004451""]","[""missing"",""missing"",""missing""]","[2.2799999999999976,2.280000000000001,2.280000000000001]",3,0,0
E_N004445_N005585,9892,missing,5,"[""E_N005579_N005585"",""E_N004431_N005585"",""E_N004445_N004451"",""E_N004445_N005599"",""E_N005565_N005585""]","[""missing"",""missing"",""missing"",""missing"",""missing""]","[2.2799999999999976,2.280000000000001,2.280000000000001,2.280000000000001,3.2244069222106555]",5,0,0
E_N004445_N005585,9892,missing,10,"[""E_N005579_N005585"",""E_N004431_N005585"",""E_N004445_N004451"",""E_N004445_N005599"",""E_N005565_N005585"",""E_N005579_N005599"",""E_N004431_N004451"",""E_N004445_N004465"",""E_N003311_N004451"",""E_N004459_N005599""]","[""missing"",""missing"",""missing"",""missing"",""missing"",""missing"",""missing"",""missing"",""missing"",""missing""]","[2.2799999999999976,2.280000000000001,2.280000000000001,2.280000000000001,3.2244069222106555,3.2244069222106555,3.224406922210658,3.224406922210658,4.559999999999999,4.559999999999999]",10,0,0
E_N004445_N005599,9921,missing,1,"[""E_N004459_N005599""]","[""missing""]",[2.2799999999999976],1,0,0
E_N004445_N005599,9921,missing,3,"[""E_N004459_N005599"",""E_N005579_N005599"",""E_N004445_N004465""]","[""missing"",""missing"",""missing""]","[2.2799999999999976,2.2799999999999976,2.280000000000001]",3,0,0
E_N004445_N005599,9921,missing,5,"[""E_N004459_N005599"",""E_N005579_N005599"",""E_N004445_N004465"",""E_N004445_N005585"",""E_N005593_N005599""]","[""missing"",""missing"",""missing"",""missing"",""missing""]","[2.2799999999999976,2.2799999999999976,2.280000000000001,2.280000000000001,3.2244069222106533]",5,0,0
E_N004445_N005599,9921,missing,10,"[""E_N004459_N005599"",""E_N005579_N005599"",""E_N004445_N004465"",""E_N004445_N005585"",""E_N005593_N005599"",""E_N004459_N004465"",""E_N005579_N005585"",""E_N004445_N004451"",""E_N003311_N004465"",""E_N004459_N005613""]","[""missing"",""missing"",""missing"",""missing"",""missing"",""missing"",""missing"",""missing"",""missing"",""missing""]","[2.2799999999999976,2.2799999999999976,2.280000000000001,2.280000000000001,3.2244069222106533,3.2244069222106555,3.2244069222106555,3.224406922210658,4.559999999999999,4.559999999999999]",10,0,0
E_N004459_N004465,7907,missing,1,"[""E_N003325_N004465""]","[""missing""]",[2.2799999999999976],1,0,0
E_N004459_N004465,7907,missing,3,"[""E_N003325_N004465"",""E_N004445_N004465"",""E_N004459_N004479""]","[""missing"",""missing"",""missing""]","[2.2799999999999976,2.2799999999999976,2.280000000000001]",3,0,0
E_N004459_N004465,7907,missing,5,"[""E_N003325_N004465"",""E_N004445_N004465"",""E_N004459_N004479"",""E_N004459_N005599"",""E_N003311_N004465""]","[""missing"",""missing"",""missing"",""missing"",""missing""]","[2.2799999999999976,2.2799999999999976,2.280000000000001,2.280000000000001,3.2244069222106533]",5,0,0
E_N004459_N004465,7907,missing,10,"[""E_N003325_N004465"",""E_N004445_N004465"",""E_N004459_N004479"",""E_N004459_N005599"",""E_N003311_N004465"",""E_N003325_N004479"",""E_N004445_N005599"",""E_N004459_N005613"",""E_N003325_N003331"",""E_N004445_N004451""]","[""missing"",""missing"",""missing"",""missing"",""missing"",""missing"",""missing"",""missing"",""missing"",""missing""]","[2.2799999999999976,2.2799999999999976,2.280000000000001,2.280000000000001,3.2244069222106533,3.2244069222106555,3.2244069222106555,3.224406922210658,4.559999999999999,4.559999999999999]",10,0,0
E_N004459_N004479,7934,missing,1,"[""E_N003325_N004479""]","[""missing""]",[2.2799999999999976],1,0,0
E_N004459_N004479,7934,missing,3,"[""E_N003325_N004479"",""E_N004473_N004479"",""E_N004459_N004465""]","[""missing"",""missing"",""missing""]","[2.2799999999999976,2.2799999999999976,2.280000000000001]",3,0,0
E_N004459_N004479,7934,missing,5,"[""E_N003325_N004479"",""E_N004473_N004479"",""E_N004459_N004465"",""E_N004459_N005613"",""E_N003339_N004479""]","[""missing"",""missing"",""missing"",""missing"",""missing""]","[2.2799999999999976,2.2799999999999976,2.280000000000001,2.280000000000001,3.2244069222106533]",5,0,0
E_N004459_N004479,7934,missing,10,"[""E_N003325_N004479"",""E_N004473_N004479"",""E_N004459_N004465"",""E_N004459_N005613"",""E_N003339_N004479"",""E_N003325_N004465"",""E_N004473_N005613"",""E_N004459_N005599"",""E_N003325_N003345"",""E_N004445_N004465""]","[""missing"",""missing"",""missing"",""missing"",""missing"",""missing"",""missing"",""missing"",""missing"",""missing""]","[2.2799999999999976,2.2799999999999976,2.280000000000001,2.280000000000001,3.2244069222106533,3.2244069222106555,3.2244069222106555,3.224406922210658,4.559999999999999,4.559999999999999]",10,0,0
E_N004459_N005599,9920,missing,1,"[""E_N004445_N005599""]","[""missing""]",[2.2799999999999976],1,0,0
E_N004459_N005599,9920,missing,3,"[""E_N004445_N005599"",""E_N005593_N005599"",""E_N004459_N004465""]","[""missing"",""missing"",""missing""]","[2.2799999999999976,2.2799999999999976,2.280000000000001]",3,0,0
E_N004459_N005599,9920,missing,5,"[""E_N004445_N005599"",""E_N005593_N005599"",""E_N004459_N004465"",""E_N004459_N005613"",""E_N005579_N005599""]","[""missing"",""missing"",""missing"",""missing"",""missing""]","[2.2799999999999976,2.2799999999999976,2.280000000000001,2.280000000000001,3.2244069222106533]",5,0,0
E_N004459_N005599,9920,missing,10,"[""E_N004445_N005599"",""E_N005593_N005599"",""E_N004459_N004465"",""E_N004459_N005613"",""E_N005579_N005599"",""E_N004445_N004465"",""E_N005593_N005613"",""E_N004459_N004479"",""E_N003325_N004465"",""E_N004445_N005585""]","[""missing"",""missing"",""missing"",""missing"",""missing"",""missing"",""missing"",""missing"",""missing"",""missing""]","[2.2799999999999976,2.2799999999999976,2.280000000000001,2.280000000000001,3.2244069222106533,3.2244069222106555,3.2244069222106555,3.224406922210658,4.559999999999999,4.559999999999999]",10,0,0
E_N004459_N005613,9949,missing,1,"[""E_N004473_N005613""]","[""missing""]",[2.2799999999999976],1,0,0
E_N004459_N005613,9949,missing,3,"[""E_N004473_N005613"",""E_N005593_N005613"",""E_N004459_N004479""]","[""missing"",""missing"",""missing""]","[2.2799999999999976,2.2799999999999976,2.280000000000001]",3,0,0
E_N004459_N005613,9949,missing,5,"[""E_N004473_N005613"",""E_N005593_N005613"",""E_N004459_N004479"",""E_N004459_N005599"",""E_N005607_N005613""]","[""missing"",""missing"",""missing"",""missing"",""missing""]","[2.2799999999999976,2.2799999999999976,2.280000000000001,2.280000000000001,3.2244069222106533]",5,0,0
E_N004459_N005613,9949,missing,10,"[""E_N004473_N005613"",""E_N005593_N005613"",""E_N004459_N004479"",""E_N004459_N005599"",""E_N005607_N005613"",""E_N004473_N004479"",""E_N005593_N005599"",""E_N004459_N004465"",""E_N003325_N004479"",""E_N004445_N005599""]","[""missing"",""missing"",""missing"",""missing"",""missing"",""missing"",""missing"",""missing"",""missing"",""missing""]","[2.2799999999999976,2.2799999999999976,2.280000000000001,2.280000000000001,3.2244069222106533,3.2244069222106555,3.2244069222106555,3.224406922210658,4.559999999999999,4.559999999999999]",10,0,0
E_N004473_N004479,7935,missing,1,"[""E_N003339_N004479""]","[""missing""]",[2.2799999999999976],1,0,0
E_N004473_N004479,7935,missing,3,"[""E_N003339_N004479"",""E_N004459_N004479"",""E_N004473_N004493""]","[""missing"",""missing"",""missing""]","[2.2799999999999976,2.2799999999999976,2.280000000000001]",3,0,0
E_N004473_N004479,7935,missing,5,"[""E_N003339_N004479"",""E_N004459_N004479"",""E_N004473_N004493"",""E_N004473_N005613"",""E_N003325_N004479""]","[""missing"",""missing"",""missing"",""missing"",""missing""]","[2.2799999999999976,2.2799999999999976,2.280000000000001,2.280000000000001,3.2244069222106533]",5,0,0
E_N004473_N004479,7935,missing,10,"[""E_N003339_N004479"",""E_N004459_N004479"",""E_N004473_N004493"",""E_N004473_N005613"",""E_N003325_N004479"",""E_N004459_N005613"",""E_N004473_N005627"",""E_N003339_N003345"",""E_N004459_N004465"",""E_N005607_N005613""]","[""missing"",""missing"",""missing"",""missing"",""missing"",""missing"",""missing"",""missing"",""missing"",""missing""]","[2.2799999999999976,2.2799999999999976,2.280000000000001,2.280000000000001,3.2244069222106533,3.2244069222106555,3.224406922210658,4.559999999999999,4.559999999999999,4.559999999999999]",10,0,0
E_N004473_N004493,7962,missing,1,"[""E_N004473_N004479""]","[""missing""]",[2.280000000000001],1,0,0
E_N004473_N004493,7962,missing,3,"[""E_N004473_N004479"",""E_N004473_N005627"",""E_N003339_N004479""]","[""missing"",""missing"",""missing""]","[2.280000000000001,2.280000000000001,3.2244069222106555]",3,0,0
E_N004473_N004493,7962,missing,5,"[""E_N004473_N004479"",""E_N004473_N005627"",""E_N003339_N004479"",""E_N003353_N004493"",""E_N004473_N005613""]","[""missing"",""missing"",""missing"",""missing"",""missing""]","[2.280000000000001,2.280000000000001,3.2244069222106555,3.2244069222106555,3.224406922210658]",5,0,0
E_N004473_N004493,7962,missing,10,"[""E_N004473_N004479"",""E_N004473_N005627"",""E_N003339_N004479"",""E_N003353_N004493"",""E_N004473_N005613"",""E_N003339_N003359"",""E_N004459_N004479"",""E_N005607_N005627"",""E_N003325_N004479"",""E_N003339_N003345""]","[""missing"",""missing"",""missing"",""missing"",""missing"",""missing"",""missing"",""missing"",""missing"",""missing""]","[2.280000000000001,2.280000000000001,3.2244069222106555,3.2244069222106555,3.224406922210658,4.559999999999999,4.559999999999999,4.559999999999999,5.098234988699518,5.098234988699519]",10,0,0
E_N004473_N005613,9948,missing,1,"[""E_N004459_N005613""]","[""missing""]",[2.2799999999999976],1,0,0
E_N004473_N005613,9948,missing,3,"[""E_N004459_N005613"",""E_N005607_N005613"",""E_N004473_N004479""]","[""missing"",""missing"",""missing""]","[2.2799999999999976,2.2799999999999976,2.280000000000001]",3,0,0
E_N004473_N005613,9948,missing,5,"[""E_N004459_N005613"",""E_N005607_N005613"",""E_N004473_N004479"",""E_N004473_N005627"",""E_N005593_N005613""]","[""missing"",""missing"",""missing"",""missing"",""missing""]","[2.2799999999999976,2.2799999999999976,2.280000000000001,2.280000000000001,3.2244069222106533]",5,0,0
E_N004473_N005613,9948,missing,10,"[""E_N004459_N005613"",""E_N005607_N005613"",""E_N004473_N004479"",""E_N004473_N005627"",""E_N005593_N005613"",""E_N004459_N004479"",""E_N005607_N005627"",""E_N004473_N004493"",""E_N003339_N004479"",""E_N004459_N005599""]","[""missing"",""missing"",""missing"",""missing"",""missing"",""missing"",""missing"",""missing"",""missing"",""missing""]","[2.2799999999999976,2.2799999999999976,2.280000000000001,2.280000000000001,3.2244069222106533,3.2244069222106555,3.2244069222106555,3.224406922210658,4.559999999999999,4.559999999999999]",10,0,0
E_N004473_N005627,9977,missing,1,"[""E_N005607_N005627""]","[""missing""]",[2.2799999999999976],1,0,0
E_N004473_N005627,9977,missing,3,"[""E_N005607_N005627"",""E_N004473_N004493"",""E_N004473_N005613""]","[""missing"",""missing"",""missing""]","[2.2799999999999976,2.280000000000001,2.280000000000001]",3,0,0
E_N004473_N005627,9977,missing,5,"[""E_N005607_N005627"",""E_N004473_N004493"",""E_N004473_N005613"",""E_N005607_N005613"",""E_N005621_N005627""]","[""missing"",""missing"",""missing"",""missing"",""missing""]","[2.2799999999999976,2.280000000000001,2.280000000000001,3.2244069222106555,3.2244069222106555]",5,0,0
E_N004473_N005627,9977,missing,10,"[""E_N005607_N005627"",""E_N004473_N004493"",""E_N004473_N005613"",""E_N005607_N005613"",""E_N005621_N005627"",""E_N004473_N004479"",""E_N004459_N005613"",""E_N005607_N006761"",""E_N005593_N005613"",""E_N003339_N004479""]","[""missing"",""missing"",""missing"",""missing"",""missing"",""missing"",""missing"",""missing"",""missing"",""missing""]","[2.2799999999999976,2.280000000000001,2.280000000000001,3.2244069222106555,3.2244069222106555,3.224406922210658,4.559999999999999,4.559999999999999,5.098234988699518,5.098234988699519]",10,0,0
E_N004584_N004604,8170,broken,1,"[""E_N003450_N004589""]","[""missing""]",[2.7924183067728214],1,0,0
E_N004584_N004604,8170,broken,3,"[""E_N003450_N004589"",""E_N003466_N004589"",""E_N003450_N003466""]","[""missing"",""broken"",""broken""]","[2.7924183067728214,3.224406922210655,3.604996532591951]",1,2,0
E_N004584_N004604,8170,broken,5,"[""E_N003450_N004589"",""E_N003466_N004589"",""E_N003450_N003466"",""E_N003450_N003455"",""E_N003436_N003452""]","[""missing"",""broken"",""broken"",""broken"",""missing""]","[2.7924183067728214,3.224406922210655,3.604996532591951,4.836610383315984,5.812882245495773]",2,3,0
E_N004584_N004604,8170,broken,10,"[""E_N003450_N004589"",""E_N003466_N004589"",""E_N003450_N003466"",""E_N003450_N003455"",""E_N003436_N003452"",""E_N003452_N003456"",""E_N003466_N003471"",""E_N003511_N003526"",""E_N001365_N001380"",""E_N000358_N001495""]","[""missing"",""broken"",""broken"",""broken"",""missing"",""broken"",""broken"",""missing"",""missing"",""broken""]","[2.7924183067728214,3.224406922210655,3.604996532591951,4.836610383315984,5.812882245495773,5.812882245495773,5.812882245495773,19.143855411071197,23.52933488222733,25.286423234613466]",4,6,0
E_N005369_N005375,9735,broken,1,"[""E_N005471_N005482""]","[""broken""]",[7.2099930651839035],0,1,0
E_N005369_N005375,9735,broken,3,"[""E_N005471_N005482"",""E_N005621_N005627"",""E_N005607_N005627""]","[""broken"",""missing"",""missing""]","[7.2099930651839035,9.120000000000001,9.400680826408268]",2,1,0
E_N005369_N005375,9735,broken,5,"[""E_N005471_N005482"",""E_N005621_N005627"",""E_N005607_N005627"",""E_N005621_N006761"",""E_N004473_N005627""]","[""broken"",""missing"",""missing"",""missing"",""missing""]","[7.2099930651839035,9.120000000000001,9.400680826408268,9.400680826408268,9.673220766631971]",4,1,0
E_N005369_N005375,9735,broken,10,"[""E_N005471_N005482"",""E_N005621_N005627"",""E_N005607_N005627"",""E_N005621_N006761"",""E_N004473_N005627"",""E_N005607_N006761"",""E_N005607_N005613"",""E_N006755_N006761"",""E_N004473_N004493"",""E_N004473_N005613""]","[""broken"",""missing"",""missing"",""missing"",""missing"",""missing"",""missing"",""missing"",""missing"",""missing""]","[7.2099930651839035,9.120000000000001,9.400680826408268,9.400680826408268,9.673220766631971,9.673220766631973,10.196469977399044,10.196469977399044,10.448272584499316,10.448272584499318]",9,1,0
E_N005471_N005482,9712,broken,1,"[""E_N005593_N005613""]","[""missing""]",[6.840000000000003],1,0,0
E_N005471_N005482,9712,broken,3,"[""E_N005593_N005613"",""E_N005369_N005375"",""E_N004459_N005613""]","[""missing"",""broken"",""missing""]","[6.840000000000003,7.2099930651839035,7.209993065183907]",2,1,0
E_N005471_N005482,9712,broken,5,"[""E_N005593_N005613"",""E_N005369_N005375"",""E_N004459_N005613"",""E_N005607_N005613"",""E_N005593_N005599""]","[""missing"",""broken"",""missing"",""missing"",""missing""]","[6.840000000000003,7.2099930651839035,7.209993065183907,7.209993065183907,7.209993065183909]",4,1,0
E_N005471_N005482,9712,broken,10,"[""E_N005593_N005613"",""E_N005369_N005375"",""E_N004459_N005613"",""E_N005607_N005613"",""E_N005593_N005599"",""E_N005593_N006747"",""E_N004473_N005613"",""E_N004459_N005599"",""E_N005607_N006747"",""E_N005593_N006733""]","[""missing"",""broken"",""missing"",""missing"",""missing"",""missing"",""missing"",""missing"",""missing"",""missing""]","[6.840000000000003,7.2099930651839035,7.209993065183907,7.209993065183907,7.209993065183909,7.209993065183909,7.561904522010313,7.561904522010314,7.561904522010314,7.561904522010315]",9,1,0
E_N005548_N005557,9838,missing,1,"[""E_N004414_N005557""]","[""missing""]",[2.2799999999999976],1,0,0
E_N005548_N005557,9838,missing,3,"[""E_N004414_N005557"",""E_N005551_N005557"",""E_N005548_N006691""]","[""missing"",""missing"",""missing""]","[2.2799999999999976,2.2800000000000002,2.280000000000001]",3,0,0
E_N005548_N005557,9838,missing,5,"[""E_N004414_N005557"",""E_N005551_N005557"",""E_N005548_N006691"",""E_N004417_N005557"",""E_N005551_N006691""]","[""missing"",""missing"",""missing"",""missing"",""missing""]","[2.2799999999999976,2.2800000000000002,2.280000000000001,3.224406922210655,3.2244069222106577]",5,0,0
E_N005548_N005557,9838,missing,10,"[""E_N004414_N005557"",""E_N005551_N005557"",""E_N005548_N006691"",""E_N004417_N005557"",""E_N005551_N006691"",""E_N004414_N004423"",""E_N005551_N005571"",""E_N006682_N006691"",""E_N004417_N004423"",""E_N004417_N005571""]","[""missing"",""missing"",""missing"",""missing"",""missing"",""missing"",""missing"",""missing"",""missing"",""missing""]","[2.2799999999999976,2.2800000000000002,2.280000000000001,3.224406922210655,3.2244069222106577,4.559999999999999,4.56,4.560000000000002,5.098234988699519,5.098234988699519]",10,0,0
E_N005548_N006691,11853,missing,1,"[""E_N005551_N006691""]","[""missing""]",[2.2800000000000002],1,0,0
E_N005548_N006691,11853,missing,3,"[""E_N005551_N006691"",""E_N005548_N005557"",""E_N006682_N006691""]","[""missing"",""missing"",""missing""]","[2.2800000000000002,2.280000000000001,2.280000000000001]",3,0,0
E_N005548_N006691,11853,missing,5,"[""E_N005551_N006691"",""E_N005548_N005557"",""E_N006682_N006691"",""E_N005551_N005557"",""E_N006685_N006691""]","[""missing"",""missing"",""missing"",""missing"",""missing""]","[2.2800000000000002,2.280000000000001,2.280000000000001,3.2244069222106577,3.2244069222106577]",5,0,0
E_N005548_N006691,11853,missing,10,"[""E_N005551_N006691"",""E_N005548_N005557"",""E_N006682_N006691"",""E_N005551_N005557"",""E_N006685_N006691"",""E_N004414_N005557"",""E_N005551_N006705"",""E_N006682_N007825"",""E_N004417_N005557"",""E_N005551_N005571""]","[""missing"",""missing"",""missing"",""missing"",""missing"",""missing"",""missing"",""missing"",""missing"",""missing""]","[2.2800000000000002,2.280000000000001,2.280000000000001,3.2244069222106577,3.2244069222106577,4.559999999999999,4.56,4.560000000000002,5.098234988699519,5.098234988699521]",10,0,0
E_N005551_N005557,9839,missing,1,"[""E_N004417_N005557""]","[""missing""]",[2.2799999999999976],1,0,0
E_N005551_N005557,9839,missing,3,"[""E_N004417_N005557"",""E_N005551_N005571"",""E_N005548_N005557""]","[""missing"",""missing"",""missing""]","[2.2799999999999976,2.2799999999999994,2.2800000000000002]",3,0,0
E_N005551_N005557,9839,missing,5,"[""E_N004417_N005557"",""E_N005551_N005571"",""E_N005548_N005557"",""E_N005551_N006691"",""E_N004417_N005571""]","[""missing"",""missing"",""missing"",""missing"",""missing""]","[2.2799999999999976,2.2799999999999994,2.2800000000000002,2.280000000000001,3.224406922210654]",5,0,0
E_N005551_N005557,9839,missing,10,"[""E_N004417_N005557"",""E_N005551_N005571"",""E_N005548_N005557"",""E_N005551_N006691"",""E_N004417_N005571"",""E_N004414_N005557"",""E_N005551_N006705"",""E_N005548_N006691"",""E_N004417_N004423"",""E_N005565_N005571""]","[""missing"",""missing"",""missing"",""missing"",""missing"",""missing"",""missing"",""missing"",""missing"",""missing""]","[2.2799999999999976,2.2799999999999994,2.2800000000000002,2.280000000000001,3.224406922210654,3.224406922210655,3.2244069222106573,3.2244069222106577,4.559999999999999,4.56]",10,0,0
E_N005551_N005571,9866,missing,1,"[""E_N004417_N005571""]","[""missing""]",[2.2799999999999976],1,0,0
E_N005551_N005571,9866,missing,3,"[""E_N004417_N005571"",""E_N005551_N005557"",""E_N005565_N005571""]","[""missing"",""missing"",""missing""]","[2.2799999999999976,2.2799999999999994,2.2800000000000002]",3,0,0
E_N005551_N005571,9866,missing,5,"[""E_N004417_N005571"",""E_N005551_N005557"",""E_N005565_N005571"",""E_N005551_N006705"",""E_N004417_N005557""]","[""missing"",""missing"",""missing"",""missing"",""missing""]","[2.2799999999999976,2.2799999999999994,2.2800000000000002,2.280000000000001,3.224406922210654]",5,0,0
E_N005551_N005571,9866,missing,10,"[""E_N004417_N005571"",""E_N005551_N005557"",""E_N005565_N005571"",""E_N005551_N006705"",""E_N004417_N005557"",""E_N004431_N005571"",""E_N005551_N006691"",""E_N005565_N006705"",""E_N004417_N004437"",""E_N005565_N005585""]","[""missing"",""missing"",""missing"",""missing"",""missing"",""missing"",""missing"",""missing"",""missing"",""missing""]","[2.2799999999999976,2.2799999999999994,2.2800000000000002,2.280000000000001,3.224406922210654,3.224406922210655,3.2244069222106573,3.2244069222106577,4.559999999999999,4.559999999999999]",10,0,0
E_N005551_N006691,11852,missing,1,"[""E_N005551_N006705""]","[""missing""]",[2.2799999999999994],1,0,0
E_N005551_N006691,11852,missing,3,"[""E_N005551_N006705"",""E_N005548_N006691"",""E_N005551_N005557""]","[""missing"",""missing"",""missing""]","[2.2799999999999994,2.2800000000000002,2.280000000000001]",3,0,0
E_N005551_N006691,11852,missing,5,"[""E_N005551_N006705"",""E_N005548_N006691"",""E_N005551_N005557"",""E_N006685_N006691"",""E_N005551_N005571""]","[""missing"",""missing"",""missing"",""missing"",""missing""]","[2.2799999999999994,2.2800000000000002,2.280000000000001,2.280000000000001,3.2244069222106573]",5,0,0
E_N005551_N006691,11852,missing,10,"[""E_N005551_N006705"",""E_N005548_N006691"",""E_N005551_N005557"",""E_N006685_N006691"",""E_N005551_N005571"",""E_N006685_N006705"",""E_N005548_N005557"",""E_N006682_N006691"",""E_N004417_N005557"",""E_N005565_N006705""]","[""missing"",""missing"",""missing"",""missing"",""missing"",""missing"",""missing"",""missing"",""missing"",""missing""]","[2.2799999999999994,2.2800000000000002,2.280000000000001,2.280000000000001,3.2244069222106573,3.2244069222106573,3.2244069222106577,3.2244069222106577,4.559999999999999,4.56]",10,0,0
E_N005551_N006705,11881,missing,1,"[""E_N005551_N006691""]","[""missing""]",[2.2799999999999994],1,0,0
E_N005551_N006705,11881,missing,3,"[""E_N005551_N006691"",""E_N005565_N006705"",""E_N005551_N005571""]","[""missing"",""missing"",""missing""]","[2.2799999999999994,2.2800000000000002,2.280000000000001]",3,0,0
E_N005551_N006705,11881,missing,5,"[""E_N005551_N006691"",""E_N005565_N006705"",""E_N005551_N005571"",""E_N006685_N006705"",""E_N005551_N005557""]","[""missing"",""missing"",""missing"",""missing"",""missing""]","[2.2799999999999994,2.2800000000000002,2.280000000000001,2.280000000000001,3.2244069222106573]",5,0,0
E_N005551_N006705,11881,missing,10,"[""E_N005551_N006691"",""E_N005565_N006705"",""E_N005551_N005571"",""E_N006685_N006705"",""E_N005551_N005557"",""E_N006685_N006691"",""E_N005565_N005571"",""E_N006699_N006705"",""E_N004417_N005571"",""E_N005565_N006719""]","[""missing"",""missing"",""missing"",""missing"",""missing"",""missing"",""missing"",""missing"",""missing"",""missing""]","[2.2799999999999994,2.2800000000000002,2.280000000000001,2.280000000000001,3.2244069222106573,3.2244069222106573,3.2244069222106577,3.2244069222106577,4.559999999999999,4.559999999999999]",10,0,0
E_N005565_N005571,9867,missing,1,"[""E_N004431_N005571""]","[""missing""]",[2.2799999999999976],1,0,0
E_N005565_N005571,9867,missing,3,"[""E_N004431_N005571"",""E_N005565_N005585"",""E_N005551_N005571""]","[""missing"",""missing"",""missing""]","[2.2799999999999976,2.2799999999999985,2.2800000000000002]",3,0,0
E_N005565_N005571,9867,missing,5,"[""E_N004431_N005571"",""E_N005565_N005585"",""E_N005551_N005571"",""E_N005565_N006705"",""E_N004431_N005585""]","[""missing"",""missing"",""missing"",""missing"",""missing""]","[2.2799999999999976,2.2799999999999985,2.2800000000000002,2.280000000000001,3.2244069222106537]",5,0,0
E_N005565_N005571,9867,missing,10,"[""E_N004431_N005571"",""E_N005565_N005585"",""E_N005551_N005571"",""E_N005565_N006705"",""E_N004431_N005585"",""E_N004417_N005571"",""E_N005565_N006719"",""E_N005551_N006705"",""E_N004431_N004437"",""E_N005551_N005557""]","[""missing"",""missing"",""missing"",""missing"",""missing"",""missing"",""missing"",""missing"",""missing"",""missing""]","[2.2799999999999976,2.2799999999999985,2.2800000000000002,2.280000000000001,3.2244069222106537,3.224406922210655,3.2244069222106564,3.2244069222106577,4.559999999999999,4.56]",10,0,0
E_N005565_N005585,9894,missing,1,"[""E_N004431_N005585""]","[""missing""]",[2.2799999999999976],1,0,0
E_N005565_N005585,9894,missing,3,"[""E_N004431_N005585"",""E_N005565_N005571"",""E_N005565_N006719""]","[""missing"",""missing"",""missing""]","[2.2799999999999976,2.2799999999999985,2.280000000000001]",3,0,0
E_N005565_N005585,9894,missing,5,"[""E_N004431_N005585"",""E_N005565_N005571"",""E_N005565_N006719"",""E_N005579_N005585"",""E_N004431_N005571""]","[""missing"",""missing"",""missing"",""missing"",""missing""]","[2.2799999999999976,2.2799999999999985,2.280000000000001,2.280000000000001,3.2244069222106537]",5,0,0
E_N005565_N005585,9894,missing,10,"[""E_N004431_N005585"",""E_N005565_N005571"",""E_N005565_N006719"",""E_N005579_N005585"",""E_N004431_N005571"",""E_N004445_N005585"",""E_N005565_N006705"",""E_N005579_N006719"",""E_N004431_N004451"",""E_N005551_N005571""]","[""missing"",""missing"",""missing"",""missing"",""missing"",""missing"",""missing"",""missing"",""missing"",""missing""]","[2.2799999999999976,2.2799999999999985,2.280000000000001,2.280000000000001,3.2244069222106537,3.2244069222106555,3.2244069222106564,3.224406922210658,4.559999999999999,4.559999999999999]",10,0,0
E_N005565_N006705,11880,missing,1,"[""E_N005565_N006719""]","[""missing""]",[2.2799999999999985],1,0,0
E_N005565_N006705,11880,missing,3,"[""E_N005565_N006719"",""E_N005551_N006705"",""E_N005565_N005571""]","[""missing"",""missing"",""missing""]","[2.2799999999999985,2.2800000000000002,2.280000000000001]",3,0,0
E_N005565_N006705,11880,missing,5,"[""E_N005565_N006719"",""E_N005551_N006705"",""E_N005565_N005571"",""E_N006699_N006705"",""E_N005565_N005585""]","[""missing"",""missing"",""missing"",""missing"",""missing""]","[2.2799999999999985,2.2800000000000002,2.280000000000001,2.280000000000001,3.2244069222106564]",5,0,0
E_N005565_N006705,11880,missing,10,"[""E_N005565_N006719"",""E_N005551_N006705"",""E_N005565_N005571"",""E_N006699_N006705"",""E_N005565_N005585"",""E_N006699_N006719"",""E_N005551_N005571"",""E_N006685_N006705"",""E_N004431_N005571"",""E_N005551_N006691""]","[""missing"",""missing"",""missing"",""missing"",""missing"",""missing"",""missing"",""missing"",""missing"",""missing""]","[2.2799999999999985,2.2800000000000002,2.280000000000001,2.280000000000001,3.2244069222106564,3.2244069222106564,3.2244069222106577,3.2244069222106577,4.559999999999999,4.56]",10,0,0
E_N005565_N006719,11909,missing,1,"[""E_N005565_N006705""]","[""missing""]",[2.2799999999999985],1,0,0
E_N005565_N006719,11909,missing,3,"[""E_N005565_N006705"",""E_N005565_N005585"",""E_N005579_N006719""]","[""missing"",""missing"",""missing""]","[2.2799999999999985,2.280000000000001,2.280000000000001]",3,0,0
E_N005565_N006719,11909,missing,5,"[""E_N005565_N006705"",""E_N005565_N005585"",""E_N005579_N006719"",""E_N006699_N006719"",""E_N005565_N005571""]","[""missing"",""missing"",""missing"",""missing"",""missing""]","[2.2799999999999985,2.280000000000001,2.280000000000001,2.280000000000001,3.2244069222106564]",5,0,0
E_N005565_N006719,11909,missing,10,"[""E_N005565_N006705"",""E_N005565_N005585"",""E_N005579_N006719"",""E_N006699_N006719"",""E_N005565_N005571"",""E_N006699_N006705"",""E_N005579_N005585"",""E_N006713_N006719"",""E_N004431_N005585"",""E_N005551_N006705""]","[""missing"",""missing"",""missing"",""missing"",""missing"",""missing"",""missing"",""missing"",""missing"",""missing""]","[2.2799999999999985,2.280000000000001,2.280000000000001,2.280000000000001,3.2244069222106564,3.2244069222106564,3.224406922210658,3.224406922210658,4.559999999999999,4.559999999999999]",10,0,0
E_N005579_N005585,9895,missing,1,"[""E_N004445_N005585""]","[""missing""]",[2.2799999999999976],1,0,0
E_N005579_N005585,9895,missing,3,"[""E_N004445_N005585"",""E_N005565_N005585"",""E_N005579_N005599""]","[""missing"",""missing"",""missing""]","[2.2799999999999976,2.280000000000001,2.280000000000001]",3,0,0
E_N005579_N005585,9895,missing,5,"[""E_N004445_N005585"",""E_N005565_N005585"",""E_N005579_N005599"",""E_N005579_N006719"",""E_N004431_N005585""]","[""missing"",""missing"",""missing"",""missing"",""missing""]","[2.2799999999999976,2.280000000000001,2.280000000000001,2.280000000000001,3.2244069222106555]",5,0,0
E_N005579_N005585,9895,missing,10,"[""E_N004445_N005585"",""E_N005565_N005585"",""E_N005579_N005599"",""E_N005579_N006719"",""E_N004431_N005585"",""E_N004445_N005599"",""E_N005565_N006719"",""E_N005579_N006733"",""E_N004445_N004451"",""E_N005593_N005599""]","[""missing"",""missing"",""missing"",""missing"",""missing"",""missing"",""missing"",""missing"",""missing"",""missing""]","[2.2799999999999976,2.280000000000001,2.280000000000001,2.280000000000001,3.2244069222106555,3.2244069222106555,3.224406922210658,3.224406922210658,4.559999999999999,4.559999999999999]",10,0,0
E_N005579_N005599,9922,missing,1,"[""E_N004445_N005599""]","[""missing""]",[2.2799999999999976],1,0,0
E_N005579_N005599,9922,missing,3,"[""E_N004445_N005599"",""E_N005593_N005599"",""E_N005579_N005585""]","[""missing"",""missing"",""missing""]","[2.2799999999999976,2.2799999999999976,2.280000000000001]",3,0,0
E_N005579_N005599,9922,missing,5,"[""E_N004445_N005599"",""E_N005593_N005599"",""E_N005579_N005585"",""E_N005579_N006733"",""E_N004459_N005599""]","[""missing"",""missing"",""missing"",""missing"",""missing""]","[2.2799999999999976,2.2799999999999976,2.280000000000001,2.280000000000001,3.2244069222106533]",5,0,0
E_N005579_N005599,9922,missing,10,"[""E_N004445_N005599"",""E_N005593_N005599"",""E_N005579_N005585"",""E_N005579_N006733"",""E_N004459_N005599"",""E_N004445_N005585"",""E_N005593_N006733"",""E_N005579_N006719"",""E_N004445_N004465"",""E_N005593_N005613""]","[""missing"",""missing"",""missing"",""missing"",""missing"",""missing"",""missing"",""missing"",""missing"",""missing""]","[2.2799999999999976,2.2799999999999976,2.280000000000001,2.280000000000001,3.2244069222106533,3.2244069222106555,3.2244069222106555,3.224406922210658,4.559999999999999,4.559999999999999]",10,0,0
E_N005579_N006719,11908,missing,1,"[""E_N005565_N006719""]","[""missing""]",[2.280000000000001],1,0,0
E_N005579_N006719,11908,missing,3,"[""E_N005565_N006719"",""E_N005579_N005585"",""E_N005579_N006733""]","[""missing"",""missing"",""missing""]","[2.280000000000001,2.280000000000001,2.280000000000001]",3,0,0
E_N005579_N006719,11908,missing,5,"[""E_N005565_N006719"",""E_N005579_N005585"",""E_N005579_N006733"",""E_N006713_N006719"",""E_N005565_N005585""]","[""missing"",""missing"",""missing"",""missing"",""missing""]","[2.280000000000001,2.280000000000001,2.280000000000001,2.280000000000001,3.224406922210658]",5,0,0
E_N005579_N006719,11908,missing,10,"[""E_N005565_N006719"",""E_N005579_N005585"",""E_N005579_N006733"",""E_N006713_N006719"",""E_N005565_N005585"",""E_N005579_N005599"",""E_N006699_N006719"",""E_N006713_N006733"",""E_N004445_N005585"",""E_N005593_N006733""]","[""missing"",""missing"",""missing"",""missing"",""missing"",""missing"",""missing"",""missing"",""missing"",""missing""]","[2.280000000000001,2.280000000000001,2.280000000000001,2.280000000000001,3.224406922210658,3.224406922210658,3.224406922210658,3.224406922210658,4.559999999999999,4.559999999999999]",10,0,0
E_N005579_N006733,11937,missing,1,"[""E_N005593_N006733""]","[""missing""]",[2.2799999999999976],1,0,0
E_N005579_N006733,11937,missing,3,"[""E_N005593_N006733"",""E_N005579_N005599"",""E_N005579_N006719""]","[""missing"",""missing"",""missing""]","[2.2799999999999976,2.280000000000001,2.280000000000001]",3,0,0
E_N005579_N006733,11937,missing,5,"[""E_N005593_N006733"",""E_N005579_N005599"",""E_N005579_N006719"",""E_N006713_N006733"",""E_N005593_N005599""]","[""missing"",""missing"",""missing"",""missing"",""missing""]","[2.2799999999999976,2.280000000000001,2.280000000000001,2.280000000000001,3.2244069222106555]",5,0,0
E_N005579_N006733,11937,missing,10,"[""E_N005593_N006733"",""E_N005579_N005599"",""E_N005579_N006719"",""E_N006713_N006733"",""E_N005593_N005599"",""E_N006727_N006733"",""E_N005579_N005585"",""E_N006713_N006719"",""E_N004445_N005599"",""E_N005593_N006747""]","[""missing"",""missing"",""missing"",""missing"",""missing"",""missing"",""missing"",""missing"",""missing"",""missing""]","[2.2799999999999976,2.280000000000001,2.280000000000001,2.280000000000001,3.2244069222106555,3.2244069222106555,3.224406922210658,3.224406922210658,4.559999999999999,4.559999999999999]",10,0,0
E_N005593_N005599,9923,missing,1,"[""E_N004459_N005599""]","[""missing""]",[2.2799999999999976],1,0,0
E_N005593_N005599,9923,missing,3,"[""E_N004459_N005599"",""E_N005579_N005599"",""E_N005593_N005613""]","[""missing"",""missing"",""missing""]","[2.2799999999999976,2.2799999999999976,2.280000000000001]",3,0,0
E_N005593_N005599,9923,missing,5,"[""E_N004459_N005599"",""E_N005579_N005599"",""E_N005593_N005613"",""E_N005593_N006733"",""E_N004445_N005599""]","[""missing"",""missing"",""missing"",""missing"",""missing""]","[2.2799999999999976,2.2799999999999976,2.280000000000001,2.280000000000001,3.2244069222106533]",5,0,0
E_N005593_N005599,9923,missing,10,"[""E_N004459_N005599"",""E_N005579_N005599"",""E_N005593_N005613"",""E_N005593_N006733"",""E_N004445_N005599"",""E_N004459_N005613"",""E_N005579_N006733"",""E_N005593_N006747"",""E_N004459_N004465"",""E_N005579_N005585""]","[""missing"",""missing"",""missing"",""missing"",""missing"",""missing"",""missing"",""missing"",""missing"",""missing""]","[2.2799999999999976,2.2799999999999976,2.280000000000001,2.280000000000001,3.2244069222106533,3.2244069222106555,3.2244069222106555,3.224406922210658,4.559999999999999,4.559999999999999]",10,0,0
E_N005593_N005613,9950,missing,1,"[""E_N004459_N005613""]","[""missing""]",[2.2799999999999976],1,0,0
E_N005593_N005613,9950,missing,3,"[""E_N004459_N005613"",""E_N005607_N005613"",""E_N005593_N005599""]","[""missing"",""missing"",""missing""]","[2.2799999999999976,2.2799999999999976,2.280000000000001]",3,0,0
E_N005593_N005613,9950,missing,5,"[""E_N004459_N005613"",""E_N005607_N005613"",""E_N005593_N005599"",""E_N005593_N006747"",""E_N004473_N005613""]","[""missing"",""missing"",""missing"",""missing"",""missing""]","[2.2799999999999976,2.2799999999999976,2.280000000000001,2.280000000000001,3.2244069222106533]",5,0,0
E_N005593_N005613,9950,missing,10,"[""E_N004459_N005613"",""E_N005607_N005613"",""E_N005593_N005599"",""E_N005593_N006747"",""E_N004473_N005613"",""E_N004459_N005599"",""E_N005607_N006747"",""E_N005593_N006733"",""E_N004459_N004479"",""E_N005579_N005599""]","[""missing"",""missing"",""missing"",""missing"",""missing"",""missing"",""missing"",""missing"",""missing"",""missing""]","[2.2799999999999976,2.2799999999999976,2.280000000000001,2.280000000000001,3.2244069222106533,3.2244069222106555,3.2244069222106555,3.224406922210658,4.559999999999999,4.559999999999999]",10,0,0
E_N005593_N006733,11936,missing,1,"[""E_N005579_N006733""]","[""missing""]",[2.2799999999999976],1,0,0
E_N005593_N006733,11936,missing,3,"[""E_N005579_N006733"",""E_N005593_N005599"",""E_N005593_N006747""]","[""missing"",""missing"",""missing""]","[2.2799999999999976,2.280000000000001,2.280000000000001]",3,0,0
E_N005593_N006733,11936,missing,5,"[""E_N005579_N006733"",""E_N005593_N005599"",""E_N005593_N006747"",""E_N006727_N006733"",""E_N005579_N005599""]","[""missing"",""missing"",""missing"",""missing"",""missing""]","[2.2799999999999976,2.280000000000001,2.280000000000001,2.280000000000001,3.2244069222106555]",5,0,0
E_N005593_N006733,11936,missing,10,"[""E_N005579_N006733"",""E_N005593_N005599"",""E_N005593_N006747"",""E_N006727_N006733"",""E_N005579_N005599"",""E_N006713_N006733"",""E_N005593_N005613"",""E_N006727_N006747"",""E_N004459_N005599"",""E_N005579_N006719""]","[""missing"",""missing"",""missing"",""missing"",""missing"",""missing"",""missing"",""missing"",""missing"",""missing""]","[2.2799999999999976,2.280000000000001,2.280000000000001,2.280000000000001,3.2244069222106555,3.2244069222106555,3.224406922210658,3.224406922210658,4.559999999999999,4.559999999999999]",10,0,0
E_N005593_N006747,11965,missing,1,"[""E_N005607_N006747""]","[""missing""]",[2.2799999999999976],1,0,0
E_N005593_N006747,11965,missing,3,"[""E_N005607_N006747"",""E_N005593_N005613"",""E_N005593_N006733""]","[""missing"",""missing"",""missing""]","[2.2799999999999976,2.280000000000001,2.280000000000001]",3,0,0
E_N005593_N006747,11965,missing,5,"[""E_N005607_N006747"",""E_N005593_N005613"",""E_N005593_N006733"",""E_N006727_N006747"",""E_N005607_N005613""]","[""missing"",""missing"",""missing"",""missing"",""missing""]","[2.2799999999999976,2.280000000000001,2.280000000000001,2.280000000000001,3.2244069222106555]",5,0,0
E_N005593_N006747,11965,missing,10,"[""E_N005607_N006747"",""E_N005593_N005613"",""E_N005593_N006733"",""E_N006727_N006747"",""E_N005607_N005613"",""E_N006741_N006747"",""E_N005593_N005599"",""E_N006727_N006733"",""E_N004459_N005613"",""E_N005579_N006733""]","[""missing"",""missing"",""missing"",""missing"",""missing"",""missing"",""missing"",""missing"",""missing"",""missing""]","[2.2799999999999976,2.280000000000001,2.280000000000001,2.280000000000001,3.2244069222106555,3.2244069222106555,3.224406922210658,3.224406922210658,4.559999999999999,4.559999999999999]",10,0,0
E_N005607_N005613,9951,missing,1,"[""E_N004473_N005613""]","[""missing""]",[2.2799999999999976],1,0,0
E_N005607_N005613,9951,missing,3,"[""E_N004473_N005613"",""E_N005593_N005613"",""E_N005607_N005627""]","[""missing"",""missing"",""missing""]","[2.2799999999999976,2.2799999999999976,2.280000000000001]",3,0,0
E_N005607_N005613,9951,missing,5,"[""E_N004473_N005613"",""E_N005593_N005613"",""E_N005607_N005627"",""E_N005607_N006747"",""E_N004459_N005613""]","[""missing"",""missing"",""missing"",""missing"",""missing""]","[2.2799999999999976,2.2799999999999976,2.280000000000001,2.280000000000001,3.2244069222106533]",5,0,0
E_N005607_N005613,9951,missing,10,"[""E_N004473_N005613"",""E_N005593_N005613"",""E_N005607_N005627"",""E_N005607_N006747"",""E_N004459_N005613"",""E_N004473_N005627"",""E_N005593_N006747"",""E_N005607_N006761"",""E_N004473_N004479"",""E_N005593_N005599""]","[""missing"",""missing"",""missing"",""missing"",""missing"",""missing"",""missing"",""missing"",""missing"",""missing""]","[2.2799999999999976,2.2799999999999976,2.280000000000001,2.280000000000001,3.2244069222106533,3.2244069222106555,3.2244069222106555,3.224406922210658,4.559999999999999,4.559999999999999]",10,0,0
E_N005607_N005627,9978,missing,1,"[""E_N004473_N005627""]","[""missing""]",[2.2799999999999976],1,0,0
E_N005607_N005627,9978,missing,3,"[""E_N004473_N005627"",""E_N005607_N005613"",""E_N005607_N006761""]","[""missing"",""missing"",""missing""]","[2.2799999999999976,2.280000000000001,2.280000000000001]",3,0,0
E_N005607_N005627,9978,missing,5,"[""E_N004473_N005627"",""E_N005607_N005613"",""E_N005607_N006761"",""E_N005621_N005627"",""E_N004473_N005613""]","[""missing"",""missing"",""missing"",""missing"",""missing""]","[2.2799999999999976,2.280000000000001,2.280000000000001,2.280000000000001,3.2244069222106555]",5,0,0
E_N005607_N005627,9978,missing,10,"[""E_N004473_N005627"",""E_N005607_N005613"",""E_N005607_N006761"",""E_N005621_N005627"",""E_N004473_N005613"",""E_N005607_N006747"",""E_N005621_N006761"",""E_N004473_N004493"",""E_N005593_N005613"",""E_N006741_N006761""]","[""missing"",""missing"",""missing"",""missing"",""missing"",""missing"",""missing"",""missing"",""missing"",""missing""]","[2.2799999999999976,2.280000000000001,2.280000000000001,2.280000000000001,3.2244069222106555,3.224406922210658,3.224406922210658,4.559999999999999,4.559999999999999,4.560000000000002]",10,0,0
E_N005607_N006747,11964,missing,1,"[""E_N005593_N006747""]","[""missing""]",[2.2799999999999976],1,0,0
E_N005607_N006747,11964,missing,3,"[""E_N005593_N006747"",""E_N005607_N005613"",""E_N005607_N006761""]","[""missing"",""missing"",""missing""]","[2.2799999999999976,2.280000000000001,2.280000000000001]",3,0,0
E_N005607_N006747,11964,missing,5,"[""E_N005593_N006747"",""E_N005607_N005613"",""E_N005607_N006761"",""E_N006741_N006747"",""E_N005593_N005613""]","[""missing"",""missing"",""missing"",""missing"",""missing""]","[2.2799999999999976,2.280000000000001,2.280000000000001,2.280000000000001,3.2244069222106555]",5,0,0
E_N005607_N006747,11964,missing,10,"[""E_N005593_N006747"",""E_N005607_N005613"",""E_N005607_N006761"",""E_N006741_N006747"",""E_N005593_N005613"",""E_N006727_N006747"",""E_N005607_N005627"",""E_N006741_N006761"",""E_N004473_N005613"",""E_N005593_N006733""]","[""missing"",""missing"",""missing"",""missing"",""missing"",""missing"",""missing"",""missing"",""missing"",""missing""]","[2.2799999999999976,2.280000000000001,2.280000000000001,2.280000000000001,3.2244069222106555,3.2244069222106555,3.224406922210658,3.224406922210658,4.559999999999999,4.559999999999999]",10,0,0
E_N005607_N006761,11993,missing,1,"[""E_N005607_N005627""]","[""missing""]",[2.280000000000001],1,0,0
E_N005607_N006761,11993,missing,3,"[""E_N005607_N005627"",""E_N005607_N006747"",""E_N005621_N006761""]","[""missing"",""missing"",""missing""]","[2.280000000000001,2.280000000000001,2.280000000000001]",3,0,0
E_N005607_N006761,11993,missing,5,"[""E_N005607_N005627"",""E_N005607_N006747"",""E_N005621_N006761"",""E_N006741_N006761"",""E_N005607_N005613""]","[""missing"",""missing"",""missing"",""missing"",""missing""]","[2.280000000000001,2.280000000000001,2.280000000000001,2.280000000000001,3.224406922210658]",5,0,0
E_N005607_N006761,11993,missing,10,"[""E_N005607_N005627"",""E_N005607_N006747"",""E_N005621_N006761"",""E_N006741_N006761"",""E_N005607_N005613"",""E_N005621_N005627"",""E_N006741_N006747"",""E_N006755_N006761"",""E_N004473_N005627"",""E_N005593_N006747""]","[""missing"",""missing"",""missing"",""missing"",""missing"",""missing"",""missing"",""missing"",""missing"",""missing""]","[2.280000000000001,2.280000000000001,2.280000000000001,2.280000000000001,3.224406922210658,3.224406922210658,3.224406922210658,3.224406922210658,4.559999999999999,4.559999999999999]",10,0,0
E_N005621_N005627,9979,missing,1,"[""E_N005607_N005627""]","[""missing""]",[2.280000000000001],1,0,0
E_N005621_N005627,9979,missing,3,"[""E_N005607_N005627"",""E_N005621_N006761"",""E_N004473_N005627""]","[""missing"",""missing"",""missing""]","[2.280000000000001,2.280000000000001,3.2244069222106555]",3,0,0
E_N005621_N005627,9979,missing,5,"[""E_N005607_N005627"",""E_N005621_N006761"",""E_N004473_N005627"",""E_N005607_N006761"",""E_N005607_N005613""]","[""missing"",""missing"",""missing"",""missing"",""missing""]","[2.280000000000001,2.280000000000001,3.2244069222106555,3.224406922210658,4.560000000000002]",5,0,0
E_N005621_N005627,9979,missing,10,"[""E_N005607_N005627"",""E_N005621_N006761"",""E_N004473_N005627"",""E_N005607_N006761"",""E_N005607_N005613"",""E_N006755_N006761"",""E_N004473_N004493"",""E_N004473_N005613"",""E_N005607_N006747"",""E_N006741_N006761""]","[""missing"",""missing"",""missing"",""missing"",""missing"",""missing"",""missing"",""missing"",""missing"",""missing""]","[2.280000000000001,2.280000000000001,3.2244069222106555,3.224406922210658,4.560000000000002,4.560000000000002,5.098234988699519,5.098234988699521,5.098234988699523,5.098234988699523]",10,0,0
E_N005621_N006761,11992,missing,1,"[""E_N005607_N006761""]","[""missing""]",[2.280000000000001],1,0,0
E_N005621_N006761,11992,missing,3,"[""E_N005607_N006761"",""E_N005621_N005627"",""E_N006755_N006761""]","[""missing"",""missing"",""missing""]","[2.280000000000001,2.280000000000001,2.280000000000001]",3,0,0
E_N005621_N006761,11992,missing,5,"[""E_N005607_N006761"",""E_N005621_N005627"",""E_N006755_N006761"",""E_N005607_N005627"",""E_N006741_N006761""]","[""missing"",""missing"",""missing"",""missing"",""missing""]","[2.280000000000001,2.280000000000001,2.280000000000001,3.224406922210658,3.224406922210658]",5,0,0
E_N005621_N006761,11992,missing,10,"[""E_N005607_N006761"",""E_N005621_N005627"",""E_N006755_N006761"",""E_N005607_N005627"",""E_N006741_N006761"",""E_N005607_N006747"",""E_N006755_N007895"",""E_N004473_N005627"",""E_N005607_N005613"",""E_N006741_N006747""]","[""missing"",""missing"",""missing"",""missing"",""missing"",""missing"",""missing"",""missing"",""missing"",""missing""]","[2.280000000000001,2.280000000000001,2.280000000000001,3.224406922210658,3.224406922210658,4.560000000000002,4.560000000000002,5.098234988699519,5.098234988699523,5.098234988699523]",10,0,0
E_N006559_N007697,13665,missing,1,"[""E_N006685_N007825""]","[""missing""]",[5.812882245495778],1,0,0
E_N006559_N007697,13665,missing,3,"[""E_N006685_N007825"",""E_N006685_N007839"",""E_N007819_N007825""]","[""missing"",""missing"",""missing""]","[5.812882245495778,5.812882245495778,6.244037155558895]",3,0,0
E_N006559_N007697,13665,missing,5,"[""E_N006685_N007825"",""E_N006685_N007839"",""E_N007819_N007825"",""E_N007819_N007839"",""E_N006685_N006691""]","[""missing"",""missing"",""missing"",""missing"",""missing""]","[5.812882245495778,5.812882245495778,6.244037155558895,6.244037155558895,6.244037155558897]",5,0,0
E_N006559_N007697,13665,missing,10,"[""E_N006685_N007825"",""E_N006685_N007839"",""E_N007819_N007825"",""E_N007819_N007839"",""E_N006685_N006691"",""E_N006685_N006705"",""E_N006682_N007825"",""E_N006699_N007839"",""E_N007816_N007825"",""E_N007833_N007839""]","[""missing"",""missing"",""missing"",""missing"",""missing"",""missing"",""missing"",""missing"",""missing"",""missing""]","[5.812882245495778,5.812882245495778,6.244037155558895,6.244037155558895,6.244037155558897,6.244037155558897,6.647285160123644,6.647285160123644,7.027431963384634,7.027431963384634]",10,0,0
E_N006682_N006691,11854,missing,1,"[""E_N006685_N006691""]","[""missing""]",[2.2800000000000002],1,0,0
E_N006682_N006691,11854,missing,3,"[""E_N006685_N006691"",""E_N005548_N006691"",""E_N006682_N007825""]","[""missing"",""missing"",""missing""]","[2.2800000000000002,2.280000000000001,2.280000000000001]",3,0,0
E_N006682_N006691,11854,missing,5,"[""E_N006685_N006691"",""E_N005548_N006691"",""E_N006682_N007825"",""E_N005551_N006691"",""E_N006685_N007825""]","[""missing"",""missing"",""missing"",""missing"",""missing""]","[2.2800000000000002,2.280000000000001,2.280000000000001,3.2244069222106577,3.2244069222106577]",5,0,0
E_N006682_N006691,11854,missing,10,"[""E_N006685_N006691"",""E_N005548_N006691"",""E_N006682_N007825"",""E_N005551_N006691"",""E_N006685_N007825"",""E_N007816_N007825"",""E_N006685_N006705"",""E_N005548_N005557"",""E_N007819_N007825"",""E_N005551_N006705""]","[""missing"",""missing"",""missing"",""missing"",""missing"",""missing"",""missing"",""missing"",""missing"",""missing""]","[2.2800000000000002,2.280000000000001,2.280000000000001,3.2244069222106577,3.2244069222106577,4.559999999999999,4.56,4.560000000000002,5.098234988699519,5.098234988699521]",10,0,0
E_N006682_N007825,13869,missing,1,"[""E_N007816_N007825""]","[""missing""]",[2.2799999999999976],1,0,0
E_N006682_N007825,13869,missing,3,"[""E_N007816_N007825"",""E_N006685_N007825"",""E_N006682_N006691""]","[""missing"",""missing"",""missing""]","[2.2799999999999976,2.2800000000000002,2.280000000000001]",3,0,0
E_N006682_N007825,13869,missing,5,"[""E_N007816_N007825"",""E_N006685_N007825"",""E_N006682_N006691"",""E_N007819_N007825"",""E_N006685_N006691""]","[""missing"",""missing"",""missing"",""missing"",""missing""]","[2.2799999999999976,2.2800000000000002,2.280000000000001,3.224406922210655,3.2244069222106577]",5,0,0
E_N006682_N007825,13869,missing,10,"[""E_N007816_N007825"",""E_N006685_N007825"",""E_N006682_N006691"",""E_N007819_N007825"",""E_N006685_N006691"",""E_N007816_N008959"",""E_N006685_N007839"",""E_N005548_N006691"",""E_N007819_N008959"",""E_N007819_N007839""]","[""missing"",""missing"",""missing"",""missing"",""missing"",""missing"",""missing"",""missing"",""missing"",""missing""]","[2.2799999999999976,2.2800000000000002,2.280000000000001,3.224406922210655,3.2244069222106577,4.559999999999995,4.56,4.560000000000002,5.098234988699516,5.098234988699519]",10,0,0
E_N006685_N006691,11855,missing,1,"[""E_N006685_N006705""]","[""missing""]",[2.2799999999999994],1,0,0
E_N006685_N006691,11855,missing,3,"[""E_N006685_N006705"",""E_N006682_N006691"",""E_N005551_N006691""]","[""missing"",""missing"",""missing""]","[2.2799999999999994,2.2800000000000002,2.280000000000001]",3,0,0
E_N006685_N006691,11855,missing,5,"[""E_N006685_N006705"",""E_N006682_N006691"",""E_N005551_N006691"",""E_N006685_N007825"",""E_N005551_N006705""]","[""missing"",""missing"",""missing"",""missing"",""missing""]","[2.2799999999999994,2.2800000000000002,2.280000000000001,2.280000000000001,3.2244069222106573]",5,0,0
E_N006685_N006691,11855,missing,10,"[""E_N006685_N006705"",""E_N006682_N006691"",""E_N005551_N006691"",""E_N006685_N007825"",""E_N005551_N006705"",""E_N006685_N007839"",""E_N005548_N006691"",""E_N006682_N007825"",""E_N007819_N007825"",""E_N006699_N006705""]","[""missing"",""missing"",""missing"",""missing"",""missing"",""missing"",""missing"",""missing"",""missing"",""missing""]","[2.2799999999999994,2.2800000000000002,2.280000000000001,2.280000000000001,3.2244069222106573,3.2244069222106573,3.2244069222106577,3.2244069222106577,4.559999999999999,4.56]",10,0,0
E_N006685_N006705,11882,missing,1,"[""E_N006685_N006691""]","[""missing""]",[2.2799999999999994],1,0,0
E_N006685_N006705,11882,missing,3,"[""E_N006685_N006691"",""E_N006699_N006705"",""E_N005551_N006705""]","[""missing"",""missing"",""missing""]","[2.2799999999999994,2.2800000000000002,2.280000000000001]",3,0,0
E_N006685_N006705,11882,missing,5,"[""E_N006685_N006691"",""E_N006699_N006705"",""E_N005551_N006705"",""E_N006685_N007839"",""E_N005551_N006691""]","[""missing"",""missing"",""missing"",""missing"",""missing""]","[2.2799999999999994,2.2800000000000002,2.280000000000001,2.280000000000001,3.2244069222106573]",5,0,0
E_N006685_N006705,11882,missing,10,"[""E_N006685_N006691"",""E_N006699_N006705"",""E_N005551_N006705"",""E_N006685_N007839"",""E_N005551_N006691"",""E_N006685_N007825"",""E_N005565_N006705"",""E_N006699_N007839"",""E_N006699_N006719"",""E_N007819_N007839""]","[""missing"",""missing"",""missing"",""missing"",""missing"",""missing"",""missing"",""missing"",""missing"",""missing""]","[2.2799999999999994,2.2800000000000002,2.280000000000001,2.280000000000001,3.2244069222106573,3.2244069222106573,3.2244069222106577,3.2244069222106577,4.559999999999999,4.559999999999999]",10,0,0
E_N006685_N007825,13868,missing,1,"[""E_N007819_N007825""]","[""missing""]",[2.2799999999999976],1,0,0
E_N006685_N007825,13868,missing,3,"[""E_N007819_N007825"",""E_N006685_N007839"",""E_N006682_N007825""]","[""missing"",""missing"",""missing""]","[2.2799999999999976,2.2799999999999994,2.2800000000000002]",3,0,0
E_N006685_N007825,13868,missing,5,"[""E_N007819_N007825"",""E_N006685_N007839"",""E_N006682_N007825"",""E_N006685_N006691"",""E_N007819_N007839""]","[""missing"",""missing"",""missing"",""missing"",""missing""]","[2.2799999999999976,2.2799999999999994,2.2800000000000002,2.280000000000001,3.224406922210654]",5,0,0
E_N006685_N007825,13868,missing,10,"[""E_N007819_N007825"",""E_N006685_N007839"",""E_N006682_N007825"",""E_N006685_N006691"",""E_N007819_N007839"",""E_N007816_N007825"",""E_N006685_N006705"",""E_N006682_N006691"",""E_N007819_N008959"",""E_N006699_N007839""]","[""missing"",""missing"",""missing"",""missing"",""missing"",""missing"",""missing"",""missing"",""missing"",""missing""]","[2.2799999999999976,2.2799999999999994,2.2800000000000002,2.280000000000001,3.224406922210654,3.224406922210655,3.2244069222106573,3.2244069222106577,4.559999999999995,4.56]",10,0,0
E_N006685_N007839,13897,missing,1,"[""E_N007819_N007839""]","[""missing""]",[2.2799999999999976],1,0,0
E_N006685_N007839,13897,missing,3,"[""E_N007819_N007839"",""E_N006685_N007825"",""E_N006699_N007839""]","[""missing"",""missing"",""missing""]","[2.2799999999999976,2.2799999999999994,2.2800000000000002]",3,0,0
E_N006685_N007839,13897,missing,5,"[""E_N007819_N007839"",""E_N006685_N007825"",""E_N006699_N007839"",""E_N006685_N006705"",""E_N007819_N007825""]","[""missing"",""missing"",""missing"",""missing"",""missing""]","[2.2799999999999976,2.2799999999999994,2.2800000000000002,2.280000000000001,3.224406922210654]",5,0,0
E_N006685_N007839,13897,missing,10,"[""E_N007819_N007839"",""E_N006685_N007825"",""E_N006699_N007839"",""E_N006685_N006705"",""E_N007819_N007825"",""E_N007833_N007839"",""E_N006685_N006691"",""E_N006699_N006705"",""E_N007819_N008973"",""E_N006699_N007853""]","[""missing"",""missing"",""missing"",""missing"",""missing"",""missing"",""missing"",""missing"",""missing"",""missing""]","[2.2799999999999976,2.2799999999999994,2.2800000000000002,2.280000000000001,3.224406922210654,3.224406922210655,3.2244069222106573,3.2244069222106577,4.559999999999995,4.559999999999999]",10,0,0
E_N006699_N006705,11883,missing,1,"[""E_N006699_N006719""]","[""missing""]",[2.2799999999999985],1,0,0
E_N006699_N006705,11883,missing,3,"[""E_N006699_N006719"",""E_N006685_N006705"",""E_N005565_N006705""]","[""missing"",""missing"",""missing""]","[2.2799999999999985,2.2800000000000002,2.280000000000001]",3,0,0
E_N006699_N006705,11883,missing,5,"[""E_N006699_N006719"",""E_N006685_N006705"",""E_N005565_N006705"",""E_N006699_N007839"",""E_N005565_N006719""]","[""missing"",""missing"",""missing"",""missing"",""missing""]","[2.2799999999999985,2.2800000000000002,2.280000000000001,2.280000000000001,3.2244069222106564]",5,0,0
E_N006699_N006705,11883,missing,10,"[""E_N006699_N006719"",""E_N006685_N006705"",""E_N005565_N006705"",""E_N006699_N007839"",""E_N005565_N006719"",""E_N006699_N007853"",""E_N005551_N006705"",""E_N006685_N007839"",""E_N007833_N007839"",""E_N006685_N006691""]","[""missing"",""missing"",""missing"",""missing"",""missing"",""missing"",""missing"",""missing"",""missing"",""missing""]","[2.2799999999999985,2.2800000000000002,2.280000000000001,2.280000000000001,3.2244069222106564,3.2244069222106564,3.2244069222106577,3.2244069222106577,4.559999999999999,4.56]",10,0,0
E_N006699_N006719,11910,missing,1,"[""E_N006699_N006705""]","[""missing""]",[2.2799999999999985],1,0,0
E_N006699_N006719,11910,missing,3,"[""E_N006699_N006705"",""E_N005565_N006719"",""E_N006699_N007853""]","[""missing"",""missing"",""missing""]","[2.2799999999999985,2.280000000000001,2.280000000000001]",3,0,0
E_N006699_N006719,11910,missing,5,"[""E_N006699_N006705"",""E_N005565_N006719"",""E_N006699_N007853"",""E_N006713_N006719"",""E_N005565_N006705""]","[""missing"",""missing"",""missing"",""missing"",""missing""]","[2.2799999999999985,2.280000000000001,2.280000000000001,2.280000000000001,3.2244069222106564]",5,0,0
E_N006699_N006719,11910,missing,10,"[""E_N006699_N006705"",""E_N005565_N006719"",""E_N006699_N007853"",""E_N006713_N006719"",""E_N005565_N006705"",""E_N006699_N007839"",""E_N005579_N006719"",""E_N006713_N007853"",""E_N006685_N006705"",""E_N007833_N007853""]","[""missing"",""missing"",""missing"",""missing"",""missing"",""missing"",""missing"",""missing"",""missing"",""missing""]","[2.2799999999999985,2.280000000000001,2.280000000000001,2.280000000000001,3.2244069222106564,3.2244069222106564,3.224406922210658,3.224406922210658,4.559999999999999,4.559999999999999]",10,0,0
E_N006699_N007839,13896,missing,1,"[""E_N007833_N007839""]","[""missing""]",[2.2799999999999976],1,0,0
E_N006699_N007839,13896,missing,3,"[""E_N007833_N007839"",""E_N006699_N007853"",""E_N006685_N007839""]","[""missing"",""missing"",""missing""]","[2.2799999999999976,2.2799999999999985,2.2800000000000002]",3,0,0
E_N006699_N007839,13896,missing,5,"[""E_N007833_N007839"",""E_N006699_N007853"",""E_N006685_N007839"",""E_N006699_N006705"",""E_N007833_N007853""]","[""missing"",""missing"",""missing"",""missing"",""missing""]","[2.2799999999999976,2.2799999999999985,2.2800000000000002,2.280000000000001,3.2244069222106537]",5,0,0
E_N006699_N007839,13896,missing,10,"[""E_N007833_N007839"",""E_N006699_N007853"",""E_N006685_N007839"",""E_N006699_N006705"",""E_N007833_N007853"",""E_N007819_N007839"",""E_N006699_N006719"",""E_N006685_N006705"",""E_N007833_N008973"",""E_N006685_N007825""]","[""missing"",""missing"",""missing"",""missing"",""missing"",""missing"",""missing"",""missing"",""missing"",""missing""]","[2.2799999999999976,2.2799999999999985,2.2800000000000002,2.280000000000001,3.2244069222106537,3.224406922210655,3.2244069222106564,3.2244069222106577,4.559999999999995,4.56]",10,0,0
E_N006699_N007853,13925,missing,1,"[""E_N007833_N007853""]","[""missing""]",[2.2799999999999976],1,0,0
E_N006699_N007853,13925,missing,3,"[""E_N007833_N007853"",""E_N006699_N007839"",""E_N006699_N006719""]","[""missing"",""missing"",""missing""]","[2.2799999999999976,2.2799999999999985,2.280000000000001]",3,0,0
E_N006699_N007853,13925,missing,5,"[""E_N007833_N007853"",""E_N006699_N007839"",""E_N006699_N006719"",""E_N006713_N007853"",""E_N007833_N007839""]","[""missing"",""missing"",""missing"",""missing"",""missing""]","[2.2799999999999976,2.2799999999999985,2.280000000000001,2.280000000000001,3.2244069222106537]",5,0,0
E_N006699_N007853,13925,missing,10,"[""E_N007833_N007853"",""E_N006699_N007839"",""E_N006699_N006719"",""E_N006713_N007853"",""E_N007833_N007839"",""E_N007847_N007853"",""E_N006699_N006705"",""E_N006713_N006719"",""E_N007833_N008987"",""E_N006685_N007839""]","[""missing"",""missing"",""missing"",""missing"",""missing"",""missing"",""missing"",""missing"",""missing"",""missing""]","[2.2799999999999976,2.2799999999999985,2.280000000000001,2.280000000000001,3.2244069222106537,3.2244069222106555,3.2244069222106564,3.224406922210658,4.559999999999995,4.559999999999999]",10,0,0
E_N006713_N006719,11911,missing,1,"[""E_N005579_N006719""]","[""missing""]",[2.280000000000001],1,0,0
E_N006713_N006719,11911,missing,3,"[""E_N005579_N006719"",""E_N006699_N006719"",""E_N006713_N006733""]","[""missing"",""missing"",""missing""]","[2.280000000000001,2.280000000000001,2.280000000000001]",3,0,0
E_N006713_N006719,11911,missing,5,"[""E_N005579_N006719"",""E_N006699_N006719"",""E_N006713_N006733"",""E_N006713_N007853"",""E_N005565_N006719""]","[""missing"",""missing"",""missing"",""missing"",""missing""]","[2.280000000000001,2.280000000000001,2.280000000000001,2.280000000000001,3.224406922210658]",5,0,0
E_N006713_N006719,11911,missing,10,"[""E_N005579_N006719"",""E_N006699_N006719"",""E_N006713_N006733"",""E_N006713_N007853"",""E_N005565_N006719"",""E_N005579_N006733"",""E_N006699_N007853"",""E_N006713_N007867"",""E_N006727_N006733"",""E_N007847_N007853""]","[""missing"",""missing"",""missing"",""missing"",""missing"",""missing"",""missing"",""missing"",""missing"",""missing""]","[2.280000000000001,2.280000000000001,2.280000000000001,2.280000000000001,3.224406922210658,3.224406922210658,3.224406922210658,3.224406922210658,4.559999999999999,4.559999999999999]",10,0,0
E_N006713_N006733,11938,missing,1,"[""E_N006727_N006733""]","[""missing""]",[2.2799999999999976],1,0,0
E_N006713_N006733,11938,missing,3,"[""E_N006727_N006733"",""E_N005579_N006733"",""E_N006713_N006719""]","[""missing"",""missing"",""missing""]","[2.2799999999999976,2.280000000000001,2.280000000000001]",3,0,0
E_N006713_N006733,11938,missing,5,"[""E_N006727_N006733"",""E_N005579_N006733"",""E_N006713_N006719"",""E_N006713_N007867"",""E_N005593_N006733""]","[""missing"",""missing"",""missing"",""missing"",""missing""]","[2.2799999999999976,2.280000000000001,2.280000000000001,2.280000000000001,3.2244069222106555]",5,0,0
E_N006713_N006733,11938,missing,10,"[""E_N006727_N006733"",""E_N005579_N006733"",""E_N006713_N006719"",""E_N006713_N007867"",""E_N005593_N006733"",""E_N006727_N007867"",""E_N005579_N006719"",""E_N006713_N007853"",""E_N006727_N006747"",""E_N007847_N007867""]","[""missing"",""missing"",""missing"",""missing"",""missing"",""missing"",""missing"",""missing"",""missing"",""missing""]","[2.2799999999999976,2.280000000000001,2.280000000000001,2.280000000000001,3.2244069222106555,3.2244069222106555,3.224406922210658,3.224406922210658,4.559999999999999,4.559999999999999]",10,0,0
E_N006713_N007853,13924,missing,1,"[""E_N007847_N007853""]","[""missing""]",[2.2799999999999976],1,0,0
E_N006713_N007853,13924,missing,3,"[""E_N007847_N007853"",""E_N006699_N007853"",""E_N006713_N006719""]","[""missing"",""missing"",""missing""]","[2.2799999999999976,2.280000000000001,2.280000000000001]",3,0,0
E_N006713_N007853,13924,missing,5,"[""E_N007847_N007853"",""E_N006699_N007853"",""E_N006713_N006719"",""E_N006713_N007867"",""E_N007833_N007853""]","[""missing"",""missing"",""missing"",""missing"",""missing""]","[2.2799999999999976,2.280000000000001,2.280000000000001,2.280000000000001,3.2244069222106555]",5,0,0
E_N006713_N007853,13924,missing,10,"[""E_N007847_N007853"",""E_N006699_N007853"",""E_N006713_N006719"",""E_N006713_N007867"",""E_N007833_N007853"",""E_N007847_N007867"",""E_N006699_N006719"",""E_N006713_N006733"",""E_N007847_N008987"",""E_N006727_N007867""]","[""missing"",""missing"",""missing"",""missing"",""missing"",""missing"",""missing"",""missing"",""missing"",""missing""]","[2.2799999999999976,2.280000000000001,2.280000000000001,2.280000000000001,3.2244069222106555,3.2244069222106555,3.224406922210658,3.224406922210658,4.559999999999995,4.559999999999999]",10,0,0
E_N006713_N007867,13953,missing,1,"[""E_N006727_N007867""]","[""missing""]",[2.2799999999999976],1,0,0
E_N006713_N007867,13953,missing,3,"[""E_N006727_N007867"",""E_N007847_N007867"",""E_N006713_N006733""]","[""missing"",""missing"",""missing""]","[2.2799999999999976,2.2799999999999976,2.280000000000001]",3,0,0
E_N006713_N007867,13953,missing,5,"[""E_N006727_N007867"",""E_N007847_N007867"",""E_N006713_N006733"",""E_N006713_N007853"",""E_N007861_N007867""]","[""missing"",""missing"",""missing"",""missing"",""missing""]","[2.2799999999999976,2.2799999999999976,2.280000000000001,2.280000000000001,3.2244069222106533]",5,0,0
E_N006713_N007867,13953,missing,10,"[""E_N006727_N007867"",""E_N007847_N007867"",""E_N006713_N006733"",""E_N006713_N007853"",""E_N007861_N007867"",""E_N006727_N006733"",""E_N007847_N007853"",""E_N006713_N006719"",""E_N007847_N009001"",""E_N006727_N007881""]","[""missing"",""missing"",""missing"",""missing"",""missing"",""missing"",""missing"",""missing"",""missing"",""missing""]","[2.2799999999999976,2.2799999999999976,2.280000000000001,2.280000000000001,3.2244069222106533,3.2244069222106555,3.2244069222106555,3.224406922210658,4.559999999999995,4.559999999999999]",10,0,0
E_N006727_N006733,11939,missing,1,"[""E_N006713_N006733""]","[""missing""]",[2.2799999999999976],1,0,0
E_N006727_N006733,11939,missing,3,"[""E_N006713_N006733"",""E_N005593_N006733"",""E_N006727_N006747""]","[""missing"",""missing"",""missing""]","[2.2799999999999976,2.280000000000001,2.280000000000001]",3,0,0
E_N006727_N006733,11939,missing,5,"[""E_N006713_N006733"",""E_N005593_N006733"",""E_N006727_N006747"",""E_N006727_N007867"",""E_N005579_N006733""]","[""missing"",""missing"",""missing"",""missing"",""missing""]","[2.2799999999999976,2.280000000000001,2.280000000000001,2.280000000000001,3.2244069222106555]",5,0,0
E_N006727_N006733,11939,missing,10,"[""E_N006713_N006733"",""E_N005593_N006733"",""E_N006727_N006747"",""E_N006727_N007867"",""E_N005579_N006733"",""E_N006713_N007867"",""E_N005593_N006747"",""E_N006727_N007881"",""E_N006713_N006719"",""E_N006741_N006747""]","[""missing"",""missing"",""missing"",""missing"",""missing"",""missing"",""missing"",""missing"",""missing"",""missing""]","[2.2799999999999976,2.280000000000001,2.280000000000001,2.280000000000001,3.2244069222106555,3.2244069222106555,3.224406922210658,3.224406922210658,4.559999999999999,4.559999999999999]",10,0,0
E_N006727_N006747,11966,missing,1,"[""E_N006741_N006747""]","[""missing""]",[2.2799999999999976],1,0,0
E_N006727_N006747,11966,missing,3,"[""E_N006741_N006747"",""E_N005593_N006747"",""E_N006727_N006733""]","[""missing"",""missing"",""missing""]","[2.2799999999999976,2.280000000000001,2.280000000000001]",3,0,0
E_N006727_N006747,11966,missing,5,"[""E_N006741_N006747"",""E_N005593_N006747"",""E_N006727_N006733"",""E_N006727_N007881"",""E_N005607_N006747""]","[""missing"",""missing"",""missing"",""missing"",""missing""]","[2.2799999999999976,2.280000000000001,2.280000000000001,2.280000000000001,3.2244069222106555]",5,0,0
E_N006727_N006747,11966,missing,10,"[""E_N006741_N006747"",""E_N005593_N006747"",""E_N006727_N006733"",""E_N006727_N007881"",""E_N005607_N006747"",""E_N006741_N007881"",""E_N005593_N006733"",""E_N006727_N007867"",""E_N006713_N006733"",""E_N006741_N006761""]","[""missing"",""missing"",""missing"",""missing"",""missing"",""missing"",""missing"",""missing"",""missing"",""missing""]","[2.2799999999999976,2.280000000000001,2.280000000000001,2.280000000000001,3.2244069222106555,3.2244069222106555,3.224406922210658,3.224406922210658,4.559999999999999,4.559999999999999]",10,0,0
E_N006727_N007867,13952,missing,1,"[""E_N006713_N007867""]","[""missing""]",[2.2799999999999976],1,0,0
E_N006727_N007867,13952,missing,3,"[""E_N006713_N007867"",""E_N007861_N007867"",""E_N006727_N006733""]","[""missing"",""missing"",""missing""]","[2.2799999999999976,2.2799999999999976,2.280000000000001]",3,0,0
E_N006727_N007867,13952,missing,5,"[""E_N006713_N007867"",""E_N007861_N007867"",""E_N006727_N006733"",""E_N006727_N007881"",""E_N007847_N007867""]","[""missing"",""missing"",""missing"",""missing"",""missing""]","[2.2799999999999976,2.2799999999999976,2.280000000000001,2.280000000000001,3.2244069222106533]",5,0,0
E_N006727_N007867,13952,missing,10,"[""E_N006713_N007867"",""E_N007861_N007867"",""E_N006727_N006733"",""E_N006727_N007881"",""E_N007847_N007867"",""E_N006713_N006733"",""E_N007861_N007881"",""E_N006727_N006747"",""E_N007861_N009001"",""E_N006713_N007853""]","[""missing"",""missing"",""missing"",""missing"",""missing"",""missing"",""missing"",""missing"",""missing"",""missing""]","[2.2799999999999976,2.2799999999999976,2.280000000000001,2.280000000000001,3.2244069222106533,3.2244069222106555,3.2244069222106555,3.224406922210658,4.559999999999995,4.559999999999999]",10,0,0
E_N006727_N007881,13981,missing,1,"[""E_N006741_N007881""]","[""missing""]",[2.2799999999999976],1,0,0
E_N006727_N007881,13981,missing,3,"[""E_N006741_N007881"",""E_N007861_N007881"",""E_N006727_N006747""]","[""missing"",""missing"",""missing""]","[2.2799999999999976,2.2799999999999976,2.280000000000001]",3,0,0
E_N006727_N007881,13981,missing,5,"[""E_N006741_N007881"",""E_N007861_N007881"",""E_N006727_N006747"",""E_N006727_N007867"",""E_N007875_N007881""]","[""missing"",""missing"",""missing"",""missing"",""missing""]","[2.2799999999999976,2.2799999999999976,2.280000000000001,2.280000000000001,3.2244069222106533]",5,0,0
E_N006727_N007881,13981,missing,10,"[""E_N006741_N007881"",""E_N007861_N007881"",""E_N006727_N006747"",""E_N006727_N007867"",""E_N007875_N007881"",""E_N006741_N006747"",""E_N007861_N007867"",""E_N006727_N006733"",""E_N007861_N009015"",""E_N006713_N007867""]","[""missing"",""missing"",""missing"",""missing"",""missing"",""missing"",""missing"",""missing"",""missing"",""missing""]","[2.2799999999999976,2.2799999999999976,2.280000000000001,2.280000000000001,3.2244069222106533,3.2244069222106555,3.2244069222106555,3.224406922210658,4.559999999999995,4.559999999999999]",10,0,0
E_N006741_N006747,11967,missing,1,"[""E_N006727_N006747""]","[""missing""]",[2.2799999999999976],1,0,0
E_N006741_N006747,11967,missing,3,"[""E_N006727_N006747"",""E_N005607_N006747"",""E_N006741_N006761""]","[""missing"",""missing"",""missing""]","[2.2799999999999976,2.280000000000001,2.280000000000001]",3,0,0
E_N006741_N006747,11967,missing,5,"[""E_N006727_N006747"",""E_N005607_N006747"",""E_N006741_N006761"",""E_N006741_N007881"",""E_N005593_N006747""]","[""missing"",""missing"",""missing"",""missing"",""missing""]","[2.2799999999999976,2.280000000000001,2.280000000000001,2.280000000000001,3.2244069222106555]",5,0,0
E_N006741_N006747,11967,missing,10,"[""E_N006727_N006747"",""E_N005607_N006747"",""E_N006741_N006761"",""E_N006741_N007881"",""E_N005593_N006747"",""E_N006727_N007881"",""E_N005607_N006761"",""E_N006741_N007895"",""E_N006727_N006733"",""E_N007875_N007881""]","[""missing"",""missing"",""missing"",""missing"",""missing"",""missing"",""missing"",""missing"",""missing"",""missing""]","[2.2799999999999976,2.280000000000001,2.280000000000001,2.280000000000001,3.2244069222106555,3.2244069222106555,3.224406922210658,3.224406922210658,4.559999999999999,4.559999999999999]",10,0,0
E_N006741_N006761,11994,missing,1,"[""E_N005607_N006761""]","[""missing""]",[2.280000000000001],1,0,0
E_N006741_N006761,11994,missing,3,"[""E_N005607_N006761"",""E_N006741_N006747"",""E_N006741_N007895""]","[""missing"",""missing"",""missing""]","[2.280000000000001,2.280000000000001,2.280000000000001]",3,0,0
E_N006741_N006761,11994,missing,5,"[""E_N005607_N006761"",""E_N006741_N006747"",""E_N006741_N007895"",""E_N006755_N006761"",""E_N005607_N006747""]","[""missing"",""missing"",""missing"",""missing"",""missing""]","[2.280000000000001,2.280000000000001,2.280000000000001,2.280000000000001,3.224406922210658]",5,0,0
E_N006741_N006761,11994,missing,10,"[""E_N005607_N006761"",""E_N006741_N006747"",""E_N006741_N007895"",""E_N006755_N006761"",""E_N005607_N006747"",""E_N005621_N006761"",""E_N006741_N007881"",""E_N006755_N007895"",""E_N006727_N006747"",""E_N007875_N007895""]","[""missing"",""missing"",""missing"",""missing"",""missing"",""missing"",""missing"",""missing"",""missing"",""missing""]","[2.280000000000001,2.280000000000001,2.280000000000001,2.280000000000001,3.224406922210658,3.224406922210658,3.224406922210658,3.224406922210658,4.559999999999999,4.559999999999999]",10,0,0
E_N006741_N007881,13980,missing,1,"[""E_N006727_N007881""]","[""missing""]",[2.2799999999999976],1,0,0
E_N006741_N007881,13980,missing,3,"[""E_N006727_N007881"",""E_N007875_N007881"",""E_N006741_N006747""]","[""missing"",""missing"",""missing""]","[2.2799999999999976,2.2799999999999976,2.280000000000001]",3,0,0
E_N006741_N007881,13980,missing,5,"[""E_N006727_N007881"",""E_N007875_N007881"",""E_N006741_N006747"",""E_N006741_N007895"",""E_N007861_N007881""]","[""missing"",""missing"",""missing"",""missing"",""missing""]","[2.2799999999999976,2.2799999999999976,2.280000000000001,2.280000000000001,3.2244069222106533]",5,0,0
E_N006741_N007881,13980,missing,10,"[""E_N006727_N007881"",""E_N007875_N007881"",""E_N006741_N006747"",""E_N006741_N007895"",""E_N007861_N007881"",""E_N006727_N006747"",""E_N007875_N007895"",""E_N006741_N006761"",""E_N007875_N009015"",""E_N006727_N007867""]","[""missing"",""missing"",""missing"",""missing"",""missing"",""missing"",""missing"",""missing"",""missing"",""missing""]","[2.2799999999999976,2.2799999999999976,2.280000000000001,2.280000000000001,3.2244069222106533,3.2244069222106555,3.2244069222106555,3.224406922210658,4.559999999999995,4.559999999999999]",10,0,0
E_N006741_N007895,14009,missing,1,"[""E_N007875_N007895""]","[""missing""]",[2.2799999999999976],1,0,0
E_N006741_N007895,14009,missing,3,"[""E_N007875_N007895"",""E_N006741_N006761"",""E_N006741_N007881""]","[""missing"",""missing"",""missing""]","[2.2799999999999976,2.280000000000001,2.280000000000001]",3,0,0
E_N006741_N007895,14009,missing,5,"[""E_N007875_N007895"",""E_N006741_N006761"",""E_N006741_N007881"",""E_N006755_N007895"",""E_N007875_N007881""]","[""missing"",""missing"",""missing"",""missing"",""missing""]","[2.2799999999999976,2.280000000000001,2.280000000000001,2.280000000000001,3.2244069222106555]",5,0,0
E_N006741_N007895,14009,missing,10,"[""E_N007875_N007895"",""E_N006741_N006761"",""E_N006741_N007881"",""E_N006755_N007895"",""E_N007875_N007881"",""E_N007889_N007895"",""E_N006741_N006747"",""E_N006755_N006761"",""E_N007875_N009029"",""E_N006727_N007881""]","[""missing"",""missing"",""missing"",""missing"",""missing"",""missing"",""missing"",""missing"",""missing"",""missing""]","[2.2799999999999976,2.280000000000001,2.280000000000001,2.280000000000001,3.2244069222106555,3.2244069222106555,3.224406922210658,3.224406922210658,4.559999999999995,4.559999999999999]",10,0,0
E_N006755_N006761,11995,missing,1,"[""E_N005621_N006761""]","[""missing""]",[2.280000000000001],1,0,0
E_N006755_N006761,11995,missing,3,"[""E_N005621_N006761"",""E_N006741_N006761"",""E_N006755_N007895""]","[""missing"",""missing"",""missing""]","[2.280000000000001,2.280000000000001,2.280000000000001]",3,0,0
E_N006755_N006761,11995,missing,5,"[""E_N005621_N006761"",""E_N006741_N006761"",""E_N006755_N007895"",""E_N005607_N006761"",""E_N006741_N007895""]","[""missing"",""missing"",""missing"",""missing"",""missing""]","[2.280000000000001,2.280000000000001,2.280000000000001,3.224406922210658,3.224406922210658]",5,0,0
E_N006755_N006761,11995,missing,10,"[""E_N005621_N006761"",""E_N006741_N006761"",""E_N006755_N007895"",""E_N005607_N006761"",""E_N006741_N007895"",""E_N007889_N007895"",""E_N005621_N005627"",""E_N006741_N006747"",""E_N007875_N007895"",""E_N005607_N005627""]","[""missing"",""missing"",""missing"",""missing"",""missing"",""missing"",""missing"",""missing"",""missing"",""missing""]","[2.280000000000001,2.280000000000001,2.280000000000001,3.224406922210658,3.224406922210658,4.559999999999999,4.560000000000002,4.560000000000002,5.098234988699519,5.098234988699523]",10,0,0
E_N006755_N007895,14008,missing,1,"[""E_N007889_N007895""]","[""missing""]",[2.2799999999999976],1,0,0
E_N006755_N007895,14008,missing,3,"[""E_N007889_N007895"",""E_N006741_N007895"",""E_N006755_N006761""]","[""missing"",""missing"",""missing""]","[2.2799999999999976,2.280000000000001,2.280000000000001]",3,0,0
E_N006755_N007895,14008,missing,5,"[""E_N007889_N007895"",""E_N006741_N007895"",""E_N006755_N006761"",""E_N007875_N007895"",""E_N006741_N006761""]","[""missing"",""missing"",""missing"",""missing"",""missing""]","[2.2799999999999976,2.280000000000001,2.280000000000001,3.2244069222106555,3.224406922210658]",5,0,0
E_N006755_N007895,14008,missing,10,"[""E_N007889_N007895"",""E_N006741_N007895"",""E_N006755_N006761"",""E_N007875_N007895"",""E_N006741_N006761"",""E_N007889_N009029"",""E_N005621_N006761"",""E_N006741_N007881"",""E_N007875_N009029"",""E_N007875_N007881""]","[""missing"",""missing"",""missing"",""missing"",""missing"",""missing"",""missing"",""missing"",""missing"",""missing""]","[2.2799999999999976,2.280000000000001,2.280000000000001,3.2244069222106555,3.224406922210658,4.559999999999995,4.560000000000002,4.560000000000002,5.098234988699517,5.098234988699521]",10,0,0
E_N007816_N007825,13870,missing,1,"[""E_N006682_N007825""]","[""missing""]",[2.2799999999999976],1,0,0
E_N007816_N007825,13870,missing,3,"[""E_N006682_N007825"",""E_N007816_N008959"",""E_N007819_N007825""]","[""missing"",""missing"",""missing""]","[2.2799999999999976,2.2799999999999976,2.2800000000000002]",3,0,0
E_N007816_N007825,13870,missing,5,"[""E_N006682_N007825"",""E_N007816_N008959"",""E_N007819_N007825"",""E_N006685_N007825"",""E_N007819_N008959""]","[""missing"",""missing"",""missing"",""missing"",""missing""]","[2.2799999999999976,2.2799999999999976,2.2800000000000002,3.224406922210655,3.224406922210655]",5,0,0
E_N007816_N007825,13870,missing,10,"[""E_N006682_N007825"",""E_N007816_N008959"",""E_N007819_N007825"",""E_N006685_N007825"",""E_N007819_N008959"",""E_N006682_N006691"",""E_N008950_N008959"",""E_N007819_N007839"",""E_N006685_N006691"",""E_N006685_N007839""]","[""missing"",""missing"",""missing"",""missing"",""missing"",""missing"",""missing"",""missing"",""missing"",""missing""]","[2.2799999999999976,2.2799999999999976,2.2800000000000002,3.224406922210655,3.224406922210655,4.559999999999999,4.559999999999999,4.56,5.098234988699519,5.098234988699519]",10,0,0
E_N007816_N008959,15885,missing,1,"[""E_N007816_N007825""]","[""missing""]",[2.2799999999999976],1,0,0
E_N007816_N008959,15885,missing,3,"[""E_N007816_N007825"",""E_N007819_N008959"",""E_N008950_N008959""]","[""missing"",""missing"",""missing""]","[2.2799999999999976,2.2800000000000002,2.280000000000001]",3,0,0
E_N007816_N008959,15885,missing,5,"[""E_N007816_N007825"",""E_N007819_N008959"",""E_N008950_N008959"",""E_N007819_N007825"",""E_N008953_N008959""]","[""missing"",""missing"",""missing"",""missing"",""missing""]","[2.2799999999999976,2.2800000000000002,2.280000000000001,3.224406922210655,3.2244069222106577]",5,0,0
E_N007816_N008959,15885,missing,10,"[""E_N007816_N007825"",""E_N007819_N008959"",""E_N008950_N008959"",""E_N007819_N007825"",""E_N008953_N008959"",""E_N006682_N007825"",""E_N007819_N008973"",""E_N008950_N010093"",""E_N006685_N007825"",""E_N007819_N007839""]","[""missing"",""missing"",""missing"",""missing"",""missing"",""missing"",""missing"",""missing"",""missing"",""missing""]","[2.2799999999999976,2.2800000000000002,2.280000000000001,3.224406922210655,3.2244069222106577,4.559999999999995,4.56,4.560000000000002,5.098234988699516,5.098234988699519]",10,0,0
E_N007819_N007825,13871,missing,1,"[""E_N006685_N007825""]","[""missing""]",[2.2799999999999976],1,0,0
E_N007819_N007825,13871,missing,3,"[""E_N006685_N007825"",""E_N007819_N008959"",""E_N007819_N007839""]","[""missing"",""missing"",""missing""]","[2.2799999999999976,2.2799999999999976,2.2799999999999994]",3,0,0
E_N007819_N007825,13871,missing,5,"[""E_N006685_N007825"",""E_N007819_N008959"",""E_N007819_N007839"",""E_N007816_N007825"",""E_N006685_N007839""]","[""missing"",""missing"",""missing"",""missing"",""missing""]","[2.2799999999999976,2.2799999999999976,2.2799999999999994,2.2800000000000002,3.224406922210654]",5,0,0
E_N007819_N007825,13871,missing,10,"[""E_N006685_N007825"",""E_N007819_N008959"",""E_N007819_N007839"",""E_N007816_N007825"",""E_N006685_N007839"",""E_N007819_N008973"",""E_N006682_N007825"",""E_N007816_N008959"",""E_N006685_N006691"",""E_N008953_N008959""]","[""missing"",""missing"",""missing"",""missing"",""missing"",""missing"",""missing"",""missing"",""missing"",""missing""]","[2.2799999999999976,2.2799999999999976,2.2799999999999994,2.2800000000000002,3.224406922210654,3.224406922210654,3.224406922210655,3.224406922210655,4.559999999999999,4.559999999999999]",10,0,0
E_N007819_N007839,13898,missing,1,"[""E_N006685_N007839""]","[""missing""]",[2.2799999999999976],1,0,0
E_N007819_N007839,13898,missing,3,"[""E_N006685_N007839"",""E_N007819_N008973"",""E_N007819_N007825""]","[""missing"",""missing"",""missing""]","[2.2799999999999976,2.2799999999999976,2.2799999999999994]",3,0,0
E_N007819_N007839,13898,missing,5,"[""E_N006685_N007839"",""E_N007819_N008973"",""E_N007819_N007825"",""E_N007833_N007839"",""E_N006685_N007825""]","[""missing"",""missing"",""missing"",""missing"",""missing""]","[2.2799999999999976,2.2799999999999976,2.2799999999999994,2.2800000000000002,3.224406922210654]",5,0,0
E_N007819_N007839,13898,missing,10,"[""E_N006685_N007839"",""E_N007819_N008973"",""E_N007819_N007825"",""E_N007833_N007839"",""E_N006685_N007825"",""E_N007819_N008959"",""E_N006699_N007839"",""E_N007833_N008973"",""E_N006685_N006705"",""E_N007833_N007853""]","[""missing"",""missing"",""missing"",""missing"",""missing"",""missing"",""missing"",""missing"",""missing"",""missing""]","[2.2799999999999976,2.2799999999999976,2.2799999999999994,2.2800000000000002,3.224406922210654,3.224406922210654,3.224406922210655,3.224406922210655,4.559999999999999,4.559999999999999]",10,0,0
E_N007819_N008959,15884,missing,1,"[""E_N007819_N007825""]","[""missing""]",[2.2799999999999976],1,0,0
E_N007819_N008959,15884,missing,3,"[""E_N007819_N007825"",""E_N007819_N008973"",""E_N007816_N008959""]","[""missing"",""missing"",""missing""]","[2.2799999999999976,2.2799999999999994,2.2800000000000002]",3,0,0
E_N007819_N008959,15884,missing,5,"[""E_N007819_N007825"",""E_N007819_N008973"",""E_N007816_N008959"",""E_N008953_N008959"",""E_N007819_N007839""]","[""missing"",""missing"",""missing"",""missing"",""missing""]","[2.2799999999999976,2.2799999999999994,2.2800000000000002,2.280000000000001,3.224406922210654]",5,0,0
E_N007819_N008959,15884,missing,10,"[""E_N007819_N007825"",""E_N007819_N008973"",""E_N007816_N008959"",""E_N008953_N008959"",""E_N007819_N007839"",""E_N007816_N007825"",""E_N008953_N008973"",""E_N008950_N008959"",""E_N006685_N007825"",""E_N007833_N008973""]","[""missing"",""missing"",""missing"",""missing"",""missing"",""missing"",""missing"",""missing"",""missing"",""missing""]","[2.2799999999999976,2.2799999999999994,2.2800000000000002,2.280000000000001,3.224406922210654,3.224406922210655,3.2244069222106573,3.2244069222106577,4.559999999999995,4.56]",10,0,0
E_N007819_N008973,15913,missing,1,"[""E_N007819_N007839""]","[""missing""]",[2.2799999999999976],1,0,0
E_N007819_N008973,15913,missing,3,"[""E_N007819_N007839"",""E_N007819_N008959"",""E_N007833_N008973""]","[""missing"",""missing"",""missing""]","[2.2799999999999976,2.2799999999999994,2.2800000000000002]",3,0,0
E_N007819_N008973,15913,missing,5,"[""E_N007819_N007839"",""E_N007819_N008959"",""E_N007833_N008973"",""E_N008953_N008973"",""E_N007819_N007825""]","[""missing"",""missing"",""missing"",""missing"",""missing""]","[2.2799999999999976,2.2799999999999994,2.2800000000000002,2.280000000000001,3.224406922210654]",5,0,0
E_N007819_N008973,15913,missing,10,"[""E_N007819_N007839"",""E_N007819_N008959"",""E_N007833_N008973"",""E_N008953_N008973"",""E_N007819_N007825"",""E_N007833_N007839"",""E_N008953_N008959"",""E_N008967_N008973"",""E_N006685_N007839"",""E_N007833_N008987""]","[""missing"",""missing"",""missing"",""missing"",""missing"",""missing"",""missing"",""missing"",""missing"",""missing""]","[2.2799999999999976,2.2799999999999994,2.2800000000000002,2.280000000000001,3.224406922210654,3.224406922210655,3.2244069222106573,3.2244069222106577,4.559999999999995,4.559999999999999]",10,0,0
E_N007833_N007839,13899,missing,1,"[""E_N006699_N007839""]","[""missing""]",[2.2799999999999976],1,0,0
E_N007833_N007839,13899,missing,3,"[""E_N006699_N007839"",""E_N007833_N008973"",""E_N007833_N007853""]","[""missing"",""missing"",""missing""]","[2.2799999999999976,2.2799999999999976,2.2799999999999985]",3,0,0
E_N007833_N007839,13899,missing,5,"[""E_N006699_N007839"",""E_N007833_N008973"",""E_N007833_N007853"",""E_N007819_N007839"",""E_N006699_N007853""]","[""missing"",""missing"",""missing"",""missing"",""missing""]","[2.2799999999999976,2.2799999999999976,2.2799999999999985,2.2800000000000002,3.2244069222106537]",5,0,0
E_N007833_N007839,13899,missing,10,"[""E_N006699_N007839"",""E_N007833_N008973"",""E_N007833_N007853"",""E_N007819_N007839"",""E_N006699_N007853"",""E_N007833_N008987"",""E_N006685_N007839"",""E_N007819_N008973"",""E_N006699_N006705"",""E_N008967_N008973""]","[""missing"",""missing"",""missing"",""missing"",""missing"",""missing"",""missing"",""missing"",""missing"",""missing""]","[2.2799999999999976,2.2799999999999976,2.2799999999999985,2.2800000000000002,3.2244069222106537,3.2244069222106537,3.224406922210655,3.224406922210655,4.559999999999999,4.559999999999999]",10,0,0
E_N007833_N007853,13926,missing,1,"[""E_N006699_N007853""]","[""missing""]",[2.2799999999999976],1,0,0
E_N007833_N007853,13926,missing,3,"[""E_N006699_N007853"",""E_N007833_N008987"",""E_N007833_N007839""]","[""missing"",""missing"",""missing""]","[2.2799999999999976,2.2799999999999976,2.2799999999999985]",3,0,0
E_N007833_N007853,13926,missing,5,"[""E_N006699_N007853"",""E_N007833_N008987"",""E_N007833_N007839"",""E_N007847_N007853"",""E_N006699_N007839""]","[""missing"",""missing"",""missing"",""missing"",""missing""]","[2.2799999999999976,2.2799999999999976,2.2799999999999985,2.280000000000001,3.2244069222106537]",5,0,0
E_N007833_N007853,13926,missing,10,"[""E_N006699_N007853"",""E_N007833_N008987"",""E_N007833_N007839"",""E_N007847_N007853"",""E_N006699_N007839"",""E_N007833_N008973"",""E_N006713_N007853"",""E_N007847_N008987"",""E_N006699_N006719"",""E_N007819_N007839""]","[""missing"",""missing"",""missing"",""missing"",""missing"",""missing"",""missing"",""missing"",""missing"",""missing""]","[2.2799999999999976,2.2799999999999976,2.2799999999999985,2.280000000000001,3.2244069222106537,3.2244069222106537,3.2244069222106555,3.2244069222106555,4.559999999999999,4.559999999999999]",10,0,0
E_N007833_N008973,15912,missing,1,"[""E_N007833_N007839""]","[""missing""]",[2.2799999999999976],1,0,0
E_N007833_N008973,15912,missing,3,"[""E_N007833_N007839"",""E_N007833_N008987"",""E_N007819_N008973""]","[""missing"",""missing"",""missing""]","[2.2799999999999976,2.2799999999999985,2.2800000000000002]",3,0,0
E_N007833_N008973,15912,missing,5,"[""E_N007833_N007839"",""E_N007833_N008987"",""E_N007819_N008973"",""E_N008967_N008973"",""E_N007833_N007853""]","[""missing"",""missing"",""missing"",""missing"",""missing""]","[2.2799999999999976,2.2799999999999985,2.2800000000000002,2.280000000000001,3.2244069222106537]",5,0,0
E_N007833_N008973,15912,missing,10,"[""E_N007833_N007839"",""E_N007833_N008987"",""E_N007819_N008973"",""E_N008967_N008973"",""E_N007833_N007853"",""E_N007819_N007839"",""E_N008967_N008987"",""E_N008953_N008973"",""E_N006699_N007839"",""E_N007819_N008959""]","[""missing"",""missing"",""missing"",""missing"",""missing"",""missing"",""missing"",""missing"",""missing"",""missing""]","[2.2799999999999976,2.2799999999999985,2.2800000000000002,2.280000000000001,3.2244069222106537,3.224406922210655,3.2244069222106564,3.2244069222106577,4.559999999999995,4.56]",10,0,0
E_N007833_N008987,15941,missing,1,"[""E_N007833_N007853""]","[""missing""]",[2.2799999999999976],1,0,0
E_N007833_N008987,15941,missing,3,"[""E_N007833_N007853"",""E_N007833_N008973"",""E_N007847_N008987""]","[""missing"",""missing"",""missing""]","[2.2799999999999976,2.2799999999999985,2.280000000000001]",3,0,0
E_N007833_N008987,15941,missing,5,"[""E_N007833_N007853"",""E_N007833_N008973"",""E_N007847_N008987"",""E_N008967_N008987"",""E_N007833_N007839""]","[""missing"",""missing"",""missing"",""missing"",""missing""]","[2.2799999999999976,2.2799999999999985,2.280000000000001,2.280000000000001,3.2244069222106537]",5,0,0
E_N007833_N008987,15941,missing,10,"[""E_N007833_N007853"",""E_N007833_N008973"",""E_N007847_N008987"",""E_N008967_N008987"",""E_N007833_N007839"",""E_N007847_N007853"",""E_N008967_N008973"",""E_N008981_N008987"",""E_N006699_N007853"",""E_N007819_N008973""]","[""missing"",""missing"",""missing"",""missing"",""missing"",""missing"",""missing"",""missing"",""missing"",""missing""]","[2.2799999999999976,2.2799999999999985,2.280000000000001,2.280000000000001,3.2244069222106537,3.2244069222106555,3.2244069222106564,3.224406922210658,4.559999999999995,4.559999999999999]",10,0,0
E_N007847_N007853,13927,missing,1,"[""E_N006713_N007853""]","[""missing""]",[2.2799999999999976],1,0,0
E_N007847_N007853,13927,missing,3,"[""E_N006713_N007853"",""E_N007847_N008987"",""E_N007833_N007853""]","[""missing"",""missing"",""missing""]","[2.2799999999999976,2.2799999999999976,2.280000000000001]",3,0,0
E_N007847_N007853,13927,missing,5,"[""E_N006713_N007853"",""E_N007847_N008987"",""E_N007833_N007853"",""E_N007847_N007867"",""E_N006699_N007853""]","[""missing"",""missing"",""missing"",""missing"",""missing""]","[2.2799999999999976,2.2799999999999976,2.280000000000001,2.280000000000001,3.2244069222106555]",5,0,0
E_N007847_N007853,13927,missing,10,"[""E_N006713_N007853"",""E_N007847_N008987"",""E_N007833_N007853"",""E_N007847_N007867"",""E_N006699_N007853"",""E_N006713_N007867"",""E_N007833_N008987"",""E_N007847_N009001"",""E_N006713_N006719"",""E_N007861_N007867""]","[""missing"",""missing"",""missing"",""missing"",""missing"",""missing"",""missing"",""missing"",""missing"",""missing""]","[2.2799999999999976,2.2799999999999976,2.280000000000001,2.280000000000001,3.2244069222106555,3.2244069222106555,3.2244069222106555,3.2244069222106555,4.559999999999999,4.559999999999999]",10,0,0
E_N007847_N007867,13954,missing,1,"[""E_N006713_N007867""]","[""missing""]",[2.2799999999999976],1,0,0
E_N007847_N007867,13954,missing,3,"[""E_N006713_N007867"",""E_N007847_N009001"",""E_N007861_N007867""]","[""missing"",""missing"",""missing""]","[2.2799999999999976,2.2799999999999976,2.2799999999999976]",3,0,0
E_N007847_N007867,13954,missing,5,"[""E_N006713_N007867"",""E_N007847_N009001"",""E_N007861_N007867"",""E_N007847_N007853"",""E_N006727_N007867""]","[""missing"",""missing"",""missing"",""missing"",""missing""]","[2.2799999999999976,2.2799999999999976,2.2799999999999976,2.280000000000001,3.2244069222106533]",5,0,0
E_N007847_N007867,13954,missing,10,"[""E_N006713_N007867"",""E_N007847_N009001"",""E_N007861_N007867"",""E_N007847_N007853"",""E_N006727_N007867"",""E_N007861_N009001"",""E_N006713_N007853"",""E_N007847_N008987"",""E_N006713_N006733"",""E_N007861_N007881""]","[""missing"",""missing"",""missing"",""missing"",""missing"",""missing"",""missing"",""missing"",""missing"",""missing""]","[2.2799999999999976,2.2799999999999976,2.2799999999999976,2.280000000000001,3.2244069222106533,3.2244069222106533,3.2244069222106555,3.2244069222106555,4.559999999999999,4.559999999999999]",10,0,0
E_N007847_N008987,15940,missing,1,"[""E_N007847_N007853""]","[""missing""]",[2.2799999999999976],1,0,0
E_N007847_N008987,15940,missing,3,"[""E_N007847_N007853"",""E_N007833_N008987"",""E_N007847_N009001""]","[""missing"",""missing"",""missing""]","[2.2799999999999976,2.280000000000001,2.280000000000001]",3,0,0
E_N007847_N008987,15940,missing,5,"[""E_N007847_N007853"",""E_N007833_N008987"",""E_N007847_N009001"",""E_N008981_N008987"",""E_N007833_N007853""]","[""missing"",""missing"",""missing"",""missing"",""missing""]","[2.2799999999999976,2.280000000000001,2.280000000000001,2.280000000000001,3.2244069222106555]",5,0,0
E_N007847_N008987,15940,missing,10,"[""E_N007847_N007853"",""E_N007833_N008987"",""E_N007847_N009001"",""E_N008981_N008987"",""E_N007833_N007853"",""E_N007847_N007867"",""E_N008967_N008987"",""E_N008981_N009001"",""E_N006713_N007853"",""E_N007861_N009001""]","[""missing"",""missing"",""missing"",""missing"",""missing"",""missing"",""missing"",""missing"",""missing"",""missing""]","[2.2799999999999976,2.280000000000001,2.280000000000001,2.280000000000001,3.2244069222106555,3.2244069222106555,3.224406922210658,3.224406922210658,4.559999999999995,4.559999999999999]",10,0,0
E_N007847_N009001,15969,missing,1,"[""E_N007847_N007867""]","[""missing""]",[2.2799999999999976],1,0,0
E_N007847_N009001,15969,missing,3,"[""E_N007847_N007867"",""E_N007861_N009001"",""E_N007847_N008987""]","[""missing"",""missing"",""missing""]","[2.2799999999999976,2.2799999999999976,2.280000000000001]",3,0,0
E_N007847_N009001,15969,missing,5,"[""E_N007847_N007867"",""E_N007861_N009001"",""E_N007847_N008987"",""E_N008981_N009001"",""E_N007861_N007867""]","[""missing"",""missing"",""missing"",""missing"",""missing""]","[2.2799999999999976,2.2799999999999976,2.280000000000001,2.280000000000001,3.2244069222106533]",5,0,0
E_N007847_N009001,15969,missing,10,"[""E_N007847_N007867"",""E_N007861_N009001"",""E_N007847_N008987"",""E_N008981_N009001"",""E_N007861_N007867"",""E_N007847_N007853"",""E_N008995_N009001"",""E_N008981_N008987"",""E_N008995_N008996"",""E_N006713_N007867""]","[""missing"",""missing"",""missing"",""missing"",""missing"",""missing"",""missing"",""missing"",""missing"",""missing""]","[2.2799999999999976,2.2799999999999976,2.280000000000001,2.280000000000001,3.2244069222106533,3.2244069222106555,3.2244069222106555,3.224406922210658,4.265489420922293,4.559999999999995]",10,0,0
E_N007861_N007867,13955,missing,1,"[""E_N006727_N007867""]","[""missing""]",[2.2799999999999976],1,0,0
E_N007861_N007867,13955,missing,3,"[""E_N006727_N007867"",""E_N007847_N007867"",""E_N007861_N009001""]","[""missing"",""missing"",""missing""]","[2.2799999999999976,2.2799999999999976,2.2799999999999976]",3,0,0
E_N007861_N007867,13955,missing,5,"[""E_N006727_N007867"",""E_N007847_N007867"",""E_N007861_N009001"",""E_N007861_N007881"",""E_N006713_N007867""]","[""missing"",""missing"",""missing"",""missing"",""missing""]","[2.2799999999999976,2.2799999999999976,2.2799999999999976,2.280000000000001,3.2244069222106533]",5,0,0
E_N007861_N007867,13955,missing,10,"[""E_N006727_N007867"",""E_N007847_N007867"",""E_N007861_N009001"",""E_N007861_N007881"",""E_N006713_N007867"",""E_N007847_N009001"",""E_N006727_N007881"",""E_N007861_N009015"",""E_N006727_N006733"",""E_N007847_N007853""]","[""missing"",""missing"",""missing"",""missing"",""missing"",""missing"",""missing"",""missing"",""missing"",""missing""]","[2.2799999999999976,2.2799999999999976,2.2799999999999976,2.280000000000001,3.2244069222106533,3.2244069222106533,3.2244069222106555,3.2244069222106555,4.559999999999999,4.559999999999999]",10,0,0
E_N007861_N007881,13982,missing,1,"[""E_N006727_N007881""]","[""missing""]",[2.2799999999999976],1,0,0
E_N007861_N007881,13982,missing,3,"[""E_N006727_N007881"",""E_N007861_N009015"",""E_N007875_N007881""]","[""missing"",""missing"",""missing""]","[2.2799999999999976,2.2799999999999976,2.2799999999999976]",3,0,0
E_N007861_N007881,13982,missing,5,"[""E_N006727_N007881"",""E_N007861_N009015"",""E_N007875_N007881"",""E_N007861_N007867"",""E_N006741_N007881""]","[""missing"",""missing"",""missing"",""missing"",""missing""]","[2.2799999999999976,2.2799999999999976,2.2799999999999976,2.280000000000001,3.2244069222106533]",5,0,0
E_N007861_N007881,13982,missing,10,"[""E_N006727_N007881"",""E_N007861_N009015"",""E_N007875_N007881"",""E_N007861_N007867"",""E_N006741_N007881"",""E_N007875_N009015"",""E_N006727_N007867"",""E_N007861_N009001"",""E_N006727_N006747"",""E_N007847_N007867""]","[""missing"",""missing"",""missing"",""missing"",""missing"",""missing"",""missing"",""missing"",""missing"",""missing""]","[2.2799999999999976,2.2799999999999976,2.2799999999999976,2.280000000000001,3.2244069222106533,3.2244069222106533,3.2244069222106555,3.2244069222106555,4.559999999999999,4.559999999999999]",10,0,0
E_N007861_N009001,15968,missing,1,"[""E_N007847_N009001""]","[""missing""]",[2.2799999999999976],1,0,0
E_N007861_N009001,15968,missing,3,"[""E_N007847_N009001"",""E_N007861_N007867"",""E_N007861_N009015""]","[""missing"",""missing"",""missing""]","[2.2799999999999976,2.2799999999999976,2.280000000000001]",3,0,0
E_N007861_N009001,15968,missing,5,"[""E_N007847_N009001"",""E_N007861_N007867"",""E_N007861_N009015"",""E_N008995_N009001"",""E_N007847_N007867""]","[""missing"",""missing"",""missing"",""missing"",""missing""]","[2.2799999999999976,2.2799999999999976,2.280000000000001,2.280000000000001,3.2244069222106533]",5,0,0
E_N007861_N009001,15968,missing,10,"[""E_N007847_N009001"",""E_N007861_N007867"",""E_N007861_N009015"",""E_N008995_N009001"",""E_N007847_N007867"",""E_N007861_N007881"",""E_N008981_N009001"",""E_N008995_N009015"",""E_N008995_N008996"",""E_N006727_N007867""]","[""missing"",""missing"",""missing"",""missing"",""missing"",""missing"",""missing"",""missing"",""missing"",""missing""]","[2.2799999999999976,2.2799999999999976,2.280000000000001,2.280000000000001,3.2244069222106533,3.2244069222106555,3.2244069222106555,3.224406922210658,3.6049965325919544,4.559999999999995]",10,0,0
E_N007861_N009015,15997,missing,1,"[""E_N007861_N007881""]","[""missing""]",[2.2799999999999976],1,0,0
E_N007861_N009015,15997,missing,3,"[""E_N007861_N007881"",""E_N007875_N009015"",""E_N007861_N009001""]","[""missing"",""missing"",""missing""]","[2.2799999999999976,2.2799999999999976,2.280000000000001]",3,0,0
E_N007861_N009015,15997,missing,5,"[""E_N007861_N007881"",""E_N007875_N009015"",""E_N007861_N009001"",""E_N008995_N009015"",""E_N007875_N007881""]","[""missing"",""missing"",""missing"",""missing"",""missing""]","[2.2799999999999976,2.2799999999999976,2.280000000000001,2.280000000000001,3.2244069222106533]",5,0,0
E_N007861_N009015,15997,missing,10,"[""E_N007861_N007881"",""E_N007875_N009015"",""E_N007861_N009001"",""E_N008995_N009015"",""E_N007875_N007881"",""E_N007861_N007867"",""E_N009009_N009015"",""E_N008995_N009001"",""E_N008995_N008996"",""E_N006727_N007881""]","[""missing"",""missing"",""missing"",""missing"",""missing"",""missing"",""missing"",""missing"",""missing"",""missing""]","[2.2799999999999976,2.2799999999999976,2.280000000000001,2.280000000000001,3.2244069222106533,3.2244069222106555,3.2244069222106555,3.224406922210658,4.265489420922295,4.559999999999995]",10,0,0
E_N007875_N007881,13983,missing,1,"[""E_N006741_N007881""]","[""missing""]",[2.2799999999999976],1,0,0
E_N007875_N007881,13983,missing,3,"[""E_N006741_N007881"",""E_N007861_N007881"",""E_N007875_N009015""]","[""missing"",""missing"",""missing""]","[2.2799999999999976,2.2799999999999976,2.2799999999999976]",3,0,0
E_N007875_N007881,13983,missing,5,"[""E_N006741_N007881"",""E_N007861_N007881"",""E_N007875_N009015"",""E_N007875_N007895"",""E_N006727_N007881""]","[""missing"",""missing"",""missing"",""missing"",""missing""]","[2.2799999999999976,2.2799999999999976,2.2799999999999976,2.280000000000001,3.2244069222106533]",5,0,0
E_N007875_N007881,13983,missing,10,"[""E_N006741_N007881"",""E_N007861_N007881"",""E_N007875_N009015"",""E_N007875_N007895"",""E_N006727_N007881"",""E_N007861_N009015"",""E_N006741_N007895"",""E_N007875_N009029"",""E_N006741_N006747"",""E_N007861_N007867""]","[""missing"",""missing"",""missing"",""missing"",""missing"",""missing"",""missing"",""missing"",""missing"",""missing""]","[2.2799999999999976,2.2799999999999976,2.2799999999999976,2.280000000000001,3.2244069222106533,3.2244069222106533,3.2244069222106555,3.2244069222106555,4.559999999999999,4.559999999999999]",10,0,0
E_N007875_N007895,14010,missing,1,"[""E_N006741_N007895""]","[""missing""]",[2.2799999999999976],1,0,0
E_N007875_N007895,14010,missing,3,"[""E_N006741_N007895"",""E_N007875_N009029"",""E_N007875_N007881""]","[""missing"",""missing"",""missing""]","[2.2799999999999976,2.2799999999999976,2.280000000000001]",3,0,0
E_N007875_N007895,14010,missing,5,"[""E_N006741_N007895"",""E_N007875_N009029"",""E_N007875_N007881"",""E_N007889_N007895"",""E_N006741_N007881""]","[""missing"",""missing"",""missing"",""missing"",""missing""]","[2.2799999999999976,2.2799999999999976,2.280000000000001,2.280000000000001,3.2244069222106555]",5,0,0
E_N007875_N007895,14010,missing,10,"[""E_N006741_N007895"",""E_N007875_N009029"",""E_N007875_N007881"",""E_N007889_N007895"",""E_N006741_N007881"",""E_N006755_N007895"",""E_N007875_N009015"",""E_N007889_N009029"",""E_N006741_N006761"",""E_N007861_N007881""]","[""missing"",""missing"",""missing"",""missing"",""missing"",""missing"",""missing"",""missing"",""missing"",""missing""]","[2.2799999999999976,2.2799999999999976,2.280000000000001,2.280000000000001,3.2244069222106555,3.2244069222106555,3.2244069222106555,3.2244069222106555,4.559999999999999,4.559999999999999]",10,0,0
E_N007875_N009015,15996,missing,1,"[""E_N007861_N009015""]","[""missing""]",[2.2799999999999976],1,0,0
E_N007875_N009015,15996,missing,3,"[""E_N007861_N009015"",""E_N007875_N007881"",""E_N007875_N009029""]","[""missing"",""missing"",""missing""]","[2.2799999999999976,2.2799999999999976,2.280000000000001]",3,0,0
E_N007875_N009015,15996,missing,5,"[""E_N007861_N009015"",""E_N007875_N007881"",""E_N007875_N009029"",""E_N009009_N009015"",""E_N007861_N007881""]","[""missing"",""missing"",""missing"",""missing"",""missing""]","[2.2799999999999976,2.2799999999999976,2.280000000000001,2.280000000000001,3.2244069222106533]",5,0,0
E_N007875_N009015,15996,missing,10,"[""E_N007861_N009015"",""E_N007875_N007881"",""E_N007875_N009029"",""E_N009009_N009015"",""E_N007861_N007881"",""E_N007875_N007895"",""E_N008995_N009015"",""E_N009009_N009029"",""E_N006741_N007881"",""E_N007861_N009001""]","[""missing"",""missing"",""missing"",""missing"",""missing"",""missing"",""missing"",""missing"",""missing"",""missing""]","[2.2799999999999976,2.2799999999999976,2.280000000000001,2.280000000000001,3.2244069222106533,3.2244069222106555,3.2244069222106555,3.224406922210658,4.559999999999995,4.559999999999999]",10,0,0
E_N007875_N009029,16025,missing,1,"[""E_N007875_N007895""]","[""missing""]",[2.2799999999999976],1,0,0
E_N007875_N009029,16025,missing,3,"[""E_N007875_N007895"",""E_N007875_N009015"",""E_N007889_N009029""]","[""missing"",""missing"",""missing""]","[2.2799999999999976,2.280000000000001,2.280000000000001]",3,0,0
E_N007875_N009029,16025,missing,5,"[""E_N007875_N007895"",""E_N007875_N009015"",""E_N007889_N009029"",""E_N009009_N009029"",""E_N007875_N007881""]","[""missing"",""missing"",""missing"",""missing"",""missing""]","[2.2799999999999976,2.280000000000001,2.280000000000001,2.280000000000001,3.2244069222106555]",5,0,0
E_N007875_N009029,16025,missing,10,"[""E_N007875_N007895"",""E_N007875_N009015"",""E_N007889_N009029"",""E_N009009_N009029"",""E_N007875_N007881"",""E_N007889_N007895"",""E_N009009_N009015"",""E_N009023_N009029"",""E_N006741_N007895"",""E_N007861_N009015""]","[""missing"",""missing"",""missing"",""missing"",""missing"",""missing"",""missing"",""missing"",""missing"",""missing""]","[2.2799999999999976,2.280000000000001,2.280000000000001,2.280000000000001,3.2244069222106555,3.2244069222106555,3.224406922210658,3.224406922210658,4.559999999999995,4.559999999999999]",10,0,0
E_N007889_N007895,14011,missing,1,"[""E_N006755_N007895""]","[""missing""]",[2.2799999999999976],1,0,0
E_N007889_N007895,14011,missing,3,"[""E_N006755_N007895"",""E_N007889_N009029"",""E_N007875_N007895""]","[""missing"",""missing"",""missing""]","[2.2799999999999976,2.2799999999999976,2.280000000000001]",3,0,0
E_N007889_N007895,14011,missing,5,"[""E_N006755_N007895"",""E_N007889_N009029"",""E_N007875_N007895"",""E_N006741_N007895"",""E_N007875_N009029""]","[""missing"",""missing"",""missing"",""missing"",""missing""]","[2.2799999999999976,2.2799999999999976,2.280000000000001,3.2244069222106555,3.2244069222106555]",5,0,0
E_N007889_N007895,14011,missing,10,"[""E_N006755_N007895"",""E_N007889_N009029"",""E_N007875_N007895"",""E_N006741_N007895"",""E_N007875_N009029"",""E_N006755_N006761"",""E_N009023_N009029"",""E_N007875_N007881"",""E_N006741_N006761"",""E_N009009_N009029""]","[""missing"",""missing"",""missing"",""missing"",""missing"",""missing"",""missing"",""missing"",""missing"",""missing""]","[2.2799999999999976,2.2799999999999976,2.280000000000001,3.2244069222106555,3.2244069222106555,4.559999999999999,4.559999999999999,4.560000000000002,5.098234988699519,5.098234988699519]",10,0,0
E_N007889_N009029,16024,missing,1,"[""E_N007889_N007895""]","[""missing""]",[2.2799999999999976],1,0,0
E_N007889_N009029,16024,missing,3,"[""E_N007889_N007895"",""E_N007875_N009029"",""E_N009023_N009029""]","[""missing"",""missing"",""missing""]","[2.2799999999999976,2.280000000000001,2.280000000000001]",3,0,0
E_N007889_N009029,16024,missing,5,"[""E_N007889_N007895"",""E_N007875_N009029"",""E_N009023_N009029"",""E_N007875_N007895"",""E_N009009_N009029""]","[""missing"",""missing"",""missing"",""missing"",""missing""]","[2.2799999999999976,2.280000000000001,2.280000000000001,3.2244069222106555,3.224406922210658]",5,0,0
E_N007889_N009029,16024,missing,10,"[""E_N007889_N007895"",""E_N007875_N009029"",""E_N009023_N009029"",""E_N007875_N007895"",""E_N009009_N009029"",""E_N006755_N007895"",""E_N007875_N009015"",""E_N009023_N010163"",""E_N006741_N007895"",""E_N007875_N007881""]","[""missing"",""missing"",""missing"",""missing"",""missing"",""missing"",""missing"",""missing"",""missing"",""missing""]","[2.2799999999999976,2.280000000000001,2.280000000000001,3.2244069222106555,3.224406922210658,4.559999999999995,4.560000000000002,4.560000000000002,5.098234988699517,5.098234988699521]",10,0,0
E_N008309_N008313,14755,missing,1,"[""E_N009443_N009447""]","[""missing""]",[4.560000000000002],1,0,0
E_N008309_N008313,14755,missing,3,"[""E_N009443_N009447"",""E_N009317_N009321"",""E_N003511_N003526""]","[""missing"",""missing"",""missing""]","[4.560000000000002,6.448813844421315,22.7429285713164]",3,0,0
E_N008309_N008313,14755,missing,5,"[""E_N009443_N009447"",""E_N009317_N009321"",""E_N003511_N003526"",""E_N001379_N001506"",""E_N001491_N001506""]","[""missing"",""missing"",""missing"",""missing"",""missing""]","[4.560000000000002,6.448813844421315,22.7429285713164,26.343621618904262,26.442102790814502]",5,0,0
E_N008309_N008313,14755,missing,10,"[""E_N009443_N009447"",""E_N009317_N009321"",""E_N003511_N003526"",""E_N001379_N001506"",""E_N001491_N001506"",""E_N001365_N001380"",""E_N005369_N005375"",""E_N004584_N004604"",""E_N003466_N004589"",""E_N003466_N003471""]","[""missing"",""missing"",""missing"",""missing"",""missing"",""missing"",""broken"",""broken"",""broken"",""broken""]","[4.560000000000002,6.448813844421315,22.7429285713164,26.343621618904262,26.442102790814502,26.832413234742788,27.970684653758475,28.52279088728871,28.7948745439184,28.929956792224903]",6,4,0
E_N008950_N008959,15886,missing,1,"[""E_N008953_N008959""]","[""missing""]",[2.2800000000000002],1,0,0
E_N008950_N008959,15886,missing,3,"[""E_N008953_N008959"",""E_N007816_N008959"",""E_N008950_N010093""]","[""missing"",""missing"",""missing""]","[2.2800000000000002,2.280000000000001,2.280000000000001]",3,0,0
E_N008950_N008959,15886,missing,5,"[""E_N008953_N008959"",""E_N007816_N008959"",""E_N008950_N010093"",""E_N007819_N008959"",""E_N008953_N010093""]","[""missing"",""missing"",""missing"",""missing"",""missing""]","[2.2800000000000002,2.280000000000001,2.280000000000001,3.2244069222106577,3.2244069222106577]",5,0,0
E_N008950_N008959,15886,missing,10,"[""E_N008953_N008959"",""E_N007816_N008959"",""E_N008950_N010093"",""E_N007819_N008959"",""E_N008953_N010093"",""E_N007816_N007825"",""E_N008953_N008973"",""E_N010084_N010093"",""E_N007819_N007825"",""E_N007819_N008973""]","[""missing"",""missing"",""missing"",""missing"",""missing"",""missing"",""missing"",""missing"",""missing"",""missing""]","[2.2800000000000002,2.280000000000001,2.280000000000001,3.2244069222106577,3.2244069222106577,4.559999999999999,4.56,4.560000000000002,5.098234988699519,5.098234988699521]",10,0,0
E_N008950_N010093,18193,missing,1,"[""E_N008953_N010093""]","[""missing""]",[2.2800000000000002],1,0,0
E_N008950_N010093,18193,missing,3,"[""E_N008953_N010093"",""E_N008950_N008959"",""E_N010084_N010093""]","[""missing"",""missing"",""missing""]","[2.2800000000000002,2.280000000000001,2.280000000000001]",3,0,0
E_N008950_N010093,18193,missing,5,"[""E_N008953_N010093"",""E_N008950_N008959"",""E_N010084_N010093"",""E_N008953_N008959"",""E_N010087_N010093""]","[""missing"",""missing"",""missing"",""missing"",""missing""]","[2.2800000000000002,2.280000000000001,2.280000000000001,3.2244069222106577,3.2244069222106577]",5,0,0
E_N008950_N010093,18193,missing,10,"[""E_N008953_N010093"",""E_N008950_N008959"",""E_N010084_N010093"",""E_N008953_N008959"",""E_N010087_N010093"",""E_N008953_N010107"",""E_N007816_N008959"",""E_N008953_N008973"",""E_N010087_N010107"",""E_N007819_N008959""]","[""missing"",""missing"",""missing"",""missing"",""missing"",""missing"",""missing"",""missing"",""missing"",""missing""]","[2.2800000000000002,2.280000000000001,2.280000000000001,3.2244069222106577,3.2244069222106577,4.56,4.560000000000002,5.098234988699521,5.098234988699521,5.098234988699522]",10,0,0
E_N008953_N008959,15887,missing,1,"[""E_N008953_N008973""]","[""missing""]",[2.2799999999999994],1,0,0
E_N008953_N008959,15887,missing,3,"[""E_N008953_N008973"",""E_N008950_N008959"",""E_N007819_N008959""]","[""missing"",""missing"",""missing""]","[2.2799999999999994,2.2800000000000002,2.280000000000001]",3,0,0
E_N008953_N008959,15887,missing,5,"[""E_N008953_N008973"",""E_N008950_N008959"",""E_N007819_N008959"",""E_N008953_N010093"",""E_N007819_N008973""]","[""missing"",""missing"",""missing"",""missing"",""missing""]","[2.2799999999999994,2.2800000000000002,2.280000000000001,2.280000000000001,3.2244069222106573]",5,0,0
E_N008953_N008959,15887,missing,10,"[""E_N008953_N008973"",""E_N008950_N008959"",""E_N007819_N008959"",""E_N008953_N010093"",""E_N007819_N008973"",""E_N008953_N010107"",""E_N007816_N008959"",""E_N008950_N010093"",""E_N007819_N007825"",""E_N008967_N008973""]","[""missing"",""missing"",""missing"",""missing"",""missing"",""missing"",""missing"",""missing"",""missing"",""missing""]","[2.2799999999999994,2.2800000000000002,2.280000000000001,2.280000000000001,3.2244069222106573,3.2244069222106573,3.2244069222106577,3.2244069222106577,4.559999999999999,4.56]",10,0,0
E_N008953_N008973,15914,missing,1,"[""E_N008953_N008959""]","[""missing""]",[2.2799999999999994],1,0,0
E_N008953_N008973,15914,missing,3,"[""E_N008953_N008959"",""E_N008967_N008973"",""E_N007819_N008973""]","[""missing"",""missing"",""missing""]","[2.2799999999999994,2.2800000000000002,2.280000000000001]",3,0,0
E_N008953_N008973,15914,missing,5,"[""E_N008953_N008959"",""E_N008967_N008973"",""E_N007819_N008973"",""E_N008953_N010107"",""E_N007819_N008959""]","[""missing"",""missing"",""missing"",""missing"",""missing""]","[2.2799999999999994,2.2800000000000002,2.280000000000001,2.280000000000001,3.2244069222106573]",5,0,0
E_N008953_N008973,15914,missing,10,"[""E_N008953_N008959"",""E_N008967_N008973"",""E_N007819_N008973"",""E_N008953_N010107"",""E_N007819_N008959"",""E_N008953_N010093"",""E_N007833_N008973"",""E_N008967_N010107"",""E_N008967_N010105"",""E_N007819_N007839""]","[""missing"",""missing"",""missing"",""missing"",""missing"",""missing"",""missing"",""missing"",""broken"",""missing""]","[2.2799999999999994,2.2800000000000002,2.280000000000001,2.280000000000001,3.2244069222106573,3.2244069222106573,3.2244069222106577,3.2244069222106577,4.265489420922294,4.559999999999999]",9,1,0
E_N008953_N010093,18192,missing,1,"[""E_N008953_N010107""]","[""missing""]",[2.2799999999999994],1,0,0
E_N008953_N010093,18192,missing,3,"[""E_N008953_N010107"",""E_N008950_N010093"",""E_N008953_N008959""]","[""missing"",""missing"",""missing""]","[2.2799999999999994,2.2800000000000002,2.280000000000001]",3,0,0
E_N008953_N010093,18192,missing,5,"[""E_N008953_N010107"",""E_N008950_N010093"",""E_N008953_N008959"",""E_N010087_N010093"",""E_N008953_N008973""]","[""missing"",""missing"",""missing"",""missing"",""missing""]","[2.2799999999999994,2.2800000000000002,2.280000000000001,2.280000000000001,3.2244069222106573]",5,0,0
E_N008953_N010093,18192,missing,10,"[""E_N008953_N010107"",""E_N008950_N010093"",""E_N008953_N008959"",""E_N010087_N010093"",""E_N008953_N008973"",""E_N010087_N010107"",""E_N008950_N008959"",""E_N010084_N010093"",""E_N010102_N010107"",""E_N008967_N010107""]","[""missing"",""missing"",""missing"",""missing"",""missing"",""missing"",""missing"",""missing"",""broken"",""missing""]","[2.2799999999999994,2.2800000000000002,2.280000000000001,2.280000000000001,3.2244069222106573,3.2244069222106573,3.2244069222106577,3.2244069222106577,4.265489420922294,4.56]",9,1,0
E_N008953_N010107,18225,missing,1,"[""E_N008953_N010093""]","[""missing""]",[2.2799999999999994],1,0,0
E_N008953_N010107,18225,missing,3,"[""E_N008953_N010093"",""E_N008967_N010107"",""E_N008953_N008973""]","[""missing"",""missing"",""missing""]","[2.2799999999999994,2.2800000000000002,2.280000000000001]",3,0,0
E_N008953_N010107,18225,missing,5,"[""E_N008953_N010093"",""E_N008967_N010107"",""E_N008953_N008973"",""E_N010087_N010107"",""E_N010102_N010107""]","[""missing"",""missing"",""missing"",""missing"",""broken""]","[2.2799999999999994,2.2800000000000002,2.280000000000001,2.280000000000001,2.792418306772824]",4,1,0
E_N008953_N010107,18225,missing,10,"[""E_N008953_N010093"",""E_N008967_N010107"",""E_N008953_N008973"",""E_N010087_N010107"",""E_N010102_N010107"",""E_N008953_N008959"",""E_N010087_N010093"",""E_N008967_N008973"",""E_N010101_N010107"",""E_N008967_N010105""]","[""missing"",""missing"",""missing"",""missing"",""broken"",""missing"",""missing"",""missing"",""missing"",""broken""]","[2.2799999999999994,2.2800000000000002,2.280000000000001,2.280000000000001,2.792418306772824,3.2244069222106573,3.2244069222106573,3.2244069222106577,3.2244069222106577,3.6049965325919526]",8,2,0
E_N008967_N008973,15915,missing,1,"[""E_N008967_N008987""]","[""missing""]",[2.2799999999999985],1,0,0
E_N008967_N008973,15915,missing,3,"[""E_N008967_N008987"",""E_N008953_N008973"",""E_N007833_N008973""]","[""missing"",""missing"",""missing""]","[2.2799999999999985,2.2800000000000002,2.280000000000001]",3,0,0
E_N008967_N008973,15915,missing,5,"[""E_N008967_N008987"",""E_N008953_N008973"",""E_N007833_N008973"",""E_N008967_N010107"",""E_N008967_N010105""]","[""missing"",""missing"",""missing"",""missing"",""broken""]","[2.2799999999999985,2.2800000000000002,2.280000000000001,2.280000000000001,2.792418306772824]",4,1,0
E_N008967_N008973,15915,missing,10,"[""E_N008967_N008987"",""E_N008953_N008973"",""E_N007833_N008973"",""E_N008967_N010107"",""E_N008967_N010105"",""E_N007833_N008987"",""E_N008967_N010121"",""E_N007819_N008973"",""E_N008953_N010107"",""E_N007833_N007839""]","[""missing"",""missing"",""missing"",""missing"",""broken"",""missing"",""missing"",""missing"",""missing"",""missing""]","[2.2799999999999985,2.2800000000000002,2.280000000000001,2.280000000000001,2.792418306772824,3.2244069222106564,3.2244069222106564,3.2244069222106577,3.2244069222106577,4.559999999999999]",9,1,0
E_N008967_N008987,15942,missing,1,"[""E_N008967_N008973""]","[""missing""]",[2.2799999999999985],1,0,0
E_N008967_N008987,15942,missing,3,"[""E_N008967_N008973"",""E_N007833_N008987"",""E_N008967_N010121""]","[""missing"",""missing"",""missing""]","[2.2799999999999985,2.280000000000001,2.280000000000001]",3,0,0
E_N008967_N008987,15942,missing,5,"[""E_N008967_N008973"",""E_N007833_N008987"",""E_N008967_N010121"",""E_N008981_N008987"",""E_N008967_N010105""]","[""missing"",""missing"",""missing"",""missing"",""broken""]","[2.2799999999999985,2.280000000000001,2.280000000000001,2.280000000000001,2.7924183067728237]",4,1,0
E_N008967_N008987,15942,missing,10,"[""E_N008967_N008973"",""E_N007833_N008987"",""E_N008967_N010121"",""E_N008981_N008987"",""E_N008967_N010105"",""E_N007833_N008973"",""E_N008967_N010107"",""E_N007847_N008987"",""E_N008981_N010121"",""E_N007833_N007853""]","[""missing"",""missing"",""missing"",""missing"",""broken"",""missing"",""missing"",""missing"",""missing"",""missing""]","[2.2799999999999985,2.280000000000001,2.280000000000001,2.280000000000001,2.7924183067728237,3.2244069222106564,3.2244069222106564,3.224406922210658,3.224406922210658,4.559999999999999]",9,1,0
E_N008967_N010105,18249,broken,1,"[""E_N008967_N010121""]","[""missing""]",[1.6122034611053278],1,0,0
E_N008967_N010105,18249,broken,3,"[""E_N008967_N010121"",""E_N008967_N010107"",""E_N008967_N008987""]","[""missing"",""missing"",""missing""]","[1.6122034611053278,1.6122034611053286,2.7924183067728237]",3,0,0
E_N008967_N010105,18249,broken,5,"[""E_N008967_N010121"",""E_N008967_N010107"",""E_N008967_N008987"",""E_N010101_N010121"",""E_N008967_N008973""]","[""missing"",""missing"",""missing"",""missing"",""missing""]","[1.6122034611053278,1.6122034611053286,2.7924183067728237,2.7924183067728237,2.792418306772824]",5,0,0
E_N008967_N010105,18249,broken,10,"[""E_N008967_N010121"",""E_N008967_N010107"",""E_N008967_N008987"",""E_N010101_N010121"",""E_N008967_N008973"",""E_N010101_N010107"",""E_N010102_N010107"",""E_N008953_N010107"",""E_N008981_N010121"",""E_N008953_N008973""]","[""missing"",""missing"",""missing"",""missing"",""missing"",""missing"",""broken"",""missing"",""missing"",""missing""]","[1.6122034611053278,1.6122034611053286,2.7924183067728237,2.7924183067728237,2.792418306772824,2.792418306772824,3.2244069222106573,3.6049965325919526,3.6049965325919526,4.265489420922294]",9,1,0
E_N008967_N010107,18224,missing,1,"[""E_N008967_N010105""]","[""broken""]",[1.6122034611053286],0,1,0
E_N008967_N010107,18224,missing,3,"[""E_N008967_N010105"",""E_N008967_N010121"",""E_N008953_N010107""]","[""broken"",""missing"",""missing""]","[1.6122034611053286,2.2799999999999985,2.2800000000000002]",2,1,0
E_N008967_N010107,18224,missing,5,"[""E_N008967_N010105"",""E_N008967_N010121"",""E_N008953_N010107"",""E_N008967_N008973"",""E_N010101_N010107""]","[""broken"",""missing"",""missing"",""missing"",""missing""]","[1.6122034611053286,2.2799999999999985,2.2800000000000002,2.280000000000001,2.280000000000001]",4,1,0
E_N008967_N010107,18224,missing,10,"[""E_N008967_N010105"",""E_N008967_N010121"",""E_N008953_N010107"",""E_N008967_N008973"",""E_N010101_N010107"",""E_N010102_N010107"",""E_N008967_N008987"",""E_N010101_N010121"",""E_N008953_N008973"",""E_N010087_N010107""]","[""broken"",""missing"",""missing"",""missing"",""missing"",""broken"",""missing"",""missing"",""missing"",""missing""]","[1.6122034611053286,2.2799999999999985,2.2800000000000002,2.280000000000001,2.280000000000001,2.792418306772824,3.2244069222106564,3.2244069222106564,3.2244069222106577,3.2244069222106577]",8,2,0
E_N008967_N010121,18257,missing,1,"[""E_N008967_N010105""]","[""broken""]",[1.6122034611053278],0,1,0
E_N008967_N010121,18257,missing,3,"[""E_N008967_N010105"",""E_N008967_N010107"",""E_N008967_N008987""]","[""broken"",""missing"",""missing""]","[1.6122034611053278,2.2799999999999985,2.280000000000001]",2,1,0
E_N008967_N010121,18257,missing,5,"[""E_N008967_N010105"",""E_N008967_N010107"",""E_N008967_N008987"",""E_N008981_N010121"",""E_N010101_N010121""]","[""broken"",""missing"",""missing"",""missing"",""missing""]","[1.6122034611053278,2.2799999999999985,2.280000000000001,2.280000000000001,2.280000000000001]",4,1,0
E_N008967_N010121,18257,missing,10,"[""E_N008967_N010105"",""E_N008967_N010107"",""E_N008967_N008987"",""E_N008981_N010121"",""E_N010101_N010121"",""E_N008967_N008973"",""E_N010101_N010107"",""E_N008981_N008987"",""E_N010115_N010121"",""E_N010102_N010107""]","[""broken"",""missing"",""missing"",""missing"",""missing"",""missing"",""missing"",""missing"",""missing"",""broken""]","[1.6122034611053278,2.2799999999999985,2.280000000000001,2.280000000000001,2.280000000000001,3.2244069222106564,3.2244069222106564,3.224406922210658,3.224406922210658,4.265489420922292]",8,2,0
E_N008981_N008987,15943,missing,1,"[""E_N007847_N008987""]","[""missing""]",[2.280000000000001],1,0,0
E_N008981_N008987,15943,missing,3,"[""E_N007847_N008987"",""E_N008967_N008987"",""E_N008981_N009001""]","[""missing"",""missing"",""missing""]","[2.280000000000001,2.280000000000001,2.280000000000001]",3,0,0
E_N008981_N008987,15943,missing,5,"[""E_N007847_N008987"",""E_N008967_N008987"",""E_N008981_N009001"",""E_N008981_N010121"",""E_N007833_N008987""]","[""missing"",""missing"",""missing"",""missing"",""missing""]","[2.280000000000001,2.280000000000001,2.280000000000001,2.280000000000001,3.224406922210658]",5,0,0
E_N008981_N008987,15943,missing,10,"[""E_N007847_N008987"",""E_N008967_N008987"",""E_N008981_N009001"",""E_N008981_N010121"",""E_N007833_N008987"",""E_N007847_N009001"",""E_N008967_N010121"",""E_N008981_N010135"",""E_N008967_N010105"",""E_N007847_N007853""]","[""missing"",""missing"",""missing"",""missing"",""missing"",""missing"",""missing"",""missing"",""broken"",""missing""]","[2.280000000000001,2.280000000000001,2.280000000000001,2.280000000000001,3.224406922210658,3.224406922210658,3.224406922210658,3.224406922210658,4.265489420922294,4.559999999999999]",9,1,0
E_N008981_N009001,15970,missing,1,"[""E_N008995_N009001""]","[""missing""]",[2.2799999999999976],1,0,0
E_N008981_N009001,15970,missing,3,"[""E_N008995_N009001"",""E_N007847_N009001"",""E_N008981_N008987""]","[""missing"",""missing"",""missing""]","[2.2799999999999976,2.280000000000001,2.280000000000001]",3,0,0
E_N008981_N009001,15970,missing,5,"[""E_N008995_N009001"",""E_N007847_N009001"",""E_N008981_N008987"",""E_N008981_N010135"",""E_N008995_N008996""]","[""missing"",""missing"",""missing"",""missing"",""missing""]","[2.2799999999999976,2.280000000000001,2.280000000000001,2.280000000000001,2.7924183067728214]",5,0,0
E_N008981_N009001,15970,missing,10,"[""E_N008995_N009001"",""E_N007847_N009001"",""E_N008981_N008987"",""E_N008981_N010135"",""E_N008995_N008996"",""E_N007861_N009001"",""E_N008995_N010135"",""E_N007847_N008987"",""E_N008981_N010121"",""E_N007847_N007867""]","[""missing"",""missing"",""missing"",""missing"",""missing"",""missing"",""missing"",""missing"",""missing"",""missing""]","[2.2799999999999976,2.280000000000001,2.280000000000001,2.280000000000001,2.7924183067728214,3.2244069222106555,3.2244069222106555,3.224406922210658,3.224406922210658,4.559999999999999]",10,0,0
E_N008981_N010121,18256,missing,1,"[""E_N008967_N010121""]","[""missing""]",[2.280000000000001],1,0,0
E_N008981_N010121,18256,missing,3,"[""E_N008967_N010121"",""E_N008981_N008987"",""E_N008981_N010135""]","[""missing"",""missing"",""missing""]","[2.280000000000001,2.280000000000001,2.280000000000001]",3,0,0
E_N008981_N010121,18256,missing,5,"[""E_N008967_N010121"",""E_N008981_N008987"",""E_N008981_N010135"",""E_N010115_N010121"",""E_N008967_N008987""]","[""missing"",""missing"",""missing"",""missing"",""missing""]","[2.280000000000001,2.280000000000001,2.280000000000001,2.280000000000001,3.224406922210658]",5,0,0
E_N008981_N010121,18256,missing,10,"[""E_N008967_N010121"",""E_N008981_N008987"",""E_N008981_N010135"",""E_N010115_N010121"",""E_N008967_N008987"",""E_N008981_N009001"",""E_N010101_N010121"",""E_N010115_N010135"",""E_N008967_N010105"",""E_N008995_N010135""]","[""missing"",""missing"",""missing"",""missing"",""missing"",""missing"",""missing"",""missing"",""broken"",""missing""]","[2.280000000000001,2.280000000000001,2.280000000000001,2.280000000000001,3.224406922210658,3.224406922210658,3.224406922210658,3.224406922210658,3.6049965325919526,4.559999999999999]",9,1,0
E_N008981_N010135,18289,missing,1,"[""E_N008995_N010135""]","[""missing""]",[2.2799999999999976],1,0,0
E_N008981_N010135,18289,missing,3,"[""E_N008995_N010135"",""E_N008981_N009001"",""E_N008981_N010121""]","[""missing"",""missing"",""missing""]","[2.2799999999999976,2.280000000000001,2.280000000000001]",3,0,0
E_N008981_N010135,18289,missing,5,"[""E_N008995_N010135"",""E_N008981_N009001"",""E_N008981_N010121"",""E_N010115_N010135"",""E_N008995_N008996""]","[""missing"",""missing"",""missing"",""missing"",""missing""]","[2.2799999999999976,2.280000000000001,2.280000000000001,2.280000000000001,2.7924183067728214]",5,0,0
E_N008981_N010135,18289,missing,10,"[""E_N008995_N010135"",""E_N008981_N009001"",""E_N008981_N010121"",""E_N010115_N010135"",""E_N008995_N008996"",""E_N008995_N009001"",""E_N010129_N010135"",""E_N008981_N008987"",""E_N010115_N010121"",""E_N008995_N010149""]","[""missing"",""missing"",""missing"",""missing"",""missing"",""missing"",""missing"",""missing"",""missing"",""missing""]","[2.2799999999999976,2.280000000000001,2.280000000000001,2.280000000000001,2.7924183067728214,3.2244069222106555,3.2244069222106555,3.224406922210658,3.224406922210658,4.559999999999999]",10,0,0
E_N008995_N008996,18274,missing,1,"[""E_N008995_N009001""]","[""missing""]",[1.612203461105329],1,0,0
E_N008995_N008996,18274,missing,3,"[""E_N008995_N009001"",""E_N008995_N010135"",""E_N008981_N009001""]","[""missing"",""missing"",""missing""]","[1.612203461105329,1.612203461105329,2.7924183067728214]",3,0,0
E_N008995_N008996,18274,missing,5,"[""E_N008995_N009001"",""E_N008995_N010135"",""E_N008981_N009001"",""E_N008981_N010135"",""E_N008995_N009015""]","[""missing"",""missing"",""missing"",""missing"",""missing""]","[1.612203461105329,1.612203461105329,2.7924183067728214,2.7924183067728214,2.7924183067728245]",5,0,0
E_N008995_N008996,18274,missing,10,"[""E_N008995_N009001"",""E_N008995_N010135"",""E_N008981_N009001"",""E_N008981_N010135"",""E_N008995_N009015"",""E_N008995_N010149"",""E_N007861_N009001"",""E_N010129_N010135"",""E_N007847_N009001"",""E_N010115_N010135""]","[""missing"",""missing"",""missing"",""missing"",""missing"",""missing"",""missing"",""missing"",""missing"",""missing""]","[1.612203461105329,1.612203461105329,2.7924183067728214,2.7924183067728214,2.7924183067728245,2.7924183067728245,3.6049965325919544,3.6049965325919544,4.265489420922293,4.265489420922293]",10,0,0
E_N008995_N009001,15971,missing,1,"[""E_N008995_N008996""]","[""missing""]",[1.612203461105329],1,0,0
E_N008995_N009001,15971,missing,3,"[""E_N008995_N008996"",""E_N008981_N009001"",""E_N007861_N009001""]","[""missing"",""missing"",""missing""]","[1.612203461105329,2.2799999999999976,2.280000000000001]",3,0,0
E_N008995_N009001,15971,missing,5,"[""E_N008995_N008996"",""E_N008981_N009001"",""E_N007861_N009001"",""E_N008995_N009015"",""E_N008995_N010135""]","[""missing"",""missing"",""missing"",""missing"",""missing""]","[1.612203461105329,2.2799999999999976,2.280000000000001,2.280000000000001,2.280000000000001]",5,0,0
E_N008995_N009001,15971,missing,10,"[""E_N008995_N008996"",""E_N008981_N009001"",""E_N007861_N009001"",""E_N008995_N009015"",""E_N008995_N010135"",""E_N007847_N009001"",""E_N008981_N010135"",""E_N007861_N009015"",""E_N008995_N010149"",""E_N007861_N007867""]","[""missing"",""missing"",""missing"",""missing"",""missing"",""missing"",""missing"",""missing"",""missing"",""missing""]","[1.612203461105329,2.2799999999999976,2.280000000000001,2.280000000000001,2.280000000000001,3.2244069222106555,3.2244069222106555,3.224406922210658,3.224406922210658,4.559999999999999]",10,0,0
E_N008995_N009015,15998,missing,1,"[""E_N009009_N009015""]","[""missing""]",[2.2799999999999976],1,0,0
E_N008995_N009015,15998,missing,3,"[""E_N009009_N009015"",""E_N007861_N009015"",""E_N008995_N009001""]","[""missing"",""missing"",""missing""]","[2.2799999999999976,2.280000000000001,2.280000000000001]",3,0,0
E_N008995_N009015,15998,missing,5,"[""E_N009009_N009015"",""E_N007861_N009015"",""E_N008995_N009001"",""E_N008995_N010149"",""E_N008995_N008996""]","[""missing"",""missing"",""missing"",""missing"",""missing""]","[2.2799999999999976,2.280000000000001,2.280000000000001,2.280000000000001,2.7924183067728245]",5,0,0
E_N008995_N009015,15998,missing,10,"[""E_N009009_N009015"",""E_N007861_N009015"",""E_N008995_N009001"",""E_N008995_N010149"",""E_N008995_N008996"",""E_N007875_N009015"",""E_N009009_N010149"",""E_N007861_N009001"",""E_N008995_N010135"",""E_N007861_N007881""]","[""missing"",""missing"",""missing"",""missing"",""missing"",""missing"",""missing"",""missing"",""missing"",""missing""]","[2.2799999999999976,2.280000000000001,2.280000000000001,2.280000000000001,2.7924183067728245,3.2244069222106555,3.2244069222106555,3.224406922210658,3.224406922210658,4.559999999999999]",10,0,0
E_N008995_N010135,18288,missing,1,"[""E_N008995_N008996""]","[""missing""]",[1.612203461105329],1,0,0
E_N008995_N010135,18288,missing,3,"[""E_N008995_N008996"",""E_N008981_N010135"",""E_N008995_N009001""]","[""missing"",""missing"",""missing""]","[1.612203461105329,2.2799999999999976,2.280000000000001]",3,0,0
E_N008995_N010135,18288,missing,5,"[""E_N008995_N008996"",""E_N008981_N010135"",""E_N008995_N009001"",""E_N008995_N010149"",""E_N010129_N010135""]","[""missing"",""missing"",""missing"",""missing"",""missing""]","[1.612203461105329,2.2799999999999976,2.280000000000001,2.280000000000001,2.280000000000001]",5,0,0
E_N008995_N010135,18288,missing,10,"[""E_N008995_N008996"",""E_N008981_N010135"",""E_N008995_N009001"",""E_N008995_N010149"",""E_N010129_N010135"",""E_N008981_N009001"",""E_N010115_N010135"",""E_N008995_N009015"",""E_N010129_N010149"",""E_N008981_N010121""]","[""missing"",""missing"",""missing"",""missing"",""missing"",""missing"",""missing"",""missing"",""missing"",""missing""]","[1.612203461105329,2.2799999999999976,2.280000000000001,2.280000000000001,2.280000000000001,3.2244069222106555,3.2244069222106555,3.224406922210658,3.224406922210658,4.559999999999999]",10,0,0
E_N008995_N010149,18321,missing,1,"[""E_N009009_N010149""]","[""missing""]",[2.2799999999999976],1,0,0
E_N008995_N010149,18321,missing,3,"[""E_N009009_N010149"",""E_N008995_N009015"",""E_N008995_N010135""]","[""missing"",""missing"",""missing""]","[2.2799999999999976,2.280000000000001,2.280000000000001]",3,0,0
E_N008995_N010149,18321,missing,5,"[""E_N009009_N010149"",""E_N008995_N009015"",""E_N008995_N010135"",""E_N010129_N010149"",""E_N008995_N008996""]","[""missing"",""missing"",""missing"",""missing"",""missing""]","[2.2799999999999976,2.280000000000001,2.280000000000001,2.280000000000001,2.7924183067728245]",5,0,0
E_N008995_N010149,18321,missing,10,"[""E_N009009_N010149"",""E_N008995_N009015"",""E_N008995_N010135"",""E_N010129_N010149"",""E_N008995_N008996"",""E_N009009_N009015"",""E_N010143_N010149"",""E_N008995_N009001"",""E_N010129_N010135"",""E_N008981_N010135""]","[""missing"",""missing"",""missing"",""missing"",""missing"",""missing"",""missing"",""missing"",""missing"",""missing""]","[2.2799999999999976,2.280000000000001,2.280000000000001,2.280000000000001,2.7924183067728245,3.2244069222106555,3.2244069222106555,3.224406922210658,3.224406922210658,4.559999999999999]",10,0,0
E_N009009_N009015,15999,missing,1,"[""E_N008995_N009015""]","[""missing""]",[2.2799999999999976],1,0,0
E_N009009_N009015,15999,missing,3,"[""E_N008995_N009015"",""E_N007875_N009015"",""E_N009009_N009029""]","[""missing"",""missing"",""missing""]","[2.2799999999999976,2.280000000000001,2.280000000000001]",3,0,0
E_N009009_N009015,15999,missing,5,"[""E_N008995_N009015"",""E_N007875_N009015"",""E_N009009_N009029"",""E_N009009_N010149"",""E_N007861_N009015""]","[""missing"",""missing"",""missing"",""missing"",""missing""]","[2.2799999999999976,2.280000000000001,2.280000000000001,2.280000000000001,3.2244069222106555]",5,0,0
E_N009009_N009015,15999,missing,10,"[""E_N008995_N009015"",""E_N007875_N009015"",""E_N009009_N009029"",""E_N009009_N010149"",""E_N007861_N009015"",""E_N008995_N010149"",""E_N007875_N009029"",""E_N009009_N010163"",""E_N007875_N007881"",""E_N008995_N009001""]","[""missing"",""missing"",""missing"",""missing"",""missing"",""missing"",""missing"",""missing"",""missing"",""missing""]","[2.2799999999999976,2.280000000000001,2.280000000000001,2.280000000000001,3.2244069222106555,3.2244069222106555,3.224406922210658,3.224406922210658,4.559999999999999,4.559999999999999]",10,0,0
E_N009009_N009029,16026,missing,1,"[""E_N007875_N009029""]","[""missing""]",[2.280000000000001],1,0,0
E_N009009_N009029,16026,missing,3,"[""E_N007875_N009029"",""E_N009009_N009015"",""E_N009009_N010163""]","[""missing"",""missing"",""missing""]","[2.280000000000001,2.280000000000001,2.280000000000001]",3,0,0
E_N009009_N009029,16026,missing,5,"[""E_N007875_N009029"",""E_N009009_N009015"",""E_N009009_N010163"",""E_N009023_N009029"",""E_N007875_N009015""]","[""missing"",""missing"",""missing"",""missing"",""missing""]","[2.280000000000001,2.280000000000001,2.280000000000001,2.280000000000001,3.224406922210658]",5,0,0
E_N009009_N009029,16026,missing,10,"[""E_N007875_N009029"",""E_N009009_N009015"",""E_N009009_N010163"",""E_N009023_N009029"",""E_N007875_N009015"",""E_N007889_N009029"",""E_N009009_N010149"",""E_N009023_N010163"",""E_N007875_N007895"",""E_N008995_N009015""]","[""missing"",""missing"",""missing"",""missing"",""missing"",""missing"",""missing"",""missing"",""missing"",""missing""]","[2.280000000000001,2.280000000000001,2.280000000000001,2.280000000000001,3.224406922210658,3.224406922210658,3.224406922210658,3.224406922210658,4.559999999999999,4.559999999999999]",10,0,0
E_N009009_N010149,18320,missing,1,"[""E_N008995_N010149""]","[""missing""]",[2.2799999999999976],1,0,0
E_N009009_N010149,18320,missing,3,"[""E_N008995_N010149"",""E_N009009_N009015"",""E_N009009_N010163""]","[""missing"",""missing"",""missing""]","[2.2799999999999976,2.280000000000001,2.280000000000001]",3,0,0
E_N009009_N010149,18320,missing,5,"[""E_N008995_N010149"",""E_N009009_N009015"",""E_N009009_N010163"",""E_N010143_N010149"",""E_N008995_N009015""]","[""missing"",""missing"",""missing"",""missing"",""missing""]","[2.2799999999999976,2.280000000000001,2.280000000000001,2.280000000000001,3.2244069222106555]",5,0,0
E_N009009_N010149,18320,missing,10,"[""E_N008995_N010149"",""E_N009009_N009015"",""E_N009009_N010163"",""E_N010143_N010149"",""E_N008995_N009015"",""E_N010129_N010149"",""E_N009009_N009029"",""E_N010143_N010163"",""E_N008995_N010135"",""E_N007875_N009015""]","[""missing"",""missing"",""missing"",""missing"",""missing"",""missing"",""missing"",""missing"",""missing"",""missing""]","[2.2799999999999976,2.280000000000001,2.280000000000001,2.280000000000001,3.2244069222106555,3.2244069222106555,3.224406922210658,3.224406922210658,4.559999999999999,4.560000000000002]",10,0,0
E_N009009_N010163,18353,missing,1,"[""E_N009009_N009029""]","[""missing""]",[2.280000000000001],1,0,0
E_N009009_N010163,18353,missing,3,"[""E_N009009_N009029"",""E_N009009_N010149"",""E_N009023_N010163""]","[""missing"",""missing"",""missing""]","[2.280000000000001,2.280000000000001,2.280000000000001]",3,0,0
E_N009009_N010163,18353,missing,5,"[""E_N009009_N009029"",""E_N009009_N010149"",""E_N009023_N010163"",""E_N010143_N010163"",""E_N009009_N009015""]","[""missing"",""missing"",""missing"",""missing"",""missing""]","[2.280000000000001,2.280000000000001,2.280000000000001,2.280000000000001,3.224406922210658]",5,0,0
E_N009009_N010163,18353,missing,10,"[""E_N009009_N009029"",""E_N009009_N010149"",""E_N009023_N010163"",""E_N010143_N010163"",""E_N009009_N009015"",""E_N009023_N009029"",""E_N010143_N010149"",""E_N010157_N010163"",""E_N008995_N010149"",""E_N007875_N009029""]","[""missing"",""missing"",""missing"",""missing"",""missing"",""missing"",""missing"",""missing"",""missing"",""missing""]","[2.280000000000001,2.280000000000001,2.280000000000001,2.280000000000001,3.224406922210658,3.224406922210658,3.224406922210658,3.224406922210658,4.559999999999999,4.560000000000002]",10,0,0
E_N009023_N009029,16027,missing,1,"[""E_N007889_N009029""]","[""missing""]",[2.280000000000001],1,0,0
E_N009023_N009029,16027,missing,3,"[""E_N007889_N009029"",""E_N009009_N009029"",""E_N009023_N010163""]","[""missing"",""missing"",""missing""]","[2.280000000000001,2.280000000000001,2.280000000000001]",3,0,0
E_N009023_N009029,16027,missing,5,"[""E_N007889_N009029"",""E_N009009_N009029"",""E_N009023_N010163"",""E_N007875_N009029"",""E_N009009_N010163""]","[""missing"",""missing"",""missing"",""missing"",""missing""]","[2.280000000000001,2.280000000000001,2.280000000000001,3.224406922210658,3.224406922210658]",5,0,0
E_N009023_N009029,16027,missing,10,"[""E_N007889_N009029"",""E_N009009_N009029"",""E_N009023_N010163"",""E_N007875_N009029"",""E_N009009_N010163"",""E_N007889_N007895"",""E_N009009_N009015"",""E_N010157_N010163"",""E_N007875_N007895"",""E_N007875_N009015""]","[""missing"",""missing"",""missing"",""missing"",""missing"",""missing"",""missing"",""missing"",""missing"",""missing""]","[2.280000000000001,2.280000000000001,2.280000000000001,3.224406922210658,3.224406922210658,4.559999999999999,4.560000000000002,4.560000000000002,5.098234988699519,5.098234988699523]",10,0,0
E_N009023_N010163,18352,missing,1,"[""E_N009009_N010163""]","[""missing""]",[2.280000000000001],1,0,0
E_N009023_N010163,18352,missing,3,"[""E_N009009_N010163"",""E_N009023_N009029"",""E_N010157_N010163""]","[""missing"",""missing"",""missing""]","[2.280000000000001,2.280000000000001,2.280000000000001]",3,0,0
E_N009023_N010163,18352,missing,5,"[""E_N009009_N010163"",""E_N009023_N009029"",""E_N010157_N010163"",""E_N009009_N009029"",""E_N010143_N010163""]","[""missing"",""missing"",""missing"",""missing"",""missing""]","[2.280000000000001,2.280000000000001,2.280000000000001,3.224406922210658,3.224406922210658]",5,0,0
E_N009023_N010163,18352,missing,10,"[""E_N009009_N010163"",""E_N009023_N009029"",""E_N010157_N010163"",""E_N009009_N009029"",""E_N010143_N010163"",""E_N007889_N009029"",""E_N009009_N010149"",""E_N007875_N009029"",""E_N009009_N009015"",""E_N010143_N010149""]","[""missing"",""missing"",""missing"",""missing"",""missing"",""missing"",""missing"",""missing"",""missing"",""missing""]","[2.280000000000001,2.280000000000001,2.280000000000001,3.224406922210658,3.224406922210658,4.560000000000002,4.560000000000002,5.098234988699523,5.098234988699523,5.098234988699523]",10,0,0
E_N009317_N009321,16623,missing,1,"[""E_N009443_N009447""]","[""missing""]",[4.56],1,0,0
E_N009317_N009321,16623,missing,3,"[""E_N009443_N009447"",""E_N008309_N008313"",""E_N003511_N003526""]","[""missing"",""missing"",""missing""]","[4.56,6.448813844421315,25.131764760955406]",3,0,0
E_N009317_N009321,16623,missing,5,"[""E_N009443_N009447"",""E_N008309_N008313"",""E_N003511_N003526"",""E_N004584_N004604"",""E_N003466_N004589""]","[""missing"",""missing"",""missing"",""broken"",""broken""]","[4.56,6.448813844421315,25.131764760955406,29.419952413285785,30.376240715401238]",3,2,0
E_N009317_N009321,16623,missing,10,"[""E_N009443_N009447"",""E_N008309_N008313"",""E_N003511_N003526"",""E_N004584_N004604"",""E_N003466_N004589"",""E_N001379_N001506"",""E_N001365_N001380"",""E_N003466_N003471"",""E_N001491_N001506"",""E_N003450_N003466""]","[""missing"",""missing"",""missing"",""broken"",""broken"",""missing"",""missing"",""broken"",""missing"",""broken""]","[4.56,6.448813844421315,25.131764760955406,29.419952413285785,30.376240715401238,30.885375179848474,30.969417172429967,31.01135275991681,31.303328896460837,31.386251767294546]",6,4,0
E_N009443_N009447,16879,missing,1,"[""E_N009317_N009321""]","[""missing""]",[4.56],1,0,0
E_N009443_N009447,16879,missing,3,"[""E_N009317_N009321"",""E_N008309_N008313"",""E_N003511_N003526""]","[""missing"",""missing"",""missing""]","[4.56,4.560000000000002,26.735369830993545]",3,0,0
E_N009443_N009447,16879,missing,5,"[""E_N009317_N009321"",""E_N008309_N008313"",""E_N003511_N003526"",""E_N005369_N005375"",""E_N001379_N001506""]","[""missing"",""missing"",""missing"",""broken"",""missing""]","[4.56,4.560000000000002,26.735369830993545,30.46168741222324,30.885375179848474]",4,1,0
E_N009443_N009447,16879,missing,10,"[""E_N009317_N009321"",""E_N008309_N008313"",""E_N003511_N003526"",""E_N005369_N005375"",""E_N001379_N001506"",""E_N001491_N001506"",""E_N004584_N004604"",""E_N001365_N001380"",""E_N003466_N004589"",""E_N003466_N003471""]","[""missing"",""missing"",""missing"",""broken"",""missing"",""missing"",""broken"",""missing"",""broken"",""broken""]","[4.56,4.560000000000002,26.735369830993545,30.46168741222324,30.885375179848474,30.969417172429967,30.969417172429967,31.303328896460837,31.551443707063548,32.0013249725695]",6,4,0
E_N010084_N010093,18194,missing,1,"[""E_N010087_N010093""]","[""missing""]",[2.2800000000000002],1,0,0
E_N010084_N010093,18194,missing,3,"[""E_N010087_N010093"",""E_N008950_N010093"",""E_N008953_N010093""]","[""missing"",""missing"",""missing""]","[2.2800000000000002,2.280000000000001,3.2244069222106577]",3,0,0
E_N010084_N010093,18194,missing,5,"[""E_N010087_N010093"",""E_N008950_N010093"",""E_N008953_N010093"",""E_N010087_N010107"",""E_N008950_N008959""]","[""missing"",""missing"",""missing"",""missing"",""missing""]","[2.2800000000000002,2.280000000000001,3.2244069222106577,4.56,4.560000000000002]",5,0,0
E_N010084_N010093,18194,missing,10,"[""E_N010087_N010093"",""E_N008950_N010093"",""E_N008953_N010093"",""E_N010087_N010107"",""E_N008950_N008959"",""E_N008953_N010107"",""E_N008953_N008959"",""E_N010102_N010107"",""E_N008953_N008973"",""E_N010101_N010107""]","[""missing"",""missing"",""missing"",""missing"",""missing"",""missing"",""missing"",""broken"",""missing"",""missing""]","[2.2800000000000002,2.280000000000001,3.2244069222106577,4.56,4.560000000000002,5.098234988699521,5.098234988699522,5.812882245495775,6.448813844421315,6.84]",9,1,0
E_N010087_N010093,18195,missing,1,"[""E_N010087_N010107""]","[""missing""]",[2.2799999999999994],1,0,0
E_N010087_N010093,18195,missing,3,"[""E_N010087_N010107"",""E_N010084_N010093"",""E_N008953_N010093""]","[""missing"",""missing"",""missing""]","[2.2799999999999994,2.2800000000000002,2.280000000000001]",3,0,0
E_N010087_N010093,18195,missing,5,"[""E_N010087_N010107"",""E_N010084_N010093"",""E_N008953_N010093"",""E_N008953_N010107"",""E_N008950_N010093""]","[""missing"",""missing"",""missing"",""missing"",""missing""]","[2.2799999999999994,2.2800000000000002,2.280000000000001,3.2244069222106573,3.2244069222106577]",5,0,0
E_N010087_N010093,18195,missing,10,"[""E_N010087_N010107"",""E_N010084_N010093"",""E_N008953_N010093"",""E_N008953_N010107"",""E_N008950_N010093"",""E_N010102_N010107"",""E_N010101_N010107"",""E_N008953_N008959"",""E_N008967_N010107"",""E_N008950_N008959""]","[""missing"",""missing"",""missing"",""missing"",""missing"",""broken"",""missing"",""missing"",""missing"",""missing""]","[2.2799999999999994,2.2800000000000002,2.280000000000001,3.2244069222106573,3.2244069222106577,3.6049965325919526,4.56,4.560000000000002,5.098234988699521,5.098234988699522]",9,1,0
E_N010087_N010107,18226,missing,1,"[""E_N010102_N010107""]","[""broken""]",[1.612203461105329],0,1,0
E_N010087_N010107,18226,missing,3,"[""E_N010102_N010107"",""E_N010087_N010093"",""E_N010101_N010107""]","[""broken"",""missing"",""missing""]","[1.612203461105329,2.2799999999999994,2.2800000000000002]",2,1,0
E_N010087_N010107,18226,missing,5,"[""E_N010102_N010107"",""E_N010087_N010093"",""E_N010101_N010107"",""E_N008953_N010107"",""E_N008953_N010093""]","[""broken"",""missing"",""missing"",""missing"",""missing""]","[1.612203461105329,2.2799999999999994,2.2800000000000002,2.280000000000001,3.2244069222106573]",4,1,0
E_N010087_N010107,18226,missing,10,"[""E_N010102_N010107"",""E_N010087_N010093"",""E_N010101_N010107"",""E_N008953_N010107"",""E_N008953_N010093"",""E_N008967_N010107"",""E_N008967_N010105"",""E_N010101_N010121"",""E_N010084_N010093"",""E_N008953_N008973""]","[""broken"",""missing"",""missing"",""missing"",""missing"",""missing"",""broken"",""missing"",""missing"",""missing""]","[1.612203461105329,2.2799999999999994,2.2800000000000002,2.280000000000001,3.2244069222106573,3.2244069222106577,4.265489420922294,4.559999999999999,4.56,4.560000000000002]",8,2,0
E_N010101_N010107,18227,missing,1,"[""E_N010102_N010107""]","[""broken""]",[1.6122034611053286],0,1,0
E_N010101_N010107,18227,missing,3,"[""E_N010102_N010107"",""E_N010101_N010121"",""E_N010087_N010107""]","[""broken"",""missing"",""missing""]","[1.6122034611053286,2.2799999999999985,2.2800000000000002]",2,1,0
E_N010101_N010107,18227,missing,5,"[""E_N010102_N010107"",""E_N010101_N010121"",""E_N010087_N010107"",""E_N008967_N010107"",""E_N008967_N010105""]","[""broken"",""missing"",""missing"",""missing"",""broken""]","[1.6122034611053286,2.2799999999999985,2.2800000000000002,2.280000000000001,2.792418306772824]",3,2,0
E_N010101_N010107,18227,missing,10,"[""E_N010102_N010107"",""E_N010101_N010121"",""E_N010087_N010107"",""E_N008967_N010107"",""E_N008967_N010105"",""E_N008967_N010121"",""E_N008953_N010107"",""E_N010087_N010093"",""E_N010115_N010121"",""E_N008967_N008973""]","[""broken"",""missing"",""missing"",""missing"",""broken"",""missing"",""missing"",""missing"",""missing"",""missing""]","[1.6122034611053286,2.2799999999999985,2.2800000000000002,2.280000000000001,2.792418306772824,3.2244069222106564,3.2244069222106577,4.56,4.56,4.560000000000002]",8,2,0
E_N010101_N010121,18258,missing,1,"[""E_N010101_N010107""]","[""missing""]",[2.2799999999999985],1,0,0
E_N010101_N010121,18258,missing,3,"[""E_N010101_N010107"",""E_N008967_N010121"",""E_N010115_N010121""]","[""missing"",""missing"",""missing""]","[2.2799999999999985,2.280000000000001,2.280000000000001]",3,0,0
E_N010101_N010121,18258,missing,5,"[""E_N010101_N010107"",""E_N008967_N010121"",""E_N010115_N010121"",""E_N008967_N010105"",""E_N008967_N010107""]","[""missing"",""missing"",""missing"",""broken"",""missing""]","[2.2799999999999985,2.280000000000001,2.280000000000001,2.7924183067728237,3.2244069222106564]",4,1,0
E_N010101_N010121,18258,missing,10,"[""E_N010101_N010107"",""E_N008967_N010121"",""E_N010115_N010121"",""E_N008967_N010105"",""E_N008967_N010107"",""E_N008981_N010121"",""E_N010102_N010107"",""E_N010087_N010107"",""E_N008967_N008987"",""E_N010115_N010135""]","[""missing"",""missing"",""missing"",""broken"",""missing"",""missing"",""broken"",""missing"",""missing"",""missing""]","[2.2799999999999985,2.280000000000001,2.280000000000001,2.7924183067728237,3.2244069222106564,3.224406922210658,3.604996532591951,4.559999999999999,4.560000000000002,4.560000000000002]",8,2,0
E_N010102_N010107,18238,broken,1,"[""E_N010101_N010107""]","[""missing""]",[1.6122034611053286],1,0,0
E_N010102_N010107,18238,broken,3,"[""E_N010101_N010107"",""E_N010087_N010107"",""E_N008953_N010107""]","[""missing"",""missing"",""missing""]","[1.6122034611053286,1.612203461105329,2.792418306772824]",3,0,0
E_N010102_N010107,18238,broken,5,"[""E_N010101_N010107"",""E_N010087_N010107"",""E_N008953_N010107"",""E_N008967_N010107"",""E_N008967_N010105""]","[""missing"",""missing"",""missing"",""missing"",""broken""]","[1.6122034611053286,1.612203461105329,2.792418306772824,2.792418306772824,3.2244069222106573]",4,1,0
E_N010102_N010107,18238,broken,10,"[""E_N010101_N010107"",""E_N010087_N010107"",""E_N008953_N010107"",""E_N008967_N010107"",""E_N008967_N010105"",""E_N010101_N010121"",""E_N010087_N010093"",""E_N008967_N010121"",""E_N008953_N010093"",""E_N008953_N008973""]","[""missing"",""missing"",""missing"",""missing"",""broken"",""missing"",""missing"",""missing"",""missing"",""missing""]","[1.6122034611053286,1.612203461105329,2.792418306772824,2.792418306772824,3.2244069222106573,3.604996532591951,3.6049965325919526,4.265489420922292,4.265489420922294,4.836610383315987]",9,1,0
E_N010115_N010121,18259,missing,1,"[""E_N008981_N010121""]","[""missing""]",[2.280000000000001],1,0,0
E_N010115_N010121,18259,missing,3,"[""E_N008981_N010121"",""E_N010101_N010121"",""E_N010115_N010135""]","[""missing"",""missing"",""missing""]","[2.280000000000001,2.280000000000001,2.280000000000001]",3,0,0
E_N010115_N010121,18259,missing,5,"[""E_N008981_N010121"",""E_N010101_N010121"",""E_N010115_N010135"",""E_N008967_N010121"",""E_N008981_N010135""]","[""missing"",""missing"",""missing"",""missing"",""missing""]","[2.280000000000001,2.280000000000001,2.280000000000001,3.224406922210658,3.224406922210658]",5,0,0
E_N010115_N010121,18259,missing,10,"[""E_N008981_N010121"",""E_N010101_N010121"",""E_N010115_N010135"",""E_N008967_N010121"",""E_N008981_N010135"",""E_N008967_N010105"",""E_N010129_N010135"",""E_N010101_N010107"",""E_N008981_N008987"",""E_N008995_N010135""]","[""missing"",""missing"",""missing"",""missing"",""missing"",""broken"",""missing"",""missing"",""missing"",""missing""]","[2.280000000000001,2.280000000000001,2.280000000000001,3.224406922210658,3.224406922210658,4.265489420922294,4.559999999999999,4.56,4.560000000000002,5.098234988699519]",9,1,0
E_N010115_N010135,18290,missing,1,"[""E_N010129_N010135""]","[""missing""]",[2.2799999999999976],1,0,0
E_N010115_N010135,18290,missing,3,"[""E_N010129_N010135"",""E_N008981_N010135"",""E_N010115_N010121""]","[""missing"",""missing"",""missing""]","[2.2799999999999976,2.280000000000001,2.280000000000001]",3,0,0
E_N010115_N010135,18290,missing,5,"[""E_N010129_N010135"",""E_N008981_N010135"",""E_N010115_N010121"",""E_N008995_N010135"",""E_N008981_N010121""]","[""missing"",""missing"",""missing"",""missing"",""missing""]","[2.2799999999999976,2.280000000000001,2.280000000000001,3.2244069222106555,3.224406922210658]",5,0,0
E_N010115_N010135,18290,missing,10,"[""E_N010129_N010135"",""E_N008981_N010135"",""E_N010115_N010121"",""E_N008995_N010135"",""E_N008981_N010121"",""E_N008995_N008996"",""E_N010129_N010149"",""E_N008981_N009001"",""E_N010101_N010121"",""E_N008995_N010149""]","[""missing"",""missing"",""missing"",""missing"",""missing"",""missing"",""missing"",""missing"",""missing"",""missing""]","[2.2799999999999976,2.280000000000001,2.280000000000001,3.2244069222106555,3.224406922210658,4.265489420922293,4.559999999999999,4.560000000000002,4.560000000000002,5.098234988699519]",10,0,0
E_N010129_N010135,18291,missing,1,"[""E_N010115_N010135""]","[""missing""]",[2.2799999999999976],1,0,0
E_N010129_N010135,18291,missing,3,"[""E_N010115_N010135"",""E_N008995_N010135"",""E_N010129_N010149""]","[""missing"",""missing"",""missing""]","[2.2799999999999976,2.280000000000001,2.280000000000001]",3,0,0
E_N010129_N010135,18291,missing,5,"[""E_N010115_N010135"",""E_N008995_N010135"",""E_N010129_N010149"",""E_N008981_N010135"",""E_N008995_N010149""]","[""missing"",""missing"",""missing"",""missing"",""missing""]","[2.2799999999999976,2.280000000000001,2.280000000000001,3.2244069222106555,3.224406922210658]",5,0,0
E_N010129_N010135,18291,missing,10,"[""E_N010115_N010135"",""E_N008995_N010135"",""E_N010129_N010149"",""E_N008981_N010135"",""E_N008995_N010149"",""E_N008995_N008996"",""E_N010115_N010121"",""E_N010143_N010149"",""E_N008995_N009001"",""E_N008981_N010121""]","[""missing"",""missing"",""missing"",""missing"",""missing"",""missing"",""missing"",""missing"",""missing"",""missing""]","[2.2799999999999976,2.280000000000001,2.280000000000001,3.2244069222106555,3.224406922210658,3.6049965325919544,4.559999999999999,4.559999999999999,4.560000000000002,5.098234988699519]",10,0,0
E_N010129_N010149,18322,missing,1,"[""E_N010143_N010149""]","[""missing""]",[2.2799999999999976],1,0,0
E_N010129_N010149,18322,missing,3,"[""E_N010143_N010149"",""E_N008995_N010149"",""E_N010129_N010135""]","[""missing"",""missing"",""missing""]","[2.2799999999999976,2.280000000000001,2.280000000000001]",3,0,0
E_N010129_N010149,18322,missing,5,"[""E_N010143_N010149"",""E_N008995_N010149"",""E_N010129_N010135"",""E_N009009_N010149"",""E_N008995_N010135""]","[""missing"",""missing"",""missing"",""missing"",""missing""]","[2.2799999999999976,2.280000000000001,2.280000000000001,3.2244069222106555,3.224406922210658]",5,0,0
E_N010129_N010149,18322,missing,10,"[""E_N010143_N010149"",""E_N008995_N010149"",""E_N010129_N010135"",""E_N009009_N010149"",""E_N008995_N010135"",""E_N008995_N008996"",""E_N010115_N010135"",""E_N010143_N010163"",""E_N008995_N009015"",""E_N008981_N010135""]","[""missing"",""missing"",""missing"",""missing"",""missing"",""missing"",""missing"",""missing"",""missing"",""missing""]","[2.2799999999999976,2.280000000000001,2.280000000000001,3.2244069222106555,3.224406922210658,4.265489420922295,4.559999999999999,4.559999999999999,4.560000000000002,5.098234988699519]",10,0,0
E_N010143_N010149,18323,missing,1,"[""E_N010129_N010149""]","[""missing""]",[2.2799999999999976],1,0,0
E_N010143_N010149,18323,missing,3,"[""E_N010129_N010149"",""E_N009009_N010149"",""E_N010143_N010163""]","[""missing"",""missing"",""missing""]","[2.2799999999999976,2.280000000000001,2.280000000000001]",3,0,0
E_N010143_N010149,18323,missing,5,"[""E_N010129_N010149"",""E_N009009_N010149"",""E_N010143_N010163"",""E_N008995_N010149"",""E_N009009_N010163""]","[""missing"",""missing"",""missing"",""missing"",""missing""]","[2.2799999999999976,2.280000000000001,2.280000000000001,3.2244069222106555,3.224406922210658]",5,0,0
E_N010143_N010149,18323,missing,10,"[""E_N010129_N010149"",""E_N009009_N010149"",""E_N010143_N010163"",""E_N008995_N010149"",""E_N009009_N010163"",""E_N010129_N010135"",""E_N009009_N009015"",""E_N010157_N010163"",""E_N008995_N010135"",""E_N008995_N009015""]","[""missing"",""missing"",""missing"",""missing"",""missing"",""missing"",""missing"",""missing"",""missing"",""missing""]","[2.2799999999999976,2.280000000000001,2.280000000000001,3.2244069222106555,3.224406922210658,4.559999999999999,4.560000000000002,4.560000000000002,5.098234988699519,5.098234988699521]",10,0,0
E_N010143_N010163,18354,missing,1,"[""E_N009009_N010163""]","[""missing""]",[2.280000000000001],1,0,0
E_N010143_N010163,18354,missing,3,"[""E_N009009_N010163"",""E_N010143_N010149"",""E_N010157_N010163""]","[""missing"",""missing"",""missing""]","[2.280000000000001,2.280000000000001,2.280000000000001]",3,0,0
E_N010143_N010163,18354,missing,5,"[""E_N009009_N010163"",""E_N010143_N010149"",""E_N010157_N010163"",""E_N009009_N010149"",""E_N009023_N010163""]","[""missing"",""missing"",""missing"",""missing"",""missing""]","[2.280000000000001,2.280000000000001,2.280000000000001,3.224406922210658,3.224406922210658]",5,0,0
E_N010143_N010163,18354,missing,10,"[""E_N009009_N010163"",""E_N010143_N010149"",""E_N010157_N010163"",""E_N009009_N010149"",""E_N009023_N010163"",""E_N010129_N010149"",""E_N009009_N009029"",""E_N008995_N010149"",""E_N009009_N009015"",""E_N009023_N009029""]","[""missing"",""missing"",""missing"",""missing"",""missing"",""missing"",""missing"",""missing"",""missing"",""missing""]","[2.280000000000001,2.280000000000001,2.280000000000001,3.224406922210658,3.224406922210658,4.559999999999999,4.560000000000002,5.098234988699519,5.098234988699523,5.098234988699523]",10,0,0
E_N010157_N010163,18355,missing,1,"[""E_N009023_N010163""]","[""missing""]",[2.280000000000001],1,0,0
E_N010157_N010163,18355,missing,3,"[""E_N009023_N010163"",""E_N010143_N010163"",""E_N009009_N010163""]","[""missing"",""missing"",""missing""]","[2.280000000000001,2.280000000000001,3.224406922210658]",3,0,0
E_N010157_N010163,18355,missing,5,"[""E_N009023_N010163"",""E_N010143_N010163"",""E_N009009_N010163"",""E_N009023_N009029"",""E_N010143_N010149""]","[""missing"",""missing"",""missing"",""missing"",""missing""]","[2.280000000000001,2.280000000000001,3.224406922210658,4.560000000000002,4.560000000000002]",5,0,0
E_N010157_N010163,18355,missing,10,"[""E_N009023_N010163"",""E_N010143_N010163"",""E_N009009_N010163"",""E_N009023_N009029"",""E_N010143_N010149"",""E_N009009_N009029"",""E_N009009_N010149"",""E_N009009_N009015"",""E_N010129_N010149"",""E_N007889_N009029""]","[""missing"",""missing"",""missing"",""missing"",""missing"",""missing"",""missing"",""missing"",""missing"",""missing""]","[2.280000000000001,2.280000000000001,3.224406922210658,4.560000000000002,4.560000000000002,5.098234988699523,5.098234988699523,6.448813844421316,6.84,6.840000000000003]",10,0,0
