edge_id,source_strut_id,node_u,node_v,phase2b3_design_intent_state,phase2b3_ct_observation_label,phase2b3_integrated_guarded_label,phase2b3_confidence_tier,phase2b3_review_status,phase2b3_review_reason,phase2b3_ct_reason,phase2b3_missing_evidence_count,ct_anomaly_rank,ct_missing_material_anomaly_score,occupied_axial_fraction,longest_low_area_gap_fraction,area_mean_voxels2,core_minus_background_contrast,negative_template_residual,bridge_connected_26,threshold_stability_occupied_fraction_range,local_registration_stability_voxels,orientation_key,boundary_bin,spatial_region,phase2b4_automated_review_label,phase2b4_automated_review_status,phase2b4_confidence_tier,phase2b4_review_reason,phase2b4_boundary_caution,phase2b4_clean_for_auto_support
E_N001379_N001506,4665,N001379,N001506,design_present_or_unmapped,ct_absent_candidate,possible_unintended_missing,review_guarded,review_required,possible_unintended_defect_requires_review|threshold_sensitive|registration_unstable,high_anomaly_low_area_low_occupancy_long_gap,6,217,3.6000000000000005,0.0,1.0,0.0,0.37093425605536334,1.6666666666666667,False,0.3333333333333333,2.5,ori110,boundary,r200,manual_review_possible_unintended_missing,blocked_manual_review,blocked,possible_unintended_missing_not_clean_enough_for_auto_support,boundary_or_skin_region,false
E_N000245_N000251,647,N000245,N000251,design_present_or_unmapped,ct_absent_candidate,possible_unintended_missing,review_guarded,review_required,possible_unintended_defect_requires_review|threshold_sensitive|registration_unstable,high_anomaly_low_area_low_occupancy_long_gap,7,232,3.528075396825397,0.0,1.0,0.125,-0.12991452991452992,1.5634920634920635,False,0.4583333333333333,2.5,ori101,boundary,r200,manual_review_possible_unintended_missing,blocked_manual_review,blocked,possible_unintended_missing_not_clean_enough_for_auto_support,boundary_or_skin_region,false
E_N000240_N000375,640,N000240,N000375,design_present_or_unmapped,ct_absent_candidate,possible_unintended_missing,review_guarded,review_required,possible_unintended_defect_requires_review|threshold_sensitive|registration_unstable,high_anomaly_low_area_low_occupancy_long_gap,6,239,3.5166666666666666,0.0,1.0,0.0,0.17099863201094392,1.5,False,0.6666666666666666,2.5,ori011,boundary,r200,manual_review_possible_unintended_missing,blocked_manual_review,blocked,possible_unintended_missing_not_clean_enough_for_auto_support,boundary_or_skin_region,false
E_N003773_N003777,6691,N003773,N003777,design_present_or_unmapped,ct_absent_candidate,possible_unintended_missing,review_guarded,review_required,possible_unintended_defect_requires_review|threshold_sensitive|registration_unstable,high_anomaly_low_area_low_occupancy_long_gap,6,241,3.50625,0.0,1.0,0.25,2.360230547550432,1.5,False,0.625,2.5,ori011,boundary,r201,manual_review_possible_unintended_missing,blocked_manual_review,blocked,possible_unintended_missing_not_clean_enough_for_auto_support,boundary_or_skin_region,false
E_N003647_N003651,6471,N003647,N003651,design_present_or_unmapped,ct_absent_candidate,possible_unintended_missing,review_guarded,review_required,possible_unintended_defect_requires_review|threshold_sensitive|registration_unstable,high_anomaly_low_area_low_occupancy_long_gap,6,244,3.4958333333333336,0.0,1.0,0.2916666666666667,2.6882352941176473,1.5,False,0.5833333333333334,2.5,ori011,boundary,r201,manual_review_possible_unintended_missing,blocked_manual_review,blocked,possible_unintended_missing_not_clean_enough_for_auto_support,boundary_or_skin_region,false
E_N004907_N004911,8707,N004907,N004911,design_present_or_unmapped,ct_absent_candidate,possible_unintended_missing,review_guarded,review_required,possible_unintended_defect_requires_review|threshold_sensitive|registration_unstable,high_anomaly_low_area_low_occupancy_long_gap,6,245,3.4958333333333336,0.0,1.0,0.20833333333333334,1.7775061124694376,1.5,False,0.5833333333333334,2.5,ori011,boundary,r201,manual_review_possible_unintended_missing,blocked_manual_review,blocked,possible_unintended_missing_not_clean_enough_for_auto_support,boundary_or_skin_region,false
E_N000119_N001383,2436,N000119,N001383,design_present_or_unmapped,ct_absent_candidate,possible_unintended_missing,review_guarded,review_required,possible_unintended_defect_requires_review|threshold_sensitive|registration_unstable,high_anomaly_low_area_low_occupancy_long_gap,6,249,3.4645833333333336,0.0,1.0,0.041666666666666664,4.3633217993079585,1.5,False,0.4583333333333333,2.5,ori011,boundary,r200,manual_review_possible_unintended_missing,blocked_manual_review,blocked,possible_unintended_missing_not_clean_enough_for_auto_support,boundary_or_skin_region,false
E_N000245_N000249,423,N000245,N000249,design_present_or_unmapped,ct_absent_candidate,possible_unintended_missing,review_guarded,review_required,possible_unintended_defect_requires_review|threshold_sensitive|registration_unstable,high_anomaly_low_area_low_occupancy_long_gap,6,250,3.4645833333333336,0.0,1.0,0.0,1.9187725631768953,1.5,False,0.4583333333333333,2.5,ori011,boundary,r200,manual_review_possible_unintended_missing,blocked_manual_review,blocked,possible_unintended_missing_not_clean_enough_for_auto_support,boundary_or_skin_region,false
E_N001379_N002643,4672,N001379,N002643,design_present_or_unmapped,ct_absent_candidate,possible_unintended_missing,review_guarded,review_required,possible_unintended_defect_requires_review|threshold_sensitive|registration_unstable,high_anomaly_low_area_low_occupancy_long_gap,6,253,3.4541666666666666,0.0,1.0,0.16666666666666666,2.324455205811138,1.5,False,0.4166666666666667,2.5,ori011,boundary,r200,manual_review_possible_unintended_missing,blocked_manual_review,blocked,possible_unintended_missing_not_clean_enough_for_auto_support,boundary_or_skin_region,false
E_N008813_N010077,18156,N008813,N010077,design_present_or_unmapped,ct_absent_candidate,possible_unintended_missing,review_guarded,review_required,possible_unintended_defect_requires_review|threshold_sensitive|registration_unstable,high_anomaly_low_area_low_occupancy_long_gap,7,264,3.4270833333333335,0.0,1.0,0.2916666666666667,-0.35212660731948564,1.4,False,0.7083333333333334,2.5,ori011,boundary,r222,manual_review_possible_unintended_missing,blocked_manual_review,blocked,possible_unintended_missing_not_clean_enough_for_auto_support,boundary_or_skin_region,false
E_N002639_N002643,4675,N002639,N002643,design_present_or_unmapped,ct_absent_candidate,possible_unintended_missing,review_guarded,review_required,possible_unintended_defect_requires_review|threshold_sensitive|registration_unstable,high_anomaly_low_area_low_occupancy_long_gap,6,268,3.4229166666666666,0.0,1.0,0.041666666666666664,1.502008032128514,1.5,False,0.2916666666666667,2.5,ori011,boundary,r200,manual_review_possible_unintended_missing,blocked_manual_review,blocked,possible_unintended_missing_not_clean_enough_for_auto_support,boundary_or_skin_region,false
E_N008813_N008817,15635,N008813,N008817,design_present_or_unmapped,ct_absent_candidate,possible_unintended_missing,review_guarded,review_required,possible_unintended_defect_requires_review|threshold_sensitive|registration_unstable,high_anomaly_low_area_low_occupancy_long_gap,7,269,3.4166666666666665,0.0,1.0,0.16666666666666666,-0.7721354166666666,1.4,False,0.6666666666666666,2.5,ori011,boundary,r222,manual_review_possible_unintended_missing,blocked_manual_review,blocked,possible_unintended_missing_not_clean_enough_for_auto_support,boundary_or_skin_region,false
E_N007553_N008817,15632,N007553,N008817,design_present_or_unmapped,ct_absent_candidate,possible_unintended_missing,review_guarded,review_required,possible_unintended_defect_requires_review|threshold_sensitive|registration_unstable,high_anomaly_low_area_low_occupancy_long_gap,7,273,3.3958333333333335,0.0,1.0,0.041666666666666664,-0.6970128022759602,1.4,False,0.5833333333333334,2.5,ori011,boundary,r222,manual_review_possible_unintended_missing,blocked_manual_review,blocked,possible_unintended_missing_not_clean_enough_for_auto_support,boundary_or_skin_region,false
E_N008687_N009951,17900,N008687,N009951,design_present_or_unmapped,ct_absent_candidate,possible_unintended_missing,review_guarded,review_required,possible_unintended_defect_requires_review|threshold_sensitive|registration_unstable,high_anomaly_low_area_low_occupancy_long_gap,7,275,3.375,0.0,1.0,0.041666666666666664,-0.7263922518159807,1.4,False,0.5,2.5,ori011,boundary,r222,manual_review_possible_unintended_missing,blocked_manual_review,blocked,possible_unintended_missing_not_clean_enough_for_auto_support,boundary_or_skin_region,false
E_N006419_N007683,13616,N006419,N007683,design_present_or_unmapped,ct_absent_candidate,possible_unintended_missing,review_guarded,review_required,possible_unintended_defect_requires_review|near_all_edge_threshold|threshold_sensitive|registration_unstable,high_anomaly_low_area_low_occupancy_long_gap,7,410,3.3125000000000004,0.041666666666666664,0.9583333333333334,0.125,-0.4507269789983845,1.4,False,0.5833333333333334,2.5,ori011,boundary,r222,manual_review_possible_unintended_missing,blocked_manual_review,blocked,possible_unintended_missing_not_clean_enough_for_auto_support,boundary_or_skin_region,false
E_N003899_N005163,9144,N003899,N005163,design_present_or_unmapped,ct_absent_candidate,possible_unintended_missing,review_guarded,review_required,possible_unintended_defect_requires_review|near_all_edge_threshold|threshold_sensitive|registration_unstable,high_anomaly_low_area_low_occupancy_long_gap,6,455,3.2458333333333336,0.0,1.0,0.20833333333333334,1.2591743119266054,1.25,False,0.5833333333333334,2.5,ori011,boundary,r211,manual_review_possible_unintended_missing,blocked_manual_review,blocked,possible_unintended_missing_not_clean_enough_for_auto_support,boundary_or_skin_region,false
E_N007301_N008565,15192,N007301,N008565,design_present_or_unmapped,ct_absent_candidate,possible_unintended_missing,review_guarded,review_required,possible_unintended_defect_requires_review|near_all_edge_threshold|threshold_sensitive|registration_unstable,high_anomaly_low_area_low_occupancy_long_gap,7,456,3.2354166666666666,0.0,1.0,0.125,-0.3685092127303183,1.25,False,0.5416666666666666,2.5,ori011,boundary,r212,manual_review_possible_unintended_missing,blocked_manual_review,blocked,possible_unintended_missing_not_clean_enough_for_auto_support,boundary_or_skin_region,false
E_N005033_N006297,11160,N005033,N006297,design_present_or_unmapped,ct_absent_candidate,possible_unintended_missing,review_guarded,review_required,possible_unintended_defect_requires_review|near_all_edge_threshold|threshold_sensitive|registration_unstable,high_anomaly_low_area_low_occupancy_long_gap,6,459,3.225,0.0,1.0,0.0,0.6586715867158671,1.25,False,0.5,2.5,ori011,boundary,r211,manual_review_possible_unintended_missing,blocked_manual_review,blocked,possible_unintended_missing_not_clean_enough_for_auto_support,boundary_or_skin_region,false
E_N000366_N000501,860,N000366,N000501,design_present_or_unmapped,ct_absent_candidate,possible_unintended_missing,review_guarded,review_required,possible_unintended_defect_requires_review|near_all_edge_threshold|threshold_sensitive|registration_unstable,high_anomaly_low_area_low_occupancy_long_gap,7,464,3.2041666666666666,0.0,1.0,0.0,-0.06021290751829674,1.25,False,0.4166666666666667,2.5,ori011,boundary,r210,manual_review_possible_unintended_missing,blocked_manual_review,blocked,possible_unintended_missing_not_clean_enough_for_auto_support,boundary_or_skin_region,false
E_N001505_N002769,4892,N001505,N002769,design_present_or_unmapped,ct_absent_candidate,possible_unintended_missing,review_guarded,review_required,possible_unintended_defect_requires_review|near_all_edge_threshold|threshold_sensitive|registration_unstable,high_anomaly_low_area_low_occupancy_long_gap,6,465,3.2041666666666666,0.0,1.0,0.0,2.1276041666666665,1.25,False,0.4166666666666667,2.5,ori011,boundary,r210,manual_review_possible_unintended_missing,blocked_manual_review,blocked,possible_unintended_missing_not_clean_enough_for_auto_support,boundary_or_skin_region,false
E_N002765_N002769,4895,N002765,N002769,design_present_or_unmapped,ct_absent_candidate,possible_unintended_missing,review_guarded,review_required,possible_unintended_defect_requires_review|near_all_edge_threshold|threshold_sensitive|registration_unstable,high_anomaly_low_area_low_occupancy_long_gap,6,466,3.2041666666666666,0.0,1.0,0.0,1.85480093676815,1.25,False,0.4166666666666667,2.5,ori011,boundary,r210,manual_review_possible_unintended_missing,blocked_manual_review,blocked,possible_unintended_missing_not_clean_enough_for_auto_support,boundary_or_skin_region,false
E_N006293_N006297,11163,N006293,N006297,design_present_or_unmapped,ct_absent_candidate,possible_unintended_missing,review_guarded,review_required,possible_unintended_defect_requires_review|near_all_edge_threshold|threshold_sensitive|registration_unstable,high_anomaly_low_area_low_occupancy_long_gap,6,468,3.2041666666666666,0.0,1.0,0.125,0.2892561983471074,1.25,False,0.4166666666666667,2.5,ori011,boundary,r211,manual_review_possible_unintended_missing,blocked_manual_review,blocked,possible_unintended_missing_not_clean_enough_for_auto_support,boundary_or_skin_region,false
E_N004533_N004535,8057,N004533,N004535,design_present_or_unmapped,ct_absent_candidate,possible_unintended_missing,review_guarded,review_required,possible_unintended_defect_requires_review|near_all_edge_threshold|threshold_sensitive|registration_unstable,high_anomaly_low_area_low_occupancy_long_gap,6,471,3.1958333333333337,0.0,1.0,0.08333333333333333,0.7137476459510358,1.2,False,0.5833333333333334,2.5,ori110,boundary,r221,manual_review_possible_unintended_missing,blocked_manual_review,blocked,possible_unintended_missing_not_clean_enough_for_auto_support,boundary_or_skin_region,false
E_N006167_N007431,13176,N006167,N007431,design_present_or_unmapped,ct_absent_candidate,possible_unintended_missing,review_guarded,review_required,possible_unintended_defect_requires_review|near_all_edge_threshold|threshold_sensitive|registration_unstable,high_anomaly_low_area_low_occupancy_long_gap,7,472,3.19375,0.0,1.0,0.08333333333333333,-0.24675324675324675,1.25,False,0.375,2.5,ori011,boundary,r212,manual_review_possible_unintended_missing,blocked_manual_review,blocked,possible_unintended_missing_not_clean_enough_for_auto_support,boundary_or_skin_region,false
E_N003273_N003275,5785,N003273,N003275,design_present_or_unmapped,ct_absent_candidate,possible_unintended_missing,review_guarded,review_required,possible_unintended_defect_requires_review|near_all_edge_threshold|threshold_sensitive|registration_unstable,high_anomaly_low_area_low_occupancy_long_gap,6,475,3.185416666666667,0.0,1.0,0.041666666666666664,0.3820120537783959,1.2,False,0.5416666666666666,2.5,ori110,boundary,r220,manual_review_possible_unintended_missing,blocked_manual_review,blocked,possible_unintended_missing_not_clean_enough_for_auto_support,boundary_or_skin_region,false
E_N000492_N000627,1080,N000492,N000627,design_present_or_unmapped,ct_absent_candidate,possible_unintended_missing,review_guarded,review_required,possible_unintended_defect_requires_review|near_all_edge_threshold|threshold_sensitive|registration_unstable,high_anomaly_low_area_low_occupancy_long_gap,7,476,3.1833333333333336,0.0,1.0,0.0,-0.3058900097624471,1.25,False,0.3333333333333333,2.5,ori011,boundary,r210,manual_review_possible_unintended_missing,blocked_manual_review,blocked,possible_unintended_missing_not_clean_enough_for_auto_support,boundary_or_skin_region,false
E_N004281_N004283,7581,N004281,N004283,design_present_or_unmapped,ct_absent_candidate,possible_unintended_missing,review_guarded,review_required,possible_unintended_defect_requires_review|near_all_edge_threshold|threshold_sensitive|registration_unstable,high_anomaly_low_area_low_occupancy_long_gap,6,480,3.1750000000000003,0.0,1.0,0.0,0.24189526184538654,1.2,False,0.5,2.5,ori110,boundary,r221,manual_review_possible_unintended_missing,blocked_manual_review,blocked,possible_unintended_missing_not_clean_enough_for_auto_support,boundary_or_skin_region,false
E_N000501_N000503,873,N000501,N000503,design_present_or_unmapped,ct_absent_candidate,possible_unintended_missing,review_guarded,review_required,possible_unintended_defect_requires_review|near_all_edge_threshold|threshold_sensitive|registration_unstable,high_anomaly_low_area_low_occupancy_long_gap,7,482,3.1729166666666666,0.0,1.0,0.041666666666666664,0.02139231327048586,1.125,False,0.7916666666666666,2.5,ori110,boundary,r210,manual_review_possible_unintended_missing,blocked_manual_review,blocked,possible_unintended_missing_not_clean_enough_for_auto_support,boundary_or_skin_region,false
E_N005033_N005037,8927,N005033,N005037,design_present_or_unmapped,ct_absent_candidate,possible_unintended_missing,review_guarded,review_required,possible_unintended_defect_requires_review|near_all_edge_threshold|threshold_sensitive|registration_unstable,high_anomaly_low_area_low_occupancy_long_gap,6,483,3.1729166666666666,0.0,1.0,0.0,0.8276595744680851,1.25,False,0.2916666666666667,2.5,ori011,boundary,r211,manual_review_possible_unintended_missing,blocked_manual_review,blocked,possible_unintended_missing_not_clean_enough_for_auto_support,boundary_or_skin_region,false
E_N005159_N005163,9147,N005159,N005163,design_present_or_unmapped,ct_absent_candidate,possible_unintended_missing,review_guarded,review_required,possible_unintended_defect_requires_review|near_all_edge_threshold|threshold_sensitive|registration_unstable,high_anomaly_low_area_low_occupancy_long_gap,6,484,3.1729166666666666,0.0,1.0,0.0,0.7956730769230769,1.25,False,0.2916666666666667,2.5,ori011,boundary,r211,manual_review_possible_unintended_missing,blocked_manual_review,blocked,possible_unintended_missing_not_clean_enough_for_auto_support,boundary_or_skin_region,false
E_N005159_N006423,11380,N005159,N006423,design_present_or_unmapped,ct_absent_candidate,possible_unintended_missing,review_guarded,review_required,possible_unintended_defect_requires_review|near_all_edge_threshold|threshold_sensitive|registration_unstable,high_anomaly_low_area_low_occupancy_long_gap,6,485,3.1729166666666666,0.0,1.0,0.0,0.4397810218978102,1.25,False,0.2916666666666667,2.5,ori011,boundary,r211,manual_review_possible_unintended_missing,blocked_manual_review,blocked,possible_unintended_missing_not_clean_enough_for_auto_support,boundary_or_skin_region,false
E_N004151_N004278,9577,N004151,N004278,design_present_or_unmapped,ct_absent_candidate,possible_unintended_missing,review_guarded,review_required,possible_unintended_defect_requires_review|near_all_edge_threshold|threshold_sensitive|registration_unstable,high_anomaly_low_area_low_occupancy_long_gap,6,487,3.1645833333333337,0.0,1.0,0.0,0.22015404364569963,1.2,False,0.4583333333333333,2.5,ori110,boundary,r221,manual_review_possible_unintended_missing,blocked_manual_review,blocked,possible_unintended_missing_not_clean_enough_for_auto_support,boundary_or_skin_region,false
E_N000879_N000881,1533,N000879,N000881,design_present_or_unmapped,ct_absent_candidate,possible_unintended_missing,review_guarded,review_required,possible_unintended_defect_requires_review|near_all_edge_threshold|threshold_sensitive|registration_unstable,high_anomaly_low_area_low_occupancy_long_gap,6,490,3.154166666666667,0.0,1.0,0.0,0.2736009044657999,1.2,False,0.4166666666666667,2.5,ori110,boundary,r220,manual_review_possible_unintended_missing,blocked_manual_review,blocked,possible_unintended_missing_not_clean_enough_for_auto_support,boundary_or_skin_region,false
E_N001005_N001007,1753,N001005,N001007,design_present_or_unmapped,ct_absent_candidate,possible_unintended_missing,review_guarded,review_required,possible_unintended_defect_requires_review|near_all_edge_threshold|threshold_sensitive|registration_unstable,high_anomaly_low_area_low_occupancy_long_gap,6,500,3.122916666666667,0.0,1.0,0.041666666666666664,0.5242548217416715,1.2,False,0.2916666666666667,2.5,ori110,boundary,r220,manual_review_possible_unintended_missing,blocked_manual_review,blocked,possible_unintended_missing_not_clean_enough_for_auto_support,boundary_or_skin_region,false
E_N003399_N003401,6041,N003399,N003401,design_present_or_unmapped,ct_absent_candidate,possible_unintended_missing,review_guarded,review_required,possible_unintended_defect_requires_review|near_all_edge_threshold|threshold_sensitive|registration_unstable,high_anomaly_low_area_low_occupancy_long_gap,6,501,3.122916666666667,0.0,1.0,0.0,0.8480050664977834,1.2,False,0.2916666666666667,2.5,ori110,boundary,r220,manual_review_possible_unintended_missing,blocked_manual_review,blocked,possible_unintended_missing_not_clean_enough_for_auto_support,boundary_or_skin_region,false
E_N002769_N002771,4905,N002769,N002771,design_present_or_unmapped,ct_absent_candidate,possible_unintended_missing,review_guarded,review_required,possible_unintended_defect_requires_review|near_all_edge_threshold|threshold_sensitive|registration_unstable,high_anomaly_low_area_low_occupancy_long_gap,6,554,3.0791666666666666,0.0,1.0,0.0,0.22010237319683573,1.125,False,0.4166666666666667,2.5,ori110,boundary,r210,manual_review_possible_unintended_missing,blocked_manual_review,blocked,possible_unintended_missing_not_clean_enough_for_auto_support,boundary_or_skin_region,false
E_N006423_N006425,11393,N006423,N006425,design_present_or_unmapped,ct_absent_candidate,possible_unintended_missing,review_guarded,review_required,possible_unintended_defect_requires_review|near_all_edge_threshold|threshold_sensitive|registration_unstable,high_anomaly_low_area_low_occupancy_long_gap,6,562,3.06875,0.0,1.0,0.041666666666666664,0.18148420279206465,1.125,False,0.375,2.5,ori110,boundary,r211,manual_review_possible_unintended_missing,blocked_manual_review,blocked,possible_unintended_missing_not_clean_enough_for_auto_support,boundary_or_skin_region,false
E_N002891_N003018,7341,N002891,N003018,design_present_or_unmapped,ct_absent_candidate,possible_unintended_missing,review_guarded,review_required,possible_unintended_defect_requires_review|near_all_edge_threshold|threshold_sensitive|registration_unstable,high_anomaly_low_area_low_occupancy_long_gap,6,640,2.9229166666666666,0.08333333333333333,0.9166666666666666,0.16666666666666666,0.3115036622145627,1.125,False,0.4583333333333333,2.5,ori110,boundary,r211,manual_review_possible_unintended_missing,blocked_manual_review,blocked,possible_unintended_missing_not_clean_enough_for_auto_support,boundary_or_skin_region,false
E_N002765_N004029,7128,N002765,N004029,design_present_or_unmapped,ct_absent_candidate,possible_unintended_missing,review_guarded,review_required,possible_unintended_defect_requires_review|near_all_edge_threshold|threshold_sensitive|registration_unstable,high_anomaly_low_area_low_occupancy_long_gap,6,652,2.870833333333333,0.08333333333333333,0.75,0.2916666666666667,1.8871794871794871,1.25,False,0.4166666666666667,2.5,ori011,boundary,r211,manual_review_possible_unintended_missing,blocked_manual_review,blocked,possible_unintended_missing_not_clean_enough_for_auto_support,boundary_or_skin_region,false
E_N001012_N002152,3781,N001012,N002152,design_present_or_unmapped,ct_absent_candidate,possible_unintended_missing,review_guarded,review_required,possible_unintended_defect_requires_review|registration_unstable,high_anomaly_low_area_low_occupancy_long_gap,7,53,5.25,0.0,1.0,0.0,-0.8333333333333334,3.4,False,0.0,2.5,ori011,boundary,r020,manual_review_possible_unintended_missing,blocked_manual_review,blocked,possible_unintended_missing_not_clean_enough_for_auto_support,boundary_or_skin_region,false
E_N002643_N002645,4685,N002643,N002645,design_present_or_unmapped,ct_absent_candidate,possible_unintended_missing,review_guarded,review_required,possible_unintended_defect_requires_review|registration_unstable,high_anomaly_low_area_low_occupancy_long_gap,6,225,3.547916666666667,0.0,1.0,0.0,0.2536231884057971,1.6666666666666667,False,0.125,2.5,ori110,boundary,r200,manual_review_possible_unintended_missing,blocked_manual_review,blocked,possible_unintended_missing_not_clean_enough_for_auto_support,boundary_or_skin_region,false
E_N000245_N000372,2649,N000245,N000372,design_present_or_unmapped,ct_absent_candidate,possible_unintended_missing,review_guarded,review_required,possible_unintended_defect_requires_review|registration_unstable,high_anomaly_low_area_low_occupancy_long_gap,6,228,3.5375000000000005,0.0,1.0,0.0,0.08626198083067092,1.6666666666666667,False,0.08333333333333333,2.5,ori110,boundary,r200,manual_review_possible_unintended_missing,blocked_manual_review,blocked,possible_unintended_missing_not_clean_enough_for_auto_support,boundary_or_skin_region,false
E_N000375_N000377,653,N000375,N000377,design_present_or_unmapped,ct_absent_candidate,possible_unintended_missing,review_guarded,review_required,possible_unintended_defect_requires_review|registration_unstable,high_anomaly_low_area_low_occupancy_long_gap,7,229,3.5375000000000005,0.0,1.0,0.0,-0.0759170653907496,1.6666666666666667,False,0.08333333333333333,2.5,ori110,boundary,r200,manual_review_possible_unintended_missing,blocked_manual_review,blocked,possible_unintended_missing_not_clean_enough_for_auto_support,boundary_or_skin_region,false
E_N001509_N001511,2669,N001509,N001511,design_present_or_unmapped,ct_absent_candidate,possible_unintended_missing,review_guarded,review_required,possible_unintended_defect_requires_review|registration_unstable,high_anomaly_low_area_low_occupancy_long_gap,7,234,3.5270833333333336,0.0,1.0,0.0,-0.026124197002141327,1.6666666666666667,False,0.041666666666666664,2.5,ori110,boundary,r200,manual_review_possible_unintended_missing,blocked_manual_review,blocked,possible_unintended_missing_not_clean_enough_for_auto_support,boundary_or_skin_region,false
E_N002640_N003777,6700,N002640,N003777,design_present_or_unmapped,ct_absent_candidate,possible_unintended_missing,review_guarded,review_required,possible_unintended_defect_requires_review|registration_unstable,high_anomaly_low_area_low_occupancy_long_gap,6,251,3.457638888888889,0.0,1.0,0.20833333333333334,0.2583668005354752,1.5555555555555556,False,0.20833333333333334,2.5,ori101,boundary,r201,manual_review_possible_unintended_missing,blocked_manual_review,blocked,possible_unintended_missing_not_clean_enough_for_auto_support,boundary_or_skin_region,false
E_N000249_N000251,433,N000249,N000251,design_present_or_unmapped,ct_absent_candidate,possible_unintended_missing,review_guarded,review_required,possible_unintended_defect_requires_review|registration_unstable,high_anomaly_low_area_low_occupancy_long_gap,6,252,3.454166666666667,0.041666666666666664,0.9583333333333334,0.125,0.23085163363685057,1.6666666666666667,False,0.08333333333333333,2.5,ori110,boundary,r200,manual_review_possible_unintended_missing,blocked_manual_review,blocked,possible_unintended_missing_not_clean_enough_for_auto_support,boundary_or_skin_region,false
E_N001505_N001511,2883,N001505,N001511,design_present_or_unmapped,ct_absent_candidate,possible_unintended_missing,review_guarded,review_required,possible_unintended_defect_requires_review|registration_unstable,high_anomaly_low_area_low_occupancy_long_gap,6,254,3.4485014619883043,0.0,1.0,0.125,0.0449438202247191,1.5672514619883042,False,0.125,2.5,ori101,boundary,r200,manual_review_possible_unintended_missing,blocked_manual_review,blocked,possible_unintended_missing_not_clean_enough_for_auto_support,boundary_or_skin_region,false
E_N000372_N001509,2668,N000372,N001509,design_present_or_unmapped,ct_absent_candidate,possible_unintended_missing,review_guarded,review_required,possible_unintended_defect_requires_review|registration_unstable,high_anomaly_low_area_low_occupancy_long_gap,6,259,3.4356046365914787,0.0,1.0,0.0,0.2768102658111824,1.5751879699248121,False,0.041666666666666664,2.5,ori101,boundary,r200,manual_review_possible_unintended_missing,blocked_manual_review,blocked,possible_unintended_missing_not_clean_enough_for_auto_support,boundary_or_skin_region,false
E_N005789_N007053,12516,N005789,N007053,design_present_or_unmapped,ct_absent_candidate,possible_unintended_missing,review_guarded,review_required,possible_unintended_defect_requires_review|registration_unstable,high_anomaly_low_area_low_occupancy_long_gap,6,271,3.4020833333333336,0.0,1.0,0.0,1.373134328358209,1.5,False,0.20833333333333334,2.5,ori011,boundary,r202,manual_review_possible_unintended_missing,blocked_manual_review,blocked,possible_unintended_missing_not_clean_enough_for_auto_support,boundary_or_skin_region,false
E_N008057_N009321,16620,N008057,N009321,design_present_or_unmapped,ct_absent_candidate,possible_unintended_missing,review_guarded,review_required,possible_unintended_defect_requires_review|registration_unstable,high_anomaly_low_area_low_occupancy_long_gap,6,272,3.4020833333333336,0.0,1.0,0.2916666666666667,0.23478260869565218,1.5,False,0.20833333333333334,2.5,ori011,boundary,r202,manual_review_possible_unintended_missing,blocked_manual_review,blocked,possible_unintended_missing_not_clean_enough_for_auto_support,boundary_or_skin_region,false
E_N000245_N001509,2656,N000245,N001509,design_present_or_unmapped,ct_absent_candidate,possible_unintended_missing,review_guarded,review_required,possible_unintended_defect_requires_review|registration_unstable,high_anomaly_low_area_low_occupancy_long_gap,6,279,3.35,0.0,1.0,0.0,2.4285714285714284,1.5,False,0.0,2.5,ori011,boundary,r200,manual_review_possible_unintended_missing,blocked_manual_review,blocked,possible_unintended_missing_not_clean_enough_for_auto_support,boundary_or_skin_region,false
E_N000371_N000375,643,N000371,N000375,design_present_or_unmapped,ct_absent_candidate,possible_unintended_missing,review_guarded,review_required,possible_unintended_defect_requires_review|registration_unstable,high_anomaly_low_area_low_occupancy_long_gap,6,280,3.35,0.0,1.0,0.0,1.3877551020408163,1.5,False,0.0,2.5,ori011,boundary,r200,manual_review_possible_unintended_missing,blocked_manual_review,blocked,possible_unintended_missing_not_clean_enough_for_auto_support,boundary_or_skin_region,false
E_N001505_N001509,2659,N001505,N001509,design_present_or_unmapped,ct_absent_candidate,possible_unintended_missing,review_guarded,review_required,possible_unintended_defect_requires_review|registration_unstable,high_anomaly_low_area_low_occupancy_long_gap,6,299,3.35,0.0,1.0,0.0,1.875,1.5,False,0.0,2.5,ori011,boundary,r200,manual_review_possible_unintended_missing,blocked_manual_review,blocked,possible_unintended_missing_not_clean_enough_for_auto_support,boundary_or_skin_region,false
E_N003521_N003525,6251,N003521,N003525,design_present_or_unmapped,ct_absent_candidate,possible_unintended_missing,review_guarded,review_required,possible_unintended_defect_requires_review|registration_unstable,high_anomaly_low_area_low_occupancy_long_gap,6,324,3.35,0.0,1.0,0.0,1.566951566951567,1.5,False,0.0,2.5,ori011,boundary,r201,manual_review_possible_unintended_missing,blocked_manual_review,blocked,possible_unintended_missing_not_clean_enough_for_auto_support,boundary_or_skin_region,false
E_N003521_N004659,8265,N003521,N004659,design_present_or_unmapped,ct_absent_candidate,possible_unintended_missing,review_guarded,review_required,possible_unintended_defect_requires_review|registration_unstable,high_anomaly_low_area_low_occupancy_long_gap,6,325,3.35,0.0,1.0,0.0,0.09223300970873786,1.5,False,0.0,2.5,ori011,boundary,r201,manual_review_possible_unintended_missing,blocked_manual_review,blocked,possible_unintended_missing_not_clean_enough_for_auto_support,boundary_or_skin_region,false
E_N007049_N007053,12519,N007049,N007053,design_present_or_unmapped,ct_absent_candidate,possible_unintended_missing,review_guarded,review_required,possible_unintended_defect_requires_review|registration_unstable,high_anomaly_low_area_low_occupancy_long_gap,6,364,3.35,0.0,1.0,0.0,0.23224043715846995,1.5,False,0.0,2.5,ori011,boundary,r202,manual_review_possible_unintended_missing,blocked_manual_review,blocked,possible_unintended_missing_not_clean_enough_for_auto_support,boundary_or_skin_region,false
E_N008183_N009447,16876,N008183,N009447,design_present_or_unmapped,ct_absent_candidate,possible_unintended_missing,review_guarded,review_required,possible_unintended_defect_requires_review|registration_unstable,high_anomaly_low_area_low_occupancy_long_gap,7,378,3.35,0.0,1.0,0.0,-0.11260504201680673,1.5,False,0.0,2.5,ori011,boundary,r202,manual_review_possible_unintended_missing,blocked_manual_review,blocked,possible_unintended_missing_not_clean_enough_for_auto_support,boundary_or_skin_region,false
E_N000371_N000377,867,N000371,N000377,design_present_or_unmapped,ct_absent_candidate,possible_unintended_missing,review_guarded,review_required,possible_unintended_defect_requires_review|near_all_edge_threshold|registration_unstable,high_anomaly_low_area_low_occupancy_long_gap,7,411,3.3106046365914787,0.08333333333333333,0.9166666666666666,0.20833333333333334,0.014054813773717497,1.5751879699248121,False,0.20833333333333334,2.5,ori101,boundary,r200,manual_review_possible_unintended_missing,blocked_manual_review,blocked,possible_unintended_missing_not_clean_enough_for_auto_support,boundary_or_skin_region,false
E_N004277_N005541,9804,N004277,N005541,design_present_or_unmapped,ct_absent_candidate,possible_unintended_missing,review_guarded,review_required,possible_unintended_defect_requires_review|near_all_edge_threshold|registration_unstable,high_anomaly_low_area_low_occupancy_long_gap,6,413,3.2916666666666665,0.0,1.0,0.0,0.12098765432098765,1.4,False,0.16666666666666666,2.5,ori011,boundary,r221,manual_review_possible_unintended_missing,blocked_manual_review,blocked,possible_unintended_missing_not_clean_enough_for_auto_support,boundary_or_skin_region,false
E_N003143_N004407,7788,N003143,N004407,design_present_or_unmapped,ct_absent_candidate,possible_unintended_missing,review_guarded,review_required,possible_unintended_defect_requires_review|near_all_edge_threshold|registration_unstable,high_anomaly_low_area_low_occupancy_long_gap,6,416,3.28125,0.0,1.0,0.0,0.8152709359605911,1.4,False,0.125,2.5,ori011,boundary,r221,manual_review_possible_unintended_missing,blocked_manual_review,blocked,possible_unintended_missing_not_clean_enough_for_auto_support,boundary_or_skin_region,false
E_N010199_N010203,18447,N010199,N010203,design_present_or_unmapped,ct_absent_candidate,possible_unintended_missing,review_guarded,review_required,possible_unintended_defect_requires_review|near_all_edge_threshold|registration_unstable,high_anomaly_low_area_low_occupancy_long_gap,7,417,3.28125,0.0,1.0,0.08333333333333333,-0.8018975332068311,1.4,False,0.125,2.5,ori011,boundary,r222,manual_review_possible_unintended_missing,blocked_manual_review,blocked,possible_unintended_missing_not_clean_enough_for_auto_support,boundary_or_skin_region,false
E_N003395_N003399,6027,N003395,N003399,design_present_or_unmapped,ct_absent_candidate,possible_unintended_missing,review_guarded,review_required,possible_unintended_defect_requires_review|near_all_edge_threshold|registration_unstable,high_anomaly_low_area_low_occupancy_long_gap,7,419,3.2708333333333335,0.0,1.0,0.0,-0.18309859154929578,1.4,False,0.08333333333333333,2.5,ori011,boundary,r220,manual_review_possible_unintended_missing,blocked_manual_review,blocked,possible_unintended_missing_not_clean_enough_for_auto_support,boundary_or_skin_region,false
E_N005663_N005667,10059,N005663,N005667,design_present_or_unmapped,ct_absent_candidate,possible_unintended_missing,review_guarded,review_required,possible_unintended_defect_requires_review|near_all_edge_threshold|registration_unstable,high_anomaly_low_area_low_occupancy_long_gap,7,420,3.2708333333333335,0.0,1.0,0.0,-0.8250728862973761,1.4,False,0.08333333333333333,2.5,ori011,boundary,r221,manual_review_possible_unintended_missing,blocked_manual_review,blocked,possible_unintended_missing_not_clean_enough_for_auto_support,boundary_or_skin_region,false
E_N006545_N006549,11603,N006545,N006549,design_present_or_unmapped,ct_absent_candidate,possible_unintended_missing,review_guarded,review_required,possible_unintended_defect_requires_review|near_all_edge_threshold|registration_unstable,high_anomaly_low_area_low_occupancy_long_gap,7,421,3.2708333333333335,0.0,1.0,0.0,-0.6942003514938488,1.4,False,0.08333333333333333,2.5,ori011,boundary,r221,manual_review_possible_unintended_missing,blocked_manual_review,blocked,possible_unintended_missing_not_clean_enough_for_auto_support,boundary_or_skin_region,false
E_N006797_N006801,12075,N006797,N006801,design_present_or_unmapped,ct_absent_candidate,possible_unintended_missing,review_guarded,review_required,possible_unintended_defect_requires_review|near_all_edge_threshold|registration_unstable,high_anomaly_low_area_low_occupancy_long_gap,7,422,3.2708333333333335,0.0,1.0,0.0,-1.241150442477876,1.4,False,0.08333333333333333,2.5,ori011,boundary,r221,manual_review_possible_unintended_missing,blocked_manual_review,blocked,possible_unintended_missing_not_clean_enough_for_auto_support,boundary_or_skin_region,false
E_N000870_N001005,1740,N000870,N001005,design_present_or_unmapped,ct_absent_candidate,possible_unintended_missing,review_guarded,review_required,possible_unintended_defect_requires_review|near_all_edge_threshold|registration_unstable,high_anomaly_low_area_low_occupancy_long_gap,7,426,3.2604166666666665,0.0,1.0,0.041666666666666664,-0.20020325203252032,1.4,False,0.041666666666666664,2.5,ori011,boundary,r220,manual_review_possible_unintended_missing,blocked_manual_review,blocked,possible_unintended_missing_not_clean_enough_for_auto_support,boundary_or_skin_region,false
E_N000996_N001131,1992,N000996,N001131,design_present_or_unmapped,ct_absent_candidate,possible_unintended_missing,review_guarded,review_required,possible_unintended_defect_requires_review|near_all_edge_threshold|registration_unstable,high_anomaly_low_area_low_occupancy_long_gap,7,427,3.2604166666666665,0.0,1.0,0.0,-0.039532794249775384,1.4,False,0.041666666666666664,2.5,ori011,boundary,r220,manual_review_possible_unintended_missing,blocked_manual_review,blocked,possible_unintended_missing_not_clean_enough_for_auto_support,boundary_or_skin_region,false
E_N004529_N004533,8043,N004529,N004533,design_present_or_unmapped,ct_absent_candidate,possible_unintended_missing,review_guarded,review_required,possible_unintended_defect_requires_review|near_all_edge_threshold|registration_unstable,high_anomaly_low_area_low_occupancy_long_gap,7,428,3.2604166666666665,0.0,1.0,0.0,-0.5452865064695009,1.4,False,0.041666666666666664,2.5,ori011,boundary,r221,manual_review_possible_unintended_missing,blocked_manual_review,blocked,possible_unintended_missing_not_clean_enough_for_auto_support,boundary_or_skin_region,false
E_N000749_N002013,3536,N000749,N002013,design_present_or_unmapped,ct_absent_candidate,possible_unintended_missing,review_guarded,review_required,possible_unintended_defect_requires_review|near_all_edge_threshold|registration_unstable,high_anomaly_low_area_low_occupancy_long_gap,6,429,3.25,0.0,1.0,0.0,0.5358931552587646,1.4,False,0.0,2.5,ori011,boundary,r220,manual_review_possible_unintended_missing,blocked_manual_review,blocked,possible_unintended_missing_not_clean_enough_for_auto_support,boundary_or_skin_region,false
E_N000875_N000879,1523,N000875,N000879,design_present_or_unmapped,ct_absent_candidate,possible_unintended_missing,review_guarded,review_required,possible_unintended_defect_requires_review|near_all_edge_threshold|registration_unstable,high_anomaly_low_area_low_occupancy_long_gap,6,430,3.25,0.0,1.0,0.0,0.05521472392638037,1.4,False,0.0,2.5,ori011,boundary,r220,manual_review_possible_unintended_missing,blocked_manual_review,blocked,possible_unintended_missing_not_clean_enough_for_auto_support,boundary_or_skin_region,false
E_N000875_N002139,3756,N000875,N002139,design_present_or_unmapped,ct_absent_candidate,possible_unintended_missing,review_guarded,review_required,possible_unintended_defect_requires_review|near_all_edge_threshold|registration_unstable,high_anomaly_low_area_low_occupancy_long_gap,6,431,3.25,0.0,1.0,0.0,0.3329253365973072,1.4,False,0.0,2.5,ori011,boundary,r220,manual_review_possible_unintended_missing,blocked_manual_review,blocked,possible_unintended_missing_not_clean_enough_for_auto_support,boundary_or_skin_region,false
E_N001001_N001005,1743,N001001,N001005,design_present_or_unmapped,ct_absent_candidate,possible_unintended_missing,review_guarded,review_required,possible_unintended_defect_requires_review|near_all_edge_threshold|registration_unstable,high_anomaly_low_area_low_occupancy_long_gap,7,432,3.25,0.0,1.0,0.0,0.010514018691588784,1.4,False,0.0,2.5,ori011,boundary,r220,manual_review_possible_unintended_missing,blocked_manual_review,blocked,possible_unintended_missing_not_clean_enough_for_auto_support,boundary_or_skin_region,false
E_N001001_N002265,4008,N001001,N002265,design_present_or_unmapped,ct_absent_candidate,possible_unintended_missing,review_guarded,review_required,possible_unintended_defect_requires_review|near_all_edge_threshold|registration_unstable,high_anomaly_low_area_low_occupancy_long_gap,6,433,3.25,0.0,1.0,0.0,0.12352941176470589,1.4,False,0.0,2.5,ori011,boundary,r220,manual_review_possible_unintended_missing,blocked_manual_review,blocked,possible_unintended_missing_not_clean_enough_for_auto_support,boundary_or_skin_region,false
E_N001127_N001131,1995,N001127,N001131,design_present_or_unmapped,ct_absent_candidate,possible_unintended_missing,review_guarded,review_required,possible_unintended_defect_requires_review|near_all_edge_threshold|registration_unstable,high_anomaly_low_area_low_occupancy_long_gap,7,434,3.25,0.0,1.0,0.0,-0.3020257826887661,1.4,False,0.0,2.5,ori011,boundary,r220,manual_review_possible_unintended_missing,blocked_manual_review,blocked,possible_unintended_missing_not_clean_enough_for_auto_support,boundary_or_skin_region,false
E_N001883_N003147,5552,N001883,N003147,design_present_or_unmapped,ct_absent_candidate,possible_unintended_missing,review_guarded,review_required,possible_unintended_defect_requires_review|near_all_edge_threshold|registration_unstable,high_anomaly_low_area_low_occupancy_long_gap,6,435,3.25,0.0,1.0,0.0,0.6805194805194805,1.4,False,0.0,2.5,ori011,boundary,r220,manual_review_possible_unintended_missing,blocked_manual_review,blocked,possible_unintended_missing_not_clean_enough_for_auto_support,boundary_or_skin_region,false
E_N002009_N002013,3539,N002009,N002013,design_present_or_unmapped,ct_absent_candidate,possible_unintended_missing,review_guarded,review_required,possible_unintended_defect_requires_review|near_all_edge_threshold|registration_unstable,high_anomaly_low_area_low_occupancy_long_gap,6,436,3.25,0.0,1.0,0.0,0.6349206349206349,1.4,False,0.0,2.5,ori011,boundary,r220,manual_review_possible_unintended_missing,blocked_manual_review,blocked,possible_unintended_missing_not_clean_enough_for_auto_support,boundary_or_skin_region,false
E_N002009_N003273,5772,N002009,N003273,design_present_or_unmapped,ct_absent_candidate,possible_unintended_missing,review_guarded,review_required,possible_unintended_defect_requires_review|near_all_edge_threshold|registration_unstable,high_anomaly_low_area_low_occupancy_long_gap,6,437,3.25,0.0,1.0,0.0,0.5838150289017341,1.4,False,0.0,2.5,ori011,boundary,r220,manual_review_possible_unintended_missing,blocked_manual_review,blocked,possible_unintended_missing_not_clean_enough_for_auto_support,boundary_or_skin_region,false
E_N002135_N002139,3759,N002135,N002139,design_present_or_unmapped,ct_absent_candidate,possible_unintended_missing,review_guarded,review_required,possible_unintended_defect_requires_review|near_all_edge_threshold|registration_unstable,high_anomaly_low_area_low_occupancy_long_gap,6,438,3.25,0.0,1.0,0.0,0.3160621761658031,1.4,False,0.0,2.5,ori011,boundary,r220,manual_review_possible_unintended_missing,blocked_manual_review,blocked,possible_unintended_missing_not_clean_enough_for_auto_support,boundary_or_skin_region,false
E_N002261_N002265,4011,N002261,N002265,design_present_or_unmapped,ct_absent_candidate,possible_unintended_missing,review_guarded,review_required,possible_unintended_defect_requires_review|near_all_edge_threshold|registration_unstable,high_anomaly_low_area_low_occupancy_long_gap,6,439,3.25,0.0,1.0,0.0,0.040955631399317405,1.4,False,0.0,2.5,ori011,boundary,r220,manual_review_possible_unintended_missing,blocked_manual_review,blocked,possible_unintended_missing_not_clean_enough_for_auto_support,boundary_or_skin_region,false
E_N003017_N004281,7568,N003017,N004281,design_present_or_unmapped,ct_absent_candidate,possible_unintended_missing,review_guarded,review_required,possible_unintended_defect_requires_review|near_all_edge_threshold|registration_unstable,high_anomaly_low_area_low_occupancy_long_gap,6,440,3.25,0.0,1.0,0.0,1.1253644314868805,1.4,False,0.0,2.5,ori011,boundary,r221,manual_review_possible_unintended_missing,blocked_manual_review,blocked,possible_unintended_missing_not_clean_enough_for_auto_support,boundary_or_skin_region,false
E_N003143_N003147,5555,N003143,N003147,design_present_or_unmapped,ct_absent_candidate,possible_unintended_missing,review_guarded,review_required,possible_unintended_defect_requires_review|near_all_edge_threshold|registration_unstable,high_anomaly_low_area_low_occupancy_long_gap,6,441,3.25,0.0,1.0,0.0,0.8518518518518519,1.4,False,0.0,2.5,ori011,boundary,r220,manual_review_possible_unintended_missing,blocked_manual_review,blocked,possible_unintended_missing_not_clean_enough_for_auto_support,boundary_or_skin_region,false
E_N003269_N003273,5775,N003269,N003273,design_present_or_unmapped,ct_absent_candidate,possible_unintended_missing,review_guarded,review_required,possible_unintended_defect_requires_review|near_all_edge_threshold|registration_unstable,high_anomaly_low_area_low_occupancy_long_gap,6,442,3.25,0.0,1.0,0.0,0.5348837209302325,1.4,False,0.0,2.5,ori011,boundary,r220,manual_review_possible_unintended_missing,blocked_manual_review,blocked,possible_unintended_missing_not_clean_enough_for_auto_support,boundary_or_skin_region,false
E_N004151_N005415,9584,N004151,N005415,design_present_or_unmapped,ct_absent_candidate,possible_unintended_missing,review_guarded,review_required,possible_unintended_defect_requires_review|near_all_edge_threshold|registration_unstable,high_anomaly_low_area_low_occupancy_long_gap,6,443,3.25,0.0,1.0,0.0,0.6353887399463807,1.4,False,0.0,2.5,ori011,boundary,r221,manual_review_possible_unintended_missing,blocked_manual_review,blocked,possible_unintended_missing_not_clean_enough_for_auto_support,boundary_or_skin_region,false
E_N004277_N004281,7571,N004277,N004281,design_present_or_unmapped,ct_absent_candidate,possible_unintended_missing,review_guarded,review_required,possible_unintended_defect_requires_review|near_all_edge_threshold|registration_unstable,high_anomaly_low_area_low_occupancy_long_gap,6,444,3.25,0.0,1.0,0.0,0.7903225806451613,1.4,False,0.0,2.5,ori011,boundary,r221,manual_review_possible_unintended_missing,blocked_manual_review,blocked,possible_unintended_missing_not_clean_enough_for_auto_support,boundary_or_skin_region,false
E_N004403_N004407,7791,N004403,N004407,design_present_or_unmapped,ct_absent_candidate,possible_unintended_missing,review_guarded,review_required,possible_unintended_defect_requires_review|near_all_edge_threshold|registration_unstable,high_anomaly_low_area_low_occupancy_long_gap,6,445,3.25,0.0,1.0,0.0,0.47160493827160493,1.4,False,0.0,2.5,ori011,boundary,r221,manual_review_possible_unintended_missing,blocked_manual_review,blocked,possible_unintended_missing_not_clean_enough_for_auto_support,boundary_or_skin_region,false
E_N005285_N006549,11600,N005285,N006549,design_present_or_unmapped,ct_absent_candidate,possible_unintended_missing,review_guarded,review_required,possible_unintended_defect_requires_review|near_all_edge_threshold|registration_unstable,high_anomaly_low_area_low_occupancy_long_gap,6,446,3.25,0.0,1.0,0.0,0.2455621301775148,1.4,False,0.0,2.5,ori011,boundary,r221,manual_review_possible_unintended_missing,blocked_manual_review,blocked,possible_unintended_missing_not_clean_enough_for_auto_support,boundary_or_skin_region,false
E_N005411_N005415,9587,N005411,N005415,design_present_or_unmapped,ct_absent_candidate,possible_unintended_missing,review_guarded,review_required,possible_unintended_defect_requires_review|near_all_edge_threshold|registration_unstable,high_anomaly_low_area_low_occupancy_long_gap,6,447,3.25,0.0,1.0,0.0,0.08791208791208792,1.4,False,0.0,2.5,ori011,boundary,r221,manual_review_possible_unintended_missing,blocked_manual_review,blocked,possible_unintended_missing_not_clean_enough_for_auto_support,boundary_or_skin_region,false
E_N005411_N006675,11820,N005411,N006675,design_present_or_unmapped,ct_absent_candidate,possible_unintended_missing,review_guarded,review_required,possible_unintended_defect_requires_review|near_all_edge_threshold|registration_unstable,high_anomaly_low_area_low_occupancy_long_gap,6,448,3.25,0.0,1.0,0.0,0.12633832976445397,1.4,False,0.0,2.5,ori011,boundary,r221,manual_review_possible_unintended_missing,blocked_manual_review,blocked,possible_unintended_missing_not_clean_enough_for_auto_support,boundary_or_skin_region,false
E_N009947_N009951,17903,N009947,N009951,design_present_or_unmapped,ct_absent_candidate,possible_unintended_missing,review_guarded,review_required,possible_unintended_defect_requires_review|near_all_edge_threshold|registration_unstable,high_anomaly_low_area_low_occupancy_long_gap,7,453,3.25,0.0,1.0,0.0,-0.6260303687635574,1.4,False,0.0,2.5,ori011,boundary,r222,manual_review_possible_unintended_missing,blocked_manual_review,blocked,possible_unintended_missing_not_clean_enough_for_auto_support,boundary_or_skin_region,false
E_N010073_N010077,18159,N010073,N010077,design_present_or_unmapped,ct_absent_candidate,possible_unintended_missing,review_guarded,review_required,possible_unintended_defect_requires_review|near_all_edge_threshold|registration_unstable,high_anomaly_low_area_low_occupancy_long_gap,7,454,3.25,0.0,1.0,0.0,-0.8396761133603239,1.4,False,0.0,2.5,ori011,boundary,r222,manual_review_possible_unintended_missing,blocked_manual_review,blocked,possible_unintended_missing_not_clean_enough_for_auto_support,boundary_or_skin_region,false
E_N000744_N000879,1520,N000744,N000879,design_present_or_unmapped,ct_absent_candidate,possible_unintended_missing,review_guarded,review_required,possible_unintended_defect_requires_review|near_all_edge_threshold|registration_unstable,high_anomaly_low_area_low_occupancy_long_gap,7,469,3.197916666666667,0.041666666666666664,0.9583333333333334,0.125,-0.2892728003214142,1.4,False,0.125,2.5,ori011,boundary,r220,manual_review_possible_unintended_missing,blocked_manual_review,blocked,possible_unintended_missing_not_clean_enough_for_auto_support,boundary_or_skin_region,false
E_N002135_N003399,6024,N002135,N003399,design_present_or_unmapped,ct_absent_candidate,possible_unintended_missing,review_guarded,review_required,possible_unintended_defect_requires_review|near_all_edge_threshold|registration_unstable,high_anomaly_low_area_low_occupancy_long_gap,6,470,3.197916666666667,0.041666666666666664,0.9583333333333334,0.16666666666666666,0.870201096892139,1.4,False,0.125,2.5,ori011,boundary,r220,manual_review_possible_unintended_missing,blocked_manual_review,blocked,possible_unintended_missing_not_clean_enough_for_auto_support,boundary_or_skin_region,false
E_N007931_N009069,16105,N007931,N009069,design_present_or_unmapped,ct_absent_candidate,possible_unintended_missing,review_guarded,review_required,possible_unintended_defect_requires_review|near_all_edge_threshold|registration_unstable,high_anomaly_low_area_low_occupancy_long_gap,7,478,3.1770833333333335,0.041666666666666664,0.9583333333333334,0.08333333333333333,-1.0022172949002217,1.4,False,0.041666666666666664,2.5,ori011,boundary,r222,manual_review_possible_unintended_missing,blocked_manual_review,blocked,possible_unintended_missing_not_clean_enough_for_auto_support,boundary_or_skin_region,false
E_N001631_N001635,2879,N001631,N001635,design_present_or_unmapped,ct_absent_candidate,possible_unintended_missing,review_guarded,review_required,possible_unintended_defect_requires_review|near_all_edge_threshold|registration_unstable,high_anomaly_low_area_low_occupancy_long_gap,6,488,3.1625,0.0,1.0,0.0,2.01432664756447,1.25,False,0.25,2.5,ori011,boundary,r210,manual_review_possible_unintended_missing,blocked_manual_review,blocked,possible_unintended_missing_not_clean_enough_for_auto_support,boundary_or_skin_region,false
E_N003899_N003903,6911,N003899,N003903,design_present_or_unmapped,ct_absent_candidate,possible_unintended_missing,review_guarded,review_required,possible_unintended_defect_requires_review|near_all_edge_threshold|registration_unstable,high_anomaly_low_area_low_occupancy_long_gap,6,489,3.1625,0.0,1.0,0.0,1.1923076923076923,1.25,False,0.25,2.5,ori011,boundary,r211,manual_review_possible_unintended_missing,blocked_manual_review,blocked,possible_unintended_missing_not_clean_enough_for_auto_support,boundary_or_skin_region,false
E_N000618_N000753,1300,N000618,N000753,design_present_or_unmapped,ct_absent_candidate,possible_unintended_missing,review_guarded,review_required,possible_unintended_defect_requires_review|near_all_edge_threshold|registration_unstable,high_anomaly_low_area_low_occupancy_long_gap,7,494,3.1416666666666666,0.0,1.0,0.0,-0.6160598179453837,1.25,False,0.16666666666666666,2.5,ori011,boundary,r210,manual_review_possible_unintended_missing,blocked_manual_review,blocked,possible_unintended_missing_not_clean_enough_for_auto_support,boundary_or_skin_region,false
E_N004025_N004029,7131,N004025,N004029,design_present_or_unmapped,ct_absent_candidate,possible_unintended_missing,review_guarded,review_required,possible_unintended_defect_requires_review|near_all_edge_threshold|registration_unstable,high_anomaly_low_area_low_occupancy_long_gap,6,495,3.1416666666666666,0.0,1.0,0.0,0.9582366589327146,1.25,False,0.16666666666666666,2.5,ori011,boundary,r211,manual_review_possible_unintended_missing,blocked_manual_review,blocked,possible_unintended_missing_not_clean_enough_for_auto_support,boundary_or_skin_region,false
E_N006293_N007557,13396,N006293,N007557,design_present_or_unmapped,ct_absent_candidate,possible_unintended_missing,review_guarded,review_required,possible_unintended_defect_requires_review|near_all_edge_threshold|registration_unstable,high_anomaly_low_area_low_occupancy_long_gap,7,503,3.1208333333333336,0.0,1.0,0.0,-0.6815533980582524,1.25,False,0.08333333333333333,2.5,ori011,boundary,r212,manual_review_possible_unintended_missing,blocked_manual_review,blocked,possible_unintended_missing_not_clean_enough_for_auto_support,boundary_or_skin_region,false
E_N000624_N001761,3108,N000624,N001761,design_present_or_unmapped,ct_absent_candidate,possible_unintended_missing,review_guarded,review_required,possible_unintended_defect_requires_review|near_all_edge_threshold|registration_unstable,high_anomaly_low_area_low_occupancy_long_gap,6,504,3.113888888888889,0.0,1.0,0.125,0.178752107925801,1.2222222222222223,False,0.16666666666666666,2.5,ori101,boundary,r210,manual_review_possible_unintended_missing,blocked_manual_review,blocked,possible_unintended_missing_not_clean_enough_for_auto_support,boundary_or_skin_region,false
E_N001631_N001637,3103,N001631,N001637,design_present_or_unmapped,ct_absent_candidate,possible_unintended_missing,review_guarded,review_required,possible_unintended_defect_requires_review|near_all_edge_threshold|registration_unstable,high_anomaly_low_area_low_occupancy_long_gap,6,505,3.113888888888889,0.0,1.0,0.08333333333333333,0.050256410256410255,1.2222222222222223,False,0.16666666666666666,2.5,ori101,boundary,r210,manual_review_possible_unintended_missing,blocked_manual_review,blocked,possible_unintended_missing_not_clean_enough_for_auto_support,boundary_or_skin_region,false
E_N001757_N001763,3323,N001757,N001763,design_present_or_unmapped,ct_absent_candidate,possible_unintended_missing,review_guarded,review_required,possible_unintended_defect_requires_review|near_all_edge_threshold|registration_unstable,high_anomaly_low_area_low_occupancy_long_gap,7,506,3.113888888888889,0.0,1.0,0.08333333333333333,-0.12373968835930339,1.2222222222222223,False,0.16666666666666666,2.5,ori101,boundary,r210,manual_review_possible_unintended_missing,blocked_manual_review,blocked,possible_unintended_missing_not_clean_enough_for_auto_support,boundary_or_skin_region,false
E_N004025_N005289,9364,N004025,N005289,design_present_or_unmapped,ct_absent_candidate,possible_unintended_missing,review_guarded,review_required,possible_unintended_defect_requires_review|near_all_edge_threshold|registration_unstable,high_anomaly_low_area_low_occupancy_long_gap,6,508,3.1104166666666666,0.0,1.0,0.0,0.687192118226601,1.25,False,0.041666666666666664,2.5,ori011,boundary,r211,manual_review_possible_unintended_missing,blocked_manual_review,blocked,possible_unintended_missing_not_clean_enough_for_auto_support,boundary_or_skin_region,false
E_N000623_N000629,1307,N000623,N000629,design_present_or_unmapped,ct_absent_candidate,possible_unintended_missing,review_guarded,review_required,possible_unintended_defect_requires_review|near_all_edge_threshold|registration_unstable,high_anomaly_low_area_low_occupancy_long_gap,6,510,3.1034722222222224,0.0,1.0,0.08333333333333333,0.18544809228039041,1.2222222222222223,False,0.125,2.5,ori101,boundary,r210,manual_review_possible_unintended_missing,blocked_manual_review,blocked,possible_unintended_missing_not_clean_enough_for_auto_support,boundary_or_skin_region,false
E_N002135_N002262,6017,N002135,N002262,design_present_or_unmapped,ct_absent_candidate,possible_unintended_missing,review_guarded,review_required,possible_unintended_defect_requires_review|near_all_edge_threshold|registration_unstable,high_anomaly_low_area_low_occupancy_long_gap,6,511,3.1020833333333337,0.0,1.0,0.0,0.6336633663366337,1.2,False,0.20833333333333334,2.5,ori110,boundary,r220,manual_review_possible_unintended_missing,blocked_manual_review,blocked,possible_unintended_missing_not_clean_enough_for_auto_support,boundary_or_skin_region,false
E_N000371_N001635,2876,N000371,N001635,design_present_or_unmapped,ct_absent_candidate,possible_unintended_missing,review_guarded,review_required,possible_unintended_defect_requires_review|near_all_edge_threshold|registration_unstable,high_anomaly_low_area_low_occupancy_long_gap,6,513,3.1,0.0,1.0,0.0,1.7376543209876543,1.25,False,0.0,2.5,ori011,boundary,r210,manual_review_possible_unintended_missing,blocked_manual_review,blocked,possible_unintended_missing_not_clean_enough_for_auto_support,boundary_or_skin_region,false
E_N000497_N000501,863,N000497,N000501,design_present_or_unmapped,ct_absent_candidate,possible_unintended_missing,review_guarded,review_required,possible_unintended_defect_requires_review|near_all_edge_threshold|registration_unstable,high_anomaly_low_area_low_occupancy_long_gap,6,514,3.1,0.0,1.0,0.0,1.077922077922078,1.25,False,0.0,2.5,ori011,boundary,r210,manual_review_possible_unintended_missing,blocked_manual_review,blocked,possible_unintended_missing_not_clean_enough_for_auto_support,boundary_or_skin_region,false
E_N000497_N001761,3096,N000497,N001761,design_present_or_unmapped,ct_absent_candidate,possible_unintended_missing,review_guarded,review_required,possible_unintended_defect_requires_review|near_all_edge_threshold|registration_unstable,high_anomaly_low_area_low_occupancy_long_gap,6,515,3.1,0.0,1.0,0.0,1.4684210526315788,1.25,False,0.0,2.5,ori011,boundary,r210,manual_review_possible_unintended_missing,blocked_manual_review,blocked,possible_unintended_missing_not_clean_enough_for_auto_support,boundary_or_skin_region,false
E_N000623_N000627,1083,N000623,N000627,design_present_or_unmapped,ct_absent_candidate,possible_unintended_missing,review_guarded,review_required,possible_unintended_defect_requires_review|near_all_edge_threshold|registration_unstable,high_anomaly_low_area_low_occupancy_long_gap,6,516,3.1,0.0,1.0,0.0,0.45799457994579945,1.25,False,0.0,2.5,ori011,boundary,r210,manual_review_possible_unintended_missing,blocked_manual_review,blocked,possible_unintended_missing_not_clean_enough_for_auto_support,boundary_or_skin_region,false
E_N000623_N001887,3316,N000623,N001887,design_present_or_unmapped,ct_absent_candidate,possible_unintended_missing,review_guarded,review_required,possible_unintended_defect_requires_review|near_all_edge_threshold|registration_unstable,high_anomaly_low_area_low_occupancy_long_gap,6,517,3.1,0.0,1.0,0.0,0.9583333333333334,1.25,False,0.0,2.5,ori011,boundary,r210,manual_review_possible_unintended_missing,blocked_manual_review,blocked,possible_unintended_missing_not_clean_enough_for_auto_support,boundary_or_skin_region,false
E_N000749_N000753,1303,N000749,N000753,design_present_or_unmapped,ct_absent_candidate,possible_unintended_missing,review_guarded,review_required,possible_unintended_defect_requires_review|near_all_edge_threshold|registration_unstable,high_anomaly_low_area_low_occupancy_long_gap,6,518,3.1,0.0,1.0,0.0,0.3087248322147651,1.25,False,0.0,2.5,ori011,boundary,r210,manual_review_possible_unintended_missing,blocked_manual_review,blocked,possible_unintended_missing_not_clean_enough_for_auto_support,boundary_or_skin_region,false
E_N001631_N002895,5112,N001631,N002895,design_present_or_unmapped,ct_absent_candidate,possible_unintended_missing,review_guarded,review_required,possible_unintended_defect_requires_review|near_all_edge_threshold|registration_unstable,high_anomaly_low_area_low_occupancy_long_gap,6,519,3.1,0.0,1.0,0.0,1.2412868632707774,1.25,False,0.0,2.5,ori011,boundary,r210,manual_review_possible_unintended_missing,blocked_manual_review,blocked,possible_unintended_missing_not_clean_enough_for_auto_support,boundary_or_skin_region,false
E_N001757_N001761,3099,N001757,N001761,design_present_or_unmapped,ct_absent_candidate,possible_unintended_missing,review_guarded,review_required,possible_unintended_defect_requires_review|near_all_edge_threshold|registration_unstable,high_anomaly_low_area_low_occupancy_long_gap,6,520,3.1,0.0,1.0,0.0,1.1226666666666667,1.25,False,0.0,2.5,ori011,boundary,r210,manual_review_possible_unintended_missing,blocked_manual_review,blocked,possible_unintended_missing_not_clean_enough_for_auto_support,boundary_or_skin_region,false
E_N001757_N003021,5332,N001757,N003021,design_present_or_unmapped,ct_absent_candidate,possible_unintended_missing,review_guarded,review_required,possible_unintended_defect_requires_review|near_all_edge_threshold|registration_unstable,high_anomaly_low_area_low_occupancy_long_gap,6,521,3.1,0.0,1.0,0.0,1.4,1.25,False,0.0,2.5,ori011,boundary,r210,manual_review_possible_unintended_missing,blocked_manual_review,blocked,possible_unintended_missing_not_clean_enough_for_auto_support,boundary_or_skin_region,false
E_N001883_N001887,3319,N001883,N001887,design_present_or_unmapped,ct_absent_candidate,possible_unintended_missing,review_guarded,review_required,possible_unintended_defect_requires_review|near_all_edge_threshold|registration_unstable,high_anomaly_low_area_low_occupancy_long_gap,6,522,3.1,0.0,1.0,0.0,0.86810551558753,1.25,False,0.0,2.5,ori011,boundary,r210,manual_review_possible_unintended_missing,blocked_manual_review,blocked,possible_unintended_missing_not_clean_enough_for_auto_support,boundary_or_skin_region,false
E_N002891_N002895,5115,N002891,N002895,design_present_or_unmapped,ct_absent_candidate,possible_unintended_missing,review_guarded,review_required,possible_unintended_defect_requires_review|near_all_edge_threshold|registration_unstable,high_anomaly_low_area_low_occupancy_long_gap,6,523,3.1,0.0,1.0,0.0,1.0106382978723405,1.25,False,0.0,2.5,ori011,boundary,r210,manual_review_possible_unintended_missing,blocked_manual_review,blocked,possible_unintended_missing_not_clean_enough_for_auto_support,boundary_or_skin_region,false
E_N002891_N004155,7348,N002891,N004155,design_present_or_unmapped,ct_absent_candidate,possible_unintended_missing,review_guarded,review_required,possible_unintended_defect_requires_review|near_all_edge_threshold|registration_unstable,high_anomaly_low_area_low_occupancy_long_gap,6,524,3.1,0.0,1.0,0.0,1.254335260115607,1.25,False,0.0,2.5,ori011,boundary,r211,manual_review_possible_unintended_missing,blocked_manual_review,blocked,possible_unintended_missing_not_clean_enough_for_auto_support,boundary_or_skin_region,false
E_N003017_N003021,5335,N003017,N003021,design_present_or_unmapped,ct_absent_candidate,possible_unintended_missing,review_guarded,review_required,possible_unintended_defect_requires_review|near_all_edge_threshold|registration_unstable,high_anomaly_low_area_low_occupancy_long_gap,6,525,3.1,0.0,1.0,0.0,0.8838862559241706,1.25,False,0.0,2.5,ori011,boundary,r210,manual_review_possible_unintended_missing,blocked_manual_review,blocked,possible_unintended_missing_not_clean_enough_for_auto_support,boundary_or_skin_region,false
E_N004151_N004155,7351,N004151,N004155,design_present_or_unmapped,ct_absent_candidate,possible_unintended_missing,review_guarded,review_required,possible_unintended_defect_requires_review|near_all_edge_threshold|registration_unstable,high_anomaly_low_area_low_occupancy_long_gap,6,526,3.1,0.0,1.0,0.0,0.46511627906976744,1.25,False,0.0,2.5,ori011,boundary,r211,manual_review_possible_unintended_missing,blocked_manual_review,blocked,possible_unintended_missing_not_clean_enough_for_auto_support,boundary_or_skin_region,false
E_N005285_N005289,9367,N005285,N005289,design_present_or_unmapped,ct_absent_candidate,possible_unintended_missing,review_guarded,review_required,possible_unintended_defect_requires_review|near_all_edge_threshold|registration_unstable,high_anomaly_low_area_low_occupancy_long_gap,6,527,3.1,0.0,1.0,0.0,0.9634146341463414,1.25,False,0.0,2.5,ori011,boundary,r211,manual_review_possible_unintended_missing,blocked_manual_review,blocked,possible_unintended_missing_not_clean_enough_for_auto_support,boundary_or_skin_region,false
E_N006419_N006423,11383,N006419,N006423,design_present_or_unmapped,ct_absent_candidate,possible_unintended_missing,review_guarded,review_required,possible_unintended_defect_requires_review|near_all_edge_threshold|registration_unstable,high_anomaly_low_area_low_occupancy_long_gap,7,528,3.1,0.0,1.0,0.0,-0.1432225063938619,1.25,False,0.0,2.5,ori011,boundary,r211,manual_review_possible_unintended_missing,blocked_manual_review,blocked,possible_unintended_missing_not_clean_enough_for_auto_support,boundary_or_skin_region,false
E_N007427_N008691,15412,N007427,N008691,design_present_or_unmapped,ct_absent_candidate,possible_unintended_missing,review_guarded,review_required,possible_unintended_defect_requires_review|near_all_edge_threshold|registration_unstable,high_anomaly_low_area_low_occupancy_long_gap,7,529,3.1,0.0,1.0,0.0,-1.104134762633997,1.25,False,0.0,2.5,ori011,boundary,r212,manual_review_possible_unintended_missing,blocked_manual_review,blocked,possible_unintended_missing_not_clean_enough_for_auto_support,boundary_or_skin_region,false
E_N007553_N007557,13399,N007553,N007557,design_present_or_unmapped,ct_absent_candidate,possible_unintended_missing,review_guarded,review_required,possible_unintended_defect_requires_review|near_all_edge_threshold|registration_unstable,high_anomaly_low_area_low_occupancy_long_gap,7,530,3.1,0.0,1.0,0.0,-0.8243992606284658,1.25,False,0.0,2.5,ori011,boundary,r212,manual_review_possible_unintended_missing,blocked_manual_review,blocked,possible_unintended_missing_not_clean_enough_for_auto_support,boundary_or_skin_region,false
E_N008435_N009699,17388,N008435,N009699,design_present_or_unmapped,ct_absent_candidate,possible_unintended_missing,review_guarded,review_required,possible_unintended_defect_requires_review|near_all_edge_threshold|registration_unstable,high_anomaly_low_area_low_occupancy_long_gap,7,532,3.1,0.0,1.0,0.0,-0.565377532228361,1.25,False,0.0,2.5,ori011,boundary,r212,manual_review_possible_unintended_missing,blocked_manual_review,blocked,possible_unintended_missing_not_clean_enough_for_auto_support,boundary_or_skin_region,false
E_N008561_N009825,17644,N008561,N009825,design_present_or_unmapped,ct_absent_candidate,possible_unintended_missing,review_guarded,review_required,possible_unintended_defect_requires_review|near_all_edge_threshold|registration_unstable,high_anomaly_low_area_low_occupancy_long_gap,7,533,3.1,0.0,1.0,0.0,-0.6452554744525547,1.25,False,0.0,2.5,ori011,boundary,r212,manual_review_possible_unintended_missing,blocked_manual_review,blocked,possible_unintended_missing_not_clean_enough_for_auto_support,boundary_or_skin_region,false
E_N000497_N000503,1087,N000497,N000503,design_present_or_unmapped,ct_absent_candidate,possible_unintended_missing,review_guarded,review_required,possible_unintended_defect_requires_review|near_all_edge_threshold|registration_unstable,high_anomaly_low_area_low_occupancy_long_gap,7,542,3.093055555555556,0.0,1.0,0.0,-0.17751479289940827,1.2222222222222223,False,0.08333333333333333,2.5,ori101,boundary,r210,manual_review_possible_unintended_missing,blocked_manual_review,blocked,possible_unintended_missing_not_clean_enough_for_auto_support,boundary_or_skin_region,false
E_N000498_N001635,2888,N000498,N001635,design_present_or_unmapped,ct_absent_candidate,possible_unintended_missing,review_guarded,review_required,possible_unintended_defect_requires_review|near_all_edge_threshold|registration_unstable,high_anomaly_low_area_low_occupancy_long_gap,6,556,3.0722222222222224,0.0,1.0,0.0,0.173015873015873,1.2222222222222223,False,0.0,2.5,ori101,boundary,r210,manual_review_possible_unintended_missing,blocked_manual_review,blocked,possible_unintended_missing_not_clean_enough_for_auto_support,boundary_or_skin_region,false
E_N004151_N004157,7575,N004151,N004157,design_present_or_unmapped,ct_absent_candidate,possible_unintended_missing,review_guarded,review_required,possible_unintended_defect_requires_review|near_all_edge_threshold|registration_unstable,high_anomaly_low_area_low_occupancy_long_gap,6,557,3.0722222222222224,0.0,1.0,0.041666666666666664,0.23875968992248062,1.2222222222222223,False,0.0,2.5,ori101,boundary,r211,manual_review_possible_unintended_missing,blocked_manual_review,blocked,possible_unintended_missing_not_clean_enough_for_auto_support,boundary_or_skin_region,false
E_N002265_N002267,4025,N002265,N002267,design_present_or_unmapped,ct_absent_candidate,possible_unintended_missing,review_guarded,review_required,possible_unintended_defect_requires_review|near_all_edge_threshold|registration_unstable,high_anomaly_low_area_low_occupancy_long_gap,6,560,3.0708333333333337,0.0,1.0,0.08333333333333333,1.0552380952380953,1.2,False,0.08333333333333333,2.5,ori110,boundary,r220,manual_review_possible_unintended_missing,blocked_manual_review,blocked,possible_unintended_missing_not_clean_enough_for_auto_support,boundary_or_skin_region,false
E_N002891_N002897,5339,N002891,N002897,design_present_or_unmapped,ct_absent_candidate,possible_unintended_missing,review_guarded,review_required,possible_unintended_defect_requires_review|near_all_edge_threshold|registration_unstable,high_anomaly_low_area_low_occupancy_long_gap,6,565,3.0616013071895427,0.0,1.0,0.20833333333333334,0.1258741258741259,1.1699346405228759,False,0.16666666666666666,2.5,ori101,boundary,r210,manual_review_possible_unintended_missing,blocked_manual_review,blocked,possible_unintended_missing_not_clean_enough_for_auto_support,boundary_or_skin_region,false
E_N002009_N002136,5765,N002009,N002136,design_present_or_unmapped,ct_absent_candidate,possible_unintended_missing,review_guarded,review_required,possible_unintended_defect_requires_review|near_all_edge_threshold|registration_unstable,high_anomaly_low_area_low_occupancy_long_gap,6,566,3.060416666666667,0.0,1.0,0.0,0.565816678152998,1.2,False,0.041666666666666664,2.5,ori110,boundary,r220,manual_review_possible_unintended_missing,blocked_manual_review,blocked,possible_unintended_missing_not_clean_enough_for_auto_support,boundary_or_skin_region,false
E_N003017_N003144,7561,N003017,N003144,design_present_or_unmapped,ct_absent_candidate,possible_unintended_missing,review_guarded,review_required,possible_unintended_defect_requires_review|near_all_edge_threshold|registration_unstable,high_anomaly_low_area_low_occupancy_long_gap,6,567,3.060416666666667,0.0,1.0,0.0,0.36670235546038543,1.2,False,0.041666666666666664,2.5,ori110,boundary,r221,manual_review_possible_unintended_missing,blocked_manual_review,blocked,possible_unintended_missing_not_clean_enough_for_auto_support,boundary_or_skin_region,false
E_N000749_N000876,3529,N000749,N000876,design_present_or_unmapped,ct_absent_candidate,possible_unintended_missing,review_guarded,review_required,possible_unintended_defect_requires_review|near_all_edge_threshold|registration_unstable,high_anomaly_low_area_low_occupancy_long_gap,6,573,3.0500000000000003,0.0,1.0,0.0,0.036065573770491806,1.2,False,0.0,2.5,ori110,boundary,r220,manual_review_possible_unintended_missing,blocked_manual_review,blocked,possible_unintended_missing_not_clean_enough_for_auto_support,boundary_or_skin_region,false
E_N000875_N001002,3749,N000875,N001002,design_present_or_unmapped,ct_absent_candidate,possible_unintended_missing,review_guarded,review_required,possible_unintended_defect_requires_review|near_all_edge_threshold|registration_unstable,high_anomaly_low_area_low_occupancy_long_gap,6,574,3.0500000000000003,0.0,1.0,0.0,0.4138950480413895,1.2,False,0.0,2.5,ori110,boundary,r220,manual_review_possible_unintended_missing,blocked_manual_review,blocked,possible_unintended_missing_not_clean_enough_for_auto_support,boundary_or_skin_region,false
E_N001001_N001128,4001,N001001,N001128,design_present_or_unmapped,ct_absent_candidate,possible_unintended_missing,review_guarded,review_required,possible_unintended_defect_requires_review|near_all_edge_threshold|registration_unstable,high_anomaly_low_area_low_occupancy_long_gap,6,575,3.0500000000000003,0.0,1.0,0.041666666666666664,0.7161458333333334,1.2,False,0.0,2.5,ori110,boundary,r220,manual_review_possible_unintended_missing,blocked_manual_review,blocked,possible_unintended_missing_not_clean_enough_for_auto_support,boundary_or_skin_region,false
E_N001131_N001133,2009,N001131,N001133,design_present_or_unmapped,ct_absent_candidate,possible_unintended_missing,review_guarded,review_required,possible_unintended_defect_requires_review|near_all_edge_threshold|registration_unstable,high_anomaly_low_area_low_occupancy_long_gap,6,576,3.0500000000000003,0.0,1.0,0.0,0.6827731092436975,1.2,False,0.0,2.5,ori110,boundary,r220,manual_review_possible_unintended_missing,blocked_manual_review,blocked,possible_unintended_missing_not_clean_enough_for_auto_support,boundary_or_skin_region,false
E_N001883_N002010,5545,N001883,N002010,design_present_or_unmapped,ct_absent_candidate,possible_unintended_missing,review_guarded,review_required,possible_unintended_defect_requires_review|near_all_edge_threshold|registration_unstable,high_anomaly_low_area_low_occupancy_long_gap,6,577,3.0500000000000003,0.0,1.0,0.0,0.4099722991689751,1.2,False,0.0,2.5,ori110,boundary,r220,manual_review_possible_unintended_missing,blocked_manual_review,blocked,possible_unintended_missing_not_clean_enough_for_auto_support,boundary_or_skin_region,false
E_N002013_N002015,3549,N002013,N002015,design_present_or_unmapped,ct_absent_candidate,possible_unintended_missing,review_guarded,review_required,possible_unintended_defect_requires_review|near_all_edge_threshold|registration_unstable,high_anomaly_low_area_low_occupancy_long_gap,6,578,3.0500000000000003,0.0,1.0,0.0,0.28776978417266186,1.2,False,0.0,2.5,ori110,boundary,r220,manual_review_possible_unintended_missing,blocked_manual_review,blocked,possible_unintended_missing_not_clean_enough_for_auto_support,boundary_or_skin_region,false
E_N003147_N003149,5565,N003147,N003149,design_present_or_unmapped,ct_absent_candidate,possible_unintended_missing,review_guarded,review_required,possible_unintended_defect_requires_review|near_all_edge_threshold|registration_unstable,high_anomaly_low_area_low_occupancy_long_gap,6,579,3.0500000000000003,0.0,1.0,0.0,0.32790398628375483,1.2,False,0.0,2.5,ori110,boundary,r220,manual_review_possible_unintended_missing,blocked_manual_review,blocked,possible_unintended_missing_not_clean_enough_for_auto_support,boundary_or_skin_region,false
E_N008687_N008691,15415,N008687,N008691,design_present_or_unmapped,ct_absent_candidate,possible_unintended_missing,review_guarded,review_required,possible_unintended_defect_requires_review|near_all_edge_threshold|registration_unstable,high_anomaly_low_area_low_occupancy_long_gap,7,585,3.0479166666666666,0.041666666666666664,0.9583333333333334,0.125,-1.1256830601092895,1.25,False,0.125,2.5,ori011,boundary,r212,manual_review_possible_unintended_missing,blocked_manual_review,blocked,possible_unintended_missing_not_clean_enough_for_auto_support,boundary_or_skin_region,false
E_N002895_N002897,5125,N002895,N002897,design_present_or_unmapped,ct_absent_candidate,possible_unintended_missing,review_guarded,review_required,possible_unintended_defect_requires_review|near_all_edge_threshold|registration_unstable,high_anomaly_low_area_low_occupancy_long_gap,6,586,3.0375,0.0,1.0,0.0,0.3326761951700345,1.125,False,0.25,2.5,ori110,boundary,r210,manual_review_possible_unintended_missing,blocked_manual_review,blocked,possible_unintended_missing_not_clean_enough_for_auto_support,boundary_or_skin_region,false
E_N004025_N004031,7355,N004025,N004031,design_present_or_unmapped,ct_absent_candidate,possible_unintended_missing,review_guarded,review_required,possible_unintended_defect_requires_review|near_all_edge_threshold|registration_unstable,high_anomaly_low_area_low_occupancy_long_gap,6,589,3.0305555555555554,0.041666666666666664,0.9583333333333334,0.20833333333333334,0.3373860182370821,1.2222222222222223,False,0.16666666666666666,2.5,ori101,boundary,r211,manual_review_possible_unintended_missing,blocked_manual_review,blocked,possible_unintended_missing_not_clean_enough_for_auto_support,boundary_or_skin_region,false
E_N001631_N001758,5105,N001631,N001758,design_present_or_unmapped,ct_absent_candidate,possible_unintended_missing,review_guarded,review_required,possible_unintended_defect_requires_review|near_all_edge_threshold|registration_unstable,high_anomaly_low_area_low_occupancy_long_gap,5,592,3.020138888888889,0.0,1.0,0.08333333333333333,0.25316455696202533,1.1180555555555556,False,0.20833333333333334,2.5,ori110,boundary,r210,manual_review_possible_unintended_missing,blocked_manual_review,blocked,possible_unintended_missing_not_clean_enough_for_auto_support,boundary_or_skin_region,false
E_N003900_N005037,8936,N003900,N005037,design_present_or_unmapped,ct_absent_candidate,possible_unintended_missing,review_guarded,review_required,possible_unintended_defect_requires_review|near_all_edge_threshold|registration_unstable,high_anomaly_low_area_low_occupancy_long_gap,7,593,3.020138888888889,0.041666666666666664,0.9583333333333334,0.125,-0.3354978354978355,1.2222222222222223,False,0.125,2.5,ori101,boundary,r211,manual_review_possible_unintended_missing,blocked_manual_review,blocked,possible_unintended_missing_not_clean_enough_for_auto_support,boundary_or_skin_region,false
E_N000371_N000498,2869,N000371,N000498,design_present_or_unmapped,ct_absent_candidate,possible_unintended_missing,review_guarded,review_required,possible_unintended_defect_requires_review|near_all_edge_threshold|registration_unstable,high_anomaly_low_area_low_occupancy_long_gap,6,611,2.975,0.0,1.0,0.0,0.2421784472769409,1.125,False,0.0,2.5,ori110,boundary,r210,manual_review_possible_unintended_missing,blocked_manual_review,blocked,possible_unintended_missing_not_clean_enough_for_auto_support,boundary_or_skin_region,false
E_N000497_N000624,3089,N000497,N000624,design_present_or_unmapped,ct_absent_candidate,possible_unintended_missing,review_guarded,review_required,possible_unintended_defect_requires_review|near_all_edge_threshold|registration_unstable,high_anomaly_low_area_low_occupancy_long_gap,7,612,2.975,0.0,1.0,0.0,0.022999520843315763,1.125,False,0.0,2.5,ori110,boundary,r210,manual_review_possible_unintended_missing,blocked_manual_review,blocked,possible_unintended_missing_not_clean_enough_for_auto_support,boundary_or_skin_region,false
E_N000623_N000750,3309,N000623,N000750,design_present_or_unmapped,ct_absent_candidate,possible_unintended_missing,review_guarded,review_required,possible_unintended_defect_requires_review|near_all_edge_threshold|registration_unstable,high_anomaly_low_area_low_occupancy_long_gap,6,613,2.975,0.0,1.0,0.0,0.09184726522187822,1.125,False,0.0,2.5,ori110,boundary,r210,manual_review_possible_unintended_missing,blocked_manual_review,blocked,possible_unintended_missing_not_clean_enough_for_auto_support,boundary_or_skin_region,false
E_N000627_N000629,1093,N000627,N000629,design_present_or_unmapped,ct_absent_candidate,possible_unintended_missing,review_guarded,review_required,possible_unintended_defect_requires_review|near_all_edge_threshold|registration_unstable,high_anomaly_low_area_low_occupancy_long_gap,7,614,2.975,0.0,1.0,0.0,-0.07177033492822966,1.125,False,0.0,2.5,ori110,boundary,r210,manual_review_possible_unintended_missing,blocked_manual_review,blocked,possible_unintended_missing_not_clean_enough_for_auto_support,boundary_or_skin_region,false
E_N000753_N000755,1313,N000753,N000755,design_present_or_unmapped,ct_absent_candidate,possible_unintended_missing,review_guarded,review_required,possible_unintended_defect_requires_review|near_all_edge_threshold|registration_unstable,high_anomaly_low_area_low_occupancy_long_gap,6,615,2.975,0.0,1.0,0.0,0.11123470522803114,1.125,False,0.0,2.5,ori110,boundary,r210,manual_review_possible_unintended_missing,blocked_manual_review,blocked,possible_unintended_missing_not_clean_enough_for_auto_support,boundary_or_skin_region,false
E_N001635_N001637,2889,N001635,N001637,design_present_or_unmapped,ct_absent_candidate,possible_unintended_missing,review_guarded,review_required,possible_unintended_defect_requires_review|near_all_edge_threshold|registration_unstable,high_anomaly_low_area_low_occupancy_long_gap,7,616,2.975,0.0,1.0,0.0,0.021114864864864864,1.125,False,0.0,2.5,ori110,boundary,r210,manual_review_possible_unintended_missing,blocked_manual_review,blocked,possible_unintended_missing_not_clean_enough_for_auto_support,boundary_or_skin_region,false
E_N001757_N001884,5325,N001757,N001884,design_present_or_unmapped,ct_absent_candidate,possible_unintended_missing,review_guarded,review_required,possible_unintended_defect_requires_review|near_all_edge_threshold|registration_unstable,high_anomaly_low_area_low_occupancy_long_gap,6,617,2.975,0.0,1.0,0.0,0.2574123989218329,1.125,False,0.0,2.5,ori110,boundary,r210,manual_review_possible_unintended_missing,blocked_manual_review,blocked,possible_unintended_missing_not_clean_enough_for_auto_support,boundary_or_skin_region,false
E_N001761_N001763,3109,N001761,N001763,design_present_or_unmapped,ct_absent_candidate,possible_unintended_missing,review_guarded,review_required,possible_unintended_defect_requires_review|near_all_edge_threshold|registration_unstable,high_anomaly_low_area_low_occupancy_long_gap,6,618,2.975,0.0,1.0,0.0,0.07270865335381464,1.125,False,0.0,2.5,ori110,boundary,r210,manual_review_possible_unintended_missing,blocked_manual_review,blocked,possible_unintended_missing_not_clean_enough_for_auto_support,boundary_or_skin_region,false
E_N001887_N001889,3329,N001887,N001889,design_present_or_unmapped,ct_absent_candidate,possible_unintended_missing,review_guarded,review_required,possible_unintended_defect_requires_review|near_all_edge_threshold|registration_unstable,high_anomaly_low_area_low_occupancy_long_gap,6,619,2.975,0.0,1.0,0.0,0.06736965436438196,1.125,False,0.0,2.5,ori110,boundary,r210,manual_review_possible_unintended_missing,blocked_manual_review,blocked,possible_unintended_missing_not_clean_enough_for_auto_support,boundary_or_skin_region,false
E_N003021_N003023,5345,N003021,N003023,design_present_or_unmapped,ct_absent_candidate,possible_unintended_missing,review_guarded,review_required,possible_unintended_defect_requires_review|near_all_edge_threshold|registration_unstable,high_anomaly_low_area_low_occupancy_long_gap,6,620,2.975,0.0,1.0,0.0,0.2956573468173706,1.125,False,0.0,2.5,ori110,boundary,r210,manual_review_possible_unintended_missing,blocked_manual_review,blocked,possible_unintended_missing_not_clean_enough_for_auto_support,boundary_or_skin_region,false
E_N004155_N004157,7361,N004155,N004157,design_present_or_unmapped,ct_absent_candidate,possible_unintended_missing,review_guarded,review_required,possible_unintended_defect_requires_review|near_all_edge_threshold|registration_unstable,high_anomaly_low_area_low_occupancy_long_gap,6,621,2.975,0.0,1.0,0.0,0.18823529411764706,1.125,False,0.0,2.5,ori110,boundary,r211,manual_review_possible_unintended_missing,blocked_manual_review,blocked,possible_unintended_missing_not_clean_enough_for_auto_support,boundary_or_skin_region,false
E_N001385_N001495,2667,N001385,N001495,design_present_or_unmapped,ct_absent_candidate,possible_unintended_missing,review_guarded,review_required,possible_unintended_defect_requires_review|threshold_sensitive,high_anomaly_low_area_low_occupancy_long_gap,7,207,3.6833333333333336,0.0,1.0,0.16666666666666666,0.023088455772113943,1.6666666666666667,False,0.6666666666666666,1.7017268832004415,ori110,boundary,r200,manual_review_possible_unintended_missing,blocked_manual_review,blocked,possible_unintended_missing_not_clean_enough_for_auto_support,boundary_or_skin_region,false
E_N000231_N000358,2625,N000231,N000358,design_present_or_unmapped,ct_absent_candidate,possible_unintended_missing,review_guarded,review_required,possible_unintended_defect_requires_review|threshold_sensitive,high_anomaly_low_area_low_occupancy_long_gap,7,210,3.652083333333333,0.041666666666666664,0.9583333333333334,0.125,-0.04633830200907323,1.75,False,0.5416666666666666,1.28497254914217,ori110,near_boundary,r200,manual_review_possible_unintended_missing,blocked_manual_review,blocked,possible_unintended_missing_not_clean_enough_for_auto_support,near_boundary_region,false
E_N008313_N008315,14765,N008313,N008315,design_present_or_unmapped,ct_absent_candidate,possible_unintended_missing,review_guarded,review_required,possible_unintended_defect_requires_review|threshold_sensitive,high_anomaly_low_area_low_occupancy_long_gap,7,215,3.6208333333333336,0.0,1.0,0.2916666666666667,-0.35706860706860705,1.6666666666666667,False,0.4166666666666667,1.9096780555811592,ori110,boundary,r202,manual_review_possible_unintended_missing,blocked_manual_review,blocked,possible_unintended_missing_not_clean_enough_for_auto_support,boundary_or_skin_region,false
E_N000357_N000372,2651,N000357,N000372,design_present_or_unmapped,ct_absent_candidate,possible_unintended_missing,review_guarded,review_required,possible_unintended_defect_requires_review|threshold_sensitive,high_anomaly_low_area_low_occupancy_long_gap,6,224,3.547916666666667,0.041666666666666664,0.9583333333333334,0.125,0.081831290555155,1.6666666666666667,False,0.4583333333333333,1.6021646735052766,ori110,boundary,r200,manual_review_possible_unintended_missing,blocked_manual_review,blocked,possible_unintended_missing_not_clean_enough_for_auto_support,boundary_or_skin_region,false
E_N007049_N007176,14745,N007049,N007176,design_present_or_unmapped,ct_absent_candidate,possible_unintended_missing,review_guarded,review_required,possible_unintended_defect_requires_review|threshold_sensitive,high_anomaly_low_area_low_occupancy_long_gap,7,230,3.5375,0.041666666666666664,0.9583333333333334,0.20833333333333334,-0.8571428571428571,1.6666666666666667,False,0.4166666666666667,2.074802038697655,ori110,boundary,r202,manual_review_possible_unintended_missing,blocked_manual_review,blocked,possible_unintended_missing_not_clean_enough_for_auto_support,boundary_or_skin_region,false
E_N003144_N004283,7587,N003144,N004283,design_present_or_unmapped,ct_absent_candidate,possible_unintended_missing,review_guarded,review_required,possible_unintended_defect_requires_review|threshold_sensitive,high_anomaly_low_area_low_occupancy_long_gap,7,278,3.3541666666666665,0.0,1.0,0.16666666666666666,-0.046511627906976744,1.4,False,0.4166666666666667,1.8195923687786932,ori011,boundary,r221,manual_review_possible_unintended_missing,blocked_manual_review,blocked,possible_unintended_missing_not_clean_enough_for_auto_support,boundary_or_skin_region,false
E_N001128_N002267,4031,N001128,N002267,design_present_or_unmapped,ct_absent_candidate,possible_unintended_missing,review_guarded,review_required,possible_unintended_defect_requires_review|near_all_edge_threshold|threshold_sensitive,high_anomaly_low_area_low_occupancy_long_gap,6,408,3.3125000000000004,0.041666666666666664,0.9583333333333334,0.25,0.6009933774834437,1.4,False,0.5833333333333334,1.514134239058892,ori011,boundary,r220,manual_review_possible_unintended_missing,blocked_manual_review,blocked,possible_unintended_missing_not_clean_enough_for_auto_support,boundary_or_skin_region,false
E_N003396_N004535,8063,N003396,N004535,design_present_or_unmapped,ct_absent_candidate,possible_unintended_missing,review_guarded,review_required,possible_unintended_defect_requires_review|near_all_edge_threshold|threshold_sensitive,high_anomaly_low_area_low_occupancy_long_gap,7,409,3.3125000000000004,0.041666666666666664,0.9583333333333334,0.20833333333333334,-0.23204419889502761,1.4,False,0.5833333333333334,1.319296423912333,ori011,boundary,r221,manual_review_possible_unintended_missing,blocked_manual_review,blocked,possible_unintended_missing_not_clean_enough_for_auto_support,boundary_or_skin_region,false
E_N000861_N000876,3531,N000861,N000876,design_present_or_unmapped,ct_absent_candidate,possible_unintended_missing,review_guarded,review_required,possible_unintended_defect_requires_review|near_all_edge_threshold|threshold_sensitive,high_anomaly_low_area_low_occupancy_long_gap,6,474,3.185416666666667,0.0,1.0,0.041666666666666664,0.1242556570067487,1.2,False,0.5416666666666666,1.8816835069634312,ori110,boundary,r220,manual_review_possible_unintended_missing,blocked_manual_review,blocked,possible_unintended_missing_not_clean_enough_for_auto_support,boundary_or_skin_region,false
E_N000755_N000865,1531,N000755,N000865,design_present_or_unmapped,ct_absent_candidate,possible_unintended_missing,review_guarded,review_required,possible_unintended_defect_requires_review|near_all_edge_threshold|threshold_sensitive,high_anomaly_low_area_low_occupancy_long_gap,7,479,3.1750000000000003,0.041666666666666664,0.9583333333333334,0.2916666666666667,-0.03901515151515152,1.2,False,0.8333333333333334,1.4984818464103549,ori110,boundary,r220,manual_review_possible_unintended_missing,blocked_manual_review,blocked,possible_unintended_missing_not_clean_enough_for_auto_support,boundary_or_skin_region,false
E_N000987_N001002,3751,N000987,N001002,design_present_or_unmapped,ct_absent_candidate,possible_unintended_missing,review_guarded,review_required,possible_unintended_defect_requires_review|near_all_edge_threshold|threshold_sensitive,high_anomaly_low_area_low_occupancy_long_gap,6,496,3.1333333333333337,0.0,1.0,0.125,0.4042168674698795,1.2,False,0.3333333333333333,1.6422106995768233,ori110,boundary,r220,manual_review_possible_unintended_missing,blocked_manual_review,blocked,possible_unintended_missing_not_clean_enough_for_auto_support,boundary_or_skin_region,false
E_N003023_N003133,5563,N003023,N003133,design_present_or_unmapped,ct_absent_candidate,possible_unintended_missing,review_guarded,review_required,possible_unintended_defect_requires_review|near_all_edge_threshold|threshold_sensitive,high_anomaly_low_area_low_occupancy_long_gap,7,497,3.1333333333333337,0.0,1.0,0.041666666666666664,-0.019153802172670098,1.2,False,0.3333333333333333,1.8962167768516174,ori110,boundary,r220,manual_review_possible_unintended_missing,blocked_manual_review,blocked,possible_unintended_missing_not_clean_enough_for_auto_support,boundary_or_skin_region,false
E_N000629_N000750,1317,N000629,N000750,design_present_or_unmapped,ct_absent_candidate,possible_unintended_missing,review_guarded,review_required,possible_unintended_defect_requires_review|near_all_edge_threshold|threshold_sensitive,high_anomaly_low_area_low_occupancy_long_gap,6,498,3.13125,0.041666666666666664,0.9583333333333334,0.25,0.6809744779582366,1.25,False,0.4583333333333333,1.8178918293767836,ori011,boundary,r210,manual_review_possible_unintended_missing,blocked_manual_review,blocked,possible_unintended_missing_not_clean_enough_for_auto_support,boundary_or_skin_region,false
E_N001889_N001999,3547,N001889,N001999,design_present_or_unmapped,ct_absent_candidate,possible_unintended_missing,review_guarded,review_required,possible_unintended_defect_requires_review|near_all_edge_threshold|threshold_sensitive,high_anomaly_low_area_low_occupancy_long_gap,6,512,3.1020833333333333,0.041666666666666664,0.9583333333333334,0.125,0.21955958549222798,1.2,False,0.5416666666666666,1.6541711226812181,ori110,boundary,r220,manual_review_possible_unintended_missing,blocked_manual_review,blocked,possible_unintended_missing_not_clean_enough_for_auto_support,boundary_or_skin_region,false
E_N003381_N003396,8035,N003381,N003396,design_present_or_unmapped,ct_absent_candidate,possible_unintended_missing,review_guarded,review_required,possible_unintended_defect_requires_review|near_all_edge_threshold|threshold_sensitive,high_anomaly_low_area_low_occupancy_long_gap,6,549,3.0812500000000003,0.041666666666666664,0.9583333333333334,0.2916666666666667,0.7020863658418244,1.2,False,0.4583333333333333,1.319296423912333,ori110,boundary,r221,manual_review_possible_unintended_missing,blocked_manual_review,blocked,possible_unintended_missing_not_clean_enough_for_auto_support,boundary_or_skin_region,false
E_N001637_N001747,3107,N001637,N001747,design_present_or_unmapped,ct_absent_candidate,possible_unintended_missing,review_guarded,review_required,possible_unintended_defect_requires_review|near_all_edge_threshold|threshold_sensitive,high_anomaly_low_area_low_occupancy_long_gap,7,553,3.0791666666666666,0.0,1.0,0.041666666666666664,-0.01132300357568534,1.125,False,0.4166666666666667,1.6488389436504705,ori110,boundary,r210,manual_review_possible_unintended_missing,blocked_manual_review,blocked,possible_unintended_missing_not_clean_enough_for_auto_support,boundary_or_skin_region,false
E_N000735_N000750,3311,N000735,N000750,design_present_or_unmapped,ct_absent_candidate,possible_unintended_missing,review_guarded,review_required,possible_unintended_defect_requires_review|near_all_edge_threshold|threshold_sensitive,high_anomaly_low_area_low_occupancy_long_gap,6,561,3.06875,0.0,1.0,0.16666666666666666,0.18219539796303283,1.125,False,0.375,1.8908898605435271,ori110,boundary,r210,manual_review_possible_unintended_missing,blocked_manual_review,blocked,possible_unintended_missing_not_clean_enough_for_auto_support,boundary_or_skin_region,false
E_N000739_N000750,1308,N000739,N000750,design_present_or_unmapped,ct_absent_candidate,possible_unintended_missing,review_guarded,review_required,possible_unintended_defect_requires_review|near_all_edge_threshold|threshold_sensitive,high_anomaly_low_area_low_occupancy_long_gap,7,571,3.0513888888888885,0.041666666666666664,0.9166666666666666,0.125,-0.2111888111888112,1.2222222222222223,False,0.4166666666666667,1.8178918293767836,ori101,boundary,r210,manual_review_possible_unintended_missing,blocked_manual_review,blocked,possible_unintended_missing_not_clean_enough_for_auto_support,boundary_or_skin_region,false
E_N001511_N001621,2887,N001511,N001621,design_present_or_unmapped,ct_absent_candidate,possible_unintended_missing,review_guarded,review_required,possible_unintended_defect_requires_review|near_all_edge_threshold|threshold_sensitive,high_anomaly_low_area_low_occupancy_long_gap,7,584,3.0479166666666666,0.041666666666666664,0.9583333333333334,0.25,-0.006911057692307692,1.125,False,0.625,1.5185515693998946,ori110,boundary,r210,manual_review_possible_unintended_missing,blocked_manual_review,blocked,possible_unintended_missing_not_clean_enough_for_auto_support,boundary_or_skin_region,false
E_N000629_N000739,1311,N000629,N000739,design_present_or_unmapped,ct_absent_candidate,possible_unintended_missing,review_guarded,review_required,possible_unintended_defect_requires_review|near_all_edge_threshold|threshold_sensitive,high_anomaly_low_area_low_occupancy_long_gap,6,594,3.0166666666666666,0.041666666666666664,0.9583333333333334,0.2916666666666667,0.06877828054298643,1.125,False,0.5,1.2985242174741585,ori110,boundary,r210,manual_review_possible_unintended_missing,blocked_manual_review,blocked,possible_unintended_missing_not_clean_enough_for_auto_support,boundary_or_skin_region,false
E_N001763_N001873,3327,N001763,N001873,design_present_or_unmapped,ct_absent_candidate,possible_unintended_missing,review_guarded,review_required,possible_unintended_defect_requires_review|near_all_edge_threshold|threshold_sensitive,high_anomaly_low_area_low_occupancy_long_gap,6,596,3.00625,0.041666666666666664,0.9583333333333334,0.08333333333333333,0.14324600204151072,1.125,False,0.4583333333333333,1.752171901503672,ori110,boundary,r210,manual_review_possible_unintended_missing,blocked_manual_review,blocked,possible_unintended_missing_not_clean_enough_for_auto_support,boundary_or_skin_region,false
E_N000483_N000498,2871,N000483,N000498,design_present_or_unmapped,ct_absent_candidate,possible_unintended_missing,review_guarded,review_required,possible_unintended_defect_requires_review|near_all_edge_threshold|threshold_sensitive,high_anomaly_low_area_low_occupancy_long_gap,6,623,2.964583333333333,0.041666666666666664,0.9583333333333334,0.08333333333333333,0.04994686503719448,1.125,False,0.2916666666666667,1.6123023638336207,ori110,boundary,r210,manual_review_possible_unintended_missing,blocked_manual_review,blocked,possible_unintended_missing_not_clean_enough_for_auto_support,boundary_or_skin_region,false
E_N001010_N001021,1772,N001010,N001021,design_present_or_unmapped,ct_absent_candidate,possible_unintended_missing,high_guarded,review_required,possible_unintended_defect_requires_review,high_anomaly_low_area_low_occupancy_long_gap,6,93,3.7944444444444447,0.0,1.0,0.0,0.3584474885844749,1.9444444444444444,False,0.0,0.0,ori101,boundary,r020,manual_review_possible_unintended_missing,blocked_manual_review,blocked,possible_unintended_missing_not_clean_enough_for_auto_support,boundary_or_skin_region,true
E_N001012_N001021,1774,N001012,N001021,design_present_or_unmapped,ct_absent_candidate,possible_unintended_missing,high_guarded,review_required,possible_unintended_defect_requires_review,high_anomaly_low_area_low_occupancy_long_gap,6,96,3.7944444444444447,0.0,1.0,0.0,0.12941176470588237,1.9444444444444444,False,0.0,0.0,ori101,boundary,r020,manual_review_possible_unintended_missing,blocked_manual_review,blocked,possible_unintended_missing_not_clean_enough_for_auto_support,boundary_or_skin_region,true
E_N001015_N001035,1802,N001015,N001035,design_present_or_unmapped,ct_absent_candidate,possible_unintended_missing,high_guarded,review_required,possible_unintended_defect_requires_review,high_anomaly_low_area_low_occupancy_long_gap,6,99,3.7944444444444447,0.0,1.0,0.0,0.21957671957671956,1.9444444444444444,False,0.0,0.0,ori101,boundary,r020,manual_review_possible_unintended_missing,blocked_manual_review,blocked,possible_unintended_missing_not_clean_enough_for_auto_support,boundary_or_skin_region,true
E_N001015_N002155,3788,N001015,N002155,design_present_or_unmapped,ct_absent_candidate,possible_unintended_missing,high_guarded,review_required,possible_unintended_defect_requires_review,high_anomaly_low_area_low_occupancy_long_gap,6,100,3.7944444444444447,0.0,1.0,0.0,0.0498220640569395,1.9444444444444444,False,0.0,0.0,ori101,boundary,r020,manual_review_possible_unintended_missing,blocked_manual_review,blocked,possible_unintended_missing_not_clean_enough_for_auto_support,boundary_or_skin_region,true
E_N001024_N001035,1800,N001024,N001035,design_present_or_unmapped,ct_absent_candidate,possible_unintended_missing,high_guarded,review_required,possible_unintended_defect_requires_review,high_anomaly_low_area_low_occupancy_long_gap,6,102,3.7944444444444447,0.0,1.0,0.0,0.05664488017429194,1.9444444444444444,False,0.0,0.0,ori101,boundary,r020,manual_review_possible_unintended_missing,blocked_manual_review,blocked,possible_unintended_missing_not_clean_enough_for_auto_support,boundary_or_skin_region,true
E_N001029_N001049,1830,N001029,N001049,design_present_or_unmapped,ct_absent_candidate,possible_unintended_missing,high_guarded,review_required,possible_unintended_defect_requires_review,high_anomaly_low_area_low_occupancy_long_gap,6,105,3.7944444444444447,0.0,1.0,0.0,0.25229357798165136,1.9444444444444444,False,0.0,0.0,ori101,boundary,r020,manual_review_possible_unintended_missing,blocked_manual_review,blocked,possible_unintended_missing_not_clean_enough_for_auto_support,boundary_or_skin_region,true
E_N001029_N002169,3816,N001029,N002169,design_present_or_unmapped,ct_absent_candidate,possible_unintended_missing,high_guarded,review_required,possible_unintended_defect_requires_review,high_anomaly_low_area_low_occupancy_long_gap,6,106,3.7944444444444447,0.0,1.0,0.0,0.04339622641509434,1.9444444444444444,False,0.0,0.0,ori101,boundary,r020,manual_review_possible_unintended_missing,blocked_manual_review,blocked,possible_unintended_missing_not_clean_enough_for_auto_support,boundary_or_skin_region,true
E_N001038_N001049,1828,N001038,N001049,design_present_or_unmapped,ct_absent_candidate,possible_unintended_missing,high_guarded,review_required,possible_unintended_defect_requires_review,high_anomaly_low_area_low_occupancy_long_gap,6,108,3.7944444444444447,0.0,1.0,0.0,0.06852248394004283,1.9444444444444444,False,0.0,0.0,ori101,boundary,r020,manual_review_possible_unintended_missing,blocked_manual_review,blocked,possible_unintended_missing_not_clean_enough_for_auto_support,boundary_or_skin_region,true
E_N001043_N002183,3844,N001043,N002183,design_present_or_unmapped,ct_absent_candidate,possible_unintended_missing,high_guarded,review_required,possible_unintended_defect_requires_review,high_anomaly_low_area_low_occupancy_long_gap,6,110,3.7944444444444447,0.0,1.0,0.0,0.26057906458797325,1.9444444444444444,False,0.0,0.0,ori101,boundary,r020,manual_review_possible_unintended_missing,blocked_manual_review,blocked,possible_unintended_missing_not_clean_enough_for_auto_support,boundary_or_skin_region,true
E_N002146_N002155,3790,N002146,N002155,design_present_or_unmapped,ct_absent_candidate,possible_unintended_missing,high_guarded,review_required,possible_unintended_defect_requires_review,high_anomaly_low_area_low_occupancy_long_gap,6,111,3.7944444444444447,0.0,1.0,0.0,0.3010752688172043,1.9444444444444444,False,0.0,0.0,ori101,boundary,r020,manual_review_possible_unintended_missing,blocked_manual_review,blocked,possible_unintended_missing_not_clean_enough_for_auto_support,boundary_or_skin_region,true
E_N002149_N002169,3818,N002149,N002169,design_present_or_unmapped,ct_absent_candidate,possible_unintended_missing,high_guarded,review_required,possible_unintended_defect_requires_review,high_anomaly_low_area_low_occupancy_long_gap,6,114,3.7944444444444447,0.0,1.0,0.0,0.2911764705882353,1.9444444444444444,False,0.0,0.0,ori101,boundary,r020,manual_review_possible_unintended_missing,blocked_manual_review,blocked,possible_unintended_missing_not_clean_enough_for_auto_support,boundary_or_skin_region,true
E_N000361_N000372,648,N000361,N000372,design_present_or_unmapped,ct_absent_candidate,possible_unintended_missing,high_guarded,review_required,possible_unintended_defect_requires_review,high_anomaly_low_area_low_occupancy_long_gap,6,255,3.4460213032581457,0.0,1.0,0.0,0.041831097079715863,1.5751879699248121,False,0.08333333333333333,1.6021646735052766,ori101,boundary,r200,manual_review_possible_unintended_missing,blocked_manual_review,blocked,possible_unintended_missing_not_clean_enough_for_auto_support,boundary_or_skin_region,true
E_N009191_N009321,16622,N009191,N009321,design_present_or_unmapped,ct_absent_candidate,possible_unintended_missing,high_guarded,review_required,possible_unintended_defect_requires_review,high_anomaly_low_area_low_occupancy_long_gap,6,276,3.3604166666666666,0.0,1.0,0.0,0.7455061494796594,1.5,False,0.041666666666666664,0.0,ori011,boundary,r202,manual_review_possible_unintended_missing,blocked_manual_review,blocked,possible_unintended_missing_not_clean_enough_for_auto_support,boundary_or_skin_region,true
E_N001052_N001063,1856,N001052,N001063,design_present_or_unmapped,ct_absent_candidate,possible_unintended_missing,high_guarded,review_required,possible_unintended_defect_requires_review,high_anomaly_low_area_low_occupancy_long_gap,6,284,3.35,0.0,1.0,0.0,0.21721311475409835,1.5,False,0.0,0.0,ori101,boundary,r120,manual_review_possible_unintended_missing,blocked_manual_review,blocked,possible_unintended_missing_not_clean_enough_for_auto_support,boundary_or_skin_region,true
E_N001052_N001077,1885,N001052,N001077,design_present_or_unmapped,ct_absent_candidate,possible_unintended_missing,high_guarded,review_required,possible_unintended_defect_requires_review,high_anomaly_low_area_low_occupancy_long_gap,6,285,3.35,0.0,1.0,0.0,0.3606837606837607,1.5,False,0.0,0.0,ori101,boundary,r120,manual_review_possible_unintended_missing,blocked_manual_review,blocked,possible_unintended_missing_not_clean_enough_for_auto_support,boundary_or_skin_region,true
E_N001066_N001077,1884,N001066,N001077,design_present_or_unmapped,ct_absent_candidate,possible_unintended_missing,high_guarded,review_required,possible_unintended_defect_requires_review,high_anomaly_low_area_low_occupancy_long_gap,6,290,3.35,0.0,1.0,0.0,0.1655328798185941,1.5,False,0.0,0.0,ori101,boundary,r120,manual_review_possible_unintended_missing,blocked_manual_review,blocked,possible_unintended_missing_not_clean_enough_for_auto_support,boundary_or_skin_region,true
E_N001066_N001091,1913,N001066,N001091,design_present_or_unmapped,ct_absent_candidate,possible_unintended_missing,high_guarded,review_required,possible_unintended_defect_requires_review,high_anomaly_low_area_low_occupancy_long_gap,6,291,3.35,0.0,1.0,0.0,0.5179584120982986,1.5,False,0.0,0.0,ori101,boundary,r120,manual_review_possible_unintended_missing,blocked_manual_review,blocked,possible_unintended_missing_not_clean_enough_for_auto_support,boundary_or_skin_region,true
E_N001071_N002225,3929,N001071,N002225,design_present_or_unmapped,ct_absent_candidate,possible_unintended_missing,high_guarded,review_required,possible_unintended_defect_requires_review,high_anomaly_low_area_low_occupancy_long_gap,6,295,3.35,0.0,1.0,0.0,0.35964912280701755,1.5,False,0.0,0.0,ori101,boundary,r120,manual_review_possible_unintended_missing,blocked_manual_review,blocked,possible_unintended_missing_not_clean_enough_for_auto_support,boundary_or_skin_region,true
E_N001080_N001091,1912,N001080,N001091,design_present_or_unmapped,ct_absent_candidate,possible_unintended_missing,high_guarded,review_required,possible_unintended_defect_requires_review,high_anomaly_low_area_low_occupancy_long_gap,6,296,3.35,0.0,1.0,0.0,0.07741935483870968,1.5,False,0.0,0.0,ori101,boundary,r120,manual_review_possible_unintended_missing,blocked_manual_review,blocked,possible_unintended_missing_not_clean_enough_for_auto_support,boundary_or_skin_region,true
E_N001085_N001091,1915,N001085,N001091,design_present_or_unmapped,ct_absent_candidate,possible_unintended_missing,high_guarded,review_required,possible_unintended_defect_requires_review,high_anomaly_low_area_low_occupancy_long_gap,6,297,3.35,0.0,1.0,0.0,0.33653846153846156,1.5,False,0.0,0.0,ori101,boundary,r120,manual_review_possible_unintended_missing,blocked_manual_review,blocked,possible_unintended_missing_not_clean_enough_for_auto_support,boundary_or_skin_region,true
E_N002191_N003345,5917,N002191,N003345,design_present_or_unmapped,ct_absent_candidate,possible_unintended_missing,high_guarded,review_required,possible_unintended_defect_requires_review,high_anomaly_low_area_low_occupancy_long_gap,6,305,3.35,0.0,1.0,0.0,0.08550185873605948,1.5,False,0.0,0.0,ori101,boundary,r120,manual_review_possible_unintended_missing,blocked_manual_review,blocked,possible_unintended_missing_not_clean_enough_for_auto_support,boundary_or_skin_region,true
E_N002205_N002211,3903,N002205,N002211,design_present_or_unmapped,ct_absent_candidate,possible_unintended_missing,high_guarded,review_required,possible_unintended_defect_requires_review,high_anomaly_low_area_low_occupancy_long_gap,6,306,3.35,0.0,1.0,0.0,0.16666666666666666,1.5,False,0.0,0.0,ori101,boundary,r120,manual_review_possible_unintended_missing,blocked_manual_review,blocked,possible_unintended_missing_not_clean_enough_for_auto_support,boundary_or_skin_region,true
E_N002219_N002225,3931,N002219,N002225,design_present_or_unmapped,ct_absent_candidate,possible_unintended_missing,high_guarded,review_required,possible_unintended_defect_requires_review,high_anomaly_low_area_low_occupancy_long_gap,6,310,3.35,0.0,1.0,0.0,0.45433255269320844,1.5,False,0.0,0.0,ori101,boundary,r120,manual_review_possible_unintended_missing,blocked_manual_review,blocked,possible_unintended_missing_not_clean_enough_for_auto_support,boundary_or_skin_region,true
E_N003339_N004493,7961,N003339,N004493,design_present_or_unmapped,ct_absent_candidate,possible_unintended_missing,high_guarded,review_required,possible_unintended_defect_requires_review,high_anomaly_low_area_low_occupancy_long_gap,6,321,3.35,0.0,1.0,0.0,0.1013215859030837,1.5,False,0.0,0.0,ori101,boundary,r121,manual_review_possible_unintended_missing,blocked_manual_review,blocked,possible_unintended_missing_not_clean_enough_for_auto_support,boundary_or_skin_region,true
E_N003353_N003359,5947,N003353,N003359,design_present_or_unmapped,ct_absent_candidate,possible_unintended_missing,high_guarded,review_required,possible_unintended_defect_requires_review,high_anomaly_low_area_low_occupancy_long_gap,6,322,3.35,0.0,1.0,0.0,0.12875536480686695,1.5,False,0.0,0.0,ori101,boundary,r120,manual_review_possible_unintended_missing,blocked_manual_review,blocked,possible_unintended_missing_not_clean_enough_for_auto_support,boundary_or_skin_region,true
E_N004487_N004493,7963,N004487,N004493,design_present_or_unmapped,ct_absent_candidate,possible_unintended_missing,high_guarded,review_required,possible_unintended_defect_requires_review,high_anomaly_low_area_low_occupancy_long_gap,6,336,3.35,0.0,1.0,0.0,0.12028301886792453,1.5,False,0.0,0.0,ori101,boundary,r121,manual_review_possible_unintended_missing,blocked_manual_review,blocked,possible_unintended_missing_not_clean_enough_for_auto_support,boundary_or_skin_region,true
E_N007049_N008313,14752,N007049,N008313,design_present_or_unmapped,ct_absent_candidate,possible_unintended_missing,high_guarded,review_required,possible_unintended_defect_requires_review,high_anomaly_low_area_low_occupancy_long_gap,6,365,3.35,0.0,1.0,0.0,0.07161125319693094,1.5,False,0.0,0.0,ori011,boundary,r202,manual_review_possible_unintended_missing,blocked_manual_review,blocked,possible_unintended_missing_not_clean_enough_for_auto_support,boundary_or_skin_region,true
E_N008309_N009447,16877,N008309,N009447,design_present_or_unmapped,ct_absent_candidate,possible_unintended_missing,high_guarded,review_required,possible_unintended_defect_requires_review,high_anomaly_low_area_low_occupancy_long_gap,6,380,3.35,0.0,1.0,0.0,0.803921568627451,1.5,False,0.0,0.0,ori011,boundary,r202,manual_review_possible_unintended_missing,blocked_manual_review,blocked,possible_unintended_missing_not_clean_enough_for_auto_support,boundary_or_skin_region,true
E_N009317_N009447,16878,N009317,N009447,design_present_or_unmapped,ct_absent_candidate,possible_unintended_missing,high_guarded,review_required,possible_unintended_defect_requires_review,high_anomaly_low_area_low_occupancy_long_gap,6,395,3.35,0.0,1.0,0.0,0.2069701280227596,1.5,False,0.0,0.0,ori011,boundary,r202,manual_review_possible_unintended_missing,blocked_manual_review,blocked,possible_unintended_missing_not_clean_enough_for_auto_support,boundary_or_skin_region,true
E_N001889_N002010,3553,N001889,N002010,design_present_or_unmapped,ct_absent_candidate,possible_unintended_missing,review_guarded,review_required,possible_unintended_defect_requires_review|near_all_edge_threshold,high_anomaly_low_area_low_occupancy_long_gap,6,415,3.28125,0.0,1.0,0.0,0.44919786096256686,1.4,False,0.125,1.8400881668667388,ori011,boundary,r220,manual_review_possible_unintended_missing,blocked_manual_review,blocked,possible_unintended_missing_not_clean_enough_for_auto_support,boundary_or_skin_region,false
E_N002262_N003401,6047,N002262,N003401,design_present_or_unmapped,ct_absent_candidate,possible_unintended_missing,review_guarded,review_required,possible_unintended_defect_requires_review|near_all_edge_threshold,high_anomaly_low_area_low_occupancy_long_gap,6,418,3.2708333333333335,0.0,1.0,0.041666666666666664,0.5661157024793388,1.4,False,0.08333333333333333,1.1797611590172348,ori011,boundary,r220,manual_review_possible_unintended_missing,blocked_manual_review,blocked,possible_unintended_missing_not_clean_enough_for_auto_support,boundary_or_skin_region,false
E_N000750_N001889,3335,N000750,N001889,design_present_or_unmapped,ct_absent_candidate,possible_unintended_missing,review_guarded,review_required,possible_unintended_defect_requires_review|near_all_edge_threshold,high_anomaly_low_area_low_occupancy_long_gap,6,499,3.13125,0.0,1.0,0.0,0.3955321944809461,1.25,False,0.125,1.8178918293767836,ori011,boundary,r210,manual_review_possible_unintended_missing,blocked_manual_review,blocked,possible_unintended_missing_not_clean_enough_for_auto_support,boundary_or_skin_region,false
E_N008309_N009573,17132,N008309,N009573,design_present_or_unmapped,ct_absent_candidate,possible_unintended_missing,review_guarded,review_required,possible_unintended_defect_requires_review|near_all_edge_threshold,high_anomaly_low_area_low_occupancy_long_gap,7,531,3.1,0.0,1.0,0.0,-0.041666666666666664,1.25,False,0.0,0.0,ori011,boundary,r212,manual_review_possible_unintended_missing,blocked_manual_review,blocked,possible_unintended_missing_not_clean_enough_for_auto_support,boundary_or_skin_region,false
E_N009443_N009573,17134,N009443,N009573,design_present_or_unmapped,ct_absent_candidate,possible_unintended_missing,review_guarded,review_required,possible_unintended_defect_requires_review|near_all_edge_threshold,high_anomaly_low_area_low_occupancy_long_gap,7,534,3.1,0.0,1.0,0.0,-0.010995723885155772,1.25,False,0.0,0.0,ori011,boundary,r212,manual_review_possible_unintended_missing,blocked_manual_review,blocked,possible_unintended_missing_not_clean_enough_for_auto_support,boundary_or_skin_region,false
E_N009569_N009573,17135,N009569,N009573,design_present_or_unmapped,ct_absent_candidate,possible_unintended_missing,review_guarded,review_required,possible_unintended_defect_requires_review|near_all_edge_threshold,high_anomaly_low_area_low_occupancy_long_gap,7,535,3.1,0.0,1.0,0.0,-0.6110726643598616,1.25,False,0.0,0.0,ori011,boundary,r212,manual_review_possible_unintended_missing,blocked_manual_review,blocked,possible_unintended_missing_not_clean_enough_for_auto_support,boundary_or_skin_region,false
E_N009569_N009699,17390,N009569,N009699,design_present_or_unmapped,ct_absent_candidate,possible_unintended_missing,review_guarded,review_required,possible_unintended_defect_requires_review|near_all_edge_threshold,high_anomaly_low_area_low_occupancy_long_gap,7,536,3.1,0.0,1.0,0.0,-0.17768595041322313,1.25,False,0.0,0.0,ori011,boundary,r212,manual_review_possible_unintended_missing,blocked_manual_review,blocked,possible_unintended_missing_not_clean_enough_for_auto_support,boundary_or_skin_region,false
E_N009695_N009699,17391,N009695,N009699,design_present_or_unmapped,ct_absent_candidate,possible_unintended_missing,review_guarded,review_required,possible_unintended_defect_requires_review|near_all_edge_threshold,high_anomaly_low_area_low_occupancy_long_gap,7,537,3.1,0.0,1.0,0.0,-0.7549081697276757,1.25,False,0.0,0.0,ori011,boundary,r212,manual_review_possible_unintended_missing,blocked_manual_review,blocked,possible_unintended_missing_not_clean_enough_for_auto_support,boundary_or_skin_region,false
E_N009695_N009825,17646,N009695,N009825,design_present_or_unmapped,ct_absent_candidate,possible_unintended_missing,review_guarded,review_required,possible_unintended_defect_requires_review|near_all_edge_threshold,high_anomaly_low_area_low_occupancy_long_gap,7,538,3.1,0.0,1.0,0.0,-0.2511961722488038,1.25,False,0.0,0.0,ori011,boundary,r212,manual_review_possible_unintended_missing,blocked_manual_review,blocked,possible_unintended_missing_not_clean_enough_for_auto_support,boundary_or_skin_region,false
E_N009821_N009825,17647,N009821,N009825,design_present_or_unmapped,ct_absent_candidate,possible_unintended_missing,review_guarded,review_required,possible_unintended_defect_requires_review|near_all_edge_threshold,high_anomaly_low_area_low_occupancy_long_gap,7,539,3.1,0.0,1.0,0.0,-0.7392344497607656,1.25,False,0.0,0.0,ori011,boundary,r212,manual_review_possible_unintended_missing,blocked_manual_review,blocked,possible_unintended_missing_not_clean_enough_for_auto_support,boundary_or_skin_region,false
E_N001113_N001128,4003,N001113,N001128,design_present_or_unmapped,ct_absent_candidate,possible_unintended_missing,review_guarded,review_required,possible_unintended_defect_requires_review|near_all_edge_threshold,high_anomaly_low_area_low_occupancy_long_gap,6,559,3.0708333333333337,0.0,1.0,0.041666666666666664,0.909702209414025,1.2,False,0.08333333333333333,1.514134239058892,ori110,boundary,r220,manual_review_possible_unintended_missing,blocked_manual_review,blocked,possible_unintended_missing_not_clean_enough_for_auto_support,boundary_or_skin_region,false
E_N008691_N008693,15425,N008691,N008693,design_present_or_unmapped,ct_absent_candidate,possible_unintended_missing,review_guarded,review_required,possible_unintended_defect_requires_review|near_all_edge_threshold,high_anomaly_low_area_low_occupancy_long_gap,7,587,3.0375,0.0,1.0,0.125,-0.9043736100815419,1.125,False,0.25,1.77796906632134,ori110,boundary,r212,manual_review_possible_unintended_missing,blocked_manual_review,blocked,possible_unintended_missing_not_clean_enough_for_auto_support,boundary_or_skin_region,false
E_N001869_N003023,5556,N001869,N003023,design_present_or_unmapped,ct_absent_candidate,possible_unintended_missing,review_guarded,review_required,possible_unintended_defect_requires_review|near_all_edge_threshold,high_anomaly_low_area_low_occupancy_long_gap,6,628,2.947222222222222,0.08333333333333333,0.9166666666666666,0.2916666666666667,0.4043795620437956,1.2222222222222223,False,0.16666666666666666,1.8962167768516174,ori101,boundary,r210,manual_review_possible_unintended_missing,blocked_manual_review,blocked,possible_unintended_missing_not_clean_enough_for_auto_support,boundary_or_skin_region,false
E_N000114_N000249,420,N000114,N000249,design_present_or_unmapped,ct_disconnected_candidate,possible_unintended_disconnected,review_guarded,review_required,possible_unintended_defect_requires_review|threshold_sensitive|registration_unstable,high_anomaly_with_gap_or_broken_bridge_but_some_material,5,221,3.5895833333333336,0.0,1.0,0.3333333333333333,0.525894538606403,1.5,False,0.9583333333333334,2.5,ori011,boundary,r200,manual_review_possible_unintended_disconnected,blocked_manual_review,blocked,possible_unintended_disconnected_not_clean_enough_for_auto_support,boundary_or_skin_region,false
E_N004781_N006045,10720,N004781,N006045,design_present_or_unmapped,ct_disconnected_candidate,possible_unintended_disconnected,review_guarded,review_required,possible_unintended_defect_requires_review|threshold_sensitive|registration_unstable,high_anomaly_with_gap_or_broken_bridge_but_some_material,5,226,3.5479166666666666,0.0,1.0,0.4166666666666667,2.1008902077151337,1.5,False,0.7916666666666666,2.5,ori011,boundary,r201,manual_review_possible_unintended_disconnected,blocked_manual_review,blocked,possible_unintended_disconnected_not_clean_enough_for_auto_support,boundary_or_skin_region,false
E_N006041_N006045,10723,N006041,N006045,design_present_or_unmapped,ct_disconnected_candidate,possible_unintended_disconnected,review_guarded,review_required,possible_unintended_defect_requires_review|threshold_sensitive|registration_unstable,high_anomaly_with_gap_or_broken_bridge_but_some_material,5,227,3.5479166666666666,0.0,1.0,0.3333333333333333,1.2025,1.5,False,0.7916666666666666,2.5,ori011,boundary,r201,manual_review_possible_unintended_disconnected,blocked_manual_review,blocked,possible_unintended_disconnected_not_clean_enough_for_auto_support,boundary_or_skin_region,false
E_N003520_N003526,6255,N003520,N003526,design_present_or_unmapped,ct_disconnected_candidate,possible_unintended_disconnected,review_guarded,review_required,possible_unintended_defect_requires_review|near_all_edge_threshold|threshold_sensitive|registration_unstable,high_anomaly_with_gap_or_broken_bridge_but_some_material,5,423,3.270454545454546,0.041666666666666664,0.8333333333333334,0.5416666666666666,0.050066755674232306,1.5454545454545454,False,0.3333333333333333,2.5,ori101,boundary,r201,manual_review_possible_unintended_disconnected,blocked_manual_review,blocked,possible_unintended_disconnected_not_clean_enough_for_auto_support,boundary_or_skin_region,false
E_N008435_N009573,17133,N008435,N009573,design_present_or_unmapped,ct_disconnected_candidate,possible_unintended_disconnected,review_guarded,review_required,possible_unintended_defect_requires_review|near_all_edge_threshold|threshold_sensitive|registration_unstable,high_anomaly_with_gap_or_broken_bridge_but_some_material,5,543,3.0923611111111113,0.041666666666666664,0.9583333333333334,0.4583333333333333,0.5359897172236504,1.2111111111111112,False,0.4583333333333333,2.5,ori011,boundary,r212,manual_review_possible_unintended_disconnected,blocked_manual_review,blocked,possible_unintended_disconnected_not_clean_enough_for_auto_support,boundary_or_skin_region,false
E_N009821_N009951,17902,N009821,N009951,design_present_or_unmapped,ct_disconnected_candidate,possible_unintended_disconnected,review_guarded,review_required,possible_unintended_defect_requires_review|near_all_edge_threshold|threshold_sensitive|registration_unstable,high_anomaly_with_gap_or_broken_bridge_but_some_material,6,550,3.0812500000000003,0.041666666666666664,0.9583333333333334,0.625,-0.027766914352757136,1.2,False,0.4583333333333333,2.5,ori011,boundary,r222,manual_review_possible_unintended_disconnected,blocked_manual_review,blocked,possible_unintended_disconnected_not_clean_enough_for_auto_support,boundary_or_skin_region,false
E_N000373_N000375,652,N000373,N000375,design_present_or_unmapped,ct_disconnected_candidate,possible_unintended_disconnected,review_guarded,review_required,possible_unintended_defect_requires_review|near_all_edge_threshold|threshold_sensitive|registration_unstable,high_anomaly_with_gap_or_broken_bridge_but_some_material,5,597,3.004671717171717,0.25,0.75,8.0,-0.33043019266297174,1.5505050505050506,False,0.41666666666666663,2.5,ori101,boundary,r200,manual_review_possible_unintended_disconnected,blocked_manual_review,blocked,possible_unintended_disconnected_not_clean_enough_for_auto_support,boundary_or_skin_region,false
E_N006167_N006171,10943,N006167,N006171,design_present_or_unmapped,ct_disconnected_candidate,possible_unintended_disconnected,review_guarded,review_required,possible_unintended_defect_requires_review|near_all_edge_threshold|threshold_sensitive|registration_unstable,high_anomaly_with_gap_or_broken_bridge_but_some_material,5,605,2.997916666666667,0.08333333333333333,0.9166666666666666,0.4583333333333333,0.7579462102689487,1.2,False,0.4583333333333333,2.5,ori011,boundary,r211,manual_review_possible_unintended_disconnected,blocked_manual_review,blocked,possible_unintended_disconnected_not_clean_enough_for_auto_support,boundary_or_skin_region,false
E_N007931_N007935,14091,N007931,N007935,design_present_or_unmapped,ct_disconnected_candidate,possible_unintended_disconnected,review_guarded,review_required,possible_unintended_defect_requires_review|near_all_edge_threshold|threshold_sensitive|registration_unstable,high_anomaly_with_gap_or_broken_bridge_but_some_material,5,606,2.9895833333333335,0.16666666666666666,0.8333333333333334,0.5,-1.0703753351206435,1.4,False,0.2916666666666667,2.5,ori011,boundary,r222,manual_review_possible_unintended_disconnected,blocked_manual_review,blocked,possible_unintended_disconnected_not_clean_enough_for_auto_support,boundary_or_skin_region,false
E_N007679_N007683,13619,N007679,N007683,design_present_or_unmapped,ct_disconnected_candidate,possible_unintended_disconnected,review_guarded,review_required,possible_unintended_defect_requires_review|near_all_edge_threshold|threshold_sensitive|registration_unstable,high_anomaly_with_gap_or_broken_bridge_but_some_material,5,634,2.9270833333333335,0.25,0.75,0.625,-0.33883248730964466,1.4,False,0.7083333333333334,2.5,ori011,boundary,r222,manual_review_possible_unintended_disconnected,blocked_manual_review,blocked,possible_unintended_disconnected_not_clean_enough_for_auto_support,boundary_or_skin_region,false
E_N000119_N000125,427,N000119,N000125,design_present_or_unmapped,ct_disconnected_candidate,possible_unintended_disconnected,review_guarded,review_required,possible_unintended_defect_requires_review|near_all_edge_threshold|threshold_sensitive|registration_unstable,high_anomaly_with_gap_or_broken_bridge_but_some_material,5,635,2.926388888888889,0.25,0.5833333333333334,0.5833333333333334,-0.12437810945273632,1.5555555555555556,False,0.75,2.5,ori101,boundary,r200,manual_review_possible_unintended_disconnected,blocked_manual_review,blocked,possible_unintended_disconnected_not_clean_enough_for_auto_support,boundary_or_skin_region,false
E_N006041_N006047,10947,N006041,N006047,design_present_or_unmapped,ct_disconnected_candidate,possible_unintended_disconnected,review_guarded,review_required,possible_unintended_defect_requires_review|near_all_edge_threshold|threshold_sensitive|registration_unstable,high_anomaly_with_gap_or_broken_bridge_but_some_material,5,641,2.915972222222222,0.2916666666666667,0.7083333333333334,0.9583333333333334,-0.021170610211706103,1.5555555555555556,False,0.375,2.5,ori101,boundary,r201,manual_review_possible_unintended_disconnected,blocked_manual_review,blocked,possible_unintended_disconnected_not_clean_enough_for_auto_support,boundary_or_skin_region,false
E_N006671_N006675,11823,N006671,N006675,design_present_or_unmapped,ct_disconnected_candidate,possible_unintended_disconnected,review_guarded,review_required,possible_unintended_defect_requires_review|near_all_edge_threshold|threshold_sensitive|registration_unstable,high_anomaly_with_gap_or_broken_bridge_but_some_material,5,645,2.8958333333333335,0.125,0.5833333333333334,0.4166666666666667,-0.6248431618569636,1.4,False,0.75,2.5,ori011,boundary,r221,manual_review_possible_unintended_disconnected,blocked_manual_review,blocked,possible_unintended_disconnected_not_clean_enough_for_auto_support,boundary_or_skin_region,false
E_N000121_N000123,212,N000121,N000123,design_present_or_unmapped,ct_disconnected_candidate,possible_unintended_disconnected,review_guarded,review_required,possible_unintended_defect_requires_review|near_all_edge_threshold|threshold_sensitive|registration_unstable,high_anomaly_with_gap_or_broken_bridge_but_some_material,5,657,2.8570304437564498,0.3333333333333333,0.5833333333333334,4.583333333333333,-0.6405118300338001,1.5278637770897832,False,0.9166666666666666,2.5,ori101,boundary,r200,manual_review_possible_unintended_disconnected,blocked_manual_review,blocked,possible_unintended_disconnected_not_clean_enough_for_auto_support,boundary_or_skin_region,false
E_N009065_N009069,16107,N009065,N009069,design_present_or_unmapped,ct_disconnected_candidate,possible_unintended_disconnected,review_guarded,review_required,possible_unintended_defect_requires_review|near_all_edge_threshold|threshold_sensitive|registration_unstable,high_anomaly_with_gap_or_broken_bridge_but_some_material,5,659,2.8541666666666665,0.25,0.75,0.625,-1.2722513089005236,1.4,False,0.4166666666666667,2.5,ori011,boundary,r222,manual_review_possible_unintended_disconnected,blocked_manual_review,blocked,possible_unintended_disconnected_not_clean_enough_for_auto_support,boundary_or_skin_region,false
E_N000247_N000249,432,N000247,N000249,design_present_or_unmapped,ct_disconnected_candidate,possible_unintended_disconnected,review_guarded,review_required,possible_unintended_defect_requires_review|near_all_edge_threshold|threshold_sensitive|registration_unstable,high_anomaly_with_gap_or_broken_bridge_but_some_material,5,666,2.8346491228070176,0.3333333333333333,0.6666666666666666,7.791666666666667,-0.5016013796501602,1.5263157894736843,False,0.5,2.5,ori101,boundary,r200,manual_review_possible_unintended_disconnected,blocked_manual_review,blocked,possible_unintended_disconnected_not_clean_enough_for_auto_support,boundary_or_skin_region,false
E_N003280_N004420,7813,N003280,N004420,design_present_or_unmapped,ct_disconnected_candidate,possible_unintended_disconnected,review_guarded,review_required,possible_unintended_defect_requires_review|registration_unstable,high_anomaly_with_gap_or_broken_bridge_but_some_material,5,71,4.520833333333333,0.375,0.625,3.4583333333333335,-0.21056289089645588,3.4,False,0.08333333333333337,2.5,ori011,boundary,r021,manual_review_possible_unintended_disconnected,blocked_manual_review,blocked,possible_unintended_disconnected_not_clean_enough_for_auto_support,boundary_or_skin_region,false
E_N003280_N003286,5798,N003280,N003286,design_present_or_unmapped,ct_disconnected_candidate,possible_unintended_disconnected,review_guarded,review_required,possible_unintended_defect_requires_review|registration_unstable,high_anomaly_with_gap_or_broken_bridge_but_some_material,5,74,4.2562500000000005,0.4583333333333333,0.5416666666666666,2.875,0.015468607825295723,3.291666666666667,False,0.12499999999999994,2.5,ori011,boundary,r020,manual_review_possible_unintended_disconnected,blocked_manual_review,blocked,possible_unintended_disconnected_not_clean_enough_for_auto_support,boundary_or_skin_region,false
E_N009191_N009195,16367,N009191,N009195,design_present_or_unmapped,ct_disconnected_candidate,possible_unintended_disconnected,review_guarded,review_required,possible_unintended_defect_requires_review|near_all_edge_threshold|registration_unstable,high_anomaly_with_gap_or_broken_bridge_but_some_material,5,457,3.2354166666666666,0.08333333333333333,0.9166666666666666,0.4583333333333333,0.25316455696202533,1.5,False,0.20833333333333334,2.5,ori011,boundary,r202,manual_review_possible_unintended_disconnected,blocked_manual_review,blocked,possible_unintended_disconnected_not_clean_enough_for_auto_support,boundary_or_skin_region,false
E_N004529_N005667,10057,N004529,N005667,design_present_or_unmapped,ct_disconnected_candidate,possible_unintended_disconnected,review_guarded,review_required,possible_unintended_defect_requires_review|near_all_edge_threshold|registration_unstable,high_anomaly_with_gap_or_broken_bridge_but_some_material,5,541,3.0937499999999996,0.08333333333333333,0.9166666666666666,0.625,0.11009174311926606,1.4,False,0.04166666666666667,2.5,ori011,boundary,r221,manual_review_possible_unintended_disconnected,blocked_manual_review,blocked,possible_unintended_disconnected_not_clean_enough_for_auto_support,boundary_or_skin_region,false
E_N006797_N007935,14089,N006797,N007935,design_present_or_unmapped,ct_disconnected_candidate,possible_unintended_disconnected,review_guarded,review_required,possible_unintended_defect_requires_review|near_all_edge_threshold|registration_unstable,high_anomaly_with_gap_or_broken_bridge_but_some_material,5,646,2.895833333333333,0.20833333333333334,0.7916666666666666,0.625,-0.05410821643286573,1.4,False,0.25,2.5,ori011,boundary,r222,manual_review_possible_unintended_disconnected,blocked_manual_review,blocked,possible_unintended_disconnected_not_clean_enough_for_auto_support,boundary_or_skin_region,false
E_N005286_N006423,11392,N005286,N006423,design_present_or_unmapped,ct_disconnected_candidate,possible_unintended_disconnected,review_guarded,review_required,possible_unintended_defect_requires_review|near_all_edge_threshold|registration_unstable,high_anomaly_with_gap_or_broken_bridge_but_some_material,5,656,2.863888888888889,0.125,0.875,0.5416666666666666,-0.093711467324291,1.2222222222222223,False,0.16666666666666669,2.5,ori101,boundary,r211,manual_review_possible_unintended_disconnected,blocked_manual_review,blocked,possible_unintended_disconnected_not_clean_enough_for_auto_support,boundary_or_skin_region,false
E_N000861_N000988,3725,N000861,N000988,design_present_or_unmapped,ct_disconnected_candidate,possible_unintended_disconnected,review_guarded,review_required,possible_unintended_defect_requires_review|threshold_sensitive,high_anomaly_with_gap_or_broken_bridge_but_some_material,5,223,3.5791666666666666,0.08333333333333333,0.9166666666666666,0.4166666666666667,0.19690635451505017,1.75,False,0.5833333333333334,1.455426708157623,ori110,near_boundary,r220,manual_review_possible_unintended_disconnected,blocked_manual_review,blocked,possible_unintended_disconnected_not_clean_enough_for_auto_support,near_boundary_region,false
E_N000251_N000372,657,N000251,N000372,design_present_or_unmapped,ct_disconnected_candidate,possible_unintended_disconnected,review_guarded,review_required,possible_unintended_defect_requires_review|threshold_sensitive,high_anomaly_with_gap_or_broken_bridge_but_some_material,5,248,3.475,0.041666666666666664,0.9583333333333334,0.3333333333333333,1.11980198019802,1.5,False,0.8333333333333334,1.6021646735052766,ori011,boundary,r200,manual_review_possible_unintended_disconnected,blocked_manual_review,blocked,possible_unintended_disconnected_not_clean_enough_for_auto_support,boundary_or_skin_region,false
E_N000361_N000363,625,N000361,N000363,design_present_or_unmapped,ct_disconnected_candidate,possible_unintended_disconnected,review_guarded,review_required,possible_unintended_defect_requires_review|threshold_sensitive,high_anomaly_with_gap_or_broken_bridge_but_some_material,6,261,3.4333333333333336,0.08333333333333333,0.9166666666666666,0.9166666666666666,-0.18064358849341786,1.6666666666666667,False,0.3333333333333333,1.1359020194497198,ori110,boundary,r200,manual_review_possible_unintended_disconnected,blocked_manual_review,blocked,possible_unintended_disconnected_not_clean_enough_for_auto_support,boundary_or_skin_region,false
E_N000755_N000876,1537,N000755,N000876,design_present_or_unmapped,ct_disconnected_candidate,possible_unintended_disconnected,review_guarded,review_required,possible_unintended_defect_requires_review|threshold_sensitive,high_anomaly_with_gap_or_broken_bridge_but_some_material,5,274,3.385416666666667,0.041666666666666664,0.9583333333333334,0.3333333333333333,0.31216457960644006,1.4,False,0.875,1.8816835069634312,ori011,boundary,r220,manual_review_possible_unintended_disconnected,blocked_manual_review,blocked,possible_unintended_disconnected_not_clean_enough_for_auto_support,boundary_or_skin_region,false
E_N000372_N001511,2675,N000372,N001511,design_present_or_unmapped,ct_disconnected_candidate,possible_unintended_disconnected,review_guarded,review_required,possible_unintended_defect_requires_review|threshold_sensitive,high_anomaly_with_gap_or_broken_bridge_but_some_material,5,403,3.339583333333333,0.08333333333333333,0.9166666666666666,0.4583333333333333,1.5565345080763584,1.5,False,0.625,1.6021646735052766,ori011,boundary,r200,manual_review_possible_unintended_disconnected,blocked_manual_review,blocked,possible_unintended_disconnected_not_clean_enough_for_auto_support,boundary_or_skin_region,false
E_N003023_N003144,5569,N003023,N003144,design_present_or_unmapped,ct_disconnected_candidate,possible_unintended_disconnected,review_guarded,review_required,possible_unintended_defect_requires_review|threshold_sensitive,high_anomaly_with_gap_or_broken_bridge_but_some_material,5,407,3.317361111111111,0.0,1.0,0.4166666666666667,0.4738562091503268,1.3111111111111111,False,0.625,1.8962167768516174,ori011,boundary,r220,manual_review_possible_unintended_disconnected,blocked_manual_review,blocked,possible_unintended_disconnected_not_clean_enough_for_auto_support,boundary_or_skin_region,false
E_N002010_N003149,5571,N002010,N003149,design_present_or_unmapped,ct_disconnected_candidate,possible_unintended_disconnected,review_guarded,review_required,possible_unintended_defect_requires_review|near_all_edge_threshold|threshold_sensitive,high_anomaly_with_gap_or_broken_bridge_but_some_material,5,414,3.2895833333333337,0.0,1.0,0.4166666666666667,0.8744769874476988,1.2,False,0.9583333333333334,1.9649959408976352,ori011,boundary,r220,manual_review_possible_unintended_disconnected,blocked_manual_review,blocked,possible_unintended_disconnected_not_clean_enough_for_auto_support,boundary_or_skin_region,false
E_N009447_N009449,16889,N009447,N009449,design_present_or_unmapped,ct_disconnected_candidate,possible_unintended_disconnected,review_guarded,review_required,possible_unintended_defect_requires_review|near_all_edge_threshold|threshold_sensitive,high_anomaly_with_gap_or_broken_bridge_but_some_material,5,424,3.2666666666666666,0.125,0.875,0.7916666666666666,-0.6167820069204152,1.5,False,0.6666666666666666,2.0840686278990606,ori110,boundary,r202,manual_review_possible_unintended_disconnected,blocked_manual_review,blocked,possible_unintended_disconnected_not_clean_enough_for_auto_support,boundary_or_skin_region,false
E_N000624_N001763,3115,N000624,N001763,design_present_or_unmapped,ct_disconnected_candidate,possible_unintended_disconnected,review_guarded,review_required,possible_unintended_defect_requires_review|near_all_edge_threshold|threshold_sensitive,high_anomaly_with_gap_or_broken_bridge_but_some_material,5,462,3.2069444444444444,0.041666666666666664,0.9583333333333334,0.3333333333333333,1.2666666666666666,1.2111111111111112,False,0.9166666666666666,1.7880693468452007,ori011,boundary,r210,manual_review_possible_unintended_disconnected,blocked_manual_review,blocked,possible_unintended_disconnected_not_clean_enough_for_auto_support,boundary_or_skin_region,false
E_N002015_N002136,3773,N002015,N002136,design_present_or_unmapped,ct_disconnected_candidate,possible_unintended_disconnected,review_guarded,review_required,possible_unintended_defect_requires_review|near_all_edge_threshold|threshold_sensitive,high_anomaly_with_gap_or_broken_bridge_but_some_material,5,463,3.2062500000000003,0.041666666666666664,0.9583333333333334,0.8333333333333334,0.8436692506459949,1.2,False,0.9583333333333334,1.8422723614841832,ori011,boundary,r220,manual_review_possible_unintended_disconnected,blocked_manual_review,blocked,possible_unintended_disconnected_not_clean_enough_for_auto_support,boundary_or_skin_region,false
E_N000237_N000347,623,N000237,N000347,design_present_or_unmapped,ct_disconnected_candidate,possible_unintended_disconnected,review_guarded,review_required,possible_unintended_defect_requires_review|near_all_edge_threshold|threshold_sensitive,high_anomaly_with_gap_or_broken_bridge_but_some_material,5,481,3.1729166666666666,0.16666666666666666,0.8333333333333334,0.8333333333333334,-0.21581350636866137,1.5,False,0.625,0.8234922748018364,ori110,boundary,r200,manual_review_possible_unintended_disconnected,blocked_manual_review,blocked,possible_unintended_disconnected_not_clean_enough_for_auto_support,boundary_or_skin_region,false
E_N000503_N000624,1097,N000503,N000624,design_present_or_unmapped,ct_disconnected_candidate,possible_unintended_disconnected,review_guarded,review_required,possible_unintended_defect_requires_review|near_all_edge_threshold|threshold_sensitive,high_anomaly_with_gap_or_broken_bridge_but_some_material,5,492,3.152083333333333,0.08333333333333333,0.9166666666666666,0.5416666666666666,1.0859977949283353,1.25,False,0.875,1.7880693468452007,ori011,boundary,r210,manual_review_possible_unintended_disconnected,blocked_manual_review,blocked,possible_unintended_disconnected_not_clean_enough_for_auto_support,boundary_or_skin_region,false
E_N002251_N002253,3993,N002251,N002253,design_present_or_unmapped,ct_disconnected_candidate,possible_unintended_disconnected,review_guarded,review_required,possible_unintended_defect_requires_review|near_all_edge_threshold|threshold_sensitive,high_anomaly_with_gap_or_broken_bridge_but_some_material,5,544,3.091666666666667,0.041666666666666664,0.9583333333333334,0.375,0.5681024447031432,1.2,False,0.5,1.2635061186887893,ori110,boundary,r220,manual_review_possible_unintended_disconnected,blocked_manual_review,blocked,possible_unintended_disconnected_not_clean_enough_for_auto_support,boundary_or_skin_region,false
E_N000377_N000498,877,N000377,N000498,design_present_or_unmapped,ct_disconnected_candidate,possible_unintended_disconnected,review_guarded,review_required,possible_unintended_defect_requires_review|near_all_edge_threshold|threshold_sensitive,high_anomaly_with_gap_or_broken_bridge_but_some_material,5,545,3.0895833333333336,0.125,0.875,0.2916666666666667,1.0793499043977055,1.25,False,0.9583333333333334,1.6123023638336207,ori011,boundary,r210,manual_review_possible_unintended_disconnected,blocked_manual_review,blocked,possible_unintended_disconnected_not_clean_enough_for_auto_support,boundary_or_skin_region,false
E_N000237_N000361,628,N000237,N000361,design_present_or_unmapped,ct_disconnected_candidate,possible_unintended_disconnected,review_guarded,review_required,possible_unintended_defect_requires_review|near_all_edge_threshold|threshold_sensitive,high_anomaly_with_gap_or_broken_bridge_but_some_material,5,552,3.0791666666666666,0.125,0.625,1.9583333333333333,-0.08818600754084625,1.5,False,0.9166666666666667,1.1359020194497198,ori110,boundary,r200,manual_review_possible_unintended_disconnected,blocked_manual_review,blocked,possible_unintended_disconnected_not_clean_enough_for_auto_support,boundary_or_skin_region,false
E_N001873_N001875,3301,N001873,N001875,design_present_or_unmapped,ct_disconnected_candidate,possible_unintended_disconnected,review_guarded,review_required,possible_unintended_defect_requires_review|near_all_edge_threshold|threshold_sensitive,high_anomaly_with_gap_or_broken_bridge_but_some_material,5,568,3.058333333333333,0.08333333333333333,0.5416666666666666,0.4583333333333333,0.2880228136882129,1.5,False,1.0,1.706047647469199,ori110,near_boundary,r210,manual_review_possible_unintended_disconnected,blocked_manual_review,blocked,possible_unintended_disconnected_not_clean_enough_for_auto_support,near_boundary_region,false
E_N000739_N000741,1285,N000739,N000741,design_present_or_unmapped,ct_disconnected_candidate,possible_unintended_disconnected,review_guarded,review_required,possible_unintended_defect_requires_review|near_all_edge_threshold|threshold_sensitive,high_anomaly_with_gap_or_broken_bridge_but_some_material,5,637,2.9229166666666666,0.041666666666666664,0.9583333333333334,0.5,-0.06545741324921135,1.0,False,0.625,1.2985242174741585,ori110,boundary,r210,manual_review_possible_unintended_disconnected,blocked_manual_review,blocked,possible_unintended_disconnected_not_clean_enough_for_auto_support,boundary_or_skin_region,false
E_N000877_N000881,1539,N000877,N000881,design_present_or_unmapped,ct_disconnected_candidate,possible_unintended_disconnected,review_guarded,review_required,possible_unintended_defect_requires_review|near_all_edge_threshold|threshold_sensitive,high_anomaly_with_gap_or_broken_bridge_but_some_material,5,643,2.9062499999999996,0.20833333333333334,0.7916666666666666,5.125,-0.35282373074729034,1.4,False,0.29166666666666663,1.8004417730976063,ori011,boundary,r220,manual_review_possible_unintended_disconnected,blocked_manual_review,blocked,possible_unintended_disconnected_not_clean_enough_for_auto_support,boundary_or_skin_region,false
E_N000377_N000487,871,N000377,N000487,design_present_or_unmapped,ct_disconnected_candidate,possible_unintended_disconnected,review_guarded,review_required,possible_unintended_defect_requires_review|near_all_edge_threshold|threshold_sensitive,high_anomaly_with_gap_or_broken_bridge_but_some_material,6,644,2.902083333333333,0.08333333333333333,0.9166666666666666,0.75,-0.027111574556830033,1.125,False,0.375,1.5766754012113513,ori110,boundary,r210,manual_review_possible_unintended_disconnected,blocked_manual_review,blocked,possible_unintended_disconnected_not_clean_enough_for_auto_support,boundary_or_skin_region,false
E_N000876_N002015,3555,N000876,N002015,design_present_or_unmapped,ct_disconnected_candidate,possible_unintended_disconnected,review_guarded,review_required,possible_unintended_defect_requires_review|near_all_edge_threshold|threshold_sensitive,high_anomaly_with_gap_or_broken_bridge_but_some_material,5,671,2.827777777777778,0.08333333333333333,0.5416666666666666,0.5833333333333334,0.9897610921501706,1.3111111111111111,False,0.8333333333333334,1.8816835069634312,ori011,boundary,r220,manual_review_possible_unintended_disconnected,blocked_manual_review,blocked,possible_unintended_disconnected_not_clean_enough_for_auto_support,boundary_or_skin_region,false
E_N001129_N001133,2015,N001129,N001133,design_present_or_unmapped,ct_disconnected_candidate,possible_unintended_disconnected,review_guarded,review_required,possible_unintended_defect_requires_review|near_all_edge_threshold,high_anomaly_with_gap_or_broken_bridge_but_some_material,6,477,3.1770833333333335,0.041666666666666664,0.9583333333333334,0.4583333333333333,-0.08528645833333333,1.4,False,0.041666666666666664,0.11056111561381268,ori011,boundary,r220,manual_review_possible_unintended_disconnected,blocked_manual_review,blocked,possible_unintended_disconnected_not_clean_enough_for_auto_support,boundary_or_skin_region,false
E_N009443_N009449,17139,N009443,N009449,design_present_or_unmapped,ct_disconnected_candidate,possible_unintended_disconnected,review_guarded,review_required,possible_unintended_defect_requires_review|near_all_edge_threshold,high_anomaly_with_gap_or_broken_bridge_but_some_material,6,570,3.051388888888889,0.041666666666666664,0.9583333333333334,0.5416666666666666,-0.3213957759412305,1.2222222222222223,False,0.25,2.0840686278990606,ori101,boundary,r212,manual_review_possible_unintended_disconnected,blocked_manual_review,blocked,possible_unintended_disconnected_not_clean_enough_for_auto_support,boundary_or_skin_region,false
E_N001003_N001007,1759,N001003,N001007,design_present_or_unmapped,ct_disconnected_candidate,possible_unintended_disconnected,review_guarded,review_required,possible_unintended_defect_requires_review|near_all_edge_threshold,high_anomaly_with_gap_or_broken_bridge_but_some_material,5,608,2.979166666666667,0.16666666666666666,0.8333333333333334,2.875,-0.08010335917312661,1.4,False,0.25,1.582833663811897,ori011,boundary,r220,manual_review_possible_unintended_disconnected,blocked_manual_review,blocked,possible_unintended_disconnected_not_clean_enough_for_auto_support,boundary_or_skin_region,false
E_N001127_N001128,4002,N001127,N001128,design_present_or_unmapped,ct_disconnected_candidate,possible_unintended_disconnected,review_guarded,review_required,possible_unintended_defect_requires_review|near_all_edge_threshold,high_anomaly_with_gap_or_broken_bridge_but_some_material,5,636,2.925,0.08333333333333333,0.9166666666666666,0.4583333333333333,0.5068637803590285,1.2,False,0.16666666666666669,1.514134239058892,ori110,boundary,r220,manual_review_possible_unintended_disconnected,blocked_manual_review,blocked,possible_unintended_disconnected_not_clean_enough_for_auto_support,boundary_or_skin_region,false
E_N009177_N009318,16613,N009177,N009318,design_removed_candidate_multi_edge,ct_present_like,designed_removed_ct_present_like_conflict,high_guarded,review_required,design_removed_but_ct_present_like,low_missing_evidence_connected_bridge,1,8052,0.16666666666666666,1.0,0.0,9.75,-2.023344522429051,0.16666666666666666,True,0.0,1.4202347144855616,ori110,boundary,r202,manual_review_design_removed_present_like_conflict,blocked_manual_review,blocked,design_says_removed_but_ct_looks_present,boundary_or_skin_region,false
E_N005650_N006773,12053,N005650,N006773,design_removed_candidate_multi_edge,ct_present_like,designed_removed_ct_present_like_conflict,high_guarded,review_required,design_removed_but_ct_present_like,low_missing_evidence_connected_bridge,0,14025,0.0,1.0,0.0,16.625,4.906790945406125,0.0,True,0.0,1.0902002641616224,ori101,boundary,r221,manual_review_design_removed_present_like_conflict,blocked_manual_review,blocked,design_says_removed_but_ct_looks_present,boundary_or_skin_region,false
E_N009233_N009360,16702,N009233,N009360,design_removed_candidate_multi_edge,ct_present_like,designed_removed_ct_present_like_conflict,high_guarded,review_required,design_removed_but_ct_present_like,low_missing_evidence_connected_bridge,0,17753,0.0,1.0,0.0,36.75,0.48936170212765956,0.0,True,0.0,0.6622673571968628,ori110,boundary,r002,manual_review_design_removed_present_like_conflict,blocked_manual_review,blocked,design_says_removed_but_ct_looks_present,boundary_or_skin_region,false
E_N009485_N009500,16984,N009485,N009500,design_removed_candidate_multi_edge,ct_present_like,designed_removed_ct_present_like_conflict,high_guarded,review_required,design_removed_but_ct_present_like,low_missing_evidence_connected_bridge,0,17957,0.0,1.0,0.0,37.0,0.41465706232383337,0.0,True,0.0,0.7512638743743741,ori110,boundary,r112,manual_review_design_removed_present_like_conflict,blocked_manual_review,blocked,design_says_removed_but_ct_looks_present,boundary_or_skin_region,false
E_N000226_N000235,417,N000226,N000235,design_removed_candidate_multi_edge,ct_missing_like_uncertain,designed_removed_ct_uncertain,uncertain,review_required,uncertain_ct_observation|near_all_edge_threshold|threshold_sensitive,moderate_missing_evidence_not_enough_for_absent_or_disconnected,4,902,2.527083333333333,0.4583333333333333,0.5416666666666666,12.458333333333334,0.028160693186293818,1.5,False,0.375,1.5557569192209466,ori011,boundary,r200,manual_review_design_removed_uncertain,blocked_manual_review,blocked,design_removed_but_ct_evidence_uncertain,boundary_or_skin_region,false
E_N000633_N000766,1324,N000633,N000766,design_present_or_unmapped,ct_missing_like_uncertain,uncertain_review_required,uncertain,review_required,uncertain_ct_observation|threshold_sensitive|registration_unstable,moderate_missing_evidence_not_enough_for_absent_or_disconnected,3,76,4.23125,0.5,0.4583333333333333,1.875,0.11835748792270531,3.225,False,0.7916666666666666,2.5,ori011,boundary,r020,manual_review_uncertain,blocked_manual_review,blocked,mixed_or_high_uncertain_evidence,boundary_or_skin_region,false
E_N000759_N000892,1544,N000759,N000892,design_present_or_unmapped,ct_missing_like_uncertain,uncertain_review_required,uncertain,review_required,uncertain_ct_observation|threshold_sensitive|registration_unstable,moderate_missing_evidence_not_enough_for_absent_or_disconnected,3,83,4.102083333333334,0.5416666666666666,0.375,1.9583333333333333,0.1875,3.2,False,0.875,2.5,ori011,boundary,r020,manual_review_uncertain,blocked_manual_review,blocked,mixed_or_high_uncertain_evidence,boundary_or_skin_region,false
E_N005930_N007066,12549,N005930,N007066,design_present_or_unmapped,ct_missing_like_uncertain,uncertain_review_required,uncertain,review_required,uncertain_ct_observation|threshold_sensitive|registration_unstable,moderate_missing_evidence_not_enough_for_absent_or_disconnected,3,88,3.9607954545454542,0.8333333333333334,0.16666666666666666,7.875,1.1819990054699154,3.7045454545454546,False,0.29166666666666663,2.5,ori101,boundary,r002,manual_review_uncertain,blocked_manual_review,blocked,mixed_or_high_uncertain_evidence,boundary_or_skin_region,false
E_N000507_N000640,1104,N000507,N000640,design_present_or_unmapped,ct_uncertain,uncertain_review_required,uncertain,review_required,uncertain_ct_observation|threshold_sensitive|registration_unstable,mixed_or_borderline_ct_evidence,2,89,3.9541666666666666,0.7916666666666666,0.20833333333333334,3.2083333333333335,0.33589415279556123,3.5,True,0.75,2.5,ori011,boundary,r010,manual_review_uncertain,blocked_manual_review,blocked,mixed_or_high_uncertain_evidence,boundary_or_skin_region,false
E_N009082_N009085,16146,N009082,N009085,design_present_or_unmapped,ct_uncertain,uncertain_review_required,uncertain,review_required,uncertain_ct_observation|near_all_edge_threshold|threshold_sensitive|registration_unstable,mixed_or_borderline_ct_evidence,2,461,3.2083333333333335,1.0,0.0,5.875,3.985103626943005,3.0,True,0.8333333333333334,2.5,ori110,boundary,r002,manual_review_uncertain,blocked_manual_review,blocked,mixed_or_high_uncertain_evidence,boundary_or_skin_region,false
E_N000119_N000246,2429,N000119,N000246,design_present_or_unmapped,ct_missing_like_uncertain,uncertain_review_required,uncertain,review_required,uncertain_ct_observation|near_all_edge_threshold|threshold_sensitive|registration_unstable,moderate_missing_evidence_not_enough_for_absent_or_disconnected,4,493,3.141666666666667,0.16666666666666666,0.5833333333333334,0.4583333333333333,0.4350453172205438,1.6666666666666667,False,0.8333333333333334,2.5,ori110,boundary,r200,manual_review_uncertain,blocked_manual_review,blocked,mixed_or_high_uncertain_evidence,boundary_or_skin_region,false
E_N004907_N006171,10940,N004907,N006171,design_present_or_unmapped,ct_missing_like_uncertain,uncertain_review_required,uncertain,review_required,uncertain_ct_observation|near_all_edge_threshold|threshold_sensitive|registration_unstable,moderate_missing_evidence_not_enough_for_absent_or_disconnected,4,546,3.0895833333333336,0.0,1.0,0.7916666666666666,1.5053533190578159,1.0,False,0.9583333333333334,2.5,ori011,boundary,r211,manual_review_uncertain,blocked_manual_review,blocked,mixed_or_high_uncertain_evidence,boundary_or_skin_region,false
E_N000885_N001018,1764,N000885,N001018,design_present_or_unmapped,ct_missing_like_uncertain,uncertain_review_required,uncertain,review_required,uncertain_ct_observation|near_all_edge_threshold|threshold_sensitive|registration_unstable,moderate_missing_evidence_not_enough_for_absent_or_disconnected,3,563,3.0645833333333337,0.75,0.25,4.416666666666667,0.531492084877063,2.6,False,0.45833333333333337,2.5,ori011,boundary,r020,manual_review_uncertain,blocked_manual_review,blocked,mixed_or_high_uncertain_evidence,boundary_or_skin_region,false
E_N000381_N000514,884,N000381,N000514,design_present_or_unmapped,ct_uncertain,uncertain_review_required,uncertain,review_required,uncertain_ct_observation|near_all_edge_threshold|threshold_sensitive|registration_unstable,mixed_or_borderline_ct_evidence,2,598,3.0041666666666664,1.0,0.0,6.041666666666667,1.1273278475530533,2.9,True,0.41666666666666663,2.5,ori011,boundary,r010,manual_review_uncertain,blocked_manual_review,blocked,mixed_or_high_uncertain_evidence,boundary_or_skin_region,false
E_N000113_N000123,200,N000113,N000123,design_present_or_unmapped,ct_missing_like_uncertain,uncertain_review_required,uncertain,review_required,uncertain_ct_observation|near_all_edge_threshold|threshold_sensitive|registration_unstable,moderate_missing_evidence_not_enough_for_absent_or_disconnected,4,626,2.9541666666666666,0.20833333333333334,0.6666666666666666,0.625,0.9898674980514419,1.5,False,0.5833333333333334,2.5,ori011,boundary,r200,manual_review_uncertain,blocked_manual_review,blocked,mixed_or_high_uncertain_evidence,boundary_or_skin_region,false
E_N003899_N003905,7135,N003899,N003905,design_present_or_unmapped,ct_missing_like_uncertain,uncertain_review_required,uncertain,review_required,uncertain_ct_observation|near_all_edge_threshold|threshold_sensitive|registration_unstable,moderate_missing_evidence_not_enough_for_absent_or_disconnected,4,629,2.9402777777777778,0.08333333333333333,0.9166666666666666,0.7916666666666666,0.47804878048780486,1.1111111111111112,False,0.5833333333333334,2.5,ori101,boundary,r211,manual_review_uncertain,blocked_manual_review,blocked,mixed_or_high_uncertain_evidence,boundary_or_skin_region,false
E_N007049_N008187,14533,N007049,N008187,design_present_or_unmapped,ct_missing_like_uncertain,uncertain_review_required,uncertain,review_required,uncertain_ct_observation|near_all_edge_threshold|threshold_sensitive|registration_unstable,moderate_missing_evidence_not_enough_for_absent_or_disconnected,4,632,2.933333333333333,0.20833333333333334,0.625,0.625,0.09558011049723757,1.5,False,0.6666666666666666,2.5,ori011,boundary,r202,manual_review_uncertain,blocked_manual_review,blocked,mixed_or_high_uncertain_evidence,boundary_or_skin_region,false
E_N004025_N004152,9357,N004025,N004152,design_present_or_unmapped,ct_missing_like_uncertain,uncertain_review_required,uncertain,review_required,uncertain_ct_observation|near_all_edge_threshold|threshold_sensitive|registration_unstable,moderate_missing_evidence_not_enough_for_absent_or_disconnected,4,647,2.891666666666666,0.041666666666666664,0.9166666666666666,0.3333333333333333,0.3603258265452803,1.0,False,0.6666666666666666,2.5,ori110,boundary,r211,manual_review_uncertain,blocked_manual_review,blocked,mixed_or_high_uncertain_evidence,boundary_or_skin_region,false
E_N004403_N005667,10056,N004403,N005667,design_present_or_unmapped,ct_missing_like_uncertain,uncertain_review_required,uncertain,review_required,uncertain_ct_observation|near_all_edge_threshold|threshold_sensitive|registration_unstable,moderate_missing_evidence_not_enough_for_absent_or_disconnected,4,655,2.864583333333333,0.20833333333333334,0.6666666666666666,0.4583333333333333,0.1997126436781609,1.4,False,0.625,2.5,ori011,boundary,r221,manual_review_uncertain,blocked_manual_review,blocked,mixed_or_high_uncertain_evidence,boundary_or_skin_region,false
E_N006041_N007305,12956,N006041,N007305,design_present_or_unmapped,ct_missing_like_uncertain,uncertain_review_required,uncertain,review_required,uncertain_ct_observation|near_all_edge_threshold|threshold_sensitive|registration_unstable,moderate_missing_evidence_not_enough_for_absent_or_disconnected,4,658,2.8569444444444447,0.16666666666666666,0.8333333333333334,0.5,0.7107438016528925,1.2361111111111112,False,0.4166666666666667,2.5,ori011,boundary,r212,manual_review_uncertain,blocked_manual_review,blocked,mixed_or_high_uncertain_evidence,boundary_or_skin_region,false
E_N002513_N002517,4455,N002513,N002517,design_present_or_unmapped,ct_missing_like_uncertain,uncertain_review_required,uncertain,review_required,uncertain_ct_observation|near_all_edge_threshold|threshold_sensitive|registration_unstable,moderate_missing_evidence_not_enough_for_absent_or_disconnected,3,664,2.839583333333333,0.20833333333333334,0.5,0.7916666666666666,2.5675675675675675,1.5,False,0.7916666666666666,2.5,ori011,boundary,r200,manual_review_uncertain,blocked_manual_review,blocked,mixed_or_high_uncertain_evidence,boundary_or_skin_region,false
E_N001506_N002643,4684,N001506,N002643,design_present_or_unmapped,ct_missing_like_uncertain,uncertain_review_required,uncertain,review_required,uncertain_ct_observation|near_all_edge_threshold|threshold_sensitive|registration_unstable,moderate_missing_evidence_not_enough_for_absent_or_disconnected,3,668,2.8329545454545455,0.20833333333333334,0.5,0.9166666666666666,0.17809139784946237,1.5454545454545454,False,0.5833333333333334,2.5,ori101,boundary,r200,manual_review_uncertain,blocked_manual_review,blocked,mixed_or_high_uncertain_evidence,boundary_or_skin_region,false
E_N008183_N008313,14754,N008183,N008313,design_present_or_unmapped,ct_missing_like_uncertain,uncertain_review_required,uncertain,review_required,uncertain_ct_observation|near_all_edge_threshold|threshold_sensitive|registration_unstable,moderate_missing_evidence_not_enough_for_absent_or_disconnected,4,670,2.8291666666666666,0.3333333333333333,0.625,0.7916666666666666,0.6714975845410628,1.5,False,0.75,2.5,ori011,boundary,r202,manual_review_uncertain,blocked_manual_review,blocked,mixed_or_high_uncertain_evidence,boundary_or_skin_region,false
E_N000876_N002013,3548,N000876,N002013,design_present_or_unmapped,ct_missing_like_uncertain,uncertain_review_required,uncertain,review_required,uncertain_ct_observation|near_all_edge_threshold|threshold_sensitive|registration_unstable,moderate_missing_evidence_not_enough_for_absent_or_disconnected,5,679,2.7904761904761908,0.0,1.0,0.125,-0.1819941916747338,0.8571428571428571,False,0.3333333333333333,2.5,ori101,boundary,r220,manual_review_uncertain,blocked_manual_review,blocked,mixed_or_high_uncertain_evidence,boundary_or_skin_region,false
E_N008687_N009825,17645,N008687,N009825,design_present_or_unmapped,ct_missing_like_uncertain,uncertain_review_required,uncertain,review_required,uncertain_ct_observation|near_all_edge_threshold|threshold_sensitive|registration_unstable,moderate_missing_evidence_not_enough_for_absent_or_disconnected,3,681,2.7895833333333333,0.20833333333333334,0.7916666666666666,0.75,0.08333333333333333,1.2,False,0.625,2.5,ori011,boundary,r212,manual_review_uncertain,blocked_manual_review,blocked,mixed_or_high_uncertain_evidence,boundary_or_skin_region,false
E_N005159_N005286,11373,N005159,N005286,design_present_or_unmapped,ct_missing_like_uncertain,uncertain_review_required,uncertain,review_required,uncertain_ct_observation|near_all_edge_threshold|threshold_sensitive|registration_unstable,moderate_missing_evidence_not_enough_for_absent_or_disconnected,3,682,2.7874999999999996,0.08333333333333333,0.9166666666666666,0.375,0.21189120809614168,1.0,False,0.4166666666666667,2.5,ori110,boundary,r211,manual_review_uncertain,blocked_manual_review,blocked,mixed_or_high_uncertain_evidence,boundary_or_skin_region,false
E_N005411_N005417,9811,N005411,N005417,design_present_or_unmapped,ct_missing_like_uncertain,uncertain_review_required,uncertain,review_required,uncertain_ct_observation|near_all_edge_threshold|threshold_sensitive|registration_unstable,moderate_missing_evidence_not_enough_for_absent_or_disconnected,5,683,2.780059523809524,0.0,1.0,0.16666666666666666,-0.025604551920341393,0.8571428571428571,False,0.2916666666666667,2.5,ori101,boundary,r221,manual_review_uncertain,blocked_manual_review,blocked,mixed_or_high_uncertain_evidence,boundary_or_skin_region,false
E_N003269_N004533,8040,N003269,N004533,design_present_or_unmapped,ct_missing_like_uncertain,uncertain_review_required,uncertain,review_required,uncertain_ct_observation|near_all_edge_threshold|threshold_sensitive|registration_unstable,moderate_missing_evidence_not_enough_for_absent_or_disconnected,3,686,2.7756944444444445,0.125,0.625,0.5416666666666666,0.5863192182410424,1.3111111111111111,False,0.4583333333333333,2.5,ori011,boundary,r221,manual_review_uncertain,blocked_manual_review,blocked,mixed_or_high_uncertain_evidence,boundary_or_skin_region,false
E_N001253_N001380,4445,N001253,N001380,design_present_or_unmapped,ct_uncertain,uncertain_review_required,uncertain,review_required,uncertain_ct_observation|near_all_edge_threshold|threshold_sensitive|registration_unstable,mixed_or_borderline_ct_evidence,2,688,2.766666666666667,0.20833333333333334,0.4166666666666667,0.9583333333333334,0.3710961420698102,1.5,False,0.8333333333333334,2.5,ori110,boundary,r200,manual_review_uncertain,blocked_manual_review,blocked,mixed_or_high_uncertain_evidence,boundary_or_skin_region,false
E_N002639_N003903,6908,N002639,N003903,design_present_or_unmapped,ct_missing_like_uncertain,uncertain_review_required,uncertain,review_required,uncertain_ct_observation|near_all_edge_threshold|threshold_sensitive|registration_unstable,moderate_missing_evidence_not_enough_for_absent_or_disconnected,3,692,2.7486111111111113,0.20833333333333334,0.75,0.625,2.366233766233766,1.2111111111111112,False,0.5833333333333334,2.5,ori011,boundary,r211,manual_review_uncertain,blocked_manual_review,blocked,mixed_or_high_uncertain_evidence,boundary_or_skin_region,false
E_N004029_N004031,7141,N004029,N004031,design_present_or_unmapped,ct_missing_like_uncertain,uncertain_review_required,uncertain,review_required,uncertain_ct_observation|near_all_edge_threshold|threshold_sensitive|registration_unstable,moderate_missing_evidence_not_enough_for_absent_or_disconnected,4,694,2.7479166666666663,0.041666666666666664,0.7083333333333334,0.20833333333333334,0.36511329628046174,1.0958333333333332,False,0.5416666666666666,2.5,ori110,boundary,r211,manual_review_uncertain,blocked_manual_review,blocked,mixed_or_high_uncertain_evidence,boundary_or_skin_region,false
E_N003143_N003270,7781,N003143,N003270,design_present_or_unmapped,ct_missing_like_uncertain,uncertain_review_required,uncertain,review_required,uncertain_ct_observation|near_all_edge_threshold|threshold_sensitive|registration_unstable,moderate_missing_evidence_not_enough_for_absent_or_disconnected,3,697,2.7375000000000003,0.16666666666666666,0.7083333333333334,0.5,0.49341825902335457,1.2,False,0.5833333333333334,2.5,ori110,boundary,r221,manual_review_uncertain,blocked_manual_review,blocked,mixed_or_high_uncertain_evidence,boundary_or_skin_region,false
E_N007301_N007305,12959,N007301,N007305,design_present_or_unmapped,ct_missing_like_uncertain,uncertain_review_required,uncertain,review_required,uncertain_ct_observation|near_all_edge_threshold|threshold_sensitive|registration_unstable,moderate_missing_evidence_not_enough_for_absent_or_disconnected,3,700,2.7354166666666666,0.041666666666666664,0.7083333333333334,0.75,0.23741007194244604,1.0,False,0.875,2.5,ori011,boundary,r212,manual_review_uncertain,blocked_manual_review,blocked,mixed_or_high_uncertain_evidence,boundary_or_skin_region,false
E_N002139_N002141,3769,N002139,N002141,design_present_or_unmapped,ct_missing_like_uncertain,uncertain_review_required,uncertain,review_required,uncertain_ct_observation|near_all_edge_threshold|threshold_sensitive|registration_unstable,moderate_missing_evidence_not_enough_for_absent_or_disconnected,5,707,2.7270833333333333,0.08333333333333333,0.6666666666666666,0.20833333333333334,0.5544235924932975,1.2,False,0.375,2.5,ori110,boundary,r220,manual_review_uncertain,blocked_manual_review,blocked,mixed_or_high_uncertain_evidence,boundary_or_skin_region,false
E_N008183_N009321,16621,N008183,N009321,design_present_or_unmapped,ct_missing_like_uncertain,uncertain_review_required,uncertain,review_required,uncertain_ct_observation|near_all_edge_threshold|threshold_sensitive|registration_unstable,moderate_missing_evidence_not_enough_for_absent_or_disconnected,3,826,2.69375,0.4166666666666667,0.5833333333333334,1.0833333333333333,1.0265193370165746,1.5,False,0.7083333333333333,2.5,ori011,boundary,r202,manual_review_uncertain,blocked_manual_review,blocked,mixed_or_high_uncertain_evidence,boundary_or_skin_region,false
E_N009065_N010203,18445,N009065,N010203,design_present_or_unmapped,ct_missing_like_uncertain,uncertain_review_required,uncertain,review_required,uncertain_ct_observation|near_all_edge_threshold|threshold_sensitive|registration_unstable,moderate_missing_evidence_not_enough_for_absent_or_disconnected,4,830,2.677083333333333,0.3333333333333333,0.6666666666666666,0.8333333333333334,-0.30640394088669953,1.4,False,0.375,2.5,ori011,boundary,r222,manual_review_uncertain,blocked_manual_review,blocked,mixed_or_high_uncertain_evidence,boundary_or_skin_region,false
E_N000750_N001887,3328,N000750,N001887,design_present_or_unmapped,ct_missing_like_uncertain,uncertain_review_required,uncertain,review_required,uncertain_ct_observation|near_all_edge_threshold|threshold_sensitive|registration_unstable,moderate_missing_evidence_not_enough_for_absent_or_disconnected,5,831,2.6756944444444444,0.08333333333333333,0.625,0.2916666666666667,0.1564625850340136,1.2111111111111112,False,0.2916666666666667,2.5,ori101,boundary,r210,manual_review_uncertain,blocked_manual_review,blocked,mixed_or_high_uncertain_evidence,boundary_or_skin_region,false
E_N005289_N005291,9377,N005289,N005291,design_present_or_unmapped,ct_missing_like_uncertain,uncertain_review_required,uncertain,review_required,uncertain_ct_observation|near_all_edge_threshold|threshold_sensitive|registration_unstable,moderate_missing_evidence_not_enough_for_absent_or_disconnected,4,832,2.675,0.08333333333333333,0.75,0.2916666666666667,0.340437464946719,1.0333333333333332,False,0.5,2.5,ori110,boundary,r211,manual_review_uncertain,blocked_manual_review,blocked,mixed_or_high_uncertain_evidence,boundary_or_skin_region,false
E_N008309_N008439,14974,N008309,N008439,design_present_or_unmapped,ct_missing_like_uncertain,uncertain_review_required,uncertain,review_required,uncertain_ct_observation|near_all_edge_threshold|threshold_sensitive|registration_unstable,moderate_missing_evidence_not_enough_for_absent_or_disconnected,3,842,2.6645833333333333,0.25,0.7083333333333334,0.6666666666666666,0.32269503546099293,1.2,False,0.625,2.5,ori011,boundary,r212,manual_review_uncertain,blocked_manual_review,blocked,mixed_or_high_uncertain_evidence,boundary_or_skin_region,false
E_N003651_N003653,6481,N003651,N003653,design_present_or_unmapped,ct_uncertain,uncertain_review_required,uncertain,review_required,uncertain_ct_observation|near_all_edge_threshold|threshold_sensitive|registration_unstable,mixed_or_borderline_ct_evidence,2,847,2.6520833333333336,0.375,0.5,0.9583333333333334,0.3242087254063302,1.5,False,0.7083333333333333,2.5,ori110,boundary,r201,manual_review_uncertain,blocked_manual_review,blocked,mixed_or_high_uncertain_evidence,boundary_or_skin_region,false
E_N004277_N004404,9797,N004277,N004404,design_present_or_unmapped,ct_missing_like_uncertain,uncertain_review_required,uncertain,review_required,uncertain_ct_observation|near_all_edge_threshold|threshold_sensitive|registration_unstable,moderate_missing_evidence_not_enough_for_absent_or_disconnected,3,850,2.6437500000000003,0.20833333333333334,0.625,0.5,0.2831800262812089,1.2,False,0.7083333333333334,2.5,ori110,boundary,r221,manual_review_uncertain,blocked_manual_review,blocked,mixed_or_high_uncertain_evidence,boundary_or_skin_region,false
E_N004026_N005163,9156,N004026,N005163,design_present_or_unmapped,ct_missing_like_uncertain,uncertain_review_required,uncertain,review_required,uncertain_ct_observation|near_all_edge_threshold|threshold_sensitive|registration_unstable,moderate_missing_evidence_not_enough_for_absent_or_disconnected,3,852,2.6347222222222224,0.125,0.5833333333333334,0.625,0.5585738539898133,1.2222222222222223,False,0.41666666666666663,2.5,ori101,boundary,r211,manual_review_uncertain,blocked_manual_review,blocked,mixed_or_high_uncertain_evidence,boundary_or_skin_region,false
E_N001253_N001259,2443,N001253,N001259,design_present_or_unmapped,ct_uncertain,uncertain_review_required,uncertain,review_required,uncertain_ct_observation|near_all_edge_threshold|threshold_sensitive|registration_unstable,mixed_or_borderline_ct_evidence,2,853,2.633991228070175,0.375,0.4583333333333333,1.125,0.27479469361970943,1.513157894736842,False,0.75,2.5,ori101,boundary,r200,manual_review_uncertain,blocked_manual_review,blocked,mixed_or_high_uncertain_evidence,boundary_or_skin_region,false
E_N005411_N005538,11813,N005411,N005538,design_present_or_unmapped,ct_missing_like_uncertain,uncertain_review_required,uncertain,review_required,uncertain_ct_observation|near_all_edge_threshold|threshold_sensitive|registration_unstable,moderate_missing_evidence_not_enough_for_absent_or_disconnected,3,855,2.6333333333333333,0.16666666666666666,0.5416666666666666,0.5,0.5372526193247963,1.2,False,0.8333333333333334,2.5,ori110,boundary,r221,manual_review_uncertain,blocked_manual_review,blocked,mixed_or_high_uncertain_evidence,boundary_or_skin_region,false
E_N009947_N010077,18158,N009947,N010077,design_present_or_unmapped,ct_missing_like_uncertain,uncertain_review_required,uncertain,review_required,uncertain_ct_observation|near_all_edge_threshold|threshold_sensitive|registration_unstable,moderate_missing_evidence_not_enough_for_absent_or_disconnected,4,856,2.6333333333333333,0.16666666666666666,0.625,0.7916666666666666,-0.05555555555555555,1.2,False,0.5,2.5,ori011,boundary,r222,manual_review_uncertain,blocked_manual_review,blocked,mixed_or_high_uncertain_evidence,boundary_or_skin_region,false
E_N007049_N007179,12738,N007049,N007179,design_present_or_unmapped,ct_missing_like_uncertain,uncertain_review_required,uncertain,review_required,uncertain_ct_observation|near_all_edge_threshold|threshold_sensitive|registration_unstable,moderate_missing_evidence_not_enough_for_absent_or_disconnected,3,862,2.620833333333333,0.4166666666666667,0.5833333333333334,1.2083333333333333,0.07973590655154901,1.5,False,0.4166666666666667,2.5,ori011,boundary,r202,manual_review_uncertain,blocked_manual_review,blocked,mixed_or_high_uncertain_evidence,boundary_or_skin_region,false
E_N003269_N003396,8033,N003269,N003396,design_present_or_unmapped,ct_missing_like_uncertain,uncertain_review_required,uncertain,review_required,uncertain_ct_observation|near_all_edge_threshold|threshold_sensitive|registration_unstable,moderate_missing_evidence_not_enough_for_absent_or_disconnected,3,865,2.6138257575757575,0.2916666666666667,0.6666666666666666,0.75,0.6354441512752859,1.190909090909091,False,0.7916666666666666,2.5,ori110,boundary,r221,manual_review_uncertain,blocked_manual_review,blocked,mixed_or_high_uncertain_evidence,boundary_or_skin_region,false
E_N001383_N001385,2449,N001383,N001385,design_present_or_unmapped,ct_uncertain,uncertain_review_required,uncertain,review_required,uncertain_ct_observation|near_all_edge_threshold|threshold_sensitive|registration_unstable,mixed_or_borderline_ct_evidence,2,867,2.6104166666666666,0.375,0.4166666666666667,0.8333333333333334,0.3386430678466077,1.5,False,0.875,2.5,ori110,boundary,r200,manual_review_uncertain,blocked_manual_review,blocked,mixed_or_high_uncertain_evidence,boundary_or_skin_region,false
E_N004403_N004530,10049,N004403,N004530,design_present_or_unmapped,ct_missing_like_uncertain,uncertain_review_required,uncertain,review_required,uncertain_ct_observation|near_all_edge_threshold|threshold_sensitive|registration_unstable,moderate_missing_evidence_not_enough_for_absent_or_disconnected,3,869,2.6104166666666666,0.08333333333333333,0.625,0.7083333333333334,0.39354634609300854,1.0,False,0.875,2.5,ori110,boundary,r221,manual_review_uncertain,blocked_manual_review,blocked,mixed_or_high_uncertain_evidence,boundary_or_skin_region,false
E_N007175_N008313,14753,N007175,N008313,design_present_or_unmapped,ct_missing_like_uncertain,uncertain_review_required,uncertain,review_required,uncertain_ct_observation|near_all_edge_threshold|threshold_sensitive|registration_unstable,moderate_missing_evidence_not_enough_for_absent_or_disconnected,3,870,2.6104166666666666,0.4166666666666667,0.5833333333333334,1.2083333333333333,0.3840224246671338,1.5,False,0.375,2.5,ori011,boundary,r202,manual_review_uncertain,blocked_manual_review,blocked,mixed_or_high_uncertain_evidence,boundary_or_skin_region,false
E_N003899_N004026,9137,N003899,N004026,design_present_or_unmapped,ct_uncertain,uncertain_review_required,uncertain,review_required,uncertain_ct_observation|near_all_edge_threshold|threshold_sensitive|registration_unstable,mixed_or_borderline_ct_evidence,2,875,2.5895833333333336,0.125,0.7083333333333334,0.4166666666666667,0.3165252121817274,1.0,False,0.625,2.5,ori110,boundary,r211,manual_review_uncertain,blocked_manual_review,blocked,mixed_or_high_uncertain_evidence,boundary_or_skin_region,false
E_N003903_N003905,6921,N003903,N003905,design_present_or_unmapped,ct_missing_like_uncertain,uncertain_review_required,uncertain,review_required,uncertain_ct_observation|near_all_edge_threshold|threshold_sensitive|registration_unstable,moderate_missing_evidence_not_enough_for_absent_or_disconnected,3,876,2.5895833333333336,0.041666666666666664,0.625,0.375,0.39225746268656714,1.0,False,0.625,2.5,ori110,boundary,r211,manual_review_uncertain,blocked_manual_review,blocked,mixed_or_high_uncertain_evidence,boundary_or_skin_region,false
E_N006420_N007557,13408,N006420,N007557,design_present_or_unmapped,ct_missing_like_uncertain,uncertain_review_required,uncertain,review_required,uncertain_ct_observation|near_all_edge_threshold|threshold_sensitive|registration_unstable,moderate_missing_evidence_not_enough_for_absent_or_disconnected,3,878,2.5861111111111117,0.2916666666666667,0.7083333333333334,1.7083333333333333,-0.17684021543985637,1.1111111111111112,False,0.8333333333333334,2.5,ori101,boundary,r212,manual_review_uncertain,blocked_manual_review,blocked,mixed_or_high_uncertain_evidence,boundary_or_skin_region,false
E_N008561_N009699,17389,N008561,N009699,design_present_or_unmapped,ct_missing_like_uncertain,uncertain_review_required,uncertain,review_required,uncertain_ct_observation|near_all_edge_threshold|threshold_sensitive|registration_unstable,moderate_missing_evidence_not_enough_for_absent_or_disconnected,3,882,2.58125,0.25,0.625,1.1666666666666667,0.4748717948717949,1.2,False,0.625,2.5,ori011,boundary,r212,manual_review_uncertain,blocked_manual_review,blocked,mixed_or_high_uncertain_evidence,boundary_or_skin_region,false
E_N000625_N000627,1092,N000625,N000627,design_present_or_unmapped,ct_missing_like_uncertain,uncertain_review_required,uncertain,review_required,uncertain_ct_observation|near_all_edge_threshold|threshold_sensitive|registration_unstable,moderate_missing_evidence_not_enough_for_absent_or_disconnected,3,888,2.5652777777777778,0.25,0.75,8.083333333333334,-0.5311047550947444,1.1111111111111112,False,0.41666666666666663,2.5,ori101,boundary,r210,manual_review_uncertain,blocked_manual_review,blocked,mixed_or_high_uncertain_evidence,boundary_or_skin_region,false
E_N002513_N002640,6681,N002513,N002640,design_present_or_unmapped,ct_uncertain,uncertain_review_required,uncertain,review_required,uncertain_ct_observation|near_all_edge_threshold|threshold_sensitive|registration_unstable,mixed_or_borderline_ct_evidence,2,889,2.5642857142857145,0.4166666666666667,0.4166666666666667,1.4583333333333333,0.4304573314474305,1.4642857142857144,False,1.0,2.5,ori110,boundary,r201,manual_review_uncertain,blocked_manual_review,blocked,mixed_or_high_uncertain_evidence,boundary_or_skin_region,false
E_N006545_N007809,13836,N006545,N007809,design_present_or_unmapped,ct_missing_like_uncertain,uncertain_review_required,uncertain,review_required,uncertain_ct_observation|near_all_edge_threshold|threshold_sensitive|registration_unstable,moderate_missing_evidence_not_enough_for_absent_or_disconnected,3,891,2.560416666666667,0.20833333333333334,0.5,1.0,-0.3111111111111111,1.2,False,0.875,2.5,ori011,boundary,r222,manual_review_uncertain,blocked_manual_review,blocked,mixed_or_high_uncertain_evidence,boundary_or_skin_region,false
E_N002513_N003777,6688,N002513,N003777,design_present_or_unmapped,ct_missing_like_uncertain,uncertain_review_required,uncertain,review_required,uncertain_ct_observation|near_all_edge_threshold|threshold_sensitive|registration_unstable,moderate_missing_evidence_not_enough_for_absent_or_disconnected,3,895,2.5479166666666666,0.3333333333333333,0.6666666666666666,1.0416666666666667,2.853846153846154,1.25,False,0.45833333333333326,2.5,ori011,boundary,r201,manual_review_uncertain,blocked_manual_review,blocked,mixed_or_high_uncertain_evidence,boundary_or_skin_region,false
E_N005541_N005543,9817,N005541,N005543,design_present_or_unmapped,ct_uncertain,uncertain_review_required,uncertain,review_required,uncertain_ct_observation|near_all_edge_threshold|threshold_sensitive|registration_unstable,mixed_or_borderline_ct_evidence,2,897,2.5395833333333333,0.16666666666666666,0.5,0.5,0.2844551282051282,1.2,False,0.625,2.5,ori110,boundary,r221,manual_review_uncertain,blocked_manual_review,blocked,mixed_or_high_uncertain_evidence,boundary_or_skin_region,false
E_N004911_N004913,8717,N004911,N004913,design_present_or_unmapped,ct_uncertain,uncertain_review_required,uncertain,review_required,uncertain_ct_observation|near_all_edge_threshold|threshold_sensitive|registration_unstable,mixed_or_borderline_ct_evidence,2,899,2.5375,0.4583333333333333,0.5,1.0,0.3148479427549195,1.5,False,0.5833333333333334,2.5,ori110,boundary,r201,manual_review_uncertain,blocked_manual_review,blocked,mixed_or_high_uncertain_evidence,boundary_or_skin_region,false
E_N005037_N005039,8937,N005037,N005039,design_present_or_unmapped,ct_uncertain,uncertain_review_required,uncertain,review_required,uncertain_ct_observation|near_all_edge_threshold|threshold_sensitive|registration_unstable,mixed_or_borderline_ct_evidence,2,900,2.5375,0.25,0.75,0.6666666666666666,0.5265273311897106,1.0,False,0.75,2.5,ori110,boundary,r211,manual_review_uncertain,blocked_manual_review,blocked,mixed_or_high_uncertain_evidence,boundary_or_skin_region,false
E_N005159_N005165,9371,N005159,N005165,design_present_or_unmapped,ct_missing_like_uncertain,uncertain_review_required,uncertain,review_required,uncertain_ct_observation|near_all_edge_threshold|threshold_sensitive|registration_unstable,moderate_missing_evidence_not_enough_for_absent_or_disconnected,4,907,2.519934640522876,0.2916666666666667,0.7083333333333334,0.5833333333333334,-0.020869565217391306,1.1699346405228759,False,0.3333333333333333,2.5,ori101,boundary,r211,manual_review_uncertain,blocked_manual_review,blocked,mixed_or_high_uncertain_evidence,boundary_or_skin_region,false
E_N003521_N004785,8484,N003521,N004785,design_present_or_unmapped,ct_missing_like_uncertain,uncertain_review_required,uncertain,review_required,uncertain_ct_observation|near_all_edge_threshold|threshold_sensitive|registration_unstable,moderate_missing_evidence_not_enough_for_absent_or_disconnected,3,909,2.5166666666666666,0.4583333333333333,0.5416666666666666,1.6666666666666667,1.037037037037037,1.5,False,0.3333333333333333,2.5,ori011,boundary,r201,manual_review_uncertain,blocked_manual_review,blocked,mixed_or_high_uncertain_evidence,boundary_or_skin_region,false
E_N005285_N005412,11593,N005285,N005412,design_present_or_unmapped,ct_uncertain,uncertain_review_required,uncertain,review_required,uncertain_ct_observation|near_all_edge_threshold|threshold_sensitive|registration_unstable,mixed_or_borderline_ct_evidence,2,921,2.50625,0.125,0.5833333333333334,0.7083333333333334,0.2758430071862908,1.0,False,0.7916666666666666,2.5,ori110,boundary,r221,manual_review_uncertain,blocked_manual_review,blocked,mixed_or_high_uncertain_evidence,boundary_or_skin_region,false
E_N002639_N002645,4899,N002639,N002645,design_present_or_unmapped,ct_uncertain,uncertain_review_required,uncertain,review_required,uncertain_ct_observation|near_all_edge_threshold|threshold_sensitive|registration_unstable,mixed_or_borderline_ct_evidence,2,923,2.501614832535885,0.5,0.5,1.125,0.05807743658210948,1.464114832535885,False,0.75,2.5,ori101,boundary,r200,manual_review_uncertain,blocked_manual_review,blocked,mixed_or_high_uncertain_evidence,boundary_or_skin_region,false
E_N004278_N005415,9596,N004278,N005415,design_present_or_unmapped,ct_uncertain,uncertain_review_required,uncertain,review_required,uncertain_ct_observation|near_all_edge_threshold|threshold_sensitive|registration_unstable,mixed_or_borderline_ct_evidence,2,932,2.4973214285714285,0.125,0.875,0.7083333333333334,0.16601307189542483,0.8035714285714286,False,0.375,2.5,ori101,boundary,r221,manual_review_uncertain,blocked_manual_review,blocked,mixed_or_high_uncertain_evidence,boundary_or_skin_region,false
E_N003270_N004407,7800,N003270,N004407,design_present_or_unmapped,ct_uncertain,uncertain_review_required,uncertain,review_required,uncertain_ct_observation|near_all_edge_threshold|threshold_sensitive|registration_unstable,mixed_or_borderline_ct_evidence,2,933,2.4958333333333336,0.125,0.875,0.9583333333333334,0.40090600226500567,0.75,False,0.5833333333333333,2.5,ori101,boundary,r221,manual_review_uncertain,blocked_manual_review,blocked,mixed_or_high_uncertain_evidence,boundary_or_skin_region,false
E_N000119_N000123,203,N000119,N000123,design_present_or_unmapped,ct_uncertain,uncertain_review_required,uncertain,review_required,uncertain_ct_observation|near_all_edge_threshold|threshold_sensitive|registration_unstable,mixed_or_borderline_ct_evidence,2,943,2.475,0.2916666666666667,0.4166666666666667,1.125,3.1435897435897435,1.25,False,1.0,2.5,ori011,boundary,r200,manual_review_uncertain,blocked_manual_review,blocked,mixed_or_high_uncertain_evidence,boundary_or_skin_region,false
E_N005537_N005541,9807,N005537,N005541,design_present_or_unmapped,ct_missing_like_uncertain,uncertain_review_required,uncertain,review_required,uncertain_ct_observation|near_all_edge_threshold|threshold_sensitive|registration_unstable,moderate_missing_evidence_not_enough_for_absent_or_disconnected,3,950,2.4666666666666663,0.4166666666666667,0.5833333333333334,1.0,0.15845070422535212,1.2,False,1.0,2.5,ori011,boundary,r221,manual_review_uncertain,blocked_manual_review,blocked,mixed_or_high_uncertain_evidence,boundary_or_skin_region,false
E_N004407_N004409,7801,N004407,N004409,design_present_or_unmapped,ct_uncertain,uncertain_review_required,uncertain,review_required,uncertain_ct_observation|near_all_edge_threshold|threshold_sensitive|registration_unstable,mixed_or_borderline_ct_evidence,2,952,2.464583333333333,0.16666666666666666,0.5833333333333334,0.7916666666666666,0.40697233800682076,1.0,False,0.7916666666666666,2.5,ori110,boundary,r221,manual_review_uncertain,blocked_manual_review,blocked,mixed_or_high_uncertain_evidence,boundary_or_skin_region,false
E_N001505_N001632,4885,N001505,N001632,design_present_or_unmapped,ct_uncertain,uncertain_review_required,uncertain,review_required,uncertain_ct_observation|near_all_edge_threshold|threshold_sensitive|registration_unstable,mixed_or_borderline_ct_evidence,2,961,2.44375,0.25,0.625,1.0,0.5144284128745837,1.0,False,0.875,2.5,ori110,boundary,r210,manual_review_uncertain,blocked_manual_review,blocked,mixed_or_high_uncertain_evidence,boundary_or_skin_region,false
E_N006171_N006173,10953,N006171,N006173,design_present_or_unmapped,ct_uncertain,uncertain_review_required,uncertain,review_required,uncertain_ct_observation|near_all_edge_threshold|threshold_sensitive|registration_unstable,mixed_or_borderline_ct_evidence,2,964,2.44375,0.25,0.6666666666666666,0.7083333333333334,0.22442244224422442,1.0,False,0.7083333333333334,2.5,ori110,boundary,r211,manual_review_uncertain,blocked_manual_review,blocked,mixed_or_high_uncertain_evidence,boundary_or_skin_region,false
E_N008561_N008691,15414,N008561,N008691,design_present_or_unmapped,ct_missing_like_uncertain,uncertain_review_required,uncertain,review_required,uncertain_ct_observation|near_all_edge_threshold|threshold_sensitive|registration_unstable,moderate_missing_evidence_not_enough_for_absent_or_disconnected,3,970,2.432638888888889,0.2916666666666667,0.5416666666666666,0.8333333333333334,0.39760956175298806,1.1555555555555554,False,0.7083333333333334,2.5,ori011,boundary,r212,manual_review_uncertain,blocked_manual_review,blocked,mixed_or_high_uncertain_evidence,boundary_or_skin_region,false
E_N001617_N001632,4887,N001617,N001632,design_present_or_unmapped,ct_uncertain,uncertain_review_required,uncertain,review_required,uncertain_ct_observation|near_all_edge_threshold|threshold_sensitive|registration_unstable,mixed_or_borderline_ct_evidence,2,988,2.3895833333333334,0.3333333333333333,0.6666666666666666,1.25,0.14991076740035694,0.9666666666666667,False,0.9583333333333334,2.5,ori110,boundary,r210,manual_review_uncertain,blocked_manual_review,blocked,mixed_or_high_uncertain_evidence,boundary_or_skin_region,false
E_N005663_N006801,12073,N005663,N006801,design_present_or_unmapped,ct_missing_like_uncertain,uncertain_review_required,uncertain,review_required,uncertain_ct_observation|near_all_edge_threshold|threshold_sensitive|registration_unstable,moderate_missing_evidence_not_enough_for_absent_or_disconnected,3,990,2.3833333333333333,0.375,0.625,1.2083333333333333,0.2940086473131563,1.2,False,0.33333333333333337,2.5,ori011,boundary,r221,manual_review_uncertain,blocked_manual_review,blocked,mixed_or_high_uncertain_evidence,boundary_or_skin_region,false
E_N005033_N005160,11153,N005033,N005160,design_present_or_unmapped,ct_uncertain,uncertain_review_required,uncertain,review_required,uncertain_ct_observation|near_all_edge_threshold|threshold_sensitive|registration_unstable,mixed_or_borderline_ct_evidence,2,993,2.3812499999999996,0.3333333333333333,0.6666666666666666,0.9583333333333334,0.34011090573012936,1.0,False,0.7916666666666666,2.5,ori110,boundary,r211,manual_review_uncertain,blocked_manual_review,blocked,mixed_or_high_uncertain_evidence,boundary_or_skin_region,false
E_N000123_N000125,213,N000123,N000125,design_present_or_unmapped,ct_uncertain,uncertain_review_required,uncertain,review_required,uncertain_ct_observation|near_all_edge_threshold|threshold_sensitive|registration_unstable,mixed_or_borderline_ct_evidence,2,998,2.370833333333333,0.5416666666666666,0.4583333333333333,1.0833333333333333,0.9991341991341991,1.4166666666666665,False,0.75,2.5,ori110,boundary,r200,manual_review_uncertain,blocked_manual_review,blocked,mixed_or_high_uncertain_evidence,boundary_or_skin_region,false
E_N002262_N003399,6040,N002262,N003399,design_present_or_unmapped,ct_missing_like_uncertain,uncertain_review_required,uncertain,review_required,uncertain_ct_observation|near_all_edge_threshold|threshold_sensitive|registration_unstable,moderate_missing_evidence_not_enough_for_absent_or_disconnected,3,1006,2.3604166666666666,0.08333333333333333,0.7083333333333334,0.7916666666666666,0.2570048309178744,0.75,False,0.5416666666666666,2.5,ori101,boundary,r220,manual_review_uncertain,blocked_manual_review,blocked,mixed_or_high_uncertain_evidence,boundary_or_skin_region,false
E_N000875_N000881,1747,N000875,N000881,design_present_or_unmapped,ct_uncertain,uncertain_review_required,uncertain,review_required,uncertain_ct_observation|near_all_edge_threshold|threshold_sensitive|registration_unstable,mixed_or_borderline_ct_evidence,2,1018,2.342559523809524,0.125,0.6666666666666666,1.125,0.476734693877551,0.8571428571428571,False,0.375,2.5,ori101,boundary,r220,manual_review_uncertain,blocked_manual_review,blocked,mixed_or_high_uncertain_evidence,boundary_or_skin_region,false
E_N007557_N007559,13409,N007557,N007559,design_present_or_unmapped,ct_missing_like_uncertain,uncertain_review_required,uncertain,review_required,uncertain_ct_observation|near_all_edge_threshold|threshold_sensitive|registration_unstable,moderate_missing_evidence_not_enough_for_absent_or_disconnected,3,1019,2.3395833333333336,0.2916666666666667,0.625,0.7916666666666666,-0.006493506493506494,1.0,False,0.625,2.5,ori110,boundary,r212,manual_review_uncertain,blocked_manual_review,blocked,mixed_or_high_uncertain_evidence,boundary_or_skin_region,false
E_N005789_N005795,10507,N005789,N005795,design_present_or_unmapped,ct_uncertain,uncertain_review_required,uncertain,review_required,uncertain_ct_observation|near_all_edge_threshold|threshold_sensitive|registration_unstable,mixed_or_borderline_ct_evidence,2,1021,2.339583333333333,0.5,0.5,4.041666666666667,2.10093896713615,1.4166666666666665,False,0.2916666666666667,2.5,ori101,boundary,r201,manual_review_uncertain,blocked_manual_review,blocked,mixed_or_high_uncertain_evidence,boundary_or_skin_region,false
E_N001379_N001383,2439,N001379,N001383,design_present_or_unmapped,ct_uncertain,uncertain_review_required,uncertain,review_required,uncertain_ct_observation|threshold_sensitive|registration_unstable,mixed_or_borderline_ct_evidence,2,1038,2.308333333333333,0.375,0.3333333333333333,1.2083333333333333,3.8253164556962025,1.25,False,1.0,2.5,ori011,boundary,r200,manual_review_uncertain,blocked_manual_review,blocked,mixed_or_high_uncertain_evidence,boundary_or_skin_region,false
E_N006419_N006425,11607,N006419,N006425,design_present_or_unmapped,ct_uncertain,uncertain_review_required,uncertain,review_required,uncertain_ct_observation|threshold_sensitive|registration_unstable,mixed_or_borderline_ct_evidence,2,1041,2.3048611111111112,0.25,0.5,0.7916666666666666,-0.04808635917566242,1.1111111111111112,False,0.375,2.5,ori101,boundary,r211,manual_review_uncertain,blocked_manual_review,blocked,mixed_or_high_uncertain_evidence,boundary_or_skin_region,false
E_N006545_N006551,11827,N006545,N006551,design_present_or_unmapped,ct_missing_like_uncertain,uncertain_review_required,uncertain,review_required,uncertain_ct_observation|threshold_sensitive|registration_unstable,moderate_missing_evidence_not_enough_for_absent_or_disconnected,3,1047,2.2945075757575757,0.25,0.75,1.2083333333333333,-0.17293233082706766,0.8090909090909091,False,0.5416666666666667,2.5,ori101,boundary,r221,manual_review_uncertain,blocked_manual_review,blocked,mixed_or_high_uncertain_evidence,boundary_or_skin_region,false
E_N001001_N001007,1999,N001001,N001007,design_present_or_unmapped,ct_missing_like_uncertain,uncertain_review_required,uncertain,review_required,uncertain_ct_observation|threshold_sensitive|registration_unstable,moderate_missing_evidence_not_enough_for_absent_or_disconnected,3,1049,2.2904761904761903,0.08333333333333333,0.5416666666666666,0.5,0.23084025854108955,0.8571428571428571,False,0.5,2.5,ori101,boundary,r220,manual_review_uncertain,blocked_manual_review,blocked,mixed_or_high_uncertain_evidence,boundary_or_skin_region,false
E_N001884_N003021,5344,N001884,N003021,design_present_or_unmapped,ct_uncertain,uncertain_review_required,uncertain,review_required,uncertain_ct_observation|threshold_sensitive|registration_unstable,mixed_or_borderline_ct_evidence,2,1051,2.2798611111111113,0.2916666666666667,0.4166666666666667,0.7083333333333334,0.06434599156118144,1.2111111111111112,False,0.375,2.5,ori101,boundary,r210,manual_review_uncertain,blocked_manual_review,blocked,mixed_or_high_uncertain_evidence,boundary_or_skin_region,false
E_N003777_N003779,6701,N003777,N003779,design_present_or_unmapped,ct_uncertain,uncertain_review_required,uncertain,review_required,uncertain_ct_observation|threshold_sensitive|registration_unstable,mixed_or_borderline_ct_evidence,2,1080,2.245833333333333,0.5416666666666666,0.4583333333333333,1.4166666666666667,0.4218978102189781,1.3333333333333333,False,0.5833333333333333,2.5,ori110,boundary,r201,manual_review_uncertain,blocked_manual_review,blocked,mixed_or_high_uncertain_evidence,boundary_or_skin_region,false
E_N010073_N010203,18446,N010073,N010203,design_present_or_unmapped,ct_missing_like_uncertain,uncertain_review_required,uncertain,review_required,uncertain_ct_observation|threshold_sensitive|registration_unstable,moderate_missing_evidence_not_enough_for_absent_or_disconnected,3,1090,2.220833333333333,0.4583333333333333,0.5416666666666666,1.4166666666666667,0.08540372670807453,1.1833333333333333,False,0.41666666666666663,2.5,ori011,boundary,r222,manual_review_uncertain,blocked_manual_review,blocked,mixed_or_high_uncertain_evidence,boundary_or_skin_region,false
E_N003774_N004911,8716,N003774,N004911,design_present_or_unmapped,ct_uncertain,uncertain_review_required,uncertain,review_required,uncertain_ct_observation|threshold_sensitive|registration_unstable,mixed_or_borderline_ct_evidence,2,1097,2.2006944444444443,0.5416666666666666,0.2916666666666667,1.5,0.2681091251175917,1.4444444444444444,False,0.625,2.5,ori101,boundary,r201,manual_review_uncertain,blocked_manual_review,blocked,mixed_or_high_uncertain_evidence,boundary_or_skin_region,false
E_N006549_N006551,11613,N006549,N006551,design_present_or_unmapped,ct_uncertain,uncertain_review_required,uncertain,review_required,uncertain_ct_observation|threshold_sensitive|registration_unstable,mixed_or_borderline_ct_evidence,2,1108,2.1999999999999997,0.4583333333333333,0.5416666666666666,1.125,0.31419705197827774,1.1,False,0.6666666666666666,2.5,ori110,boundary,r221,manual_review_uncertain,blocked_manual_review,blocked,mixed_or_high_uncertain_evidence,boundary_or_skin_region,false
E_N001253_N002517,4452,N001253,N002517,design_present_or_unmapped,ct_uncertain,uncertain_review_required,uncertain,review_required,uncertain_ct_observation|threshold_sensitive|registration_unstable,mixed_or_borderline_ct_evidence,2,1110,2.19375,0.4166666666666667,0.3333333333333333,1.2083333333333333,3.6814814814814816,1.25,False,0.7083333333333334,2.5,ori011,boundary,r200,manual_review_uncertain,blocked_manual_review,blocked,mixed_or_high_uncertain_evidence,boundary_or_skin_region,false
E_N003647_N004911,8704,N003647,N004911,design_present_or_unmapped,ct_uncertain,uncertain_review_required,uncertain,review_required,uncertain_ct_observation|threshold_sensitive|registration_unstable,mixed_or_borderline_ct_evidence,2,1123,2.1729166666666666,0.4583333333333333,0.3333333333333333,1.2916666666666667,2.782608695652174,1.25,False,0.7916666666666667,2.5,ori011,boundary,r201,manual_review_uncertain,blocked_manual_review,blocked,mixed_or_high_uncertain_evidence,boundary_or_skin_region,false
E_N004404_N005541,9816,N004404,N005541,design_present_or_unmapped,ct_uncertain,uncertain_review_required,uncertain,review_required,uncertain_ct_observation|threshold_sensitive|registration_unstable,mixed_or_borderline_ct_evidence,2,1152,2.1208333333333336,0.25,0.625,1.2083333333333333,0.32655654383735705,0.75,False,0.5833333333333334,2.5,ori101,boundary,r221,manual_review_uncertain,blocked_manual_review,blocked,mixed_or_high_uncertain_evidence,boundary_or_skin_region,false
E_N001379_N001385,2663,N001379,N001385,design_present_or_unmapped,ct_uncertain,uncertain_review_required,uncertain,review_required,uncertain_ct_observation|threshold_sensitive|registration_unstable,mixed_or_borderline_ct_evidence,2,1170,2.099387254901961,0.5833333333333334,0.2916666666666667,1.75,0.256891495601173,1.343137254901961,False,0.7916666666666667,2.5,ori101,boundary,r200,manual_review_uncertain,blocked_manual_review,blocked,mixed_or_high_uncertain_evidence,boundary_or_skin_region,false
E_N000499_N000501,872,N000499,N000501,design_present_or_unmapped,ct_uncertain,uncertain_review_required,uncertain,review_required,uncertain_ct_observation|threshold_sensitive|registration_unstable,mixed_or_borderline_ct_evidence,2,1171,2.0965277777777778,0.3333333333333333,0.3333333333333333,8.333333333333334,-0.3745792594967142,1.1111111111111112,False,0.5416666666666667,2.5,ori101,boundary,r210,manual_review_uncertain,blocked_manual_review,blocked,mixed_or_high_uncertain_evidence,boundary_or_skin_region,false
E_N000118_N000124,207,N000118,N000124,design_present_or_unmapped,ct_uncertain,uncertain_review_required,uncertain,review_required,uncertain_ct_observation|threshold_sensitive|registration_unstable,mixed_or_borderline_ct_evidence,2,1201,2.052083333333333,0.6666666666666666,0.3333333333333333,2.125,-0.10950704225352113,1.4,True,0.5416666666666667,2.5,ori101,boundary,r200,manual_review_uncertain,blocked_manual_review,blocked,mixed_or_high_uncertain_evidence,boundary_or_skin_region,false
E_N007553_N008691,15413,N007553,N008691,design_present_or_unmapped,ct_uncertain,uncertain_review_required,uncertain,review_required,uncertain_ct_observation|threshold_sensitive|registration_unstable,mixed_or_borderline_ct_evidence,2,1208,2.0374999999999996,0.4583333333333333,0.5416666666666666,1.4583333333333333,0.41025641025641024,1.0,False,0.41666666666666663,2.5,ori011,boundary,r212,manual_review_uncertain,blocked_manual_review,blocked,mixed_or_high_uncertain_evidence,boundary_or_skin_region,false
E_N007175_N008439,14972,N007175,N008439,design_present_or_unmapped,ct_uncertain,uncertain_review_required,uncertain,review_required,uncertain_ct_observation|threshold_sensitive|registration_unstable,mixed_or_borderline_ct_evidence,2,1219,2.0270833333333336,0.4166666666666667,0.375,1.0833333333333333,0.005813953488372093,1.0,False,0.875,2.5,ori011,boundary,r212,manual_review_uncertain,blocked_manual_review,blocked,mixed_or_high_uncertain_evidence,boundary_or_skin_region,false
E_N008814_N009951,17912,N008814,N009951,design_present_or_unmapped,ct_uncertain,uncertain_review_required,uncertain,review_required,uncertain_ct_observation|threshold_sensitive|registration_unstable,mixed_or_borderline_ct_evidence,3,1299,1.9973214285714285,0.3333333333333333,0.5833333333333334,1.3333333333333333,-0.42151394422310756,0.8035714285714286,False,0.375,2.5,ori101,boundary,r222,manual_review_uncertain,blocked_manual_review,blocked,mixed_or_high_uncertain_evidence,boundary_or_skin_region,false
E_N006297_N006299,11173,N006297,N006299,design_present_or_unmapped,ct_uncertain,uncertain_review_required,uncertain,review_required,uncertain_ct_observation|threshold_sensitive|registration_unstable,mixed_or_borderline_ct_evidence,2,1301,1.9916666666666667,0.4583333333333333,0.5416666666666666,1.5416666666666667,0.5309842041312273,0.8708333333333333,False,0.75,2.5,ori110,boundary,r211,manual_review_uncertain,blocked_manual_review,blocked,mixed_or_high_uncertain_evidence,boundary_or_skin_region,false
E_N002517_N002519,4465,N002517,N002519,design_present_or_unmapped,ct_uncertain,uncertain_review_required,uncertain,review_required,uncertain_ct_observation|threshold_sensitive|registration_unstable,mixed_or_borderline_ct_evidence,2,1318,1.9645833333333333,0.625,0.16666666666666666,1.4583333333333333,0.3094569288389513,1.3333333333333333,False,0.9583333333333334,2.5,ori110,boundary,r200,manual_review_uncertain,blocked_manual_review,blocked,mixed_or_high_uncertain_evidence,boundary_or_skin_region,false
E_N007553_N007559,13623,N007553,N007559,design_present_or_unmapped,ct_uncertain,uncertain_review_required,uncertain,review_required,uncertain_ct_observation|threshold_sensitive|registration_unstable,mixed_or_borderline_ct_evidence,2,1336,1.9437499999999999,0.5416666666666666,0.4583333333333333,1.75,-0.43521594684385384,1.0,False,0.7083333333333334,2.5,ori101,boundary,r212,manual_review_uncertain,blocked_manual_review,blocked,mixed_or_high_uncertain_evidence,boundary_or_skin_region,false
E_N004907_N004913,8931,N004907,N004913,design_present_or_unmapped,ct_uncertain,uncertain_review_required,uncertain,review_required,uncertain_ct_observation|threshold_sensitive|registration_unstable,mixed_or_borderline_ct_evidence,2,1380,1.8828947368421052,0.6666666666666666,0.25,3.4166666666666665,1.4486725663716815,1.3245614035087718,False,0.5,2.5,ori101,boundary,r201,manual_review_uncertain,blocked_manual_review,blocked,mixed_or_high_uncertain_evidence,boundary_or_skin_region,false
E_N006671_N006677,12079,N006671,N006677,design_present_or_unmapped,ct_uncertain,uncertain_review_required,uncertain,review_required,uncertain_ct_observation|threshold_sensitive|registration_unstable,mixed_or_borderline_ct_evidence,2,1383,1.8784722222222223,0.4166666666666667,0.5833333333333334,2.75,0.08444444444444445,0.788888888888889,False,0.29166666666666663,2.5,ori101,boundary,r221,manual_review_uncertain,blocked_manual_review,blocked,mixed_or_high_uncertain_evidence,boundary_or_skin_region,false
E_N003648_N004785,8496,N003648,N004785,design_present_or_unmapped,ct_uncertain,uncertain_review_required,uncertain,review_required,uncertain_ct_observation|threshold_sensitive|registration_unstable,mixed_or_borderline_ct_evidence,2,1402,1.8681277056277057,0.6666666666666666,0.16666666666666666,2.7916666666666665,0.9241034195162635,1.3722943722943723,False,0.5833333333333333,2.5,ori101,boundary,r201,manual_review_uncertain,blocked_manual_review,blocked,mixed_or_high_uncertain_evidence,boundary_or_skin_region,false
E_N008183_N008187,14535,N008183,N008187,design_present_or_unmapped,ct_uncertain,uncertain_review_required,uncertain,review_required,uncertain_ct_observation|threshold_sensitive|registration_unstable,mixed_or_borderline_ct_evidence,2,1410,1.857440476190476,0.5833333333333334,0.20833333333333334,1.375,0.6535626535626535,1.1428571428571428,False,0.9583333333333334,2.5,ori011,boundary,r202,manual_review_uncertain,blocked_manual_review,blocked,mixed_or_high_uncertain_evidence,boundary_or_skin_region,false
E_N005285_N005291,9591,N005285,N005291,design_present_or_unmapped,ct_uncertain,uncertain_review_required,uncertain,review_required,uncertain_ct_observation|threshold_sensitive|registration_unstable,mixed_or_borderline_ct_evidence,2,1417,1.85,0.4166666666666667,0.2916666666666667,1.4583333333333333,-0.005709624796084829,1.0,False,0.5,2.5,ori101,boundary,r211,manual_review_uncertain,blocked_manual_review,blocked,mixed_or_high_uncertain_evidence,boundary_or_skin_region,false
E_N008187_N008189,14545,N008187,N008189,design_present_or_unmapped,ct_uncertain,uncertain_review_required,uncertain,review_required,uncertain_ct_observation|threshold_sensitive|registration_unstable,mixed_or_borderline_ct_evidence,2,1419,1.8499999999999999,0.7916666666666666,0.20833333333333334,2.125,0.5594184576485461,1.3333333333333333,False,1.0,2.5,ori110,boundary,r202,manual_review_uncertain,blocked_manual_review,blocked,mixed_or_high_uncertain_evidence,boundary_or_skin_region,false
E_N002386_N002392,4239,N002386,N002392,design_present_or_unmapped,ct_uncertain,uncertain_review_required,uncertain,review_required,uncertain_ct_observation|threshold_sensitive|registration_unstable,mixed_or_borderline_ct_evidence,2,1441,1.8283051378446116,0.7083333333333334,0.2916666666666667,2.2916666666666665,0.2408105560791706,1.3220551378446115,False,0.29166666666666663,2.5,ori101,boundary,r200,manual_review_uncertain,blocked_manual_review,blocked,mixed_or_high_uncertain_evidence,boundary_or_skin_region,false
E_N003773_N003779,6915,N003773,N003779,design_present_or_unmapped,ct_uncertain,uncertain_review_required,uncertain,review_required,uncertain_ct_observation|threshold_sensitive|registration_unstable,mixed_or_borderline_ct_evidence,2,1535,1.7741071428571427,0.7083333333333334,0.20833333333333334,3.4583333333333335,0.4214162348877375,1.3095238095238095,False,0.4583333333333333,2.5,ori101,boundary,r201,manual_review_uncertain,blocked_manual_review,blocked,mixed_or_high_uncertain_evidence,boundary_or_skin_region,false
E_N008435_N008439,14975,N008435,N008439,design_present_or_unmapped,ct_uncertain,uncertain_review_required,uncertain,review_required,uncertain_ct_observation|threshold_sensitive|registration_unstable,mixed_or_borderline_ct_evidence,2,1543,1.770138888888889,0.5833333333333334,0.4166666666666667,1.25,-0.20281124497991967,0.8888888888888888,False,0.7916666666666666,2.5,ori011,boundary,r212,manual_review_uncertain,blocked_manual_review,blocked,mixed_or_high_uncertain_evidence,boundary_or_skin_region,false
E_N004785_N004787,8497,N004785,N004787,design_present_or_unmapped,ct_uncertain,uncertain_review_required,uncertain,review_required,uncertain_ct_observation|threshold_sensitive|registration_unstable,mixed_or_borderline_ct_evidence,2,1605,1.7458333333333331,0.7916666666666666,0.20833333333333334,1.75,0.8041958041958042,1.3333333333333333,False,0.5833333333333333,2.5,ori110,boundary,r201,manual_review_uncertain,blocked_manual_review,blocked,mixed_or_high_uncertain_evidence,boundary_or_skin_region,false
E_N007053_N007055,12529,N007053,N007055,design_present_or_unmapped,ct_uncertain,uncertain_review_required,uncertain,review_required,uncertain_ct_observation|threshold_sensitive|registration_unstable,mixed_or_borderline_ct_evidence,2,1615,1.7354166666666668,0.75,0.25,3.75,1.5410557184750733,1.25,False,0.5416666666666667,2.5,ori110,boundary,r202,manual_review_uncertain,blocked_manual_review,blocked,mixed_or_high_uncertain_evidence,boundary_or_skin_region,false
E_N005789_N005916,12509,N005789,N005916,design_present_or_unmapped,ct_uncertain,uncertain_review_required,uncertain,review_required,uncertain_ct_observation|threshold_sensitive|registration_unstable,mixed_or_borderline_ct_evidence,2,1620,1.7324404761904761,0.7916666666666666,0.20833333333333334,2.2083333333333335,0.7336309523809523,1.3095238095238095,False,0.625,2.5,ori110,boundary,r202,manual_review_uncertain,blocked_manual_review,blocked,mixed_or_high_uncertain_evidence,boundary_or_skin_region,false
E_N006546_N007683,13628,N006546,N007683,design_present_or_unmapped,ct_uncertain,uncertain_review_required,uncertain,review_required,uncertain_ct_observation|threshold_sensitive|registration_unstable,mixed_or_borderline_ct_evidence,2,1763,1.6476190476190478,0.4583333333333333,0.375,1.5416666666666667,-0.39927007299270073,0.7142857142857143,False,0.6666666666666667,2.5,ori101,boundary,r222,manual_review_uncertain,blocked_manual_review,blocked,mixed_or_high_uncertain_evidence,boundary_or_skin_region,false
E_N001257_N001259,2229,N001257,N001259,design_present_or_unmapped,ct_uncertain,uncertain_review_required,uncertain,review_required,uncertain_ct_observation|threshold_sensitive|registration_unstable,mixed_or_borderline_ct_evidence,2,1787,1.6312499999999999,0.7083333333333334,0.20833333333333334,2.8333333333333335,1.6889460154241644,1.1666666666666667,False,0.4583333333333333,2.5,ori110,boundary,r200,manual_review_uncertain,blocked_manual_review,blocked,mixed_or_high_uncertain_evidence,boundary_or_skin_region,false
E_N007679_N008943,15852,N007679,N008943,design_present_or_unmapped,ct_uncertain,uncertain_review_required,uncertain,review_required,uncertain_ct_observation|threshold_sensitive|registration_unstable,mixed_or_borderline_ct_evidence,2,1796,1.6208333333333333,0.6666666666666666,0.20833333333333334,1.6666666666666667,-0.6393617021276595,1.0,False,0.9166666666666666,2.5,ori011,boundary,r222,manual_review_uncertain,blocked_manual_review,blocked,mixed_or_high_uncertain_evidence,boundary_or_skin_region,false
E_N008939_N008943,15855,N008939,N008943,design_present_or_unmapped,ct_uncertain,uncertain_review_required,uncertain,review_required,uncertain_ct_observation|threshold_sensitive|registration_unstable,mixed_or_borderline_ct_evidence,2,1849,1.6,0.6666666666666666,0.16666666666666666,1.7916666666666667,-0.7666999002991027,1.0,False,1.0,2.5,ori011,boundary,r222,manual_review_uncertain,blocked_manual_review,blocked,mixed_or_high_uncertain_evidence,boundary_or_skin_region,false
E_N000246_N001383,2448,N000246,N001383,design_present_or_unmapped,ct_uncertain,uncertain_review_required,uncertain,review_required,uncertain_ct_observation|threshold_sensitive|registration_unstable,mixed_or_borderline_ct_evidence,3,1856,1.5937499999999998,0.9166666666666666,0.08333333333333333,2.3333333333333335,-0.3688498903165152,1.3333333333333333,False,0.7083333333333333,2.5,ori101,boundary,r200,manual_review_uncertain,blocked_manual_review,blocked,mixed_or_high_uncertain_evidence,boundary_or_skin_region,false
E_N008439_N008441,14985,N008439,N008441,design_present_or_unmapped,ct_uncertain,uncertain_review_required,uncertain,review_required,uncertain_ct_observation|threshold_sensitive|registration_unstable,mixed_or_borderline_ct_evidence,2,1857,1.5925595238095238,0.625,0.2916666666666667,2.125,-0.082464884458541,0.8571428571428571,False,0.875,2.5,ori110,boundary,r212,manual_review_uncertain,blocked_manual_review,blocked,mixed_or_high_uncertain_evidence,boundary_or_skin_region,false
E_N008561_N008565,15195,N008561,N008565,design_present_or_unmapped,ct_uncertain,uncertain_review_required,uncertain,review_required,uncertain_ct_observation|threshold_sensitive|registration_unstable,mixed_or_borderline_ct_evidence,2,2151,1.426388888888889,0.75,0.25,1.5833333333333333,-0.21059602649006623,0.8888888888888888,False,0.75,2.5,ori011,boundary,r212,manual_review_uncertain,blocked_manual_review,blocked,mixed_or_high_uncertain_evidence,boundary_or_skin_region,false
E_N000875_N000876,3530,N000875,N000876,design_present_or_unmapped,ct_uncertain,uncertain_review_required,uncertain,review_required,uncertain_ct_observation|threshold_sensitive|registration_unstable,mixed_or_borderline_ct_evidence,2,4851,0.725,0.9583333333333334,0.041666666666666664,4.166666666666667,-0.636049524906421,0.6,False,0.33333333333333337,2.5,ori110,boundary,r220,manual_review_uncertain,blocked_manual_review,blocked,mixed_or_high_uncertain_evidence,boundary_or_skin_region,false
E_N002146_N002152,3782,N002146,N002152,design_present_or_unmapped,ct_missing_like_uncertain,uncertain_review_required,uncertain,review_required,uncertain_ct_observation|registration_unstable,moderate_missing_evidence_not_enough_for_absent_or_disconnected,4,69,4.625,0.3333333333333333,0.6666666666666666,1.6666666666666667,0.6197866149369544,3.4,False,0.16666666666666669,2.5,ori011,boundary,r020,manual_review_uncertain,blocked_manual_review,blocked,mixed_or_high_uncertain_evidence,boundary_or_skin_region,false
E_N001012_N001018,1766,N001012,N001018,design_present_or_unmapped,ct_missing_like_uncertain,uncertain_review_required,uncertain,review_required,uncertain_ct_observation|registration_unstable,moderate_missing_evidence_not_enough_for_absent_or_disconnected,3,263,3.4270833333333335,0.5416666666666666,0.4583333333333333,4.25,0.9920823436262867,2.65,False,0.04166666666666674,2.5,ori011,boundary,r020,manual_review_uncertain,blocked_manual_review,blocked,mixed_or_high_uncertain_evidence,boundary_or_skin_region,false
E_N006938_N006940,12328,N006938,N006940,design_present_or_unmapped,ct_missing_like_uncertain,uncertain_review_required,uncertain,review_required,uncertain_ct_observation|registration_unstable,moderate_missing_evidence_not_enough_for_absent_or_disconnected,3,405,3.321969696969697,0.6666666666666666,0.3333333333333333,10.708333333333334,5.205858421480879,2.7636363636363637,False,0.16666666666666674,2.5,ori101,boundary,r002,manual_review_uncertain,blocked_manual_review,blocked,mixed_or_high_uncertain_evidence,boundary_or_skin_region,false
E_N000129_N000262,444,N000129,N000262,design_present_or_unmapped,ct_uncertain,uncertain_review_required,uncertain,review_required,uncertain_ct_observation|near_all_edge_threshold|registration_unstable,mixed_or_borderline_ct_evidence,2,599,3.0,1.0,0.0,11.583333333333334,1.8215652173913044,3.0,True,0.0,2.5,ori011,boundary,r000,manual_review_uncertain,blocked_manual_review,blocked,mixed_or_high_uncertain_evidence,boundary_or_skin_region,false
E_N000634_N000640,1106,N000634,N000640,design_present_or_unmapped,ct_uncertain,uncertain_review_required,uncertain,review_required,uncertain_ct_observation|near_all_edge_threshold|registration_unstable,mixed_or_borderline_ct_evidence,2,602,3.0,1.0,0.0,6.041666666666667,1.5260896255371394,3.0,True,0.0,2.5,ori011,boundary,r010,manual_review_uncertain,blocked_manual_review,blocked,mixed_or_high_uncertain_evidence,boundary_or_skin_region,false
E_N001768_N001774,3122,N001768,N001774,design_present_or_unmapped,ct_uncertain,uncertain_review_required,uncertain,review_required,uncertain_ct_observation|near_all_edge_threshold|registration_unstable,mixed_or_borderline_ct_evidence,2,603,3.0,1.0,0.0,6.458333333333333,1.6714553404122423,3.0,True,0.0,2.5,ori011,boundary,r010,manual_review_uncertain,blocked_manual_review,blocked,mixed_or_high_uncertain_evidence,boundary_or_skin_region,false
E_N004908_N006045,10732,N004908,N006045,design_present_or_unmapped,ct_missing_like_uncertain,uncertain_review_required,uncertain,review_required,uncertain_ct_observation|near_all_edge_threshold|registration_unstable,moderate_missing_evidence_not_enough_for_absent_or_disconnected,4,624,2.957638888888889,0.25,0.75,1.6666666666666667,0.5428571428571428,1.5555555555555556,False,0.20833333333333334,2.5,ori101,boundary,r201,manual_review_uncertain,blocked_manual_review,blocked,mixed_or_high_uncertain_evidence,boundary_or_skin_region,false
E_N006308_N007444,13209,N006308,N007444,design_present_or_unmapped,ct_missing_like_uncertain,uncertain_review_required,uncertain,review_required,uncertain_ct_observation|near_all_edge_threshold|registration_unstable,moderate_missing_evidence_not_enough_for_absent_or_disconnected,3,654,2.866369047619048,0.625,0.375,5.875,0.5399610136452242,2.2142857142857144,False,0.20833333333333331,2.5,ori101,boundary,r012,manual_review_uncertain,blocked_manual_review,blocked,mixed_or_high_uncertain_evidence,boundary_or_skin_region,false
E_N003018_N004155,7360,N003018,N004155,design_present_or_unmapped,ct_missing_like_uncertain,uncertain_review_required,uncertain,review_required,uncertain_ct_observation|near_all_edge_threshold|registration_unstable,moderate_missing_evidence_not_enough_for_absent_or_disconnected,4,675,2.801388888888889,0.08333333333333333,0.75,0.4583333333333333,0.518840579710145,1.2222222222222223,False,0.25,2.5,ori101,boundary,r211,manual_review_uncertain,blocked_manual_review,blocked,mixed_or_high_uncertain_evidence,boundary_or_skin_region,false
E_N003017_N003023,5559,N003017,N003023,design_present_or_unmapped,ct_missing_like_uncertain,uncertain_review_required,uncertain,review_required,uncertain_ct_observation|near_all_edge_threshold|registration_unstable,moderate_missing_evidence_not_enough_for_absent_or_disconnected,5,678,2.7909722222222224,0.041666666666666664,0.7083333333333334,0.25,0.6158730158730159,1.2222222222222223,False,0.20833333333333334,2.5,ori101,boundary,r210,manual_review_uncertain,blocked_manual_review,blocked,mixed_or_high_uncertain_evidence,boundary_or_skin_region,false
E_N001002_N002139,3768,N001002,N002139,design_present_or_unmapped,ct_missing_like_uncertain,uncertain_review_required,uncertain,review_required,uncertain_ct_observation|near_all_edge_threshold|registration_unstable,moderate_missing_evidence_not_enough_for_absent_or_disconnected,4,691,2.748809523809524,0.0,1.0,0.08333333333333333,0.07888631090487239,0.8571428571428571,False,0.16666666666666666,2.5,ori101,boundary,r220,manual_review_uncertain,blocked_manual_review,blocked,mixed_or_high_uncertain_evidence,boundary_or_skin_region,false
E_N002010_N003147,5564,N002010,N003147,design_present_or_unmapped,ct_missing_like_uncertain,uncertain_review_required,uncertain,review_required,uncertain_ct_observation|near_all_edge_threshold|registration_unstable,moderate_missing_evidence_not_enough_for_absent_or_disconnected,5,703,2.7312499999999997,0.0,1.0,0.0,-0.24025974025974026,0.8708333333333333,False,0.041666666666666664,2.5,ori101,boundary,r220,manual_review_uncertain,blocked_manual_review,blocked,mixed_or_high_uncertain_evidence,boundary_or_skin_region,false
E_N001883_N001889,3543,N001883,N001889,design_present_or_unmapped,ct_missing_like_uncertain,uncertain_review_required,uncertain,review_required,uncertain_ct_observation|near_all_edge_threshold|registration_unstable,moderate_missing_evidence_not_enough_for_absent_or_disconnected,5,704,2.728472222222222,0.041666666666666664,0.6666666666666666,0.125,0.34923076923076923,1.2222222222222223,False,0.125,2.5,ori101,boundary,r210,manual_review_uncertain,blocked_manual_review,blocked,mixed_or_high_uncertain_evidence,boundary_or_skin_region,false
E_N002135_N002141,4015,N002135,N002141,design_present_or_unmapped,ct_missing_like_uncertain,uncertain_review_required,uncertain,review_required,uncertain_ct_observation|near_all_edge_threshold|registration_unstable,moderate_missing_evidence_not_enough_for_absent_or_disconnected,4,705,2.7279761904761908,0.0,1.0,0.125,0.3328290468986384,0.8571428571428571,False,0.08333333333333333,2.5,ori101,boundary,r220,manual_review_uncertain,blocked_manual_review,blocked,mixed_or_high_uncertain_evidence,boundary_or_skin_region,false
E_N004277_N004283,7795,N004277,N004283,design_present_or_unmapped,ct_missing_like_uncertain,uncertain_review_required,uncertain,review_required,uncertain_ct_observation|near_all_edge_threshold|registration_unstable,moderate_missing_evidence_not_enough_for_absent_or_disconnected,5,706,2.7279761904761908,0.0,1.0,0.08333333333333333,-0.09444444444444444,0.8571428571428571,False,0.08333333333333333,2.5,ori101,boundary,r221,manual_review_uncertain,blocked_manual_review,blocked,mixed_or_high_uncertain_evidence,boundary_or_skin_region,false
E_N002136_N003273,5784,N002136,N003273,design_present_or_unmapped,ct_missing_like_uncertain,uncertain_review_required,uncertain,review_required,uncertain_ct_observation|near_all_edge_threshold|registration_unstable,moderate_missing_evidence_not_enough_for_absent_or_disconnected,5,726,2.720833333333333,0.0,1.0,0.0,-0.012711864406779662,0.8708333333333333,False,0.0,2.5,ori101,boundary,r220,manual_review_uncertain,blocked_manual_review,blocked,mixed_or_high_uncertain_evidence,boundary_or_skin_region,false
E_N003144_N004281,7580,N003144,N004281,design_present_or_unmapped,ct_missing_like_uncertain,uncertain_review_required,uncertain,review_required,uncertain_ct_observation|near_all_edge_threshold|registration_unstable,moderate_missing_evidence_not_enough_for_absent_or_disconnected,5,739,2.720833333333333,0.0,1.0,0.0,-0.3076923076923077,0.8708333333333333,False,0.0,2.5,ori101,boundary,r221,manual_review_uncertain,blocked_manual_review,blocked,mixed_or_high_uncertain_evidence,boundary_or_skin_region,false
E_N003143_N003149,5779,N003143,N003149,design_present_or_unmapped,ct_missing_like_uncertain,uncertain_review_required,uncertain,review_required,uncertain_ct_observation|near_all_edge_threshold|registration_unstable,moderate_missing_evidence_not_enough_for_absent_or_disconnected,4,822,2.711904761904762,0.0,1.0,0.041666666666666664,0.45269016697588127,0.861904761904762,False,0.0,2.5,ori101,boundary,r220,manual_review_uncertain,blocked_manual_review,blocked,mixed_or_high_uncertain_evidence,boundary_or_skin_region,false
E_N001129_N001131,2008,N001129,N001131,design_present_or_unmapped,ct_missing_like_uncertain,uncertain_review_required,uncertain,review_required,uncertain_ct_observation|near_all_edge_threshold|registration_unstable,moderate_missing_evidence_not_enough_for_absent_or_disconnected,4,851,2.6389880952380955,0.041666666666666664,0.9583333333333334,0.375,-0.20403458213256484,0.861904761904762,False,0.041666666666666664,2.5,ori101,boundary,r220,manual_review_uncertain,blocked_manual_review,blocked,mixed_or_high_uncertain_evidence,boundary_or_skin_region,false
E_N000749_N000755,1527,N000749,N000755,design_present_or_unmapped,ct_missing_like_uncertain,uncertain_review_required,uncertain,review_required,uncertain_ct_observation|near_all_edge_threshold|registration_unstable,moderate_missing_evidence_not_enough_for_absent_or_disconnected,4,872,2.6032679738562092,0.16666666666666666,0.7083333333333334,1.3333333333333333,-0.16176470588235295,1.1699346405228759,False,0.16666666666666669,2.5,ori101,boundary,r210,manual_review_uncertain,blocked_manual_review,blocked,mixed_or_high_uncertain_evidence,boundary_or_skin_region,false
E_N007564_N008707,15660,N007564,N008707,design_present_or_unmapped,ct_uncertain,uncertain_review_required,uncertain,review_required,uncertain_ct_observation|near_all_edge_threshold|registration_unstable,mixed_or_borderline_ct_evidence,2,912,2.5107142857142857,0.5,0.5,4.458333333333333,0.691358024691358,1.619047619047619,False,0.16666666666666669,2.5,ori101,boundary,r022,manual_review_uncertain,blocked_manual_review,blocked,mixed_or_high_uncertain_evidence,boundary_or_skin_region,false
E_N000751_N000753,1312,N000751,N000753,design_present_or_unmapped,ct_missing_like_uncertain,uncertain_review_required,uncertain,review_required,uncertain_ct_observation|near_all_edge_threshold|registration_unstable,moderate_missing_evidence_not_enough_for_absent_or_disconnected,3,935,2.4956290849673204,0.25,0.75,7.166666666666667,-0.8391951006124234,1.1143790849673203,False,0.12499999999999997,2.5,ori101,boundary,r210,manual_review_uncertain,blocked_manual_review,blocked,mixed_or_high_uncertain_evidence,boundary_or_skin_region,false
E_N001003_N001005,1752,N001003,N001005,design_present_or_unmapped,ct_missing_like_uncertain,uncertain_review_required,uncertain,review_required,uncertain_ct_observation|near_all_edge_threshold|registration_unstable,moderate_missing_evidence_not_enough_for_absent_or_disconnected,3,942,2.4779761904761908,0.125,0.875,2.2916666666666665,-0.4261962692619627,0.8571428571428571,False,0.08333333333333333,2.5,ori101,boundary,r220,manual_review_uncertain,blocked_manual_review,blocked,mixed_or_high_uncertain_evidence,boundary_or_skin_region,false
E_N001011_N001018,1765,N001011,N001018,design_present_or_unmapped,ct_uncertain,uncertain_review_required,uncertain,review_required,uncertain_ct_observation|near_all_edge_threshold|registration_unstable,mixed_or_borderline_ct_evidence,2,976,2.40625,0.875,0.125,6.875,1.669814620496677,2.25,False,0.125,2.5,ori011,boundary,r020,manual_review_uncertain,blocked_manual_review,blocked,mixed_or_high_uncertain_evidence,boundary_or_skin_region,false
E_N001642_N002785,5140,N001642,N002785,design_present_or_unmapped,ct_uncertain,uncertain_review_required,uncertain,review_required,uncertain_ct_observation|near_all_edge_threshold|registration_unstable,mixed_or_borderline_ct_evidence,2,979,2.402083333333333,0.7083333333333334,0.2916666666666667,7.791666666666667,1.9815585960737656,1.9375,False,0.125,2.5,ori101,boundary,r010,manual_review_uncertain,blocked_manual_review,blocked,mixed_or_high_uncertain_evidence,boundary_or_skin_region,false
E_N006052_N007195,12984,N006052,N007195,design_present_or_unmapped,ct_uncertain,uncertain_review_required,uncertain,review_required,uncertain_ct_observation|near_all_edge_threshold|registration_unstable,mixed_or_borderline_ct_evidence,2,986,2.393154761904762,0.7083333333333334,0.2916666666666667,8.375,2.3072739632902786,1.9285714285714286,False,0.125,2.5,ori101,boundary,r012,manual_review_uncertain,blocked_manual_review,blocked,mixed_or_high_uncertain_evidence,boundary_or_skin_region,false
E_N006430_N007573,13644,N006430,N007573,design_present_or_unmapped,ct_uncertain,uncertain_review_required,uncertain,review_required,uncertain_ct_observation|near_all_edge_threshold|registration_unstable,mixed_or_borderline_ct_evidence,2,1000,2.367857142857143,0.5,0.5,5.0,1.4654300168634065,1.4761904761904763,False,0.16666666666666669,2.5,ori101,boundary,r022,manual_review_uncertain,blocked_manual_review,blocked,mixed_or_high_uncertain_evidence,boundary_or_skin_region,false
E_N000877_N000879,1532,N000877,N000879,design_present_or_unmapped,ct_missing_like_uncertain,uncertain_review_required,uncertain,review_required,uncertain_ct_observation|near_all_edge_threshold|registration_unstable,moderate_missing_evidence_not_enough_for_absent_or_disconnected,3,1029,2.3217261904761903,0.20833333333333334,0.7916666666666666,4.708333333333333,-0.5819896562214786,0.8571428571428571,False,0.125,2.5,ori101,boundary,r220,manual_review_uncertain,blocked_manual_review,blocked,mixed_or_high_uncertain_evidence,boundary_or_skin_region,false
E_N002009_N002015,3763,N002009,N002015,design_present_or_unmapped,ct_missing_like_uncertain,uncertain_review_required,uncertain,review_required,uncertain_ct_observation|registration_unstable,moderate_missing_evidence_not_enough_for_absent_or_disconnected,3,1040,2.305654761904762,0.125,0.6666666666666666,0.25,0.49477351916376305,0.861904761904762,False,0.20833333333333334,2.5,ori101,boundary,r220,manual_review_uncertain,blocked_manual_review,blocked,mixed_or_high_uncertain_evidence,boundary_or_skin_region,false
E_N002387_N002393,4459,N002387,N002393,design_present_or_unmapped,ct_uncertain,uncertain_review_required,uncertain,review_required,uncertain_ct_observation|registration_unstable,mixed_or_borderline_ct_evidence,2,1042,2.301388888888889,0.4583333333333333,0.4583333333333333,2.0,1.069078947368421,1.3888888888888888,False,0.25,2.5,ori101,boundary,r200,manual_review_uncertain,blocked_manual_review,blocked,mixed_or_high_uncertain_evidence,boundary_or_skin_region,false
E_N004152_N005289,9376,N004152,N005289,design_present_or_unmapped,ct_uncertain,uncertain_review_required,uncertain,review_required,uncertain_ct_observation|registration_unstable,mixed_or_borderline_ct_evidence,2,1066,2.2527777777777778,0.375,0.625,2.1666666666666665,0.434375,1.1111111111111112,False,0.16666666666666669,2.5,ori101,boundary,r211,manual_review_uncertain,blocked_manual_review,blocked,mixed_or_high_uncertain_evidence,boundary_or_skin_region,false
E_N005048_N005050,8956,N005048,N005050,design_present_or_unmapped,ct_uncertain,uncertain_review_required,uncertain,review_required,uncertain_ct_observation|registration_unstable,mixed_or_borderline_ct_evidence,2,1091,2.2175595238095243,0.6666666666666666,0.3333333333333333,8.666666666666666,3.283649503161698,1.6696428571428572,False,0.125,2.5,ori101,boundary,r011,manual_review_uncertain,blocked_manual_review,blocked,mixed_or_high_uncertain_evidence,boundary_or_skin_region,false
E_N005538_N006675,11832,N005538,N006675,design_present_or_unmapped,ct_uncertain,uncertain_review_required,uncertain,review_required,uncertain_ct_observation|registration_unstable,mixed_or_borderline_ct_evidence,2,1119,2.1869047619047617,0.25,0.75,1.1666666666666667,0.1662870159453303,0.7952380952380952,False,0.16666666666666669,2.5,ori101,boundary,r221,manual_review_uncertain,blocked_manual_review,blocked,mixed_or_high_uncertain_evidence,boundary_or_skin_region,false
E_N005426_N005428,9616,N005426,N005428,design_present_or_unmapped,ct_uncertain,uncertain_review_required,uncertain,review_required,uncertain_ct_observation|registration_unstable,mixed_or_borderline_ct_evidence,2,1159,2.1104166666666666,0.6666666666666666,0.3333333333333333,7.208333333333333,1.5667125171939478,1.5625,False,0.125,2.5,ori101,boundary,r021,manual_review_uncertain,blocked_manual_review,blocked,mixed_or_high_uncertain_evidence,boundary_or_skin_region,false
E_N008450_N008452,15004,N008450,N008452,design_present_or_unmapped,ct_uncertain,uncertain_review_required,uncertain,review_required,uncertain_ct_observation|registration_unstable,mixed_or_borderline_ct_evidence,2,1177,2.0910714285714285,0.8333333333333334,0.16666666666666666,8.541666666666666,3.575825825825826,1.8660714285714286,False,0.16666666666666663,2.5,ori101,boundary,r012,manual_review_uncertain,blocked_manual_review,blocked,mixed_or_high_uncertain_evidence,boundary_or_skin_region,false
E_N009584_N009586,17168,N009584,N009586,design_present_or_unmapped,ct_uncertain,uncertain_review_required,uncertain,review_required,uncertain_ct_observation|registration_unstable,mixed_or_borderline_ct_evidence,2,1195,2.058333333333333,0.7916666666666666,0.20833333333333334,9.958333333333334,0.24429802331474912,1.75,False,0.16666666666666663,2.5,ori101,boundary,r012,manual_review_uncertain,blocked_manual_review,blocked,mixed_or_high_uncertain_evidence,boundary_or_skin_region,false
E_N002776_N002785,5142,N002776,N002785,design_present_or_unmapped,ct_uncertain,uncertain_review_required,uncertain,review_required,uncertain_ct_observation|registration_unstable,mixed_or_borderline_ct_evidence,2,1209,2.0342261904761907,0.875,0.125,8.041666666666666,2.848182466143977,1.8571428571428572,False,0.20833333333333337,2.5,ori101,boundary,r010,manual_review_uncertain,blocked_manual_review,blocked,mixed_or_high_uncertain_evidence,boundary_or_skin_region,false
E_N006798_N007935,14104,N006798,N007935,design_present_or_unmapped,ct_uncertain,uncertain_review_required,uncertain,review_required,uncertain_ct_observation|registration_unstable,mixed_or_borderline_ct_evidence,3,1228,2.0196428571428573,0.375,0.625,1.4166666666666667,-0.6309055118110236,0.8571428571428571,False,0.24999999999999997,2.5,ori101,boundary,r222,manual_review_uncertain,blocked_manual_review,blocked,mixed_or_high_uncertain_evidence,boundary_or_skin_region,false
E_N002146_N003286,5797,N002146,N003286,design_present_or_unmapped,ct_uncertain,uncertain_review_required,uncertain,review_required,uncertain_ct_observation|registration_unstable,mixed_or_borderline_ct_evidence,2,1343,1.9354166666666668,0.875,0.125,8.583333333333334,5.33852544132918,1.8,False,0.04166666666666663,2.5,ori011,boundary,r020,manual_review_uncertain,blocked_manual_review,blocked,mixed_or_high_uncertain_evidence,boundary_or_skin_region,false
E_N005044_N006187,11188,N005044,N006187,design_present_or_unmapped,ct_uncertain,uncertain_review_required,uncertain,review_required,uncertain_ct_observation|registration_unstable,mixed_or_borderline_ct_evidence,2,1746,1.6666666666666667,0.875,0.125,10.166666666666666,2.5650140318054255,1.5,False,0.16666666666666663,2.5,ori101,boundary,r011,manual_review_uncertain,blocked_manual_review,blocked,mixed_or_high_uncertain_evidence,boundary_or_skin_region,false
E_N000386_N001522,2689,N000386,N001522,design_present_or_unmapped,ct_uncertain,uncertain_review_required,uncertain,review_required,uncertain_ct_observation|registration_unstable,mixed_or_borderline_ct_evidence,2,1854,1.59375,0.9583333333333334,0.041666666666666664,9.125,3.3220024721878865,1.5,False,0.20833333333333337,2.5,ori101,boundary,r010,manual_review_uncertain,blocked_manual_review,blocked,mixed_or_high_uncertain_evidence,boundary_or_skin_region,false
E_N000109_N000120,208,N000109,N000120,design_present_or_unmapped,ct_uncertain,uncertain_review_required,uncertain,review_required,uncertain_ct_observation|registration_unstable,mixed_or_borderline_ct_evidence,2,2638,1.2430555555555556,1.0,0.0,3.9166666666666665,-0.3269593956562795,1.2222222222222223,True,0.08333333333333337,2.5,ori101,boundary,r200,manual_review_uncertain,blocked_manual_review,blocked,mixed_or_high_uncertain_evidence,boundary_or_skin_region,false
E_N007679_N007685,13843,N007679,N007685,design_present_or_unmapped,ct_uncertain,uncertain_review_required,uncertain,review_required,uncertain_ct_observation|registration_unstable,mixed_or_borderline_ct_evidence,2,3118,1.0523809523809524,0.6666666666666666,0.3333333333333333,2.9583333333333335,-0.11584932480454868,0.4732142857142857,False,0.25,2.5,ori101,boundary,r222,manual_review_uncertain,blocked_manual_review,blocked,mixed_or_high_uncertain_evidence,boundary_or_skin_region,false
E_N009349_N009365,16714,N009349,N009365,design_present_or_unmapped,ct_missing_like_uncertain,uncertain_review_required,uncertain,review_required,uncertain_ct_observation|threshold_sensitive,moderate_missing_evidence_not_enough_for_absent_or_disconnected,3,87,4.016666666666667,0.6666666666666666,0.3333333333333333,4.208333333333333,5.2780638516992795,3.25,False,1.0,0.1565024250077669,ori110,boundary,r002,manual_review_uncertain,blocked_manual_review,blocked,mixed_or_high_uncertain_evidence,boundary_or_skin_region,false
E_N009099_N009223,16436,N009099,N009223,design_present_or_unmapped,ct_uncertain,uncertain_review_required,uncertain,review_required,uncertain_ct_observation|threshold_sensitive,mixed_or_borderline_ct_evidence,2,206,3.697916666666667,0.9166666666666666,0.08333333333333333,5.083333333333333,6.274871794871795,3.375,True,0.9583333333333334,0.26269408352579154,ori110,boundary,r002,manual_review_uncertain,blocked_manual_review,blocked,mixed_or_high_uncertain_evidence,boundary_or_skin_region,false
E_N009209_N009225,16430,N009209,N009225,design_present_or_unmapped,ct_missing_like_uncertain,uncertain_review_required,uncertain,review_required,uncertain_ct_observation|threshold_sensitive,moderate_missing_evidence_not_enough_for_absent_or_disconnected,3,222,3.5833333333333335,0.9166666666666666,0.08333333333333333,4.083333333333333,6.826568265682657,3.25,False,1.0,0.28670833200565715,ori110,boundary,r002,manual_review_uncertain,blocked_manual_review,blocked,mixed_or_high_uncertain_evidence,boundary_or_skin_region,false
E_N009085_N009209,16408,N009085,N009209,design_present_or_unmapped,ct_missing_like_uncertain,uncertain_review_required,uncertain,review_required,uncertain_ct_observation|threshold_sensitive,moderate_missing_evidence_not_enough_for_absent_or_disconnected,3,231,3.53125,0.9583333333333334,0.041666666666666664,4.708333333333333,5.525109170305677,3.25,False,0.9583333333333334,0.5310756210951564,ori110,boundary,r002,manual_review_uncertain,blocked_manual_review,blocked,mixed_or_high_uncertain_evidence,boundary_or_skin_region,false
E_N002883_N002993,5315,N002883,N002993,design_present_or_unmapped,ct_missing_like_uncertain,uncertain_review_required,uncertain,review_required,uncertain_ct_observation|threshold_sensitive,moderate_missing_evidence_not_enough_for_absent_or_disconnected,4,236,3.516666666666667,0.375,0.625,1.125,0.23378962536023054,2.166666666666667,False,1.0,1.0380597208928324,ori110,interior,r210,manual_review_uncertain,blocked_manual_review,blocked,mixed_or_high_uncertain_evidence,,false
E_N009223_N009239,16458,N009223,N009239,design_present_or_unmapped,ct_uncertain,uncertain_review_required,uncertain,review_required,uncertain_ct_observation|threshold_sensitive,mixed_or_borderline_ct_evidence,2,242,3.5,1.0,0.0,5.041666666666667,9.086350974930362,3.25,True,1.0,0.1988673507376599,ori110,boundary,r002,manual_review_uncertain,blocked_manual_review,blocked,mixed_or_high_uncertain_evidence,boundary_or_skin_region,false
E_N009211_N009335,16664,N009211,N009335,design_present_or_unmapped,ct_uncertain,uncertain_review_required,uncertain,review_required,uncertain_ct_observation|threshold_sensitive,mixed_or_borderline_ct_evidence,2,246,3.4895833333333335,1.0,0.0,4.875,6.691131498470948,3.25,True,0.9583333333333334,0.45395315216942195,ori110,boundary,r002,manual_review_uncertain,blocked_manual_review,blocked,mixed_or_high_uncertain_evidence,boundary_or_skin_region,false
E_N000105_N000232,2405,N000105,N000232,design_present_or_unmapped,ct_missing_like_uncertain,uncertain_review_required,uncertain,review_required,uncertain_ct_observation|threshold_sensitive,moderate_missing_evidence_not_enough_for_absent_or_disconnected,4,260,3.4333333333333336,0.125,0.875,0.5833333333333334,0.03640680648990898,1.7083333333333335,False,0.49999999999999994,1.2233541195243525,ori110,near_boundary,r200,manual_review_uncertain,blocked_manual_review,blocked,mixed_or_high_uncertain_evidence,near_boundary_region,false
E_N001477_N001492,4643,N001477,N001492,design_present_or_unmapped,ct_missing_like_uncertain,uncertain_review_required,uncertain,review_required,uncertain_ct_observation|threshold_sensitive,moderate_missing_evidence_not_enough_for_absent_or_disconnected,4,270,3.4095238095238094,0.3333333333333333,0.5416666666666666,1.0833333333333333,0.16660440791931266,2.142857142857143,False,0.8333333333333334,1.0027604246204005,ori110,interior,r200,manual_review_uncertain,blocked_manual_review,blocked,mixed_or_high_uncertain_evidence,,false
E_N000125_N000235,431,N000125,N000235,design_present_or_unmapped,ct_missing_like_uncertain,uncertain_review_required,uncertain,review_required,uncertain_ct_observation|threshold_sensitive,moderate_missing_evidence_not_enough_for_absent_or_disconnected,4,404,3.329166666666667,0.16666666666666666,0.8333333333333334,1.5833333333333333,0.20793590232735598,1.6666666666666667,False,0.5833333333333333,1.5557569192209466,ori110,boundary,r200,manual_review_uncertain,blocked_manual_review,blocked,mixed_or_high_uncertain_evidence,boundary_or_skin_region,false
E_N009225_N009349,16692,N009225,N009349,design_present_or_unmapped,ct_uncertain,uncertain_review_required,uncertain,review_required,uncertain_ct_observation|near_all_edge_threshold|threshold_sensitive,mixed_or_borderline_ct_evidence,2,452,3.25,1.0,0.0,5.375,8.034782608695652,3.0,True,1.0,0.22483828648026885,ori110,boundary,r002,manual_review_uncertain,blocked_manual_review,blocked,mixed_or_high_uncertain_evidence,boundary_or_skin_region,false
E_N003018_N004157,7367,N003018,N004157,design_present_or_unmapped,ct_missing_like_uncertain,uncertain_review_required,uncertain,review_required,uncertain_ct_observation|near_all_edge_threshold|threshold_sensitive,moderate_missing_evidence_not_enough_for_absent_or_disconnected,4,486,3.1694444444444447,0.0,1.0,0.625,0.5040871934604905,1.1111111111111112,False,0.8333333333333334,2.023535570402136,ori011,boundary,r211,manual_review_uncertain,blocked_manual_review,blocked,mixed_or_high_uncertain_evidence,boundary_or_skin_region,false
E_N001621_N001623,2861,N001621,N001623,design_present_or_unmapped,ct_missing_like_uncertain,uncertain_review_required,uncertain,review_required,uncertain_ct_observation|near_all_edge_threshold|threshold_sensitive,moderate_missing_evidence_not_enough_for_absent_or_disconnected,4,502,3.1208333333333336,0.125,0.75,0.4166666666666667,0.0938375350140056,1.5,False,0.5833333333333334,1.2895142205956827,ori110,near_boundary,r210,manual_review_uncertain,blocked_manual_review,blocked,mixed_or_high_uncertain_evidence,near_boundary_region,false
E_N001495_N001497,2641,N001495,N001497,design_present_or_unmapped,ct_missing_like_uncertain,uncertain_review_required,uncertain,review_required,uncertain_ct_observation|near_all_edge_threshold|threshold_sensitive,moderate_missing_evidence_not_enough_for_absent_or_disconnected,4,507,3.1104166666666666,0.125,0.5,0.4166666666666667,-0.04789719626168224,1.75,False,0.5416666666666666,1.2597752604859898,ori110,near_boundary,r200,manual_review_uncertain,blocked_manual_review,blocked,mixed_or_high_uncertain_evidence,near_boundary_region,false
E_N000109_N000124,211,N000109,N000124,design_present_or_unmapped,ct_missing_like_uncertain,uncertain_review_required,uncertain,review_required,uncertain_ct_observation|near_all_edge_threshold|threshold_sensitive,moderate_missing_evidence_not_enough_for_absent_or_disconnected,4,551,3.0791666666666666,0.20833333333333334,0.5416666666666666,0.7083333333333334,0.06671554252199413,1.6666666666666667,False,0.9166666666666667,1.3547880990105992,ori110,boundary,r200,manual_review_uncertain,blocked_manual_review,blocked,mixed_or_high_uncertain_evidence,boundary_or_skin_region,false
E_N004157_N004267,7579,N004157,N004267,design_present_or_unmapped,ct_missing_like_uncertain,uncertain_review_required,uncertain,review_required,uncertain_ct_observation|near_all_edge_threshold|threshold_sensitive,moderate_missing_evidence_not_enough_for_absent_or_disconnected,4,555,3.0763257575757574,0.041666666666666664,0.9583333333333334,0.5,0.20709491850431447,1.0909090909090908,False,0.875,2.023535570402136,ori110,boundary,r221,manual_review_uncertain,blocked_manual_review,blocked,mixed_or_high_uncertain_evidence,boundary_or_skin_region,false
E_N009083_N009084,16152,N009083,N009084,design_present_or_unmapped,ct_uncertain,uncertain_review_required,uncertain,review_required,uncertain_ct_observation|near_all_edge_threshold|threshold_sensitive,mixed_or_borderline_ct_evidence,2,564,3.0625,1.0,0.0,6.083333333333333,4.894154818325434,2.875,True,0.75,1.2071301708466335,ori110,boundary,r002,manual_review_uncertain,blocked_manual_review,blocked,mixed_or_high_uncertain_evidence,boundary_or_skin_region,false
E_N002629_N002640,4680,N002629,N002640,design_present_or_unmapped,ct_missing_like_uncertain,uncertain_review_required,uncertain,review_required,uncertain_ct_observation|near_all_edge_threshold|threshold_sensitive,moderate_missing_evidence_not_enough_for_absent_or_disconnected,4,572,3.0506578947368417,0.20833333333333334,0.7916666666666666,0.875,0.31186752529898804,1.513157894736842,False,0.41666666666666663,1.7783219965400394,ori101,boundary,r200,manual_review_uncertain,blocked_manual_review,blocked,mixed_or_high_uncertain_evidence,boundary_or_skin_region,false
E_N000483_N001747,3092,N000483,N001747,design_present_or_unmapped,ct_missing_like_uncertain,uncertain_review_required,uncertain,review_required,uncertain_ct_observation|near_all_edge_threshold|threshold_sensitive,moderate_missing_evidence_not_enough_for_absent_or_disconnected,3,583,3.047916666666667,0.375,0.3333333333333333,1.2083333333333333,1.0089628681177978,2.0,False,0.9583333333333334,1.4618231860746864,ori011,near_boundary,r210,manual_review_uncertain,blocked_manual_review,blocked,mixed_or_high_uncertain_evidence,near_boundary_region,false
E_N001743_N001758,5107,N001743,N001758,design_present_or_unmapped,ct_missing_like_uncertain,uncertain_review_required,uncertain,review_required,uncertain_ct_observation|near_all_edge_threshold|threshold_sensitive,moderate_missing_evidence_not_enough_for_absent_or_disconnected,4,588,3.0326388888888896,0.041666666666666664,0.9583333333333334,0.5,0.15065502183406113,1.088888888888889,False,0.7083333333333334,1.9391740836136475,ori110,boundary,r210,manual_review_uncertain,blocked_manual_review,blocked,mixed_or_high_uncertain_evidence,boundary_or_skin_region,false
E_N000503_N000613,1091,N000503,N000613,design_present_or_unmapped,ct_missing_like_uncertain,uncertain_review_required,uncertain,review_required,uncertain_ct_observation|near_all_edge_threshold|threshold_sensitive,moderate_missing_evidence_not_enough_for_absent_or_disconnected,4,595,3.00625,0.041666666666666664,0.9583333333333334,0.6666666666666666,0.09329446064139942,1.0,False,0.9583333333333334,1.7511942272409344,ori110,boundary,r210,manual_review_uncertain,blocked_manual_review,blocked,mixed_or_high_uncertain_evidence,boundary_or_skin_region,false
E_N009083_N009099,16174,N009083,N009099,design_present_or_unmapped,ct_uncertain,uncertain_review_required,uncertain,review_required,uncertain_ct_observation|near_all_edge_threshold|threshold_sensitive,mixed_or_borderline_ct_evidence,2,604,3.0,1.0,0.0,6.916666666666667,9.642326732673267,2.75,True,1.0,0.36934098299460855,ori110,boundary,r002,manual_review_uncertain,blocked_manual_review,blocked,mixed_or_high_uncertain_evidence,boundary_or_skin_region,false
E_N002897_N003007,5343,N002897,N003007,design_present_or_unmapped,ct_missing_like_uncertain,uncertain_review_required,uncertain,review_required,uncertain_ct_observation|near_all_edge_threshold|threshold_sensitive,moderate_missing_evidence_not_enough_for_absent_or_disconnected,4,607,2.989583333333333,0.041666666666666664,0.9583333333333334,0.375,0.08309037900874636,1.0666666666666667,False,0.625,1.917536713192877,ori110,boundary,r210,manual_review_uncertain,blocked_manual_review,blocked,mixed_or_high_uncertain_evidence,boundary_or_skin_region,false
E_N009335_N009351,16686,N009335,N009351,design_present_or_unmapped,ct_uncertain,uncertain_review_required,uncertain,review_required,uncertain_ct_observation|near_all_edge_threshold|threshold_sensitive,mixed_or_borderline_ct_evidence,2,609,2.9791666666666665,1.0,0.0,6.875,8.758530183727034,2.75,True,0.9166666666666666,0.3289850837560865,ori110,boundary,r002,manual_review_uncertain,blocked_manual_review,blocked,mixed_or_high_uncertain_evidence,boundary_or_skin_region,false
E_N000483_N000487,858,N000483,N000487,design_present_or_unmapped,ct_missing_like_uncertain,uncertain_review_required,uncertain,review_required,uncertain_ct_observation|near_all_edge_threshold|threshold_sensitive,moderate_missing_evidence_not_enough_for_absent_or_disconnected,4,627,2.947222222222222,0.08333333333333333,0.875,0.9166666666666666,1.1546840958605664,1.0555555555555556,False,1.0,1.288212490688547,ori011,boundary,r210,manual_review_uncertain,blocked_manual_review,blocked,mixed_or_high_uncertain_evidence,boundary_or_skin_region,false
E_N001017_N001021,1787,N001017,N001021,design_present_or_unmapped,ct_uncertain,uncertain_review_required,uncertain,review_required,uncertain_ct_observation|near_all_edge_threshold|threshold_sensitive,mixed_or_borderline_ct_evidence,2,630,2.938194444444444,1.0,0.0,3.3333333333333335,1.1836930455635493,2.844444444444444,True,0.375,0.09068137430848695,ori011,boundary,r020,manual_review_uncertain,blocked_manual_review,blocked,mixed_or_high_uncertain_evidence,boundary_or_skin_region,false
E_N001495_N001506,2664,N001495,N001506,design_present_or_unmapped,ct_missing_like_uncertain,uncertain_review_required,uncertain,review_required,uncertain_ct_observation|near_all_edge_threshold|threshold_sensitive,moderate_missing_evidence_not_enough_for_absent_or_disconnected,4,631,2.9368055555555554,0.16666666666666666,0.5833333333333334,0.6666666666666666,0.501779359430605,1.5555555555555556,False,0.4583333333333333,1.7927205139480746,ori101,boundary,r200,manual_review_uncertain,blocked_manual_review,blocked,mixed_or_high_uncertain_evidence,boundary_or_skin_region,false
E_N001385_N001506,2673,N001385,N001506,design_present_or_unmapped,ct_missing_like_uncertain,uncertain_review_required,uncertain,review_required,uncertain_ct_observation|near_all_edge_threshold|threshold_sensitive,moderate_missing_evidence_not_enough_for_absent_or_disconnected,3,638,2.9229166666666666,0.125,0.4583333333333333,0.4166666666666667,1.4226415094339622,1.5,False,0.9583333333333334,1.7927205139480746,ori011,boundary,r200,manual_review_uncertain,blocked_manual_review,blocked,mixed_or_high_uncertain_evidence,boundary_or_skin_region,false
E_N001869_N001884,5327,N001869,N001884,design_present_or_unmapped,ct_missing_like_uncertain,uncertain_review_required,uncertain,review_required,uncertain_ct_observation|near_all_edge_threshold|threshold_sensitive,moderate_missing_evidence_not_enough_for_absent_or_disconnected,4,639,2.9229166666666666,0.041666666666666664,0.9583333333333334,0.375,0.14542135686035898,1.0,False,0.625,2.172959683691446,ori110,boundary,r210,manual_review_uncertain,blocked_manual_review,blocked,mixed_or_high_uncertain_evidence,boundary_or_skin_region,false
E_N008310_N009447,16888,N008310,N009447,design_present_or_unmapped,ct_missing_like_uncertain,uncertain_review_required,uncertain,review_required,uncertain_ct_observation|near_all_edge_threshold|threshold_sensitive,moderate_missing_evidence_not_enough_for_absent_or_disconnected,4,648,2.8867324561403507,0.2916666666666667,0.7083333333333334,1.0416666666666667,0.13426423200859292,1.5263157894736843,False,0.375,2.126631828308713,ori101,boundary,r202,manual_review_uncertain,blocked_manual_review,blocked,mixed_or_high_uncertain_evidence,boundary_or_skin_region,false
E_N001763_N001884,3333,N001763,N001884,design_present_or_unmapped,ct_missing_like_uncertain,uncertain_review_required,uncertain,review_required,uncertain_ct_observation|near_all_edge_threshold|threshold_sensitive,moderate_missing_evidence_not_enough_for_absent_or_disconnected,4,649,2.8833333333333333,0.125,0.7083333333333334,0.8333333333333334,0.981198589894242,1.2,False,1.0,2.172959683691446,ori011,boundary,r210,manual_review_uncertain,blocked_manual_review,blocked,mixed_or_high_uncertain_evidence,boundary_or_skin_region,false
E_N000343_N000358,2627,N000343,N000358,design_present_or_unmapped,ct_missing_like_uncertain,uncertain_review_required,uncertain,review_required,uncertain_ct_observation|near_all_edge_threshold|threshold_sensitive,moderate_missing_evidence_not_enough_for_absent_or_disconnected,3,653,2.8673611111111112,0.25,0.375,0.9166666666666666,0.1743119266055046,1.6527777777777777,False,0.9583333333333334,1.1611557081528456,ori110,near_boundary,r200,manual_review_uncertain,blocked_manual_review,blocked,mixed_or_high_uncertain_evidence,near_boundary_region,false
E_N000973_N000988,3727,N000973,N000988,design_present_or_unmapped,ct_missing_like_uncertain,uncertain_review_required,uncertain,review_required,uncertain_ct_observation|near_all_edge_threshold|threshold_sensitive,moderate_missing_evidence_not_enough_for_absent_or_disconnected,3,660,2.85,0.25,0.5,1.2083333333333333,0.26973947895791583,1.5,False,1.0,1.4008740326951608,ori110,near_boundary,r220,manual_review_uncertain,blocked_manual_review,blocked,mixed_or_high_uncertain_evidence,near_boundary_region,false
E_N003129_N003144,7563,N003129,N003144,design_present_or_unmapped,ct_missing_like_uncertain,uncertain_review_required,uncertain,review_required,uncertain_ct_observation|near_all_edge_threshold|threshold_sensitive,moderate_missing_evidence_not_enough_for_absent_or_disconnected,4,661,2.8499999999999996,0.08333333333333333,0.9166666666666666,0.7083333333333334,0.20513623551518947,1.0,False,0.6666666666666666,1.6986342989916456,ori110,boundary,r221,manual_review_uncertain,blocked_manual_review,blocked,mixed_or_high_uncertain_evidence,boundary_or_skin_region,false
E_N005291_N005401,9595,N005291,N005401,design_present_or_unmapped,ct_missing_like_uncertain,uncertain_review_required,uncertain,review_required,uncertain_ct_observation|near_all_edge_threshold|threshold_sensitive,moderate_missing_evidence_not_enough_for_absent_or_disconnected,4,662,2.841666666666667,0.20833333333333334,0.7916666666666666,0.625,0.3097560975609756,1.2,False,0.8333333333333334,1.8947291258350738,ori110,boundary,r221,manual_review_uncertain,blocked_manual_review,blocked,mixed_or_high_uncertain_evidence,boundary_or_skin_region,false
E_N004001_N004012,7108,N004001,N004012,design_present_or_unmapped,ct_missing_like_uncertain,uncertain_review_required,uncertain,review_required,uncertain_ct_observation|near_all_edge_threshold|threshold_sensitive,moderate_missing_evidence_not_enough_for_absent_or_disconnected,3,669,2.8306547619047624,0.5,0.5,4.375,1.7137809187279152,1.8660714285714286,False,0.45833333333333337,1.3822723247168955,ori101,interior,r211,manual_review_uncertain,blocked_manual_review,blocked,mixed_or_high_uncertain_evidence,,false
E_N003385_N003396,6036,N003385,N003396,design_present_or_unmapped,ct_missing_like_uncertain,uncertain_review_required,uncertain,review_required,uncertain_ct_observation|near_all_edge_threshold|threshold_sensitive,moderate_missing_evidence_not_enough_for_absent_or_disconnected,4,672,2.8217261904761908,0.0,1.0,0.4166666666666667,0.32533733133433285,0.8571428571428571,False,0.4583333333333333,1.4415639053408078,ori101,boundary,r220,manual_review_uncertain,blocked_manual_review,blocked,mixed_or_high_uncertain_evidence,boundary_or_skin_region,false
E_N009825_N009827,17657,N009825,N009827,design_present_or_unmapped,ct_missing_like_uncertain,uncertain_review_required,uncertain,review_required,uncertain_ct_observation|near_all_edge_threshold|threshold_sensitive,moderate_missing_evidence_not_enough_for_absent_or_disconnected,4,674,2.808333333333333,0.08333333333333333,0.9166666666666666,0.7083333333333334,-0.4218608852755194,1.0,False,0.49999999999999994,1.958013711465929,ori110,boundary,r212,manual_review_uncertain,blocked_manual_review,blocked,mixed_or_high_uncertain_evidence,boundary_or_skin_region,false
E_N002247_N002262,6019,N002247,N002262,design_present_or_unmapped,ct_missing_like_uncertain,uncertain_review_required,uncertain,review_required,uncertain_ct_observation|near_all_edge_threshold|threshold_sensitive,moderate_missing_evidence_not_enough_for_absent_or_disconnected,5,680,2.7895833333333333,0.08333333333333333,0.75,0.20833333333333334,0.788235294117647,1.2,False,0.2916666666666667,1.1797611590172348,ori110,boundary,r220,manual_review_uncertain,blocked_manual_review,blocked,mixed_or_high_uncertain_evidence,boundary_or_skin_region,false
E_N003133_N003135,5537,N003133,N003135,design_present_or_unmapped,ct_uncertain,uncertain_review_required,uncertain,review_required,uncertain_ct_observation|near_all_edge_threshold|threshold_sensitive,mixed_or_borderline_ct_evidence,2,684,2.7770833333333336,0.375,0.4166666666666667,1.0416666666666667,0.06398378691372322,1.6666666666666667,False,0.875,1.453187263913366,ori110,near_boundary,r220,manual_review_uncertain,blocked_manual_review,blocked,mixed_or_high_uncertain_evidence,near_boundary_region,false
E_N000361_N000377,650,N000361,N000377,design_present_or_unmapped,ct_missing_like_uncertain,uncertain_review_required,uncertain,review_required,uncertain_ct_observation|near_all_edge_threshold|threshold_sensitive,moderate_missing_evidence_not_enough_for_absent_or_disconnected,3,685,2.777083333333333,0.25,0.4583333333333333,2.8333333333333335,-0.0022982635342185904,1.5,False,0.875,1.5766754012113513,ori110,boundary,r200,manual_review_uncertain,blocked_manual_review,blocked,mixed_or_high_uncertain_evidence,boundary_or_skin_region,false
E_N000609_N000624,3091,N000609,N000624,design_present_or_unmapped,ct_missing_like_uncertain,uncertain_review_required,uncertain,review_required,uncertain_ct_observation|near_all_edge_threshold|threshold_sensitive,moderate_missing_evidence_not_enough_for_absent_or_disconnected,4,695,2.7458333333333336,0.125,0.7083333333333334,0.2916666666666667,0.14223560910307897,1.125,False,0.75,1.7880693468452007,ori110,boundary,r210,manual_review_uncertain,blocked_manual_review,blocked,mixed_or_high_uncertain_evidence,boundary_or_skin_region,false
E_N000105_N001369,2432,N000105,N001369,design_present_or_unmapped,ct_uncertain,uncertain_review_required,uncertain,review_required,uncertain_ct_observation|near_all_edge_threshold|threshold_sensitive,mixed_or_borderline_ct_evidence,2,698,2.7354166666666666,0.5833333333333334,0.25,1.25,1.6571767497034402,2.0,False,0.875,1.251042295911195,ori011,near_boundary,r200,manual_review_uncertain,blocked_manual_review,blocked,mixed_or_high_uncertain_evidence,near_boundary_region,false
E_N003521_N003648,8477,N003521,N003648,design_present_or_unmapped,ct_missing_like_uncertain,uncertain_review_required,uncertain,review_required,uncertain_ct_observation|near_all_edge_threshold|threshold_sensitive,moderate_missing_evidence_not_enough_for_absent_or_disconnected,3,699,2.7354166666666666,0.2916666666666667,0.5833333333333334,1.1666666666666667,0.1711340206185567,1.5,False,0.375,1.9309651165307584,ori110,boundary,r201,manual_review_uncertain,blocked_manual_review,blocked,mixed_or_high_uncertain_evidence,boundary_or_skin_region,false
E_N001618_N002755,4876,N001618,N002755,design_present_or_unmapped,ct_missing_like_uncertain,uncertain_review_required,uncertain,review_required,uncertain_ct_observation|near_all_edge_threshold|threshold_sensitive,moderate_missing_evidence_not_enough_for_absent_or_disconnected,3,818,2.71703431372549,0.4166666666666667,0.5833333333333334,1.9166666666666667,0.9667487684729064,1.6066176470588234,False,0.37500000000000006,1.357207004440195,ori101,near_boundary,r210,manual_review_uncertain,blocked_manual_review,blocked,mixed_or_high_uncertain_evidence,near_boundary_region,false
E_N000881_N001002,1757,N000881,N001002,design_present_or_unmapped,ct_missing_like_uncertain,uncertain_review_required,uncertain,review_required,uncertain_ct_observation|near_all_edge_threshold|threshold_sensitive,moderate_missing_evidence_not_enough_for_absent_or_disconnected,3,819,2.716666666666667,0.25,0.6666666666666666,0.9166666666666666,0.8029612756264237,1.2,False,1.0,1.8004417730976063,ori011,boundary,r220,manual_review_uncertain,blocked_manual_review,blocked,mixed_or_high_uncertain_evidence,boundary_or_skin_region,false
E_N001491_N001495,2654,N001491,N001495,design_present_or_unmapped,ct_uncertain,uncertain_review_required,uncertain,review_required,uncertain_ct_observation|near_all_edge_threshold|threshold_sensitive,mixed_or_borderline_ct_evidence,2,820,2.714583333333334,0.5416666666666666,0.3333333333333333,1.25,1.2571428571428571,1.8333333333333335,False,0.9583333333333334,1.2597752604859898,ori011,near_boundary,r200,manual_review_uncertain,blocked_manual_review,blocked,mixed_or_high_uncertain_evidence,near_boundary_region,false
E_N001259_N001369,2447,N001259,N001369,design_present_or_unmapped,ct_uncertain,uncertain_review_required,uncertain,review_required,uncertain_ct_observation|near_all_edge_threshold|threshold_sensitive,mixed_or_borderline_ct_evidence,2,821,2.7145833333333336,0.25,0.375,1.0416666666666667,0.25043905865823674,1.5,False,0.9583333333333334,1.432496264582504,ori110,boundary,r200,manual_review_uncertain,blocked_manual_review,blocked,mixed_or_high_uncertain_evidence,boundary_or_skin_region,false
E_N001115_N001119,1983,N001115,N001119,design_present_or_unmapped,ct_uncertain,uncertain_review_required,uncertain,review_required,uncertain_ct_observation|near_all_edge_threshold|threshold_sensitive,mixed_or_borderline_ct_evidence,2,823,2.7062500000000003,0.16666666666666666,0.5833333333333334,1.5,0.049554781262098335,1.2,True,0.9583333333333334,0.23764983421523764,ori011,boundary,r220,manual_review_uncertain,blocked_manual_review,blocked,mixed_or_high_uncertain_evidence,boundary_or_skin_region,false
E_N001002_N002141,3775,N001002,N002141,design_present_or_unmapped,ct_missing_like_uncertain,uncertain_review_required,uncertain,review_required,uncertain_ct_observation|near_all_edge_threshold|threshold_sensitive,moderate_missing_evidence_not_enough_for_absent_or_disconnected,3,827,2.685416666666667,0.08333333333333333,0.5,0.5416666666666666,0.8713355048859935,1.2,False,0.875,1.7860260222047375,ori011,boundary,r220,manual_review_uncertain,blocked_manual_review,blocked,mixed_or_high_uncertain_evidence,boundary_or_skin_region,false
E_N000091_N001245,2412,N000091,N001245,design_present_or_unmapped,ct_uncertain,uncertain_review_required,uncertain,review_required,uncertain_ct_observation|near_all_edge_threshold|threshold_sensitive,mixed_or_borderline_ct_evidence,2,828,2.6833333333333336,0.5,0.5,1.5,0.32475598935226263,1.75,False,0.3333333333333333,1.0484228301890306,ori101,near_boundary,r200,manual_review_uncertain,blocked_manual_review,blocked,mixed_or_high_uncertain_evidence,near_boundary_region,false
E_N008309_N008436,17121,N008309,N008436,design_present_or_unmapped,ct_missing_like_uncertain,uncertain_review_required,uncertain,review_required,uncertain_ct_observation|near_all_edge_threshold|threshold_sensitive,moderate_missing_evidence_not_enough_for_absent_or_disconnected,3,829,2.683333333333333,0.16666666666666666,0.8333333333333334,0.9583333333333334,-0.6197705802968961,1.0,False,0.6666666666666666,2.074527925279984,ori110,boundary,r212,manual_review_uncertain,blocked_manual_review,blocked,mixed_or_high_uncertain_evidence,boundary_or_skin_region,false
E_N004267_N004269,7553,N004267,N004269,design_present_or_unmapped,ct_uncertain,uncertain_review_required,uncertain,review_required,uncertain_ct_observation|near_all_edge_threshold|threshold_sensitive,mixed_or_borderline_ct_evidence,2,833,2.6729166666666666,0.4166666666666667,0.5,1.5833333333333333,0.28409439166411277,1.5,False,0.9583333333333334,1.4344628291519446,ori110,near_boundary,r221,manual_review_uncertain,blocked_manual_review,blocked,mixed_or_high_uncertain_evidence,near_boundary_region,false
E_N004137_N004141,7346,N004137,N004141,design_present_or_unmapped,ct_uncertain,uncertain_review_required,uncertain,review_required,uncertain_ct_observation|near_all_edge_threshold|threshold_sensitive,mixed_or_borderline_ct_evidence,2,843,2.6625,0.5416666666666666,0.2916666666666667,1.5833333333333333,0.4166666666666667,1.8333333333333335,False,0.9166666666666666,1.696813113700416,ori011,near_boundary,r211,manual_review_uncertain,blocked_manual_review,blocked,mixed_or_high_uncertain_evidence,near_boundary_region,false
E_N000498_N001637,2895,N000498,N001637,design_present_or_unmapped,ct_uncertain,uncertain_review_required,uncertain,review_required,uncertain_ct_observation|near_all_edge_threshold|threshold_sensitive,mixed_or_borderline_ct_evidence,2,844,2.6624999999999996,0.125,0.4583333333333333,0.4583333333333333,1.433186490455213,1.25,False,0.9166666666666666,1.6488389436504705,ori011,boundary,r210,manual_review_uncertain,blocked_manual_review,blocked,mixed_or_high_uncertain_evidence,boundary_or_skin_region,false
E_N000595_N000610,3067,N000595,N000610,design_present_or_unmapped,ct_missing_like_uncertain,uncertain_review_required,uncertain,review_required,uncertain_ct_observation|near_all_edge_threshold|threshold_sensitive,moderate_missing_evidence_not_enough_for_absent_or_disconnected,3,846,2.6520833333333336,0.2916666666666667,0.625,1.375,0.22823061630218688,1.25,False,0.875,1.3787686707442106,ori110,near_boundary,r210,manual_review_uncertain,blocked_manual_review,blocked,mixed_or_high_uncertain_evidence,near_boundary_region,false
E_N000111_N000235,408,N000111,N000235,design_present_or_unmapped,ct_missing_like_uncertain,uncertain_review_required,uncertain,review_required,uncertain_ct_observation|near_all_edge_threshold|threshold_sensitive,moderate_missing_evidence_not_enough_for_absent_or_disconnected,3,848,2.652083333333333,0.4583333333333333,0.5416666666666666,1.4166666666666667,0.10758106923751096,1.5,False,0.875,1.5557569192209466,ori110,boundary,r200,manual_review_uncertain,blocked_manual_review,blocked,mixed_or_high_uncertain_evidence,boundary_or_skin_region,false
E_N002121_N002136,5767,N002121,N002136,design_present_or_unmapped,ct_missing_like_uncertain,uncertain_review_required,uncertain,review_required,uncertain_ct_observation|near_all_edge_threshold|threshold_sensitive,moderate_missing_evidence_not_enough_for_absent_or_disconnected,3,849,2.6437500000000003,0.125,0.5416666666666666,0.4166666666666667,0.300164744645799,1.2,False,0.7083333333333334,1.8169529180732988,ori110,boundary,r220,manual_review_uncertain,blocked_manual_review,blocked,mixed_or_high_uncertain_evidence,boundary_or_skin_region,false
E_N001995_N002010,5547,N001995,N002010,design_present_or_unmapped,ct_missing_like_uncertain,uncertain_review_required,uncertain,review_required,uncertain_ct_observation|near_all_edge_threshold|threshold_sensitive,moderate_missing_evidence_not_enough_for_absent_or_disconnected,3,854,2.6333333333333333,0.125,0.5416666666666666,0.3333333333333333,0.1994627266621894,1.2,False,0.6666666666666666,1.8400881668667388,ori110,boundary,r220,manual_review_uncertain,blocked_manual_review,blocked,mixed_or_high_uncertain_evidence,boundary_or_skin_region,false
E_N001467_N001469,2593,N001467,N001469,design_present_or_unmapped,ct_uncertain,uncertain_review_required,uncertain,review_required,uncertain_ct_observation|near_all_edge_threshold|threshold_sensitive,mixed_or_borderline_ct_evidence,2,857,2.63125,0.8333333333333334,0.16666666666666666,3.625,2.1856925418569255,2.3333333333333335,False,0.45833333333333337,1.1994510154662952,ori110,near_boundary,r100,manual_review_uncertain,blocked_manual_review,blocked,mixed_or_high_uncertain_evidence,near_boundary_region,false
E_N009569_N009575,17395,N009569,N009575,design_present_or_unmapped,ct_missing_like_uncertain,uncertain_review_required,uncertain,review_required,uncertain_ct_observation|near_all_edge_threshold|threshold_sensitive,moderate_missing_evidence_not_enough_for_absent_or_disconnected,3,863,2.6206290849673204,0.25,0.75,1.7083333333333333,0.01756511205330103,1.1143790849673203,False,0.625,1.8062543856076296,ori101,boundary,r212,manual_review_uncertain,blocked_manual_review,blocked,mixed_or_high_uncertain_evidence,boundary_or_skin_region,false
E_N002881_N002883,5097,N002881,N002883,design_present_or_unmapped,ct_missing_like_uncertain,uncertain_review_required,uncertain,review_required,uncertain_ct_observation|near_all_edge_threshold|threshold_sensitive,moderate_missing_evidence_not_enough_for_absent_or_disconnected,3,868,2.6104166666666666,0.3333333333333333,0.625,1.2083333333333333,0.16661654135338347,1.25,False,0.875,1.3569521398354891,ori110,near_boundary,r210,manual_review_uncertain,blocked_manual_review,blocked,mixed_or_high_uncertain_evidence,near_boundary_region,false
E_N000856_N000991,1736,N000856,N000991,design_present_or_unmapped,ct_missing_like_uncertain,uncertain_review_required,uncertain,review_required,uncertain_ct_observation|near_all_edge_threshold|threshold_sensitive,moderate_missing_evidence_not_enough_for_absent_or_disconnected,4,873,2.6020833333333333,0.3333333333333333,0.6666666666666666,6.166666666666667,-0.3082739252538345,1.2,False,0.875,1.3026292028164546,ori011,boundary,r220,manual_review_uncertain,blocked_manual_review,blocked,mixed_or_high_uncertain_evidence,boundary_or_skin_region,false
E_N001869_N001996,5521,N001869,N001996,design_present_or_unmapped,ct_uncertain,uncertain_review_required,uncertain,review_required,uncertain_ct_observation|near_all_edge_threshold|threshold_sensitive,mixed_or_borderline_ct_evidence,2,874,2.6,0.4583333333333333,0.2916666666666667,1.0833333333333333,0.2478932584269663,1.6666666666666667,False,1.0,1.8570190335891825,ori110,near_boundary,r220,manual_review_uncertain,blocked_manual_review,blocked,mixed_or_high_uncertain_evidence,near_boundary_region,false
E_N001506_N002645,4691,N001506,N002645,design_present_or_unmapped,ct_uncertain,uncertain_review_required,uncertain,review_required,uncertain_ct_observation|near_all_edge_threshold|threshold_sensitive,mixed_or_borderline_ct_evidence,2,877,2.589583333333333,0.375,0.4583333333333333,0.875,1.4651457541191382,1.4166666666666665,False,0.9583333333333334,1.7927205139480746,ori011,boundary,r200,manual_review_uncertain,blocked_manual_review,blocked,mixed_or_high_uncertain_evidence,boundary_or_skin_region,false
E_N009821_N009827,17907,N009821,N009827,design_present_or_unmapped,ct_missing_like_uncertain,uncertain_review_required,uncertain,review_required,uncertain_ct_observation|near_all_edge_threshold|threshold_sensitive,moderate_missing_evidence_not_enough_for_absent_or_disconnected,4,880,2.582638888888889,0.20833333333333334,0.625,0.6666666666666666,-0.307808564231738,1.2222222222222223,False,0.375,1.958013711465929,ori101,boundary,r212,manual_review_uncertain,blocked_manual_review,blocked,mixed_or_high_uncertain_evidence,boundary_or_skin_region,false
E_N001365_N001492,4641,N001365,N001492,design_present_or_unmapped,ct_missing_like_uncertain,uncertain_review_required,uncertain,review_required,uncertain_ct_observation|near_all_edge_threshold|threshold_sensitive,moderate_missing_evidence_not_enough_for_absent_or_disconnected,3,883,2.574305555555555,0.4166666666666667,0.5833333333333334,1.9583333333333333,0.1241486068111455,1.422222222222222,False,0.5416666666666667,1.4880332933289786,ori110,near_boundary,r200,manual_review_uncertain,blocked_manual_review,blocked,mixed_or_high_uncertain_evidence,near_boundary_region,false
E_N000862_N001999,3520,N000862,N001999,design_present_or_unmapped,ct_missing_like_uncertain,uncertain_review_required,uncertain,review_required,uncertain_ct_observation|near_all_edge_threshold|threshold_sensitive,moderate_missing_evidence_not_enough_for_absent_or_disconnected,3,887,2.5687499999999996,0.4583333333333333,0.5416666666666666,2.2916666666666665,0.7864806866952789,1.5,False,0.5416666666666666,1.6541711226812181,ori101,near_boundary,r220,manual_review_uncertain,blocked_manual_review,blocked,mixed_or_high_uncertain_evidence,near_boundary_region,false
E_N000487_N000489,845,N000487,N000489,design_present_or_unmapped,ct_missing_like_uncertain,uncertain_review_required,uncertain,review_required,uncertain_ct_observation|near_all_edge_threshold|threshold_sensitive,moderate_missing_evidence_not_enough_for_absent_or_disconnected,3,892,2.5583333333333336,0.25,0.75,1.0416666666666667,-0.07371483996120272,1.0,False,0.8333333333333334,1.1553202993399196,ori110,boundary,r210,manual_review_uncertain,blocked_manual_review,blocked,mixed_or_high_uncertain_evidence,boundary_or_skin_region,false
E_N003149_N003259,5783,N003149,N003259,design_present_or_unmapped,ct_uncertain,uncertain_review_required,uncertain,review_required,uncertain_ct_observation|near_all_edge_threshold|threshold_sensitive,mixed_or_borderline_ct_evidence,2,893,2.5583333333333336,0.16666666666666666,0.625,1.0416666666666667,0.18264379414732593,1.0,False,1.0,1.9649959408976352,ori110,boundary,r220,manual_review_uncertain,blocked_manual_review,blocked,mixed_or_high_uncertain_evidence,boundary_or_skin_region,false
E_N000982_N001007,1996,N000982,N001007,design_present_or_unmapped,ct_missing_like_uncertain,uncertain_review_required,uncertain,review_required,uncertain_ct_observation|near_all_edge_threshold|threshold_sensitive,moderate_missing_evidence_not_enough_for_absent_or_disconnected,3,896,2.5404761904761903,0.16666666666666666,0.8333333333333334,2.3333333333333335,-0.37995824634655534,0.8571428571428571,False,0.6666666666666666,1.582833663811897,ori101,boundary,r220,manual_review_uncertain,blocked_manual_review,blocked,mixed_or_high_uncertain_evidence,boundary_or_skin_region,false
E_N010073_N010074,18151,N010073,N010074,design_present_or_unmapped,ct_missing_like_uncertain,uncertain_review_required,uncertain,review_required,uncertain_ct_observation|near_all_edge_threshold|threshold_sensitive,moderate_missing_evidence_not_enough_for_absent_or_disconnected,4,898,2.5395833333333333,0.3333333333333333,0.6666666666666666,1.125,-0.900227655151935,1.2,False,0.625,1.9318439364271625,ori110,boundary,r222,manual_review_uncertain,blocked_manual_review,blocked,mixed_or_high_uncertain_evidence,boundary_or_skin_region,false
E_N000357_N001511,2880,N000357,N001511,design_present_or_unmapped,ct_missing_like_uncertain,uncertain_review_required,uncertain,review_required,uncertain_ct_observation|near_all_edge_threshold|threshold_sensitive,moderate_missing_evidence_not_enough_for_absent_or_disconnected,3,911,2.5124373433583957,0.3333333333333333,0.2916666666666667,1.1666666666666667,0.0039347948285553686,1.474937343358396,False,0.9166666666666666,1.520932066068016,ori101,boundary,r200,manual_review_uncertain,blocked_manual_review,blocked,mixed_or_high_uncertain_evidence,boundary_or_skin_region,false
E_N000357_N000484,2845,N000357,N000484,design_present_or_unmapped,ct_uncertain,uncertain_review_required,uncertain,review_required,uncertain_ct_observation|near_all_edge_threshold|threshold_sensitive,mixed_or_borderline_ct_evidence,2,914,2.5083333333333333,0.2916666666666667,0.375,0.875,0.08427510494026477,1.325,False,1.0,1.520932066068016,ori110,near_boundary,r210,manual_review_uncertain,blocked_manual_review,blocked,mixed_or_high_uncertain_evidence,near_boundary_region,false
E_N001637_N001758,3113,N001637,N001758,design_present_or_unmapped,ct_uncertain,uncertain_review_required,uncertain,review_required,uncertain_ct_observation|near_all_edge_threshold|threshold_sensitive,mixed_or_borderline_ct_evidence,2,915,2.5083333333333333,0.20833333333333334,0.4166666666666667,0.875,1.2606896551724138,1.2,False,1.0,1.9391740836136475,ori011,boundary,r210,manual_review_uncertain,blocked_manual_review,blocked,mixed_or_high_uncertain_evidence,boundary_or_skin_region,false
E_N002136_N003275,5791,N002136,N003275,design_present_or_unmapped,ct_uncertain,uncertain_review_required,uncertain,review_required,uncertain_ct_observation|near_all_edge_threshold|threshold_sensitive,mixed_or_borderline_ct_evidence,2,916,2.5083333333333333,0.20833333333333334,0.4166666666666667,0.7916666666666666,0.5352697095435685,1.2,False,1.0,1.8169529180732988,ori011,boundary,r220,manual_review_uncertain,blocked_manual_review,blocked,mixed_or_high_uncertain_evidence,boundary_or_skin_region,false
E_N003149_N003270,5789,N003149,N003270,design_present_or_unmapped,ct_uncertain,uncertain_review_required,uncertain,review_required,uncertain_ct_observation|near_all_edge_threshold|threshold_sensitive,mixed_or_borderline_ct_evidence,2,917,2.5083333333333333,0.20833333333333334,0.4166666666666667,1.1666666666666667,0.30994152046783624,1.2,False,1.0,1.9649959408976352,ori011,boundary,r220,manual_review_uncertain,blocked_manual_review,blocked,mixed_or_high_uncertain_evidence,boundary_or_skin_region,false
E_N001743_N001749,3295,N001743,N001749,design_present_or_unmapped,ct_uncertain,uncertain_review_required,uncertain,review_required,uncertain_ct_observation|near_all_edge_threshold|threshold_sensitive,mixed_or_borderline_ct_evidence,2,918,2.5070669934640524,0.5,0.5,1.7916666666666667,0.6211989574283232,1.5424836601307188,False,0.45833333333333337,1.655780726798084,ori101,near_boundary,r210,manual_review_uncertain,blocked_manual_review,blocked,mixed_or_high_uncertain_evidence,near_boundary_region,false
E_N001747_N001749,3081,N001747,N001749,design_present_or_unmapped,ct_uncertain,uncertain_review_required,uncertain,review_required,uncertain_ct_observation|near_all_edge_threshold|threshold_sensitive,mixed_or_borderline_ct_evidence,2,920,2.50625,0.2916666666666667,0.4583333333333333,1.0416666666666667,0.06922228350799779,1.25,False,0.9583333333333334,1.4618231860746864,ori110,near_boundary,r210,manual_review_uncertain,blocked_manual_review,blocked,mixed_or_high_uncertain_evidence,near_boundary_region,false
E_N002771_N002881,5123,N002771,N002881,design_present_or_unmapped,ct_uncertain,uncertain_review_required,uncertain,review_required,uncertain_ct_observation|near_all_edge_threshold|threshold_sensitive,mixed_or_borderline_ct_evidence,2,931,2.4999999999999996,0.2916666666666667,0.7083333333333334,0.75,0.07455174583202265,1.0666666666666667,False,0.6666666666666667,1.705470370989832,ori110,boundary,r210,manual_review_uncertain,blocked_manual_review,blocked,mixed_or_high_uncertain_evidence,boundary_or_skin_region,false
E_N000469_N000484,2847,N000469,N000484,design_present_or_unmapped,ct_missing_like_uncertain,uncertain_review_required,uncertain,review_required,uncertain_ct_observation|near_all_edge_threshold|threshold_sensitive,moderate_missing_evidence_not_enough_for_absent_or_disconnected,3,934,2.495833333333333,0.3333333333333333,0.5416666666666666,1.0833333333333333,0.18854307622913846,1.25,False,0.75,1.0806766196819166,ori110,near_boundary,r210,manual_review_uncertain,blocked_manual_review,blocked,mixed_or_high_uncertain_evidence,near_boundary_region,false
E_N004893_N006047,10944,N004893,N006047,design_present_or_unmapped,ct_uncertain,uncertain_review_required,uncertain,review_required,uncertain_ct_observation|near_all_edge_threshold|threshold_sensitive,mixed_or_borderline_ct_evidence,2,936,2.491544117647059,0.4166666666666667,0.4166666666666667,1.125,0.4156028368794326,1.4852941176470589,False,0.625,1.9313345870453311,ori101,boundary,r201,manual_review_uncertain,blocked_manual_review,blocked,mixed_or_high_uncertain_evidence,boundary_or_skin_region,false
E_N000352_N000377,864,N000352,N000377,design_present_or_unmapped,ct_missing_like_uncertain,uncertain_review_required,uncertain,review_required,uncertain_ct_observation|near_all_edge_threshold|threshold_sensitive,moderate_missing_evidence_not_enough_for_absent_or_disconnected,4,946,2.4715277777777778,0.4583333333333333,0.5416666666666666,15.583333333333334,-0.4692556634304207,1.4444444444444444,False,0.375,1.5766754012113513,ori101,boundary,r200,manual_review_uncertain,blocked_manual_review,blocked,mixed_or_high_uncertain_evidence,boundary_or_skin_region,false
E_N001729_N001744,5083,N001729,N001744,design_present_or_unmapped,ct_uncertain,uncertain_review_required,uncertain,review_required,uncertain_ct_observation|near_all_edge_threshold|threshold_sensitive,mixed_or_borderline_ct_evidence,2,951,2.464583333333333,0.75,0.16666666666666666,1.9166666666666667,0.4111943587483473,2.0,False,0.7916666666666666,1.281269809077273,ori110,interior,r210,manual_review_uncertain,blocked_manual_review,blocked,mixed_or_high_uncertain_evidence,,false
E_N003521_N003527,6475,N003521,N003527,design_present_or_unmapped,ct_uncertain,uncertain_review_required,uncertain,review_required,uncertain_ct_observation|near_all_edge_threshold|threshold_sensitive,mixed_or_borderline_ct_evidence,2,953,2.464035087719298,0.4166666666666667,0.4583333333333333,1.375,1.477115117891817,1.4473684210526314,False,0.5,1.8187150941466372,ori101,boundary,r201,manual_review_uncertain,blocked_manual_review,blocked,mixed_or_high_uncertain_evidence,boundary_or_skin_region,false
E_N001715_N002869,5284,N001715,N002869,design_present_or_unmapped,ct_uncertain,uncertain_review_required,uncertain,review_required,uncertain_ct_observation|near_all_edge_threshold|threshold_sensitive,mixed_or_borderline_ct_evidence,2,959,2.4467261904761903,0.5833333333333334,0.4166666666666667,4.5,1.2258382642998027,1.6904761904761905,False,0.2916666666666667,0.8768846021641716,ori101,interior,r210,manual_review_uncertain,blocked_manual_review,blocked,mixed_or_high_uncertain_evidence,,false
E_N003130_N004267,7552,N003130,N004267,design_present_or_unmapped,ct_uncertain,uncertain_review_required,uncertain,review_required,uncertain_ct_observation|near_all_edge_threshold|threshold_sensitive,mixed_or_borderline_ct_evidence,2,963,2.44375,0.5,0.25,1.6666666666666667,0.3981385729058945,1.625,False,0.875,1.404071249461968,ori101,near_boundary,r221,manual_review_uncertain,blocked_manual_review,blocked,mixed_or_high_uncertain_evidence,near_boundary_region,false
E_N001884_N003023,5351,N001884,N003023,design_present_or_unmapped,ct_uncertain,uncertain_review_required,uncertain,review_required,uncertain_ct_observation|near_all_edge_threshold|threshold_sensitive,mixed_or_borderline_ct_evidence,2,968,2.433333333333333,0.20833333333333334,0.5416666666666666,1.0,1.0398593200468933,1.0,False,1.0,2.172959683691446,ori011,boundary,r210,manual_review_uncertain,blocked_manual_review,blocked,mixed_or_high_uncertain_evidence,boundary_or_skin_region,false
E_N004515_N004530,10051,N004515,N004530,design_present_or_unmapped,ct_uncertain,uncertain_review_required,uncertain,review_required,uncertain_ct_observation|near_all_edge_threshold|threshold_sensitive,mixed_or_borderline_ct_evidence,2,969,2.433333333333333,0.20833333333333334,0.5416666666666666,1.0,0.6068249258160238,1.0,False,1.0,1.2682613315501086,ori110,boundary,r221,manual_review_uncertain,blocked_manual_review,blocked,mixed_or_high_uncertain_evidence,boundary_or_skin_region,false
E_N004157_N004278,7585,N004157,N004278,design_present_or_unmapped,ct_uncertain,uncertain_review_required,uncertain,review_required,uncertain_ct_observation|near_all_edge_threshold|threshold_sensitive,mixed_or_borderline_ct_evidence,2,972,2.425,0.20833333333333334,0.3333333333333333,1.0833333333333333,0.2289156626506024,1.2,False,1.0,2.023535570402136,ori011,boundary,r221,manual_review_uncertain,blocked_manual_review,blocked,mixed_or_high_uncertain_evidence,boundary_or_skin_region,false
E_N000847_N000862,3507,N000847,N000862,design_present_or_unmapped,ct_uncertain,uncertain_review_required,uncertain,review_required,uncertain_ct_observation|near_all_edge_threshold|threshold_sensitive,mixed_or_borderline_ct_evidence,2,973,2.4229166666666666,0.4166666666666667,0.25,1.5,0.21133285816108338,1.5,False,0.9583333333333334,1.4545822094779461,ori110,near_boundary,r220,manual_review_uncertain,blocked_manual_review,blocked,mixed_or_high_uncertain_evidence,near_boundary_region,false
E_N000730_N000755,1524,N000730,N000755,design_present_or_unmapped,ct_missing_like_uncertain,uncertain_review_required,uncertain,review_required,uncertain_ct_observation|near_all_edge_threshold|threshold_sensitive,moderate_missing_evidence_not_enough_for_absent_or_disconnected,3,989,2.3881944444444443,0.3333333333333333,0.6666666666666666,9.583333333333334,-0.5973920130399348,1.1111111111111112,False,0.375,1.4984818464103549,ori101,boundary,r210,manual_review_uncertain,blocked_manual_review,blocked,mixed_or_high_uncertain_evidence,boundary_or_skin_region,false
E_N000232_N001369,2420,N000232,N001369,design_present_or_unmapped,ct_missing_like_uncertain,uncertain_review_required,uncertain,review_required,uncertain_ct_observation|near_all_edge_threshold|threshold_sensitive,moderate_missing_evidence_not_enough_for_absent_or_disconnected,3,991,2.38125,0.625,0.25,1.625,-0.012724117987275883,1.6666666666666667,False,0.9583333333333334,1.251042295911195,ori101,near_boundary,r200,manual_review_uncertain,blocked_manual_review,blocked,mixed_or_high_uncertain_evidence,near_boundary_region,false
E_N005247_N005258,9320,N005247,N005258,design_present_or_unmapped,ct_uncertain,uncertain_review_required,uncertain,review_required,uncertain_ct_observation|near_all_edge_threshold|threshold_sensitive,mixed_or_borderline_ct_evidence,2,992,2.38125,0.625,0.375,5.0,1.4266936299292214,1.6875,False,0.37499999999999994,0.8696718917608244,ori101,interior,r211,manual_review_uncertain,blocked_manual_review,blocked,mixed_or_high_uncertain_evidence,,false
E_N002247_N002251,4006,N002247,N002251,design_present_or_unmapped,ct_uncertain,uncertain_review_required,uncertain,review_required,uncertain_ct_observation|near_all_edge_threshold|threshold_sensitive,mixed_or_borderline_ct_evidence,2,997,2.372916666666667,0.4166666666666667,0.5,1.4583333333333333,0.7119496855345911,1.2,False,0.9583333333333334,1.2635061186887893,ori011,boundary,r220,manual_review_uncertain,blocked_manual_review,blocked,mixed_or_high_uncertain_evidence,boundary_or_skin_region,false
E_N007176_N008313,14764,N007176,N008313,design_present_or_unmapped,ct_missing_like_uncertain,uncertain_review_required,uncertain,review_required,uncertain_ct_observation|near_all_edge_threshold|threshold_sensitive,moderate_missing_evidence_not_enough_for_absent_or_disconnected,3,1003,2.366081871345029,0.5,0.4166666666666667,1.7083333333333333,-0.15361262902246509,1.4327485380116958,False,0.6666666666666666,2.074802038697655,ori101,boundary,r202,manual_review_uncertain,blocked_manual_review,blocked,mixed_or_high_uncertain_evidence,boundary_or_skin_region,false
E_N001369_N001371,2421,N001369,N001371,design_present_or_unmapped,ct_uncertain,uncertain_review_required,uncertain,review_required,uncertain_ct_observation|near_all_edge_threshold|threshold_sensitive,mixed_or_borderline_ct_evidence,2,1005,2.3625,0.5,0.3333333333333333,1.4166666666666667,0.32759831460674155,1.45,False,0.9166666666666667,1.311739248997078,ori110,near_boundary,r200,manual_review_uncertain,blocked_manual_review,blocked,mixed_or_high_uncertain_evidence,near_boundary_region,false
E_N000499_N000503,879,N000499,N000503,design_present_or_unmapped,ct_missing_like_uncertain,uncertain_review_required,uncertain,review_required,uncertain_ct_observation|near_all_edge_threshold|threshold_sensitive,moderate_missing_evidence_not_enough_for_absent_or_disconnected,4,1007,2.359722222222222,0.4166666666666667,0.5833333333333334,11.291666666666666,-0.2544318326744038,1.1555555555555554,False,0.75,1.7511942272409344,ori011,boundary,r210,manual_review_uncertain,blocked_manual_review,blocked,mixed_or_high_uncertain_evidence,boundary_or_skin_region,false
E_N002125_N002127,3741,N002125,N002127,design_present_or_unmapped,ct_uncertain,uncertain_review_required,uncertain,review_required,uncertain_ct_observation|near_all_edge_threshold|threshold_sensitive,mixed_or_borderline_ct_evidence,2,1008,2.35,0.5416666666666666,0.20833333333333334,1.2083333333333333,0.3446650959272972,1.5833333333333335,False,1.0,1.4426178742070643,ori110,near_boundary,r220,manual_review_uncertain,blocked_manual_review,blocked,mixed_or_high_uncertain_evidence,near_boundary_region,false
E_N002877_N003004,7317,N002877,N003004,design_present_or_unmapped,ct_uncertain,uncertain_review_required,uncertain,review_required,uncertain_ct_observation|near_all_edge_threshold|threshold_sensitive,mixed_or_borderline_ct_evidence,2,1009,2.35,0.2916666666666667,0.2916666666666667,1.1666666666666667,0.20455317703024126,1.25,False,1.0,1.711168142932207,ori110,near_boundary,r211,manual_review_uncertain,blocked_manual_review,blocked,mixed_or_high_uncertain_evidence,near_boundary_region,false
E_N000609_N000736,3285,N000609,N000736,design_present_or_unmapped,ct_uncertain,uncertain_review_required,uncertain,review_required,uncertain_ct_observation|near_all_edge_threshold|threshold_sensitive,mixed_or_borderline_ct_evidence,2,1010,2.3499999999999996,0.3333333333333333,0.3333333333333333,1.0,0.20168918918918918,1.25,False,1.0,1.7076259781637577,ori110,near_boundary,r210,manual_review_uncertain,blocked_manual_review,blocked,mixed_or_high_uncertain_evidence,near_boundary_region,false
E_N000604_N000739,1296,N000604,N000739,design_present_or_unmapped,ct_missing_like_uncertain,uncertain_review_required,uncertain,review_required,uncertain_ct_observation|near_all_edge_threshold|threshold_sensitive,moderate_missing_evidence_not_enough_for_absent_or_disconnected,4,1012,2.3493055555555555,0.4166666666666667,0.5833333333333334,12.416666666666666,-0.5737670732978835,1.1555555555555554,False,0.7083333333333333,1.2985242174741585,ori011,boundary,r210,manual_review_uncertain,blocked_manual_review,blocked,mixed_or_high_uncertain_evidence,boundary_or_skin_region,false
E_N003637_N003648,6476,N003637,N003648,design_present_or_unmapped,ct_uncertain,uncertain_review_required,uncertain,review_required,uncertain_ct_observation|near_all_edge_threshold|threshold_sensitive,mixed_or_borderline_ct_evidence,2,1014,2.3465277777777778,0.5416666666666666,0.4166666666666667,1.7916666666666667,0.5264150943396226,1.4444444444444444,False,0.7083333333333334,1.9309651165307584,ori101,boundary,r201,manual_review_uncertain,blocked_manual_review,blocked,mixed_or_high_uncertain_evidence,boundary_or_skin_region,false
E_N000604_N000629,1304,N000604,N000629,design_present_or_unmapped,ct_missing_like_uncertain,uncertain_review_required,uncertain,review_required,uncertain_ct_observation|near_all_edge_threshold|threshold_sensitive,moderate_missing_evidence_not_enough_for_absent_or_disconnected,3,1022,2.3361111111111112,0.375,0.625,12.333333333333334,-0.6142028985507246,1.1111111111111112,False,0.5,1.2930708194720328,ori101,boundary,r210,manual_review_uncertain,blocked_manual_review,blocked,mixed_or_high_uncertain_evidence,boundary_or_skin_region,false
E_N000735_N001889,3540,N000735,N001889,design_present_or_unmapped,ct_uncertain,uncertain_review_required,uncertain,review_required,uncertain_ct_observation|near_all_edge_threshold|threshold_sensitive,mixed_or_borderline_ct_evidence,2,1027,2.3256944444444443,0.375,0.5416666666666666,1.2083333333333333,0.0743801652892562,1.1111111111111112,False,0.7916666666666666,1.8908898605435271,ori101,boundary,r210,manual_review_uncertain,blocked_manual_review,blocked,mixed_or_high_uncertain_evidence,boundary_or_skin_region,false
E_N000217_N000232,2407,N000217,N000232,design_present_or_unmapped,ct_uncertain,uncertain_review_required,uncertain,review_required,uncertain_ct_observation|near_all_edge_threshold|threshold_sensitive,mixed_or_borderline_ct_evidence,2,1030,2.31875,0.5416666666666666,0.2916666666666667,1.4166666666666667,0.15590292060880295,1.5,False,0.875,1.2233541195243525,ori110,near_boundary,r200,manual_review_uncertain,blocked_manual_review,blocked,mixed_or_high_uncertain_evidence,near_boundary_region,false
E_N003129_N003133,5550,N003129,N003133,design_present_or_unmapped,ct_uncertain,uncertain_review_required,uncertain,review_required,uncertain_ct_observation|near_all_edge_threshold|threshold_sensitive,mixed_or_borderline_ct_evidence,2,1031,2.31875,0.75,0.25,1.875,0.6839729119638827,1.75,False,0.875,1.6986342989916456,ori011,near_boundary,r220,manual_review_uncertain,blocked_manual_review,blocked,mixed_or_high_uncertain_evidence,near_boundary_region,false
E_N001744_N002881,5096,N001744,N002881,design_present_or_unmapped,ct_uncertain,uncertain_review_required,uncertain,review_required,uncertain_ct_observation|near_all_edge_threshold|threshold_sensitive,mixed_or_borderline_ct_evidence,2,1032,2.317728758169934,0.5416666666666666,0.3333333333333333,2.4166666666666665,0.6637856525496975,1.5718954248366013,False,0.4166666666666667,1.3569521398354891,ori101,near_boundary,r210,manual_review_uncertain,blocked_manual_review,blocked,mixed_or_high_uncertain_evidence,near_boundary_region,false
E_N008436_N009573,17144,N008436,N009573,design_present_or_unmapped,ct_uncertain,uncertain_review_required,uncertain,review_required,uncertain_ct_observation|near_all_edge_threshold|threshold_sensitive,mixed_or_borderline_ct_evidence,2,1034,2.3152777777777778,0.375,0.625,1.75,0.10407725321888411,1.1111111111111112,False,0.4166666666666667,2.074527925279984,ori101,boundary,r212,manual_review_uncertain,blocked_manual_review,blocked,mixed_or_high_uncertain_evidence,boundary_or_skin_region,false
E_N007049_N007055,12743,N007049,N007055,design_present_or_unmapped,ct_uncertain,uncertain_review_required,uncertain,review_required,uncertain_ct_observation|threshold_sensitive,mixed_or_borderline_ct_evidence,2,1043,2.301388888888889,0.5,0.5,2.7083333333333335,0.04893350062735257,1.3888888888888888,False,0.25000000000000006,2.0675961583177602,ori101,boundary,r202,manual_review_uncertain,blocked_manual_review,blocked,mixed_or_high_uncertain_evidence,boundary_or_skin_region,false
E_N000357_N001621,2872,N000357,N001621,design_present_or_unmapped,ct_uncertain,uncertain_review_required,uncertain,review_required,uncertain_ct_observation|threshold_sensitive,mixed_or_borderline_ct_evidence,2,1044,2.297916666666667,0.6666666666666666,0.20833333333333334,1.5416666666666667,1.0202634245187436,1.6666666666666667,False,0.9583333333333334,1.520932066068016,ori011,near_boundary,r210,manual_review_uncertain,blocked_manual_review,blocked,mixed_or_high_uncertain_evidence,near_boundary_region,false
E_N000861_N002125,3752,N000861,N002125,design_present_or_unmapped,ct_uncertain,uncertain_review_required,uncertain,review_required,uncertain_ct_observation|threshold_sensitive,mixed_or_borderline_ct_evidence,2,1045,2.297916666666667,0.6666666666666666,0.125,1.6666666666666667,0.992583436341162,1.75,False,0.9583333333333334,1.455426708157623,ori011,near_boundary,r220,manual_review_uncertain,blocked_manual_review,blocked,mixed_or_high_uncertain_evidence,near_boundary_region,false
E_N000483_N000610,3065,N000483,N000610,design_present_or_unmapped,ct_uncertain,uncertain_review_required,uncertain,review_required,uncertain_ct_observation|threshold_sensitive,mixed_or_borderline_ct_evidence,2,1052,2.277083333333333,0.4166666666666667,0.375,1.0416666666666667,0.17185697808535177,1.25,False,0.875,1.3787686707442106,ori110,near_boundary,r210,manual_review_uncertain,blocked_manual_review,blocked,mixed_or_high_uncertain_evidence,near_boundary_region,false
E_N002752_N003889,6892,N002752,N003889,design_present_or_unmapped,ct_uncertain,uncertain_review_required,uncertain,review_required,uncertain_ct_observation|threshold_sensitive,mixed_or_borderline_ct_evidence,2,1053,2.277083333333333,0.5,0.2916666666666667,2.8333333333333335,0.4059590316573557,1.5,False,0.5416666666666666,1.664400295662219,ori101,near_boundary,r211,manual_review_uncertain,blocked_manual_review,blocked,mixed_or_high_uncertain_evidence,near_boundary_region,false
E_N001365_N002519,4676,N001365,N002519,design_present_or_unmapped,ct_uncertain,uncertain_review_required,uncertain,review_required,uncertain_ct_observation|threshold_sensitive,mixed_or_borderline_ct_evidence,2,1064,2.261805555555555,0.5416666666666666,0.4583333333333333,1.625,0.2656132430398796,1.422222222222222,False,0.2916666666666667,1.7494458359489569,ori101,boundary,r200,manual_review_uncertain,blocked_manual_review,blocked,mixed_or_high_uncertain_evidence,boundary_or_skin_region,false
E_N001999_N002001,3521,N001999,N002001,design_present_or_unmapped,ct_uncertain,uncertain_review_required,uncertain,review_required,uncertain_ct_observation|threshold_sensitive,mixed_or_borderline_ct_evidence,2,1065,2.25625,0.5833333333333334,0.25,1.3333333333333333,0.2641625615763547,1.5,False,0.9583333333333334,1.6541711226812181,ori110,near_boundary,r220,manual_review_uncertain,blocked_manual_review,blocked,mixed_or_high_uncertain_evidence,near_boundary_region,false
E_N003003_N003009,5531,N003003,N003009,design_present_or_unmapped,ct_uncertain,uncertain_review_required,uncertain,review_required,uncertain_ct_observation|threshold_sensitive,mixed_or_borderline_ct_evidence,2,1082,2.242361111111111,0.6666666666666666,0.3333333333333333,2.5416666666666665,0.3608768971332209,1.5277777777777777,False,0.7916666666666666,1.7744848943018454,ori101,near_boundary,r210,manual_review_uncertain,blocked_manual_review,blocked,mixed_or_high_uncertain_evidence,near_boundary_region,false
E_N000856_N000881,1744,N000856,N000881,design_present_or_unmapped,ct_missing_like_uncertain,uncertain_review_required,uncertain,review_required,uncertain_ct_observation|threshold_sensitive,moderate_missing_evidence_not_enough_for_absent_or_disconnected,3,1084,2.2354166666666666,0.25,0.75,6.75,-0.44830473001255755,0.75,False,0.5416666666666667,1.8004417730976063,ori101,boundary,r220,manual_review_uncertain,blocked_manual_review,blocked,mixed_or_high_uncertain_evidence,boundary_or_skin_region,false
E_N006405_N007559,13620,N006405,N007559,design_present_or_unmapped,ct_missing_like_uncertain,uncertain_review_required,uncertain,review_required,uncertain_ct_observation|threshold_sensitive,moderate_missing_evidence_not_enough_for_absent_or_disconnected,3,1085,2.2352124183006534,0.375,0.5416666666666666,0.9583333333333334,-0.0967741935483871,1.1143790849673203,False,0.41666666666666663,1.9585026126458431,ori101,boundary,r212,manual_review_uncertain,blocked_manual_review,blocked,mixed_or_high_uncertain_evidence,boundary_or_skin_region,false
E_N004253_N004264,7548,N004253,N004264,design_present_or_unmapped,ct_uncertain,uncertain_review_required,uncertain,review_required,uncertain_ct_observation|threshold_sensitive,mixed_or_borderline_ct_evidence,2,1087,2.227450980392157,0.625,0.375,3.6666666666666665,1.2059859154929577,1.5441176470588234,False,0.3333333333333333,1.2383329886677854,ori101,near_boundary,r221,manual_review_uncertain,blocked_manual_review,blocked,mixed_or_high_uncertain_evidence,near_boundary_region,false
E_N003007_N003009,5317,N003007,N003009,design_present_or_unmapped,ct_uncertain,uncertain_review_required,uncertain,review_required,uncertain_ct_observation|threshold_sensitive,mixed_or_borderline_ct_evidence,2,1088,2.2249999999999996,0.4583333333333333,0.3333333333333333,1.4583333333333333,0.1749648382559775,1.25,False,1.0,1.529100745228141,ori110,near_boundary,r210,manual_review_uncertain,blocked_manual_review,blocked,mixed_or_high_uncertain_evidence,near_boundary_region,false
E_N001617_N001621,2874,N001617,N001621,design_present_or_unmapped,ct_uncertain,uncertain_review_required,uncertain,review_required,uncertain_ct_observation|threshold_sensitive,mixed_or_borderline_ct_evidence,2,1092,2.2145833333333336,0.7083333333333334,0.16666666666666666,1.75,1.0689655172413792,1.6666666666666667,False,0.9583333333333334,1.4228278290874685,ori011,near_boundary,r210,manual_review_uncertain,blocked_manual_review,blocked,mixed_or_high_uncertain_evidence,near_boundary_region,false
E_N007554_N008691,15424,N007554,N008691,design_present_or_unmapped,ct_missing_like_uncertain,uncertain_review_required,uncertain,review_required,uncertain_ct_observation|threshold_sensitive,moderate_missing_evidence_not_enough_for_absent_or_disconnected,3,1093,2.2111111111111112,0.4166666666666667,0.5833333333333334,1.375,-0.4620107444359171,1.1111111111111112,False,0.3333333333333333,1.8700726075800245,ori101,boundary,r212,manual_review_uncertain,blocked_manual_review,blocked,mixed_or_high_uncertain_evidence,boundary_or_skin_region,false
E_N000613_N000615,1065,N000613,N000615,design_present_or_unmapped,ct_uncertain,uncertain_review_required,uncertain,review_required,uncertain_ct_observation|threshold_sensitive,mixed_or_borderline_ct_evidence,2,1095,2.2041666666666666,0.2916666666666667,0.4166666666666667,1.3333333333333333,-0.07186422699549191,1.0,False,0.9166666666666666,1.1957177221040711,ori110,boundary,r210,manual_review_uncertain,blocked_manual_review,blocked,mixed_or_high_uncertain_evidence,boundary_or_skin_region,false
E_N001239_N001254,4227,N001239,N001254,design_present_or_unmapped,ct_uncertain,uncertain_review_required,uncertain,review_required,uncertain_ct_observation|threshold_sensitive,mixed_or_borderline_ct_evidence,2,1112,2.1937499999999996,0.4583333333333333,0.16666666666666666,1.7916666666666667,0.48831882730187814,1.4166666666666665,False,0.875,1.6957442406724224,ori110,boundary,r200,manual_review_uncertain,blocked_manual_review,blocked,mixed_or_high_uncertain_evidence,boundary_or_skin_region,false
E_N000611_N000613,1064,N000611,N000613,design_present_or_unmapped,ct_missing_like_uncertain,uncertain_review_required,uncertain,review_required,uncertain_ct_observation|threshold_sensitive,moderate_missing_evidence_not_enough_for_absent_or_disconnected,3,1117,2.1902777777777778,0.4583333333333333,0.5416666666666666,15.166666666666666,-0.5970108695652174,1.1111111111111112,False,0.5833333333333334,1.1645157011809697,ori101,boundary,r210,manual_review_uncertain,blocked_manual_review,blocked,mixed_or_high_uncertain_evidence,boundary_or_skin_region,false
E_N002989_N003004,7319,N002989,N003004,design_present_or_unmapped,ct_uncertain,uncertain_review_required,uncertain,review_required,uncertain_ct_observation|threshold_sensitive,mixed_or_borderline_ct_evidence,2,1118,2.1902777777777778,0.4583333333333333,0.3333333333333333,2.0416666666666665,0.3685576566555432,1.2361111111111112,False,0.9166666666666666,1.3951136256593366,ori110,near_boundary,r211,manual_review_uncertain,blocked_manual_review,blocked,mixed_or_high_uncertain_evidence,near_boundary_region,false
E_N000231_N001495,2652,N000231,N001495,design_present_or_unmapped,ct_uncertain,uncertain_review_required,uncertain,review_required,uncertain_ct_observation|threshold_sensitive,mixed_or_borderline_ct_evidence,2,1120,2.1833333333333336,0.75,0.16666666666666666,1.6666666666666667,1.4153005464480874,1.6666666666666667,False,1.0,1.28497254914217,ori011,near_boundary,r200,manual_review_uncertain,blocked_manual_review,blocked,mixed_or_high_uncertain_evidence,near_boundary_region,false
E_N002125_N002136,3764,N002125,N002136,design_present_or_unmapped,ct_missing_like_uncertain,uncertain_review_required,uncertain,review_required,uncertain_ct_observation|threshold_sensitive,moderate_missing_evidence_not_enough_for_absent_or_disconnected,3,1121,2.183333333333333,0.125,0.5416666666666666,0.75,-0.016129032258064516,0.75,False,0.6666666666666667,1.8169529180732988,ori101,boundary,r220,manual_review_uncertain,blocked_manual_review,blocked,mixed_or_high_uncertain_evidence,boundary_or_skin_region,false
E_N009321_N009323,16633,N009321,N009323,design_present_or_unmapped,ct_missing_like_uncertain,uncertain_review_required,uncertain,review_required,uncertain_ct_observation|threshold_sensitive,moderate_missing_evidence_not_enough_for_absent_or_disconnected,3,1122,2.183333333333333,0.5833333333333334,0.4166666666666667,2.0416666666666665,-0.4006529850746269,1.3333333333333333,False,0.6666666666666666,1.9444457696326616,ori110,boundary,r202,manual_review_uncertain,blocked_manual_review,blocked,mixed_or_high_uncertain_evidence,boundary_or_skin_region,false
E_N002251_N002262,4020,N002251,N002262,design_present_or_unmapped,ct_uncertain,uncertain_review_required,uncertain,review_required,uncertain_ct_observation|threshold_sensitive,mixed_or_borderline_ct_evidence,2,1132,2.1645833333333333,0.20833333333333334,0.5833333333333334,1.0833333333333333,0.16535433070866143,0.7416666666666667,False,0.7916666666666666,1.2635061186887893,ori101,boundary,r220,manual_review_uncertain,blocked_manual_review,blocked,mixed_or_high_uncertain_evidence,boundary_or_skin_region,false
E_N004012_N005149,9128,N004012,N005149,design_present_or_unmapped,ct_uncertain,uncertain_review_required,uncertain,review_required,uncertain_ct_observation|threshold_sensitive,mixed_or_borderline_ct_evidence,2,1140,2.1416666666666666,0.6666666666666666,0.3333333333333333,2.6666666666666665,0.8230088495575221,1.5,False,0.49999999999999994,1.537491218568984,ori101,near_boundary,r211,manual_review_uncertain,blocked_manual_review,blocked,mixed_or_high_uncertain_evidence,near_boundary_region,false
E_N001491_N002645,4896,N001491,N002645,design_present_or_unmapped,ct_uncertain,uncertain_review_required,uncertain,review_required,uncertain_ct_observation|threshold_sensitive,mixed_or_borderline_ct_evidence,2,1141,2.1354166666666665,0.5416666666666666,0.3333333333333333,1.6666666666666667,0.21113243761996162,1.4,False,0.375,1.6345658957538673,ori101,boundary,r200,manual_review_uncertain,blocked_manual_review,blocked,mixed_or_high_uncertain_evidence,boundary_or_skin_region,false
E_N000487_N000498,868,N000487,N000498,design_present_or_unmapped,ct_uncertain,uncertain_review_required,uncertain,review_required,uncertain_ct_observation|threshold_sensitive,mixed_or_borderline_ct_evidence,2,1142,2.1347222222222224,0.375,0.2916666666666667,1.125,0.054293628808864264,1.2222222222222223,False,0.5833333333333334,1.6123023638336207,ori101,boundary,r210,manual_review_uncertain,blocked_manual_review,blocked,mixed_or_high_uncertain_evidence,boundary_or_skin_region,false
E_N003259_N003270,5780,N003259,N003270,design_present_or_unmapped,ct_uncertain,uncertain_review_required,uncertain,review_required,uncertain_ct_observation|threshold_sensitive,mixed_or_borderline_ct_evidence,2,1143,2.1342261904761908,0.25,0.625,1.0416666666666667,0.16176470588235295,0.7321428571428572,False,0.7083333333333334,1.6344676167626842,ori101,boundary,r220,manual_review_uncertain,blocked_manual_review,blocked,mixed_or_high_uncertain_evidence,boundary_or_skin_region,false
E_N000111_N000221,403,N000111,N000221,design_present_or_unmapped,ct_uncertain,uncertain_review_required,uncertain,review_required,uncertain_ct_observation|threshold_sensitive,mixed_or_borderline_ct_evidence,2,1146,2.13125,0.5416666666666666,0.25,1.6666666666666667,0.08770806658130602,1.3333333333333333,False,0.9583333333333334,0.9583138609289065,ori110,boundary,r200,manual_review_uncertain,blocked_manual_review,blocked,mixed_or_high_uncertain_evidence,boundary_or_skin_region,false
E_N009573_N009575,17145,N009573,N009575,design_present_or_unmapped,ct_missing_like_uncertain,uncertain_review_required,uncertain,review_required,uncertain_ct_observation|threshold_sensitive,moderate_missing_evidence_not_enough_for_absent_or_disconnected,3,1148,2.129166666666667,0.4166666666666667,0.5833333333333334,1.75,-0.37209302325581395,0.9666666666666667,False,0.5833333333333334,1.8062543856076296,ori110,boundary,r212,manual_review_uncertain,blocked_manual_review,blocked,mixed_or_high_uncertain_evidence,boundary_or_skin_region,false
E_N002372_N003526,6252,N002372,N003526,design_present_or_unmapped,ct_uncertain,uncertain_review_required,uncertain,review_required,uncertain_ct_observation|threshold_sensitive,mixed_or_borderline_ct_evidence,2,1151,2.123809523809524,0.5833333333333334,0.4166666666666667,2.5416666666666665,1.9538866930171277,1.3571428571428572,False,0.3333333333333333,2.091990222002105,ori101,boundary,r201,manual_review_uncertain,blocked_manual_review,blocked,mixed_or_high_uncertain_evidence,boundary_or_skin_region,false
E_N000105_N000235,419,N000105,N000235,design_present_or_unmapped,ct_uncertain,uncertain_review_required,uncertain,review_required,uncertain_ct_observation|threshold_sensitive,mixed_or_borderline_ct_evidence,2,1153,2.120833333333333,0.5,0.4166666666666667,1.1666666666666667,0.4089253187613843,1.125,False,0.9166666666666666,1.5557569192209466,ori011,boundary,r200,manual_review_uncertain,blocked_manual_review,blocked,mixed_or_high_uncertain_evidence,boundary_or_skin_region,false
E_N001869_N003133,5548,N001869,N003133,design_present_or_unmapped,ct_uncertain,uncertain_review_required,uncertain,review_required,uncertain_ct_observation|threshold_sensitive,mixed_or_borderline_ct_evidence,2,1155,2.1187500000000004,0.6666666666666666,0.16666666666666666,1.9583333333333333,0.8248792270531401,1.55,False,0.875,1.8570190335891825,ori011,near_boundary,r220,manual_review_uncertain,blocked_manual_review,blocked,mixed_or_high_uncertain_evidence,near_boundary_region,false
E_N000231_N000246,2431,N000231,N000246,design_present_or_unmapped,ct_uncertain,uncertain_review_required,uncertain,review_required,uncertain_ct_observation|threshold_sensitive,mixed_or_borderline_ct_evidence,2,1158,2.1104166666666666,0.625,0.3333333333333333,2.1666666666666665,0.35214785214785216,1.3333333333333333,False,0.875,2.0748649597733984,ori110,boundary,r200,manual_review_uncertain,blocked_manual_review,blocked,mixed_or_high_uncertain_evidence,boundary_or_skin_region,false
E_N009822_N009825,17658,N009822,N009825,design_present_or_unmapped,ct_missing_like_uncertain,uncertain_review_required,uncertain,review_required,uncertain_ct_observation|threshold_sensitive,moderate_missing_evidence_not_enough_for_absent_or_disconnected,3,1181,2.085906862745098,0.4583333333333333,0.5416666666666666,2.7083333333333335,-0.07167985927880387,1.0588235294117647,False,0.37500000000000006,1.5963563068639854,ori101,boundary,r212,manual_review_uncertain,blocked_manual_review,blocked,mixed_or_high_uncertain_evidence,boundary_or_skin_region,false
E_N000989_N000991,1724,N000989,N000991,design_present_or_unmapped,ct_missing_like_uncertain,uncertain_review_required,uncertain,review_required,uncertain_ct_observation|threshold_sensitive,moderate_missing_evidence_not_enough_for_absent_or_disconnected,3,1197,2.0538690476190475,0.3333333333333333,0.6666666666666666,5.5,-0.5053140096618357,0.7142857142857143,False,0.625,1.3026292028164546,ori101,boundary,r220,manual_review_uncertain,blocked_manual_review,blocked,mixed_or_high_uncertain_evidence,boundary_or_skin_region,false
E_N000478_N000503,1084,N000478,N000503,design_present_or_unmapped,ct_uncertain,uncertain_review_required,uncertain,review_required,uncertain_ct_observation|threshold_sensitive,mixed_or_borderline_ct_evidence,2,1216,2.0305555555555554,0.5,0.5,14.25,-0.5237180434461357,1.0555555555555556,False,0.5,1.7511942272409344,ori101,boundary,r210,manual_review_uncertain,blocked_manual_review,blocked,mixed_or_high_uncertain_evidence,boundary_or_skin_region,false
E_N000737_N000739,1284,N000737,N000739,design_present_or_unmapped,ct_uncertain,uncertain_review_required,uncertain,review_required,uncertain_ct_observation|threshold_sensitive,mixed_or_borderline_ct_evidence,2,1217,2.0305555555555554,0.5,0.4583333333333333,12.791666666666666,-0.48365917712284795,1.0555555555555556,False,0.6666666666666667,1.2985242174741585,ori101,boundary,r210,manual_review_uncertain,blocked_manual_review,blocked,mixed_or_high_uncertain_evidence,boundary_or_skin_region,false
E_N001463_N001478,4619,N001463,N001478,design_present_or_unmapped,ct_uncertain,uncertain_review_required,uncertain,review_required,uncertain_ct_observation|threshold_sensitive,mixed_or_borderline_ct_evidence,2,1220,2.027083333333333,0.8333333333333334,0.16666666666666666,2.875,0.8306772908366534,1.6666666666666665,False,0.7083333333333333,0.9980904774578325,ori110,interior,r200,manual_review_uncertain,blocked_manual_review,blocked,mixed_or_high_uncertain_evidence,,false
E_N009191_N009197,16627,N009191,N009197,design_present_or_unmapped,ct_uncertain,uncertain_review_required,uncertain,review_required,uncertain_ct_observation|threshold_sensitive,mixed_or_borderline_ct_evidence,2,1223,2.022222222222222,0.5833333333333334,0.16666666666666666,2.25,0.471671388101983,1.422222222222222,False,0.6666666666666667,1.810127081534911,ori101,boundary,r202,manual_review_uncertain,blocked_manual_review,blocked,mixed_or_high_uncertain_evidence,boundary_or_skin_region,false
E_N002121_N003275,6028,N002121,N003275,design_present_or_unmapped,ct_uncertain,uncertain_review_required,uncertain,review_required,uncertain_ct_observation|threshold_sensitive,mixed_or_borderline_ct_evidence,2,1230,2.012202380952381,0.375,0.625,1.9583333333333333,0.6259067357512953,0.7142857142857143,False,0.7916666666666667,1.727792120275633,ori101,boundary,r220,manual_review_uncertain,blocked_manual_review,blocked,mixed_or_high_uncertain_evidence,boundary_or_skin_region,false
E_N004393_N004395,7773,N004393,N004395,design_present_or_unmapped,ct_uncertain,uncertain_review_required,uncertain,review_required,uncertain_ct_observation|threshold_sensitive,mixed_or_borderline_ct_evidence,2,1300,1.9958333333333333,0.6666666666666666,0.3333333333333333,2.125,0.2569293055123015,1.25,False,0.9166666666666666,1.3094736674327958,ori110,near_boundary,r221,manual_review_uncertain,blocked_manual_review,blocked,mixed_or_high_uncertain_evidence,near_boundary_region,false
E_N002503_N002514,4460,N002503,N002514,design_present_or_unmapped,ct_uncertain,uncertain_review_required,uncertain,review_required,uncertain_ct_observation|threshold_sensitive,mixed_or_borderline_ct_evidence,2,1306,1.9823529411764707,0.625,0.25,2.25,0.6869198312236287,1.3823529411764706,False,0.5,1.7805603593481032,ori101,boundary,r200,manual_review_uncertain,blocked_manual_review,blocked,mixed_or_high_uncertain_evidence,boundary_or_skin_region,false
E_N003521_N004661,8489,N003521,N004661,design_present_or_unmapped,ct_uncertain,uncertain_review_required,uncertain,review_required,uncertain_ct_observation|threshold_sensitive,mixed_or_borderline_ct_evidence,2,1307,1.9819444444444445,0.625,0.2916666666666667,6.583333333333333,3.0662358642972536,1.3611111111111112,False,0.4166666666666667,1.7640030812631975,ori101,boundary,r201,manual_review_uncertain,blocked_manual_review,blocked,mixed_or_high_uncertain_evidence,boundary_or_skin_region,false
E_N000105_N000111,399,N000105,N000111,design_present_or_unmapped,ct_uncertain,uncertain_review_required,uncertain,review_required,uncertain_ct_observation|threshold_sensitive,mixed_or_borderline_ct_evidence,3,1309,1.9766447368421052,0.625,0.25,1.875,-0.12141992739007665,1.3245614035087718,False,0.7083333333333333,1.1793586312928632,ori101,boundary,r200,manual_review_uncertain,blocked_manual_review,blocked,mixed_or_high_uncertain_evidence,boundary_or_skin_region,false
E_N000730_N000865,1516,N000730,N000865,design_present_or_unmapped,ct_uncertain,uncertain_review_required,uncertain,review_required,uncertain_ct_observation|threshold_sensitive,mixed_or_borderline_ct_evidence,2,1317,1.9645833333333333,0.5416666666666666,0.4583333333333333,9.583333333333334,-0.3414785029384473,1.0,False,0.7916666666666666,1.3101949574475538,ori011,boundary,r220,manual_review_uncertain,blocked_manual_review,blocked,mixed_or_high_uncertain_evidence,boundary_or_skin_region,false
E_N000221_N000223,381,N000221,N000223,design_present_or_unmapped,ct_uncertain,uncertain_review_required,uncertain,review_required,uncertain_ct_observation|threshold_sensitive,mixed_or_borderline_ct_evidence,2,1319,1.9645833333333331,0.6666666666666666,0.20833333333333334,2.0416666666666665,-0.09675174013921113,1.3333333333333333,True,0.9583333333333334,0.7628524380344757,ori110,boundary,r200,manual_review_uncertain,blocked_manual_review,blocked,mixed_or_high_uncertain_evidence,boundary_or_skin_region,false
E_N003774_N004913,8723,N003774,N004913,design_present_or_unmapped,ct_uncertain,uncertain_review_required,uncertain,review_required,uncertain_ct_observation|threshold_sensitive,mixed_or_borderline_ct_evidence,2,1321,1.9616071428571429,0.625,0.375,1.5416666666666667,2.0238970588235294,1.1428571428571428,False,0.875,1.934641813044118,ori011,boundary,r201,manual_review_uncertain,blocked_manual_review,blocked,mixed_or_high_uncertain_evidence,boundary_or_skin_region,false
E_N009444_N009447,16890,N009444,N009447,design_present_or_unmapped,ct_uncertain,uncertain_review_required,uncertain,review_required,uncertain_ct_observation|threshold_sensitive,mixed_or_borderline_ct_evidence,2,1325,1.9571428571428573,0.7083333333333334,0.2916666666666667,3.4583333333333335,0.5013736263736264,1.3571428571428572,False,0.6666666666666667,1.3876027451019626,ori101,boundary,r202,manual_review_uncertain,blocked_manual_review,blocked,mixed_or_high_uncertain_evidence,boundary_or_skin_region,false
E_N001369_N001380,2444,N001369,N001380,design_present_or_unmapped,ct_uncertain,uncertain_review_required,uncertain,review_required,uncertain_ct_observation|threshold_sensitive,mixed_or_borderline_ct_evidence,2,1337,1.9428030303030301,0.6666666666666666,0.25,2.0833333333333335,-0.049760765550239235,1.3636363636363635,True,0.5833333333333333,1.7089525929808937,ori101,boundary,r200,manual_review_uncertain,blocked_manual_review,blocked,mixed_or_high_uncertain_evidence,boundary_or_skin_region,false
E_N000469_N001623,3072,N000469,N001623,design_present_or_unmapped,ct_uncertain,uncertain_review_required,uncertain,review_required,uncertain_ct_observation|threshold_sensitive,mixed_or_borderline_ct_evidence,3,1342,1.9368055555555557,0.7916666666666666,0.16666666666666666,2.4166666666666665,0.00966702470461869,1.5555555555555556,False,0.625,0.9134803540617725,ori101,near_boundary,r210,manual_review_uncertain,blocked_manual_review,blocked,mixed_or_high_uncertain_evidence,near_boundary_region,false
E_N009699_N009701,17401,N009699,N009701,design_present_or_unmapped,ct_uncertain,uncertain_review_required,uncertain,review_required,uncertain_ct_observation|threshold_sensitive,mixed_or_borderline_ct_evidence,2,1345,1.93125,0.4583333333333333,0.4583333333333333,1.6666666666666667,-0.45601931700586407,0.9666666666666667,False,0.45833333333333337,1.9479207296890915,ori110,boundary,r212,manual_review_uncertain,blocked_manual_review,blocked,mixed_or_high_uncertain_evidence,boundary_or_skin_region,false
E_N002505_N002615,4655,N002505,N002615,design_present_or_unmapped,ct_uncertain,uncertain_review_required,uncertain,review_required,uncertain_ct_observation|threshold_sensitive,mixed_or_borderline_ct_evidence,2,1357,1.9124999999999999,0.8333333333333334,0.08333333333333333,2.6666666666666665,1.1411136536994662,1.6666666666666667,False,0.5833333333333334,2.1069217392707444,ori110,interior,r200,manual_review_uncertain,blocked_manual_review,blocked,mixed_or_high_uncertain_evidence,,false
E_N002625_N002640,6683,N002625,N002640,design_present_or_unmapped,ct_uncertain,uncertain_review_required,uncertain,review_required,uncertain_ct_observation|threshold_sensitive,mixed_or_borderline_ct_evidence,2,1374,1.8916666666666666,0.75,0.20833333333333334,1.625,0.29494949494949496,1.3333333333333333,False,1.0,1.7783219965400394,ori110,boundary,r201,manual_review_uncertain,blocked_manual_review,blocked,mixed_or_high_uncertain_evidence,boundary_or_skin_region,false
E_N000231_N000237,619,N000231,N000237,design_present_or_unmapped,ct_uncertain,uncertain_review_required,uncertain,review_required,uncertain_ct_observation|threshold_sensitive,mixed_or_borderline_ct_evidence,3,1381,1.8803030303030301,0.75,0.20833333333333334,2.4166666666666665,-0.21544715447154472,1.3636363636363635,False,0.8333333333333334,1.28497254914217,ori101,boundary,r200,manual_review_uncertain,blocked_manual_review,blocked,mixed_or_high_uncertain_evidence,boundary_or_skin_region,false
E_N001841_N001856,5279,N001841,N001856,design_present_or_unmapped,ct_uncertain,uncertain_review_required,uncertain,review_required,uncertain_ct_observation|threshold_sensitive,mixed_or_borderline_ct_evidence,2,1391,1.875,0.9166666666666666,0.08333333333333333,3.4166666666666665,1.9056304520222045,1.6666666666666667,False,0.5,1.149947152466015,ori110,interior,r210,manual_review_uncertain,blocked_manual_review,blocked,mixed_or_high_uncertain_evidence,,false
E_N003759_N003774,8699,N003759,N003774,design_present_or_unmapped,ct_uncertain,uncertain_review_required,uncertain,review_required,uncertain_ct_observation|threshold_sensitive,mixed_or_borderline_ct_evidence,2,1398,1.8708333333333333,0.7083333333333334,0.2916666666666667,2.0,0.11143131604226705,1.3333333333333333,False,0.41666666666666663,1.934641813044118,ori110,boundary,r201,manual_review_uncertain,blocked_manual_review,blocked,mixed_or_high_uncertain_evidence,boundary_or_skin_region,false
E_N003759_N004913,8928,N003759,N004913,design_present_or_unmapped,ct_uncertain,uncertain_review_required,uncertain,review_required,uncertain_ct_observation|threshold_sensitive,mixed_or_borderline_ct_evidence,2,1400,1.8702205882352942,0.6666666666666666,0.20833333333333334,2.5833333333333335,0.35872781065088755,1.343137254901961,False,0.5416666666666667,1.920413691109632,ori101,boundary,r201,manual_review_uncertain,blocked_manual_review,blocked,mixed_or_high_uncertain_evidence,boundary_or_skin_region,false
E_N000121_N000124,215,N000121,N000124,design_present_or_unmapped,ct_uncertain,uncertain_review_required,uncertain,review_required,uncertain_ct_observation|threshold_sensitive,mixed_or_borderline_ct_evidence,2,1401,1.869345238095238,0.5833333333333334,0.2916666666666667,2.3333333333333335,-0.24360220278587624,1.0714285714285714,False,0.9583333333333334,1.3547880990105992,ori011,boundary,r200,manual_review_uncertain,blocked_manual_review,blocked,mixed_or_high_uncertain_evidence,boundary_or_skin_region,false
E_N004897_N004908,8712,N004897,N004908,design_present_or_unmapped,ct_uncertain,uncertain_review_required,uncertain,review_required,uncertain_ct_observation|threshold_sensitive,mixed_or_borderline_ct_evidence,2,1423,1.8453947368421053,0.7083333333333334,0.2916666666666667,2.9583333333333335,0.3177570093457944,1.3078947368421052,False,0.41666666666666674,2.1495829851167647,ori101,boundary,r201,manual_review_uncertain,blocked_manual_review,blocked,mixed_or_high_uncertain_evidence,boundary_or_skin_region,false
E_N000100_N000125,424,N000100,N000125,design_present_or_unmapped,ct_uncertain,uncertain_review_required,uncertain,review_required,uncertain_ct_observation|threshold_sensitive,mixed_or_borderline_ct_evidence,3,1446,1.8222222222222224,0.6666666666666666,0.25,13.458333333333334,-0.5566845985256027,1.2222222222222223,False,0.6666666666666667,1.2924260070669145,ori101,boundary,r200,manual_review_uncertain,blocked_manual_review,blocked,mixed_or_high_uncertain_evidence,boundary_or_skin_region,false
E_N000105_N001259,2440,N000105,N001259,design_present_or_unmapped,ct_uncertain,uncertain_review_required,uncertain,review_required,uncertain_ct_observation|threshold_sensitive,mixed_or_borderline_ct_evidence,3,1468,1.802651515151515,0.75,0.125,2.25,-0.28700419219606577,1.3484848484848484,False,0.9166666666666666,1.432496264582504,ori101,boundary,r200,manual_review_uncertain,blocked_manual_review,blocked,mixed_or_high_uncertain_evidence,boundary_or_skin_region,false
E_N000347_N000363,622,N000347,N000363,design_present_or_unmapped,ct_uncertain,uncertain_review_required,uncertain,review_required,uncertain_ct_observation|threshold_sensitive,mixed_or_borderline_ct_evidence,2,1505,1.7979166666666664,0.7083333333333334,0.08333333333333333,2.5833333333333335,-0.018514666111920118,1.3333333333333333,True,0.9583333333333334,0.7748835714301828,ori110,boundary,r200,manual_review_uncertain,blocked_manual_review,blocked,mixed_or_high_uncertain_evidence,boundary_or_skin_region,false
E_N001995_N003149,5776,N001995,N003149,design_present_or_unmapped,ct_uncertain,uncertain_review_required,uncertain,review_required,uncertain_ct_observation|threshold_sensitive,mixed_or_borderline_ct_evidence,2,1511,1.7934523809523808,0.4583333333333333,0.5416666666666666,2.125,0.5403508771929825,0.7142857142857143,False,0.5833333333333333,1.9649959408976352,ori101,boundary,r220,manual_review_uncertain,blocked_manual_review,blocked,mixed_or_high_uncertain_evidence,boundary_or_skin_region,false
E_N001981_N001996,5523,N001981,N001996,design_present_or_unmapped,ct_uncertain,uncertain_review_required,uncertain,review_required,uncertain_ct_observation|threshold_sensitive,mixed_or_borderline_ct_evidence,2,1519,1.7875,0.6666666666666666,0.16666666666666666,1.7916666666666667,0.42525501231093915,1.25,False,0.75,1.291529288842635,ori110,near_boundary,r220,manual_review_uncertain,blocked_manual_review,blocked,mixed_or_high_uncertain_evidence,near_boundary_region,false
E_N003259_N003261,5757,N003259,N003261,design_present_or_unmapped,ct_uncertain,uncertain_review_required,uncertain,review_required,uncertain_ct_observation|threshold_sensitive,mixed_or_borderline_ct_evidence,2,1528,1.7770833333333333,0.75,0.25,2.5416666666666665,0.4569832402234637,1.25,False,0.7083333333333333,1.5166654224027645,ori110,near_boundary,r220,manual_review_uncertain,blocked_manual_review,blocked,mixed_or_high_uncertain_evidence,near_boundary_region,false
E_N001875_N001985,3519,N001875,N001985,design_present_or_unmapped,ct_uncertain,uncertain_review_required,uncertain,review_required,uncertain_ct_observation|threshold_sensitive,mixed_or_borderline_ct_evidence,2,1545,1.7666666666666666,0.7083333333333334,0.16666666666666666,2.2916666666666665,0.5835283107159569,1.25,False,0.8333333333333334,1.616327022345302,ori110,near_boundary,r220,manual_review_uncertain,blocked_manual_review,blocked,mixed_or_high_uncertain_evidence,near_boundary_region,false
E_N000109_N000111,185,N000109,N000111,design_present_or_unmapped,ct_uncertain,uncertain_review_required,uncertain,review_required,uncertain_ct_observation|threshold_sensitive,mixed_or_borderline_ct_evidence,2,1628,1.7249999999999999,0.8333333333333334,0.16666666666666666,2.5,0.41275510204081634,1.3333333333333333,False,0.8333333333333334,1.0448082552557525,ori110,boundary,r200,manual_review_uncertain,blocked_manual_review,blocked,mixed_or_high_uncertain_evidence,boundary_or_skin_region,false
E_N000484_N001621,2860,N000484,N001621,design_present_or_unmapped,ct_uncertain,uncertain_review_required,uncertain,review_required,uncertain_ct_observation|threshold_sensitive,mixed_or_borderline_ct_evidence,2,1651,1.7013888888888888,1.0,0.0,2.4583333333333335,-0.09323503902862099,1.5555555555555556,True,0.5833333333333333,1.2895142205956827,ori101,near_boundary,r210,manual_review_uncertain,blocked_manual_review,blocked,mixed_or_high_uncertain_evidence,near_boundary_region,false
E_N003633_N003648,8479,N003633,N003648,design_present_or_unmapped,ct_uncertain,uncertain_review_required,uncertain,review_required,uncertain_ct_observation|threshold_sensitive,mixed_or_borderline_ct_evidence,2,1663,1.69375,0.7083333333333334,0.2916666666666667,2.8333333333333335,0.2936145952109464,1.1666666666666667,False,0.375,1.9309651165307584,ori110,boundary,r201,manual_review_uncertain,blocked_manual_review,blocked,mixed_or_high_uncertain_evidence,boundary_or_skin_region,false
E_N001351_N001478,4617,N001351,N001478,design_present_or_unmapped,ct_uncertain,uncertain_review_required,uncertain,review_required,uncertain_ct_observation|threshold_sensitive,mixed_or_borderline_ct_evidence,2,1672,1.6874999999999998,0.875,0.125,4.083333333333333,0.6022245762711864,1.4166666666666665,False,0.5833333333333333,1.0793591436574967,ori110,interior,r200,manual_review_uncertain,blocked_manual_review,blocked,mixed_or_high_uncertain_evidence,,false
E_N000357_N000363,839,N000357,N000363,design_present_or_unmapped,ct_uncertain,uncertain_review_required,uncertain,review_required,uncertain_ct_observation|threshold_sensitive,mixed_or_borderline_ct_evidence,2,1678,1.6785287081339713,0.875,0.08333333333333333,1.875,-0.1025844930417495,1.3660287081339713,True,0.9166666666666666,1.520932066068016,ori101,boundary,r200,manual_review_uncertain,blocked_manual_review,blocked,mixed_or_high_uncertain_evidence,boundary_or_skin_region,false
E_N000217_N000344,2601,N000217,N000344,design_present_or_unmapped,ct_uncertain,uncertain_review_required,uncertain,review_required,uncertain_ct_observation|threshold_sensitive,mixed_or_borderline_ct_evidence,2,1750,1.6659722222222222,0.75,0.20833333333333334,3.2083333333333335,0.304257528556594,1.1805555555555556,False,0.7083333333333333,0.8315776336338836,ori110,near_boundary,r200,manual_review_uncertain,blocked_manual_review,blocked,mixed_or_high_uncertain_evidence,near_boundary_region,false
E_N009947_N010074,18150,N009947,N010074,design_present_or_unmapped,ct_uncertain,uncertain_review_required,uncertain,review_required,uncertain_ct_observation|threshold_sensitive,mixed_or_borderline_ct_evidence,2,1759,1.6541666666666666,0.5416666666666666,0.4583333333333333,3.0,-0.3102089442815249,0.7,False,0.75,1.9318439364271625,ori110,boundary,r222,manual_review_uncertain,blocked_manual_review,blocked,mixed_or_high_uncertain_evidence,boundary_or_skin_region,false
E_N004771_N004782,8492,N004771,N004782,design_present_or_unmapped,ct_uncertain,uncertain_review_required,uncertain,review_required,uncertain_ct_observation|threshold_sensitive,mixed_or_borderline_ct_evidence,2,1762,1.6494047619047618,0.75,0.25,3.5416666666666665,0.9062784349408554,1.1952380952380952,False,0.41666666666666663,2.106654088649026,ori101,boundary,r201,manual_review_uncertain,blocked_manual_review,blocked,mixed_or_high_uncertain_evidence,boundary_or_skin_region,false
E_N000226_N000251,644,N000226,N000251,design_present_or_unmapped,ct_uncertain,uncertain_review_required,uncertain,review_required,uncertain_ct_observation|threshold_sensitive,mixed_or_borderline_ct_evidence,2,1770,1.6381944444444443,0.625,0.20833333333333334,16.375,-0.43726450640542575,1.1111111111111112,False,0.375,1.4448412342513934,ori101,boundary,r200,manual_review_uncertain,blocked_manual_review,blocked,mixed_or_high_uncertain_evidence,boundary_or_skin_region,false
E_N004787_N004897,8715,N004787,N004897,design_present_or_unmapped,ct_uncertain,uncertain_review_required,uncertain,review_required,uncertain_ct_observation|threshold_sensitive,mixed_or_borderline_ct_evidence,2,1776,1.6354166666666665,0.9166666666666666,0.08333333333333333,1.9166666666666667,0.12093411175979983,1.3333333333333333,False,0.875,2.1495829851167647,ori110,boundary,r201,manual_review_uncertain,blocked_manual_review,blocked,mixed_or_high_uncertain_evidence,boundary_or_skin_region,false
E_N003255_N003261,5999,N003255,N003261,design_present_or_unmapped,ct_uncertain,uncertain_review_required,uncertain,review_required,uncertain_ct_observation|threshold_sensitive,mixed_or_borderline_ct_evidence,2,1793,1.6208333333333333,0.7916666666666666,0.20833333333333334,3.2916666666666665,0.6644042232277526,1.25,False,0.41666666666666674,1.882171389109072,ori101,near_boundary,r220,manual_review_uncertain,blocked_manual_review,blocked,mixed_or_high_uncertain_evidence,near_boundary_region,false
E_N000991_N001002,1748,N000991,N001002,design_present_or_unmapped,ct_uncertain,uncertain_review_required,uncertain,review_required,uncertain_ct_observation|threshold_sensitive,mixed_or_borderline_ct_evidence,2,1798,1.6163690476190478,0.5,0.375,1.5,-0.09646941819990054,0.7142857142857143,False,0.7083333333333333,1.6422106995768233,ori101,boundary,r220,manual_review_uncertain,blocked_manual_review,blocked,mixed_or_high_uncertain_evidence,boundary_or_skin_region,false
E_N000247_N000251,439,N000247,N000251,design_present_or_unmapped,ct_uncertain,uncertain_review_required,uncertain,review_required,uncertain_ct_observation|threshold_sensitive,mixed_or_borderline_ct_evidence,2,1805,1.6104166666666666,0.7083333333333334,0.2916666666666667,12.125,-0.1908535578669308,1.0,False,0.7083333333333333,1.4448412342513934,ori011,boundary,r200,manual_review_uncertain,blocked_manual_review,blocked,mixed_or_high_uncertain_evidence,boundary_or_skin_region,false
E_N003763_N003765,6673,N003763,N003765,design_present_or_unmapped,ct_uncertain,uncertain_review_required,uncertain,review_required,uncertain_ct_observation|threshold_sensitive,mixed_or_borderline_ct_evidence,2,1842,1.6,0.7916666666666666,0.125,2.4583333333333335,0.3776479181884587,1.25,False,0.6666666666666667,1.5011767264537343,ori110,near_boundary,r201,manual_review_uncertain,blocked_manual_review,blocked,mixed_or_high_uncertain_evidence,near_boundary_region,false
E_N003637_N003639,6453,N003637,N003639,design_present_or_unmapped,ct_uncertain,uncertain_review_required,uncertain,review_required,uncertain_ct_observation|threshold_sensitive,mixed_or_borderline_ct_evidence,2,1860,1.5861111111111112,0.8333333333333334,0.16666666666666666,2.875,0.6669421487603305,1.2361111111111112,False,0.6666666666666667,1.549438907046924,ori110,near_boundary,r201,manual_review_uncertain,blocked_manual_review,blocked,mixed_or_high_uncertain_evidence,near_boundary_region,false
E_N003507_N004661,8488,N003507,N004661,design_present_or_unmapped,ct_uncertain,uncertain_review_required,uncertain,review_required,uncertain_ct_observation|threshold_sensitive,mixed_or_borderline_ct_evidence,2,1875,1.5804924242424245,0.75,0.16666666666666666,3.5416666666666665,0.8853370396108409,1.240909090909091,False,0.29166666666666663,1.7640030812631975,ori101,boundary,r201,manual_review_uncertain,blocked_manual_review,blocked,mixed_or_high_uncertain_evidence,boundary_or_skin_region,false
E_N003003_N003130,7537,N003003,N003130,design_present_or_unmapped,ct_uncertain,uncertain_review_required,uncertain,review_required,uncertain_ct_observation|threshold_sensitive,mixed_or_borderline_ct_evidence,2,1891,1.5625,0.9166666666666666,0.08333333333333333,2.625,0.3623140495867769,1.25,False,0.9166666666666666,1.7744848943018454,ori110,near_boundary,r221,manual_review_uncertain,blocked_manual_review,blocked,mixed_or_high_uncertain_evidence,near_boundary_region,false
E_N000091_N000106,2187,N000091,N000106,design_present_or_unmapped,ct_uncertain,uncertain_review_required,uncertain,review_required,uncertain_ct_observation|threshold_sensitive,mixed_or_borderline_ct_evidence,2,1895,1.5520833333333333,0.9166666666666666,0.08333333333333333,2.4166666666666665,0.7428262046561992,1.3333333333333333,False,0.5416666666666667,1.2722027426980533,ori110,boundary,r200,manual_review_uncertain,blocked_manual_review,blocked,mixed_or_high_uncertain_evidence,boundary_or_skin_region,false
E_N000099_N000124,204,N000099,N000124,design_present_or_unmapped,ct_uncertain,uncertain_review_required,uncertain,review_required,uncertain_ct_observation|threshold_sensitive,mixed_or_borderline_ct_evidence,3,1926,1.5412581699346406,0.9166666666666666,0.08333333333333333,5.166666666666667,-0.389556135770235,1.2287581699346406,False,0.9166666666666666,1.3547880990105992,ori101,boundary,r200,manual_review_uncertain,blocked_manual_review,blocked,mixed_or_high_uncertain_evidence,boundary_or_skin_region,false
E_N010073_N010200,18438,N010073,N010200,design_present_or_unmapped,ct_uncertain,uncertain_review_required,uncertain,review_required,uncertain_ct_observation|threshold_sensitive,mixed_or_borderline_ct_evidence,2,1930,1.5354166666666667,0.625,0.375,3.5416666666666665,-0.37887212073073867,0.8,False,0.5416666666666667,1.8215694479855702,ori110,boundary,r222,manual_review_uncertain,blocked_manual_review,blocked,mixed_or_high_uncertain_evidence,boundary_or_skin_region,false
E_N000104_N000110,179,N000104,N000110,design_present_or_unmapped,ct_uncertain,uncertain_review_required,uncertain,review_required,uncertain_ct_observation|threshold_sensitive,mixed_or_borderline_ct_evidence,2,1938,1.5266447368421052,1.0,0.0,2.625,-0.21737575974258133,1.3078947368421052,True,0.875,1.403702336591529,ori101,boundary,r200,manual_review_uncertain,blocked_manual_review,blocked,mixed_or_high_uncertain_evidence,boundary_or_skin_region,false
E_N009821_N009948,17894,N009821,N009948,design_present_or_unmapped,ct_uncertain,uncertain_review_required,uncertain,review_required,uncertain_ct_observation|threshold_sensitive,mixed_or_borderline_ct_evidence,2,1939,1.5265151515151516,0.625,0.375,3.5,-0.4196819730650657,0.7181818181818183,False,0.8333333333333334,1.826759232103209,ori110,boundary,r222,manual_review_uncertain,blocked_manual_review,blocked,mixed_or_high_uncertain_evidence,boundary_or_skin_region,false
E_N006425_N006546,11617,N006425,N006546,design_present_or_unmapped,ct_uncertain,uncertain_review_required,uncertain,review_required,uncertain_ct_observation|threshold_sensitive,mixed_or_borderline_ct_evidence,2,2065,1.4958333333333333,0.7916666666666666,0.20833333333333334,2.0,-0.0903010033444816,1.0,False,0.9166666666666666,1.9734226381232274,ori011,boundary,r221,manual_review_uncertain,blocked_manual_review,blocked,mixed_or_high_uncertain_evidence,boundary_or_skin_region,false
E_N000478_N000613,1076,N000478,N000613,design_present_or_unmapped,ct_uncertain,uncertain_review_required,uncertain,review_required,uncertain_ct_observation|threshold_sensitive,mixed_or_borderline_ct_evidence,2,2066,1.4958333333333331,0.5833333333333334,0.3333333333333333,15.75,-0.4002770083102493,0.75,False,0.5833333333333333,1.1645157011809697,ori011,boundary,r210,manual_review_uncertain,blocked_manual_review,blocked,mixed_or_high_uncertain_evidence,boundary_or_skin_region,false
E_N000231_N001385,2660,N000231,N001385,design_present_or_unmapped,ct_uncertain,uncertain_review_required,uncertain,review_required,uncertain_ct_observation|threshold_sensitive,mixed_or_borderline_ct_evidence,2,2068,1.4953947368421052,0.9166666666666666,0.08333333333333333,2.9166666666666665,0.023310944290794153,1.3078947368421052,True,0.41666666666666663,1.7017268832004415,ori101,boundary,r200,manual_review_uncertain,blocked_manual_review,blocked,mixed_or_high_uncertain_evidence,boundary_or_skin_region,false
E_N000235_N000246,428,N000235,N000246,design_present_or_unmapped,ct_uncertain,uncertain_review_required,uncertain,review_required,uncertain_ct_observation|threshold_sensitive,mixed_or_borderline_ct_evidence,2,2069,1.4949754901960786,0.9583333333333334,0.041666666666666664,2.6666666666666665,-0.1971884498480243,1.2970588235294118,True,0.625,2.0748649597733984,ori101,boundary,r200,manual_review_uncertain,blocked_manual_review,blocked,mixed_or_high_uncertain_evidence,boundary_or_skin_region,false
E_N001995_N002122,5741,N001995,N002122,design_present_or_unmapped,ct_uncertain,uncertain_review_required,uncertain,review_required,uncertain_ct_observation|threshold_sensitive,mixed_or_borderline_ct_evidence,2,2080,1.4791666666666667,0.9583333333333334,0.041666666666666664,2.0833333333333335,0.4451261077027948,1.25,False,0.75,1.6778579294497278,ori110,near_boundary,r220,manual_review_uncertain,blocked_manual_review,blocked,mixed_or_high_uncertain_evidence,near_boundary_region,false
E_N009947_N009948,17895,N009947,N009948,design_present_or_unmapped,ct_uncertain,uncertain_review_required,uncertain,review_required,uncertain_ct_observation|threshold_sensitive,mixed_or_borderline_ct_evidence,2,2099,1.4666666666666666,0.6666666666666666,0.3333333333333333,2.9166666666666665,-1.2886660960997678,0.7,False,1.0,1.826759232103209,ori110,boundary,r222,manual_review_uncertain,blocked_manual_review,blocked,mixed_or_high_uncertain_evidence,boundary_or_skin_region,false
E_N000483_N000489,1059,N000483,N000489,design_present_or_unmapped,ct_uncertain,uncertain_review_required,uncertain,review_required,uncertain_ct_observation|threshold_sensitive,mixed_or_borderline_ct_evidence,2,2238,1.3916666666666666,0.8333333333333334,0.125,1.875,-0.0319744204636291,1.0,False,1.0,1.288212490688547,ori101,boundary,r210,manual_review_uncertain,blocked_manual_review,blocked,mixed_or_high_uncertain_evidence,boundary_or_skin_region,false
E_N000125_N000247,435,N000125,N000247,design_present_or_unmapped,ct_uncertain,uncertain_review_required,uncertain,review_required,uncertain_ct_observation|threshold_sensitive,mixed_or_borderline_ct_evidence,2,2402,1.332142857142857,0.75,0.16666666666666666,5.625,-0.2493924097962236,0.8571428571428571,False,0.8333333333333334,1.2924260070669145,ori011,boundary,r200,manual_review_uncertain,blocked_manual_review,blocked,mixed_or_high_uncertain_evidence,boundary_or_skin_region,false
E_N009821_N009822,17639,N009821,N009822,design_present_or_unmapped,ct_uncertain,uncertain_review_required,uncertain,review_required,uncertain_ct_observation|threshold_sensitive,mixed_or_borderline_ct_evidence,2,2709,1.2101190476190475,0.75,0.20833333333333334,4.125,-0.9057307561885385,0.7142857142857143,False,0.75,1.5963563068639854,ori110,boundary,r212,manual_review_uncertain,blocked_manual_review,blocked,mixed_or_high_uncertain_evidence,boundary_or_skin_region,false
E_N000485_N000487,844,N000485,N000487,design_present_or_unmapped,ct_uncertain,uncertain_review_required,uncertain,review_required,uncertain_ct_observation|threshold_sensitive,mixed_or_borderline_ct_evidence,2,2916,1.1416666666666666,0.5833333333333334,0.4166666666666667,17.791666666666668,-0.5686243718592965,0.3333333333333333,False,0.5,1.1553202993399196,ori101,boundary,r210,manual_review_uncertain,blocked_manual_review,blocked,mixed_or_high_uncertain_evidence,boundary_or_skin_region,false
E_N000373_N000377,659,N000373,N000377,design_present_or_unmapped,ct_uncertain,uncertain_review_required,uncertain,review_required,uncertain_ct_observation|threshold_sensitive,mixed_or_borderline_ct_evidence,2,2978,1.1208333333333331,0.8333333333333334,0.16666666666666666,12.5,-0.13532338308457711,0.75,False,0.75,1.5766754012113513,ori011,boundary,r200,manual_review_uncertain,blocked_manual_review,blocked,mixed_or_high_uncertain_evidence,boundary_or_skin_region,false
E_N000233_N000235,404,N000233,N000235,design_present_or_unmapped,ct_uncertain,uncertain_review_required,uncertain,review_required,uncertain_ct_observation|threshold_sensitive,mixed_or_borderline_ct_evidence,2,4502,0.7805555555555556,0.8333333333333334,0.08333333333333333,18.541666666666668,-0.2799208704253215,0.5555555555555556,False,0.5,1.5557569192209466,ori101,boundary,r200,manual_review_uncertain,blocked_manual_review,blocked,mixed_or_high_uncertain_evidence,boundary_or_skin_region,false
E_N007669_N007680,13624,N007669,N007680,design_present_or_unmapped,ct_uncertain,uncertain_review_required,uncertain,review_required,uncertain_ct_observation|threshold_sensitive,mixed_or_borderline_ct_evidence,2,5672,0.5672348484848485,0.875,0.125,3.7916666666666665,-0.01913265306122449,0.3693181818181818,False,0.29166666666666663,1.6653965942584321,ori101,boundary,r222,manual_review_uncertain,blocked_manual_review,blocked,mixed_or_high_uncertain_evidence,boundary_or_skin_region,false
E_N000352_N000487,856,N000352,N000487,design_present_or_unmapped,ct_uncertain,uncertain_review_required,uncertain,review_required,uncertain_ct_observation|threshold_sensitive,mixed_or_borderline_ct_evidence,2,6418,0.4020833333333334,0.7916666666666666,0.20833333333333334,18.375,-0.31963379440740375,0.0,False,0.5416666666666667,1.1553202993399196,ori011,boundary,r210,manual_review_uncertain,blocked_manual_review,blocked,mixed_or_high_uncertain_evidence,boundary_or_skin_region,false
E_N000226_N000361,636,N000226,N000361,design_present_or_unmapped,ct_uncertain,uncertain_review_required,uncertain,review_required,uncertain_ct_observation|threshold_sensitive,mixed_or_borderline_ct_evidence,2,6636,0.37083333333333335,0.7916666666666666,0.20833333333333334,18.708333333333332,-0.2991778863338496,0.0,False,0.41666666666666663,1.1359020194497198,ori011,boundary,r200,manual_review_uncertain,blocked_manual_review,blocked,mixed_or_high_uncertain_evidence,boundary_or_skin_region,false
E_N000359_N000361,624,N000359,N000361,design_present_or_unmapped,ct_uncertain,uncertain_review_required,uncertain,review_required,uncertain_ct_observation|threshold_sensitive,mixed_or_borderline_ct_evidence,2,6637,0.3708333333333333,0.75,0.16666666666666666,19.666666666666668,-0.2584872888046739,0.0,False,0.41666666666666674,1.1359020194497198,ori101,boundary,r200,manual_review_uncertain,blocked_manual_review,blocked,mixed_or_high_uncertain_evidence,boundary_or_skin_region,false
E_N005468_N006605,11708,N005468,N006605,design_present_or_unmapped,ct_missing_like_uncertain,uncertain_review_required,uncertain,review_required,uncertain_ct_observation,moderate_missing_evidence_not_enough_for_absent_or_disconnected,4,64,4.8374999999999995,0.4166666666666667,0.5833333333333334,4.75,0.20958083832335328,3.8,False,0.08333333333333331,0.3869486659948345,ori101,near_boundary,r121,manual_review_uncertain,blocked_manual_review,blocked,mixed_or_high_uncertain_evidence,near_boundary_region,true
E_N004684_N005821,10340,N004684,N005821,design_present_or_unmapped,ct_missing_like_uncertain,uncertain_review_required,uncertain,review_required,uncertain_ct_observation,moderate_missing_evidence_not_enough_for_absent_or_disconnected,3,67,4.727083333333333,0.75,0.25,10.333333333333334,2.2316269640141915,4.325,False,0.20833333333333337,0.16505491542447037,ori101,near_boundary,r001,manual_review_uncertain,blocked_manual_review,blocked,mixed_or_high_uncertain_evidence,near_boundary_region,true
E_N010116_N010121,18270,N010116,N010121,design_present_or_unmapped,ct_missing_like_uncertain,uncertain_review_required,uncertain,review_required,uncertain_ct_observation,moderate_missing_evidence_not_enough_for_absent_or_disconnected,4,70,4.604166666666666,0.3333333333333333,0.6666666666666666,4.041666666666667,0.14316702819956617,3.4,False,0.08333333333333331,0.3041601293177627,ori011,boundary,r022,manual_review_uncertain,blocked_manual_review,blocked,mixed_or_high_uncertain_evidence,boundary_or_skin_region,true
E_N007259_N007265,13107,N007259,N007265,design_present_or_unmapped,ct_missing_like_uncertain,uncertain_review_required,uncertain,review_required,uncertain_ct_observation,moderate_missing_evidence_not_enough_for_absent_or_disconnected,3,77,4.214583333333334,0.5416666666666666,0.4583333333333333,7.083333333333333,0.9267810026385225,3.416666666666667,False,0.125,0.6082895085961296,ori101,interior,r112,manual_review_uncertain,blocked_manual_review,blocked,mixed_or_high_uncertain_evidence,,true
E_N002330_N003484,6176,N002330,N003484,design_present_or_unmapped,ct_missing_like_uncertain,uncertain_review_required,uncertain,review_required,uncertain_ct_observation,moderate_missing_evidence_not_enough_for_absent_or_disconnected,3,82,4.150480769230769,0.5416666666666666,0.4583333333333333,5.333333333333333,1.5656742556917689,3.352564102564102,False,0.125,1.4364135517125658,ori101,boundary,r101,manual_review_uncertain,blocked_manual_review,blocked,mixed_or_high_uncertain_evidence,boundary_or_skin_region,true
E_N007735_N008889,15992,N007735,N008889,design_present_or_unmapped,ct_missing_like_uncertain,uncertain_review_required,uncertain,review_required,uncertain_ct_observation,moderate_missing_evidence_not_enough_for_absent_or_disconnected,3,90,3.9145833333333333,0.5833333333333334,0.4166666666666667,6.5,1.0936329588014981,3.2,False,0.125,0.4260717904297914,ori101,near_boundary,r122,manual_review_uncertain,blocked_manual_review,blocked,mixed_or_high_uncertain_evidence,near_boundary_region,true
E_N006125_N006131,11091,N006125,N006131,design_present_or_unmapped,ct_missing_like_uncertain,uncertain_review_required,uncertain,review_required,uncertain_ct_observation,moderate_missing_evidence_not_enough_for_absent_or_disconnected,3,92,3.8875000000000006,0.5416666666666666,0.4583333333333333,6.75,1.0228346456692914,3.1,False,0.08333333333333337,0.6105646231880436,ori101,interior,r111,manual_review_uncertain,blocked_manual_review,blocked,mixed_or_high_uncertain_evidence,,true
E_N003465_N004605,8389,N003465,N004605,design_present_or_unmapped,ct_missing_like_uncertain,uncertain_review_required,uncertain,review_required,uncertain_ct_observation,moderate_missing_evidence_not_enough_for_absent_or_disconnected,3,204,3.7937499999999997,0.5833333333333334,0.4166666666666667,10.333333333333334,0.8434744268077602,3.1,False,0.04166666666666663,0.5170921501420754,ori101,near_boundary,r101,manual_review_uncertain,blocked_manual_review,blocked,mixed_or_high_uncertain_evidence,near_boundary_region,true
E_N006629_N006635,11991,N006629,N006635,design_present_or_unmapped,ct_missing_like_uncertain,uncertain_review_required,uncertain,review_required,uncertain_ct_observation,moderate_missing_evidence_not_enough_for_absent_or_disconnected,3,205,3.7520833333333337,0.625,0.375,5.083333333333333,0.8865979381443299,3.1,False,0.20833333333333331,0.7058374421131116,ori101,near_boundary,r121,manual_review_uncertain,blocked_manual_review,blocked,mixed_or_high_uncertain_evidence,near_boundary_region,true
E_N008505_N009645,17533,N008505,N009645,design_present_or_unmapped,ct_missing_like_uncertain,uncertain_review_required,uncertain,review_required,uncertain_ct_observation,moderate_missing_evidence_not_enough_for_absent_or_disconnected,3,208,3.671428571428571,0.5833333333333334,0.4166666666666667,6.75,1.0298818624044475,2.946428571428571,False,0.16666666666666669,0.3885162588498538,ori101,boundary,r112,manual_review_uncertain,blocked_manual_review,blocked,mixed_or_high_uncertain_evidence,boundary_or_skin_region,true
E_N006941_N006952,12352,N006941,N006952,design_present_or_unmapped,ct_missing_like_uncertain,uncertain_review_required,uncertain,review_required,uncertain_ct_observation,moderate_missing_evidence_not_enough_for_absent_or_disconnected,3,209,3.6625,0.7916666666666666,0.20833333333333334,11.833333333333334,4.625904486251809,3.375,False,0.08333333333333337,0.27755861843135793,ori101,near_boundary,r002,manual_review_uncertain,blocked_manual_review,blocked,mixed_or_high_uncertain_evidence,near_boundary_region,true
E_N008351_N009505,17248,N008351,N009505,design_present_or_unmapped,ct_missing_like_uncertain,uncertain_review_required,uncertain,review_required,uncertain_ct_observation,moderate_missing_evidence_not_enough_for_absent_or_disconnected,3,216,3.6163690476190475,0.5833333333333334,0.4166666666666667,9.125,1.9565734681737061,2.9017857142857144,False,0.125,0.13626255424272465,ori101,boundary,r112,manual_review_uncertain,blocked_manual_review,blocked,mixed_or_high_uncertain_evidence,boundary_or_skin_region,true
E_N000063_N001217,2364,N000063,N001217,design_present_or_unmapped,ct_missing_like_uncertain,uncertain_review_required,uncertain,review_required,uncertain_ct_observation,moderate_missing_evidence_not_enough_for_absent_or_disconnected,3,220,3.5937499999999996,0.5833333333333334,0.4166666666666667,5.208333333333333,1.750857142857143,2.9,False,0.04166666666666674,0.862240494175657,ori101,near_boundary,r100,manual_review_uncertain,blocked_manual_review,blocked,mixed_or_high_uncertain_evidence,near_boundary_region,true
E_N005327_N005333,9663,N005327,N005333,design_present_or_unmapped,ct_missing_like_uncertain,uncertain_review_required,uncertain,review_required,uncertain_ct_observation,moderate_missing_evidence_not_enough_for_absent_or_disconnected,3,240,3.5104166666666665,0.625,0.375,6.708333333333333,0.775,2.9,False,0.04166666666666663,0.24244014723752277,ori101,interior,r021,manual_review_uncertain,blocked_manual_review,blocked,mixed_or_high_uncertain_evidence,,true
E_N001310_N002447,4340,N001310,N002447,design_present_or_unmapped,ct_missing_like_uncertain,uncertain_review_required,uncertain,review_required,uncertain_ct_observation,moderate_missing_evidence_not_enough_for_absent_or_disconnected,3,243,3.4958333333333336,0.6666666666666666,0.3333333333333333,8.208333333333334,2.6593959731543624,2.916666666666667,False,0.25,0.4861524852752796,ori101,near_boundary,r100,manual_review_uncertain,blocked_manual_review,blocked,mixed_or_high_uncertain_evidence,near_boundary_region,true
E_N004221_N005361,9709,N004221,N005361,design_present_or_unmapped,ct_missing_like_uncertain,uncertain_review_required,uncertain,review_required,uncertain_ct_observation,moderate_missing_evidence_not_enough_for_absent_or_disconnected,3,257,3.4437499999999996,0.625,0.375,10.666666666666666,0.6377066479071404,2.833333333333333,False,0.04166666666666663,0.5824893905085334,ori101,interior,r121,manual_review_uncertain,blocked_manual_review,blocked,mixed_or_high_uncertain_evidence,,true
E_N003088_N004225,7480,N003088,N004225,design_present_or_unmapped,ct_missing_like_uncertain,uncertain_review_required,uncertain,review_required,uncertain_ct_observation,moderate_missing_evidence_not_enough_for_absent_or_disconnected,3,277,3.3541666666666665,0.7083333333333334,0.2916666666666667,7.583333333333333,1.577896138482024,2.9,False,0.08333333333333337,0.6418659619368473,ori101,interior,r121,manual_review_uncertain,blocked_manual_review,blocked,mixed_or_high_uncertain_evidence,,true
E_N006587_N007727,13921,N006587,N007727,design_present_or_unmapped,ct_missing_like_uncertain,uncertain_review_required,uncertain,review_required,uncertain_ct_observation,moderate_missing_evidence_not_enough_for_absent_or_disconnected,3,406,3.3208333333333337,0.625,0.375,8.291666666666666,0.7089175546831183,2.7,False,0.08333333333333326,0.284523803192801,ori101,near_boundary,r022,manual_review_uncertain,blocked_manual_review,blocked,mixed_or_high_uncertain_evidence,near_boundary_region,true
E_N000445_N000456,792,N000445,N000456,design_present_or_unmapped,ct_missing_like_uncertain,uncertain_review_required,uncertain,review_required,uncertain_ct_observation|near_all_edge_threshold,moderate_missing_evidence_not_enough_for_absent_or_disconnected,3,412,3.2979166666666666,0.7083333333333334,0.2916666666666667,6.291666666666667,1.1128625472887768,2.8333333333333335,False,0.125,0.9046078871309624,ori101,boundary,r110,manual_review_uncertain,blocked_manual_review,blocked,mixed_or_high_uncertain_evidence,boundary_or_skin_region,false
E_N007109_N007120,12644,N007109,N007120,design_present_or_unmapped,ct_missing_like_uncertain,uncertain_review_required,uncertain,review_required,uncertain_ct_observation|near_all_edge_threshold,moderate_missing_evidence_not_enough_for_absent_or_disconnected,3,425,3.2658653846153842,0.7083333333333334,0.2916666666666667,8.833333333333334,1.815968841285297,2.801282051282051,False,0.125,0.49118438234077366,ori101,interior,r102,manual_review_uncertain,blocked_manual_review,blocked,mixed_or_high_uncertain_evidence,,false
E_N004570_N004590,8146,N004570,N004590,design_present_or_unmapped,ct_missing_like_uncertain,uncertain_review_required,uncertain,review_required,uncertain_ct_observation|near_all_edge_threshold,moderate_missing_evidence_not_enough_for_absent_or_disconnected,3,458,3.225,0.75,0.25,6.416666666666667,1.5196357427433125,2.8333333333333335,False,0.16666666666666663,1.1403416799873591,ori101,boundary,r101,manual_review_uncertain,blocked_manual_review,blocked,mixed_or_high_uncertain_evidence,boundary_or_skin_region,false
E_N001688_N002811,4997,N001688,N002811,design_present_or_unmapped,ct_missing_like_uncertain,uncertain_review_required,uncertain,review_required,uncertain_ct_observation|near_all_edge_threshold,moderate_missing_evidence_not_enough_for_absent_or_disconnected,3,460,3.2187500000000004,0.7916666666666666,0.20833333333333334,11.0,2.7404580152671754,2.9,False,0.20833333333333326,0.5351511412088454,ori101,interior,r110,manual_review_uncertain,blocked_manual_review,blocked,mixed_or_high_uncertain_evidence,,false
E_N005454_N006577,11681,N005454,N006577,design_present_or_unmapped,ct_missing_like_uncertain,uncertain_review_required,uncertain,review_required,uncertain_ct_observation|near_all_edge_threshold,moderate_missing_evidence_not_enough_for_absent_or_disconnected,3,467,3.2041666666666666,0.5833333333333334,0.4166666666666667,8.166666666666666,0.7006845052893591,2.5,False,0.08333333333333337,0.2345138387028366,ori101,near_boundary,r021,manual_review_uncertain,blocked_manual_review,blocked,mixed_or_high_uncertain_evidence,near_boundary_region,false
E_N008379_N008399,15122,N008379,N008399,design_present_or_unmapped,ct_missing_like_uncertain,uncertain_review_required,uncertain,review_required,uncertain_ct_observation|near_all_edge_threshold,moderate_missing_evidence_not_enough_for_absent_or_disconnected,3,473,3.1916666666666664,0.75,0.25,6.958333333333333,1.2700617283950617,2.8,False,0.16666666666666663,0.538346880585935,ori101,near_boundary,r112,manual_review_uncertain,blocked_manual_review,blocked,mixed_or_high_uncertain_evidence,near_boundary_region,false
E_N002821_N002827,5215,N002821,N002827,design_present_or_unmapped,ct_missing_like_uncertain,uncertain_review_required,uncertain,review_required,uncertain_ct_observation|near_all_edge_threshold,moderate_missing_evidence_not_enough_for_absent_or_disconnected,3,491,3.154166666666667,0.625,0.375,10.708333333333334,2.526053215077605,2.533333333333333,False,0.08333333333333337,1.0326483802452253,ori101,interior,r110,manual_review_uncertain,blocked_manual_review,blocked,mixed_or_high_uncertain_evidence,,false
E_N003436_N004575,8140,N003436,N004575,design_present_or_unmapped,ct_missing_like_uncertain,uncertain_review_required,uncertain,review_required,uncertain_ct_observation|near_all_edge_threshold,moderate_missing_evidence_not_enough_for_absent_or_disconnected,3,509,3.104166666666667,0.9166666666666666,0.08333333333333333,11.5,3.439087610160705,3.0,False,0.08333333333333337,0.8461977778872906,ori011,boundary,r001,manual_review_uncertain,blocked_manual_review,blocked,mixed_or_high_uncertain_evidence,boundary_or_skin_region,false
E_N002905_N002925,5386,N002905,N002925,design_present_or_unmapped,ct_missing_like_uncertain,uncertain_review_required,uncertain,review_required,uncertain_ct_observation|near_all_edge_threshold,moderate_missing_evidence_not_enough_for_absent_or_disconnected,3,540,3.0937499999999996,0.5833333333333334,0.4166666666666667,7.333333333333333,1.2945508100147276,2.4,False,0.04166666666666663,0.7179002741505561,ori101,near_boundary,r020,manual_review_uncertain,blocked_manual_review,blocked,mixed_or_high_uncertain_evidence,near_boundary_region,false
E_N008772_N008775,15570,N008772,N008775,design_present_or_unmapped,ct_missing_like_uncertain,uncertain_review_required,uncertain,review_required,uncertain_ct_observation|near_all_edge_threshold,moderate_missing_evidence_not_enough_for_absent_or_disconnected,3,547,3.0854166666666667,0.7083333333333334,0.2916666666666667,9.25,1.1564226519337018,2.6,False,0.20833333333333326,0.6333967027431652,ori101,near_boundary,r122,manual_review_uncertain,blocked_manual_review,blocked,mixed_or_high_uncertain_evidence,near_boundary_region,false
E_N001687_N001693,3199,N001687,N001693,design_present_or_unmapped,ct_missing_like_uncertain,uncertain_review_required,uncertain,review_required,uncertain_ct_observation|near_all_edge_threshold,moderate_missing_evidence_not_enough_for_absent_or_disconnected,3,548,3.0812500000000003,0.75,0.25,8.791666666666666,1.5325501713166911,2.7,False,0.125,0.7554130650909058,ori101,near_boundary,r110,manual_review_uncertain,blocked_manual_review,blocked,mixed_or_high_uncertain_evidence,near_boundary_region,false
E_N007708_N008831,15689,N007708,N008831,design_present_or_unmapped,ct_missing_like_uncertain,uncertain_review_required,uncertain,review_required,uncertain_ct_observation|near_all_edge_threshold,moderate_missing_evidence_not_enough_for_absent_or_disconnected,3,569,3.05625,0.625,0.375,7.541666666666667,1.2406616862326574,2.425,False,0.125,0.31626049684465274,ori101,near_boundary,r022,manual_review_uncertain,blocked_manual_review,blocked,mixed_or_high_uncertain_evidence,near_boundary_region,false
E_N001674_N002811,4976,N001674,N002811,design_present_or_unmapped,ct_missing_like_uncertain,uncertain_review_required,uncertain,review_required,uncertain_ct_observation|near_all_edge_threshold,moderate_missing_evidence_not_enough_for_absent_or_disconnected,3,590,3.027083333333333,0.6666666666666666,0.3333333333333333,12.541666666666666,3.115228426395939,2.5,False,0.04166666666666674,0.5351511412088454,ori101,interior,r010,manual_review_uncertain,blocked_manual_review,blocked,mixed_or_high_uncertain_evidence,,false
E_N000639_N000643,1123,N000639,N000643,design_present_or_unmapped,ct_uncertain,uncertain_review_required,uncertain,review_required,uncertain_ct_observation|near_all_edge_threshold,mixed_or_borderline_ct_evidence,2,591,3.0208333333333335,1.0,0.0,7.5,1.4118221787982412,3.0,True,0.08333333333333337,0.7606477619909219,ori011,boundary,r010,manual_review_uncertain,blocked_manual_review,blocked,mixed_or_high_uncertain_evidence,boundary_or_skin_region,false
E_N000260_N001399,2479,N000260,N001399,design_present_or_unmapped,ct_uncertain,uncertain_review_required,uncertain,review_required,uncertain_ct_observation|near_all_edge_threshold,mixed_or_borderline_ct_evidence,2,600,3.0,1.0,0.0,12.333333333333334,6.542931483087598,3.0,True,0.0,0.7346548399144804,ori011,boundary,r000,manual_review_uncertain,blocked_manual_review,blocked,mixed_or_high_uncertain_evidence,boundary_or_skin_region,false
E_N000274_N001397,2493,N000274,N001397,design_present_or_unmapped,ct_uncertain,uncertain_review_required,uncertain,review_required,uncertain_ct_observation|near_all_edge_threshold,mixed_or_borderline_ct_evidence,2,601,3.0,1.0,0.0,14.958333333333334,2.121005189838842,3.0,True,0.0,0.48289071529693656,ori101,near_boundary,r000,manual_review_uncertain,blocked_manual_review,blocked,mixed_or_high_uncertain_evidence,near_boundary_region,false
E_N008757_N008763,15759,N008757,N008763,design_present_or_unmapped,ct_missing_like_uncertain,uncertain_review_required,uncertain,review_required,uncertain_ct_observation|near_all_edge_threshold,moderate_missing_evidence_not_enough_for_absent_or_disconnected,3,622,2.9729166666666664,0.7916666666666666,0.20833333333333334,9.208333333333334,1.4282022886674048,2.675,False,0.125,0.39540070864716703,ori101,near_boundary,r122,manual_review_uncertain,blocked_manual_review,blocked,mixed_or_high_uncertain_evidence,near_boundary_region,false
E_N004570_N004576,8123,N004570,N004576,design_present_or_unmapped,ct_missing_like_uncertain,uncertain_review_required,uncertain,review_required,uncertain_ct_observation|near_all_edge_threshold,moderate_missing_evidence_not_enough_for_absent_or_disconnected,3,625,2.9570075757575762,0.75,0.25,10.458333333333334,2.2623891497130932,2.575757575757576,False,0.125,1.1403416799873591,ori101,boundary,r001,manual_review_uncertain,blocked_manual_review,blocked,mixed_or_high_uncertain_evidence,boundary_or_skin_region,false
E_N001617_N001623,3075,N001617,N001623,design_present_or_unmapped,ct_missing_like_uncertain,uncertain_review_required,uncertain,review_required,uncertain_ct_observation|near_all_edge_threshold,moderate_missing_evidence_not_enough_for_absent_or_disconnected,4,633,2.932107843137255,0.3333333333333333,0.6666666666666666,0.9166666666666666,0.4779951100244499,1.6862745098039216,False,0.25,1.4228278290874685,ori101,near_boundary,r210,manual_review_uncertain,blocked_manual_review,blocked,mixed_or_high_uncertain_evidence,near_boundary_region,false
E_N003436_N004576,8121,N003436,N004576,design_present_or_unmapped,ct_missing_like_uncertain,uncertain_review_required,uncertain,review_required,uncertain_ct_observation|near_all_edge_threshold,moderate_missing_evidence_not_enough_for_absent_or_disconnected,3,642,2.9145833333333337,0.7916666666666666,0.20833333333333334,11.333333333333334,3.0928246013667424,2.6166666666666667,False,0.125,0.9216949866326226,ori101,boundary,r001,manual_review_uncertain,blocked_manual_review,blocked,mixed_or_high_uncertain_evidence,boundary_or_skin_region,false
E_N003984_N005121,9080,N003984,N005121,design_present_or_unmapped,ct_missing_like_uncertain,uncertain_review_required,uncertain,review_required,uncertain_ct_observation|near_all_edge_threshold,moderate_missing_evidence_not_enough_for_absent_or_disconnected,3,650,2.8749999999999996,0.7916666666666666,0.125,7.416666666666667,2.4477720964207452,2.65,False,0.16666666666666663,0.8363458927230504,ori101,interior,r111,manual_review_uncertain,blocked_manual_review,blocked,mixed_or_high_uncertain_evidence,,false
E_N005873_N005879,10651,N005873,N005879,design_present_or_unmapped,ct_missing_like_uncertain,uncertain_review_required,uncertain,review_required,uncertain_ct_observation|near_all_edge_threshold,moderate_missing_evidence_not_enough_for_absent_or_disconnected,3,651,2.8724358974358974,0.75,0.25,9.708333333333334,2.24873417721519,2.480769230769231,False,0.16666666666666663,0.7321017341223162,ori101,interior,r101,manual_review_uncertain,blocked_manual_review,blocked,mixed_or_high_uncertain_evidence,,false
E_N000288_N001411,2517,N000288,N001411,design_present_or_unmapped,ct_missing_like_uncertain,uncertain_review_required,uncertain,review_required,uncertain_ct_observation|near_all_edge_threshold,moderate_missing_evidence_not_enough_for_absent_or_disconnected,3,663,2.839583333333333,0.7083333333333334,0.2916666666666667,13.625,5.385793871866295,2.375,False,0.125,0.5579914805870629,ori101,near_boundary,r000,manual_review_uncertain,blocked_manual_review,blocked,mixed_or_high_uncertain_evidence,near_boundary_region,false
E_N006196_N007333,13016,N006196,N007333,design_present_or_unmapped,ct_missing_like_uncertain,uncertain_review_required,uncertain,review_required,uncertain_ct_observation|near_all_edge_threshold,moderate_missing_evidence_not_enough_for_absent_or_disconnected,3,665,2.8375,0.7916666666666666,0.20833333333333334,11.375,2.9702409069437885,2.55,False,0.08333333333333326,0.25404317375566354,ori101,interior,r012,manual_review_uncertain,blocked_manual_review,blocked,mixed_or_high_uncertain_evidence,,false
E_N002499_N003653,6692,N002499,N003653,design_present_or_unmapped,ct_missing_like_uncertain,uncertain_review_required,uncertain,review_required,uncertain_ct_observation|near_all_edge_threshold,moderate_missing_evidence_not_enough_for_absent_or_disconnected,4,667,2.834649122807017,0.2916666666666667,0.7083333333333334,1.2916666666666667,0.5079136690647482,1.5263157894736843,False,0.16666666666666669,1.935815021548109,ori101,boundary,r201,manual_review_uncertain,blocked_manual_review,blocked,mixed_or_high_uncertain_evidence,boundary_or_skin_region,false
E_N000613_N000624,1088,N000613,N000624,design_present_or_unmapped,ct_missing_like_uncertain,uncertain_review_required,uncertain,review_required,uncertain_ct_observation|near_all_edge_threshold,moderate_missing_evidence_not_enough_for_absent_or_disconnected,4,677,2.7909722222222224,0.16666666666666666,0.8333333333333334,0.3333333333333333,-0.28866995073891627,1.2222222222222223,False,0.20833333333333334,1.7880693468452007,ori101,boundary,r210,manual_review_uncertain,blocked_manual_review,blocked,mixed_or_high_uncertain_evidence,boundary_or_skin_region,false
E_N005328_N005331,9450,N005328,N005331,design_present_or_unmapped,ct_uncertain,uncertain_review_required,uncertain,review_required,uncertain_ct_observation|near_all_edge_threshold,mixed_or_borderline_ct_evidence,2,687,2.7687500000000003,0.75,0.25,10.708333333333334,1.834316840671811,2.3666666666666667,False,0.20833333333333337,0.24095151871480258,ori101,interior,r021,manual_review_uncertain,blocked_manual_review,blocked,mixed_or_high_uncertain_evidence,,false
E_N004099_N004110,7280,N004099,N004110,design_present_or_unmapped,ct_uncertain,uncertain_review_required,uncertain,review_required,uncertain_ct_observation|near_all_edge_threshold,mixed_or_borderline_ct_evidence,2,693,2.747916666666667,0.6666666666666666,0.3333333333333333,7.541666666666667,1.4287461773700305,2.2,False,0.125,0.802913766545054,ori101,interior,r111,manual_review_uncertain,blocked_manual_review,blocked,mixed_or_high_uncertain_evidence,,false
E_N001154_N001174,2074,N001154,N001174,design_present_or_unmapped,ct_uncertain,uncertain_review_required,uncertain,review_required,uncertain_ct_observation|near_all_edge_threshold,mixed_or_borderline_ct_evidence,2,702,2.73125,0.75,0.25,12.375,6.20619335347432,2.35,False,0.125,1.7039586478376956,ori101,boundary,r000,manual_review_uncertain,blocked_manual_review,blocked,mixed_or_high_uncertain_evidence,boundary_or_skin_region,false
E_N001080_N001105,1941,N001080,N001105,design_present_or_unmapped,ct_missing_like_uncertain,uncertain_review_required,uncertain,review_required,uncertain_ct_observation|near_all_edge_threshold,moderate_missing_evidence_not_enough_for_absent_or_disconnected,4,708,2.720833333333333,0.0,1.0,0.0,0.3729166666666667,0.8708333333333333,False,0.0,0.0,ori101,boundary,r220,manual_review_uncertain,blocked_manual_review,blocked,mixed_or_high_uncertain_evidence,boundary_or_skin_region,false
E_N001085_N001105,1942,N001085,N001105,design_present_or_unmapped,ct_missing_like_uncertain,uncertain_review_required,uncertain,review_required,uncertain_ct_observation|near_all_edge_threshold,moderate_missing_evidence_not_enough_for_absent_or_disconnected,5,709,2.720833333333333,0.0,1.0,0.0,-0.5768115942028985,0.8708333333333333,False,0.0,0.0,ori101,boundary,r220,manual_review_uncertain,blocked_manual_review,blocked,mixed_or_high_uncertain_evidence,boundary_or_skin_region,false
E_N001085_N002239,3957,N001085,N002239,design_present_or_unmapped,ct_missing_like_uncertain,uncertain_review_required,uncertain,review_required,uncertain_ct_observation|near_all_edge_threshold,moderate_missing_evidence_not_enough_for_absent_or_disconnected,4,710,2.720833333333333,0.0,1.0,0.0,0.5835294117647059,0.8708333333333333,False,0.0,0.0,ori101,boundary,r220,manual_review_uncertain,blocked_manual_review,blocked,mixed_or_high_uncertain_evidence,boundary_or_skin_region,false
E_N001094_N001105,1940,N001094,N001105,design_present_or_unmapped,ct_missing_like_uncertain,uncertain_review_required,uncertain,review_required,uncertain_ct_observation|near_all_edge_threshold,moderate_missing_evidence_not_enough_for_absent_or_disconnected,5,711,2.720833333333333,0.0,1.0,0.0,-0.016366612111292964,0.8708333333333333,False,0.0,0.0,ori101,boundary,r220,manual_review_uncertain,blocked_manual_review,blocked,mixed_or_high_uncertain_evidence,boundary_or_skin_region,false
E_N001094_N001119,1969,N001094,N001119,design_present_or_unmapped,ct_missing_like_uncertain,uncertain_review_required,uncertain,review_required,uncertain_ct_observation|near_all_edge_threshold,moderate_missing_evidence_not_enough_for_absent_or_disconnected,4,712,2.720833333333333,0.0,1.0,0.0,0.07246376811594203,0.8708333333333333,False,0.0,0.0,ori101,boundary,r220,manual_review_uncertain,blocked_manual_review,blocked,mixed_or_high_uncertain_evidence,boundary_or_skin_region,false
E_N001099_N001105,1943,N001099,N001105,design_present_or_unmapped,ct_missing_like_uncertain,uncertain_review_required,uncertain,review_required,uncertain_ct_observation|near_all_edge_threshold,moderate_missing_evidence_not_enough_for_absent_or_disconnected,4,713,2.720833333333333,0.0,1.0,0.0,0.6859688195991092,0.8708333333333333,False,0.0,0.0,ori101,boundary,r220,manual_review_uncertain,blocked_manual_review,blocked,mixed_or_high_uncertain_evidence,boundary_or_skin_region,false
E_N001099_N001119,1970,N001099,N001119,design_present_or_unmapped,ct_missing_like_uncertain,uncertain_review_required,uncertain,review_required,uncertain_ct_observation|near_all_edge_threshold,moderate_missing_evidence_not_enough_for_absent_or_disconnected,5,714,2.720833333333333,0.0,1.0,0.0,-0.3805774278215223,0.8708333333333333,False,0.0,0.0,ori101,boundary,r220,manual_review_uncertain,blocked_manual_review,blocked,mixed_or_high_uncertain_evidence,boundary_or_skin_region,false
E_N001099_N002239,3956,N001099,N002239,design_present_or_unmapped,ct_missing_like_uncertain,uncertain_review_required,uncertain,review_required,uncertain_ct_observation|near_all_edge_threshold,moderate_missing_evidence_not_enough_for_absent_or_disconnected,5,715,2.720833333333333,0.0,1.0,0.0,-0.9656019656019657,0.8708333333333333,False,0.0,0.0,ori101,boundary,r220,manual_review_uncertain,blocked_manual_review,blocked,mixed_or_high_uncertain_evidence,boundary_or_skin_region,false
E_N001099_N002253,3985,N001099,N002253,design_present_or_unmapped,ct_missing_like_uncertain,uncertain_review_required,uncertain,review_required,uncertain_ct_observation|near_all_edge_threshold,moderate_missing_evidence_not_enough_for_absent_or_disconnected,4,716,2.720833333333333,0.0,1.0,0.0,0.4222222222222222,0.8708333333333333,False,0.0,0.0,ori101,boundary,r220,manual_review_uncertain,blocked_manual_review,blocked,mixed_or_high_uncertain_evidence,boundary_or_skin_region,false
E_N001108_N001119,1968,N001108,N001119,design_present_or_unmapped,ct_missing_like_uncertain,uncertain_review_required,uncertain,review_required,uncertain_ct_observation|near_all_edge_threshold,moderate_missing_evidence_not_enough_for_absent_or_disconnected,5,717,2.720833333333333,0.0,1.0,0.0,-0.1045016077170418,0.8708333333333333,False,0.0,0.0,ori101,boundary,r220,manual_review_uncertain,blocked_manual_review,blocked,mixed_or_high_uncertain_evidence,boundary_or_skin_region,false
E_N001108_N001133,2001,N001108,N001133,design_present_or_unmapped,ct_missing_like_uncertain,uncertain_review_required,uncertain,review_required,uncertain_ct_observation|near_all_edge_threshold,moderate_missing_evidence_not_enough_for_absent_or_disconnected,4,718,2.720833333333333,0.0,1.0,0.0,0.18882466281310212,0.8708333333333333,False,0.0,0.0,ori101,boundary,r220,manual_review_uncertain,blocked_manual_review,blocked,mixed_or_high_uncertain_evidence,boundary_or_skin_region,false
E_N001113_N001119,1971,N001113,N001119,design_present_or_unmapped,ct_missing_like_uncertain,uncertain_review_required,uncertain,review_required,uncertain_ct_observation|near_all_edge_threshold,moderate_missing_evidence_not_enough_for_absent_or_disconnected,4,719,2.720833333333333,0.0,1.0,0.0,0.34600760456273766,0.8708333333333333,False,0.0,0.0,ori101,boundary,r220,manual_review_uncertain,blocked_manual_review,blocked,mixed_or_high_uncertain_evidence,boundary_or_skin_region,false
E_N001113_N001133,2002,N001113,N001133,design_present_or_unmapped,ct_missing_like_uncertain,uncertain_review_required,uncertain,review_required,uncertain_ct_observation|near_all_edge_threshold,moderate_missing_evidence_not_enough_for_absent_or_disconnected,5,720,2.720833333333333,0.0,1.0,0.0,-0.13108614232209737,0.8708333333333333,False,0.0,0.0,ori101,boundary,r220,manual_review_uncertain,blocked_manual_review,blocked,mixed_or_high_uncertain_evidence,boundary_or_skin_region,false
E_N001113_N002253,3984,N001113,N002253,design_present_or_unmapped,ct_missing_like_uncertain,uncertain_review_required,uncertain,review_required,uncertain_ct_observation|near_all_edge_threshold,moderate_missing_evidence_not_enough_for_absent_or_disconnected,5,721,2.720833333333333,0.0,1.0,0.0,-0.7835990888382688,0.8708333333333333,False,0.0,0.0,ori101,boundary,r220,manual_review_uncertain,blocked_manual_review,blocked,mixed_or_high_uncertain_evidence,boundary_or_skin_region,false
E_N001113_N002267,4017,N001113,N002267,design_present_or_unmapped,ct_missing_like_uncertain,uncertain_review_required,uncertain,review_required,uncertain_ct_observation|near_all_edge_threshold,moderate_missing_evidence_not_enough_for_absent_or_disconnected,4,722,2.720833333333333,0.0,1.0,0.0,0.2773972602739726,0.8708333333333333,False,0.0,0.0,ori101,boundary,r220,manual_review_uncertain,blocked_manual_review,blocked,mixed_or_high_uncertain_evidence,boundary_or_skin_region,false
E_N001122_N001133,2000,N001122,N001133,design_present_or_unmapped,ct_missing_like_uncertain,uncertain_review_required,uncertain,review_required,uncertain_ct_observation|near_all_edge_threshold,moderate_missing_evidence_not_enough_for_absent_or_disconnected,4,723,2.720833333333333,0.0,1.0,0.0,0.17167381974248927,0.8708333333333333,False,0.0,0.0,ori101,boundary,r220,manual_review_uncertain,blocked_manual_review,blocked,mixed_or_high_uncertain_evidence,boundary_or_skin_region,false
E_N001127_N001133,2003,N001127,N001133,design_present_or_unmapped,ct_missing_like_uncertain,uncertain_review_required,uncertain,review_required,uncertain_ct_observation|near_all_edge_threshold,moderate_missing_evidence_not_enough_for_absent_or_disconnected,4,724,2.720833333333333,0.0,1.0,0.0,0.5444915254237288,0.8708333333333333,False,0.0,0.0,ori101,boundary,r220,manual_review_uncertain,blocked_manual_review,blocked,mixed_or_high_uncertain_evidence,boundary_or_skin_region,false
E_N001127_N002267,4016,N001127,N002267,design_present_or_unmapped,ct_missing_like_uncertain,uncertain_review_required,uncertain,review_required,uncertain_ct_observation|near_all_edge_threshold,moderate_missing_evidence_not_enough_for_absent_or_disconnected,5,725,2.720833333333333,0.0,1.0,0.0,-0.7990867579908676,0.8708333333333333,False,0.0,0.0,ori101,boundary,r220,manual_review_uncertain,blocked_manual_review,blocked,mixed_or_high_uncertain_evidence,boundary_or_skin_region,false
E_N002219_N002239,3958,N002219,N002239,design_present_or_unmapped,ct_missing_like_uncertain,uncertain_review_required,uncertain,review_required,uncertain_ct_observation|near_all_edge_threshold,moderate_missing_evidence_not_enough_for_absent_or_disconnected,5,727,2.720833333333333,0.0,1.0,0.0,-0.7947494033412887,0.8708333333333333,False,0.0,0.0,ori101,boundary,r220,manual_review_uncertain,blocked_manual_review,blocked,mixed_or_high_uncertain_evidence,boundary_or_skin_region,false
E_N002219_N003373,5973,N002219,N003373,design_present_or_unmapped,ct_missing_like_uncertain,uncertain_review_required,uncertain,review_required,uncertain_ct_observation|near_all_edge_threshold,moderate_missing_evidence_not_enough_for_absent_or_disconnected,4,728,2.720833333333333,0.0,1.0,0.0,0.16404494382022472,0.8708333333333333,False,0.0,0.0,ori101,boundary,r220,manual_review_uncertain,blocked_manual_review,blocked,mixed_or_high_uncertain_evidence,boundary_or_skin_region,false
E_N002233_N002239,3959,N002233,N002239,design_present_or_unmapped,ct_missing_like_uncertain,uncertain_review_required,uncertain,review_required,uncertain_ct_observation|near_all_edge_threshold,moderate_missing_evidence_not_enough_for_absent_or_disconnected,4,729,2.720833333333333,0.0,1.0,0.0,0.9211195928753181,0.8708333333333333,False,0.0,0.0,ori101,boundary,r220,manual_review_uncertain,blocked_manual_review,blocked,mixed_or_high_uncertain_evidence,boundary_or_skin_region,false
E_N002233_N002253,3986,N002233,N002253,design_present_or_unmapped,ct_missing_like_uncertain,uncertain_review_required,uncertain,review_required,uncertain_ct_observation|near_all_edge_threshold,moderate_missing_evidence_not_enough_for_absent_or_disconnected,5,730,2.720833333333333,0.0,1.0,0.0,-0.9565217391304348,0.8708333333333333,False,0.0,0.0,ori101,boundary,r220,manual_review_uncertain,blocked_manual_review,blocked,mixed_or_high_uncertain_evidence,boundary_or_skin_region,false
E_N002233_N003373,5972,N002233,N003373,design_present_or_unmapped,ct_missing_like_uncertain,uncertain_review_required,uncertain,review_required,uncertain_ct_observation|near_all_edge_threshold,moderate_missing_evidence_not_enough_for_absent_or_disconnected,5,731,2.720833333333333,0.0,1.0,0.0,-0.9506493506493506,0.8708333333333333,False,0.0,0.0,ori101,boundary,r220,manual_review_uncertain,blocked_manual_review,blocked,mixed_or_high_uncertain_evidence,boundary_or_skin_region,false
E_N002233_N003387,6001,N002233,N003387,design_present_or_unmapped,ct_missing_like_uncertain,uncertain_review_required,uncertain,review_required,uncertain_ct_observation|near_all_edge_threshold,moderate_missing_evidence_not_enough_for_absent_or_disconnected,4,732,2.720833333333333,0.0,1.0,0.0,0.41216216216216217,0.8708333333333333,False,0.0,0.0,ori101,boundary,r220,manual_review_uncertain,blocked_manual_review,blocked,mixed_or_high_uncertain_evidence,boundary_or_skin_region,false
E_N002247_N002253,3987,N002247,N002253,design_present_or_unmapped,ct_missing_like_uncertain,uncertain_review_required,uncertain,review_required,uncertain_ct_observation|near_all_edge_threshold,moderate_missing_evidence_not_enough_for_absent_or_disconnected,4,733,2.720833333333333,0.0,1.0,0.0,0.35359116022099446,0.8708333333333333,False,0.0,0.0,ori101,boundary,r220,manual_review_uncertain,blocked_manual_review,blocked,mixed_or_high_uncertain_evidence,boundary_or_skin_region,false
E_N002247_N002267,4018,N002247,N002267,design_present_or_unmapped,ct_missing_like_uncertain,uncertain_review_required,uncertain,review_required,uncertain_ct_observation|near_all_edge_threshold,moderate_missing_evidence_not_enough_for_absent_or_disconnected,5,734,2.720833333333333,0.0,1.0,0.0,-0.4180327868852459,0.8708333333333333,False,0.0,0.0,ori101,boundary,r220,manual_review_uncertain,blocked_manual_review,blocked,mixed_or_high_uncertain_evidence,boundary_or_skin_region,false
E_N002247_N003387,6000,N002247,N003387,design_present_or_unmapped,ct_missing_like_uncertain,uncertain_review_required,uncertain,review_required,uncertain_ct_observation|near_all_edge_threshold,moderate_missing_evidence_not_enough_for_absent_or_disconnected,5,735,2.720833333333333,0.0,1.0,0.0,-0.8798185941043084,0.8708333333333333,False,0.0,0.0,ori101,boundary,r220,manual_review_uncertain,blocked_manual_review,blocked,mixed_or_high_uncertain_evidence,boundary_or_skin_region,false
E_N002247_N003401,6033,N002247,N003401,design_present_or_unmapped,ct_missing_like_uncertain,uncertain_review_required,uncertain,review_required,uncertain_ct_observation|near_all_edge_threshold,moderate_missing_evidence_not_enough_for_absent_or_disconnected,4,736,2.720833333333333,0.0,1.0,0.0,0.3643410852713178,0.8708333333333333,False,0.0,0.0,ori101,boundary,r220,manual_review_uncertain,blocked_manual_review,blocked,mixed_or_high_uncertain_evidence,boundary_or_skin_region,false
E_N002261_N002267,4019,N002261,N002267,design_present_or_unmapped,ct_missing_like_uncertain,uncertain_review_required,uncertain,review_required,uncertain_ct_observation|near_all_edge_threshold,moderate_missing_evidence_not_enough_for_absent_or_disconnected,4,737,2.720833333333333,0.0,1.0,0.0,0.4114285714285714,0.8708333333333333,False,0.0,0.0,ori101,boundary,r220,manual_review_uncertain,blocked_manual_review,blocked,mixed_or_high_uncertain_evidence,boundary_or_skin_region,false
E_N002261_N003401,6032,N002261,N003401,design_present_or_unmapped,ct_missing_like_uncertain,uncertain_review_required,uncertain,review_required,uncertain_ct_observation|near_all_edge_threshold,moderate_missing_evidence_not_enough_for_absent_or_disconnected,5,738,2.720833333333333,0.0,1.0,0.0,-0.9625550660792952,0.8708333333333333,False,0.0,0.0,ori101,boundary,r220,manual_review_uncertain,blocked_manual_review,blocked,mixed_or_high_uncertain_evidence,boundary_or_skin_region,false
E_N003353_N003373,5974,N003353,N003373,design_present_or_unmapped,ct_missing_like_uncertain,uncertain_review_required,uncertain,review_required,uncertain_ct_observation|near_all_edge_threshold,moderate_missing_evidence_not_enough_for_absent_or_disconnected,5,740,2.720833333333333,0.0,1.0,0.0,-1.0526315789473684,0.8708333333333333,False,0.0,0.0,ori101,boundary,r220,manual_review_uncertain,blocked_manual_review,blocked,mixed_or_high_uncertain_evidence,boundary_or_skin_region,false
E_N003353_N004507,7989,N003353,N004507,design_present_or_unmapped,ct_missing_like_uncertain,uncertain_review_required,uncertain,review_required,uncertain_ct_observation|near_all_edge_threshold,moderate_missing_evidence_not_enough_for_absent_or_disconnected,4,741,2.720833333333333,0.0,1.0,0.0,0.4302554027504912,0.8708333333333333,False,0.0,0.0,ori101,boundary,r221,manual_review_uncertain,blocked_manual_review,blocked,mixed_or_high_uncertain_evidence,boundary_or_skin_region,false
E_N003367_N003373,5975,N003367,N003373,design_present_or_unmapped,ct_missing_like_uncertain,uncertain_review_required,uncertain,review_required,uncertain_ct_observation|near_all_edge_threshold,moderate_missing_evidence_not_enough_for_absent_or_disconnected,4,742,2.720833333333333,0.0,1.0,0.0,0.4349775784753363,0.8708333333333333,False,0.0,0.0,ori101,boundary,r220,manual_review_uncertain,blocked_manual_review,blocked,mixed_or_high_uncertain_evidence,boundary_or_skin_region,false
E_N003367_N003387,6002,N003367,N003387,design_present_or_unmapped,ct_missing_like_uncertain,uncertain_review_required,uncertain,review_required,uncertain_ct_observation|near_all_edge_threshold,moderate_missing_evidence_not_enough_for_absent_or_disconnected,5,743,2.720833333333333,0.0,1.0,0.0,-1.3473389355742298,0.8708333333333333,False,0.0,0.0,ori101,boundary,r220,manual_review_uncertain,blocked_manual_review,blocked,mixed_or_high_uncertain_evidence,boundary_or_skin_region,false
E_N003367_N004507,7988,N003367,N004507,design_present_or_unmapped,ct_missing_like_uncertain,uncertain_review_required,uncertain,review_required,uncertain_ct_observation|near_all_edge_threshold,moderate_missing_evidence_not_enough_for_absent_or_disconnected,5,744,2.720833333333333,0.0,1.0,0.0,-1.2732558139534884,0.8708333333333333,False,0.0,0.0,ori101,boundary,r221,manual_review_uncertain,blocked_manual_review,blocked,mixed_or_high_uncertain_evidence,boundary_or_skin_region,false
E_N003367_N004521,8017,N003367,N004521,design_present_or_unmapped,ct_missing_like_uncertain,uncertain_review_required,uncertain,review_required,uncertain_ct_observation|near_all_edge_threshold,moderate_missing_evidence_not_enough_for_absent_or_disconnected,4,745,2.720833333333333,0.0,1.0,0.0,0.3775280898876405,0.8708333333333333,False,0.0,0.0,ori101,boundary,r221,manual_review_uncertain,blocked_manual_review,blocked,mixed_or_high_uncertain_evidence,boundary_or_skin_region,false
E_N003381_N003387,6003,N003381,N003387,design_present_or_unmapped,ct_missing_like_uncertain,uncertain_review_required,uncertain,review_required,uncertain_ct_observation|near_all_edge_threshold,moderate_missing_evidence_not_enough_for_absent_or_disconnected,4,746,2.720833333333333,0.0,1.0,0.0,0.16956521739130434,0.8708333333333333,False,0.0,0.0,ori101,boundary,r220,manual_review_uncertain,blocked_manual_review,blocked,mixed_or_high_uncertain_evidence,boundary_or_skin_region,false
E_N003381_N003401,6034,N003381,N003401,design_present_or_unmapped,ct_missing_like_uncertain,uncertain_review_required,uncertain,review_required,uncertain_ct_observation|near_all_edge_threshold,moderate_missing_evidence_not_enough_for_absent_or_disconnected,5,747,2.720833333333333,0.0,1.0,0.0,-0.849624060150376,0.8708333333333333,False,0.0,0.0,ori101,boundary,r220,manual_review_uncertain,blocked_manual_review,blocked,mixed_or_high_uncertain_evidence,boundary_or_skin_region,false
E_N003381_N004521,8016,N003381,N004521,design_present_or_unmapped,ct_missing_like_uncertain,uncertain_review_required,uncertain,review_required,uncertain_ct_observation|near_all_edge_threshold,moderate_missing_evidence_not_enough_for_absent_or_disconnected,5,748,2.720833333333333,0.0,1.0,0.0,-1.2997198879551821,0.8708333333333333,False,0.0,0.0,ori101,boundary,r221,manual_review_uncertain,blocked_manual_review,blocked,mixed_or_high_uncertain_evidence,boundary_or_skin_region,false
E_N003381_N004535,8049,N003381,N004535,design_present_or_unmapped,ct_missing_like_uncertain,uncertain_review_required,uncertain,review_required,uncertain_ct_observation|near_all_edge_threshold,moderate_missing_evidence_not_enough_for_absent_or_disconnected,4,749,2.720833333333333,0.0,1.0,0.0,0.20040485829959515,0.8708333333333333,False,0.0,0.0,ori101,boundary,r221,manual_review_uncertain,blocked_manual_review,blocked,mixed_or_high_uncertain_evidence,boundary_or_skin_region,false
E_N003395_N003401,6035,N003395,N003401,design_present_or_unmapped,ct_missing_like_uncertain,uncertain_review_required,uncertain,review_required,uncertain_ct_observation|near_all_edge_threshold,moderate_missing_evidence_not_enough_for_absent_or_disconnected,4,750,2.720833333333333,0.0,1.0,0.0,0.11208791208791209,0.8708333333333333,False,0.0,0.0,ori101,boundary,r220,manual_review_uncertain,blocked_manual_review,blocked,mixed_or_high_uncertain_evidence,boundary_or_skin_region,false
E_N003395_N004535,8048,N003395,N004535,design_present_or_unmapped,ct_missing_like_uncertain,uncertain_review_required,uncertain,review_required,uncertain_ct_observation|near_all_edge_threshold,moderate_missing_evidence_not_enough_for_absent_or_disconnected,5,751,2.720833333333333,0.0,1.0,0.0,-0.7388663967611336,0.8708333333333333,False,0.0,0.0,ori101,boundary,r221,manual_review_uncertain,blocked_manual_review,blocked,mixed_or_high_uncertain_evidence,boundary_or_skin_region,false
E_N004487_N004507,7990,N004487,N004507,design_present_or_unmapped,ct_missing_like_uncertain,uncertain_review_required,uncertain,review_required,uncertain_ct_observation|near_all_edge_threshold,moderate_missing_evidence_not_enough_for_absent_or_disconnected,5,752,2.720833333333333,0.0,1.0,0.0,-1.2184300341296928,0.8708333333333333,False,0.0,0.0,ori101,boundary,r221,manual_review_uncertain,blocked_manual_review,blocked,mixed_or_high_uncertain_evidence,boundary_or_skin_region,false
E_N004487_N005641,10005,N004487,N005641,design_present_or_unmapped,ct_missing_like_uncertain,uncertain_review_required,uncertain,review_required,uncertain_ct_observation|near_all_edge_threshold,moderate_missing_evidence_not_enough_for_absent_or_disconnected,5,753,2.720833333333333,0.0,1.0,0.0,-0.06595744680851064,0.8708333333333333,False,0.0,0.0,ori101,boundary,r221,manual_review_uncertain,blocked_manual_review,blocked,mixed_or_high_uncertain_evidence,boundary_or_skin_region,false
E_N004501_N004507,7991,N004501,N004507,design_present_or_unmapped,ct_missing_like_uncertain,uncertain_review_required,uncertain,review_required,uncertain_ct_observation|near_all_edge_threshold,moderate_missing_evidence_not_enough_for_absent_or_disconnected,4,754,2.720833333333333,0.0,1.0,0.0,0.2455795677799607,0.8708333333333333,False,0.0,0.0,ori101,boundary,r221,manual_review_uncertain,blocked_manual_review,blocked,mixed_or_high_uncertain_evidence,boundary_or_skin_region,false
E_N004501_N004521,8018,N004501,N004521,design_present_or_unmapped,ct_missing_like_uncertain,uncertain_review_required,uncertain,review_required,uncertain_ct_observation|near_all_edge_threshold,moderate_missing_evidence_not_enough_for_absent_or_disconnected,5,755,2.720833333333333,0.0,1.0,0.0,-1.0623376623376624,0.8708333333333333,False,0.0,0.0,ori101,boundary,r221,manual_review_uncertain,blocked_manual_review,blocked,mixed_or_high_uncertain_evidence,boundary_or_skin_region,false
E_N004501_N005641,10004,N004501,N005641,design_present_or_unmapped,ct_missing_like_uncertain,uncertain_review_required,uncertain,review_required,uncertain_ct_observation|near_all_edge_threshold,moderate_missing_evidence_not_enough_for_absent_or_disconnected,5,756,2.720833333333333,0.0,1.0,0.0,-1.1931464174454829,0.8708333333333333,False,0.0,0.0,ori101,boundary,r221,manual_review_uncertain,blocked_manual_review,blocked,mixed_or_high_uncertain_evidence,boundary_or_skin_region,false
E_N004501_N005655,10033,N004501,N005655,design_present_or_unmapped,ct_missing_like_uncertain,uncertain_review_required,uncertain,review_required,uncertain_ct_observation|near_all_edge_threshold,moderate_missing_evidence_not_enough_for_absent_or_disconnected,4,757,2.720833333333333,0.0,1.0,0.0,0.19668737060041408,0.8708333333333333,False,0.0,0.0,ori101,boundary,r221,manual_review_uncertain,blocked_manual_review,blocked,mixed_or_high_uncertain_evidence,boundary_or_skin_region,false
E_N004515_N004521,8019,N004515,N004521,design_present_or_unmapped,ct_missing_like_uncertain,uncertain_review_required,uncertain,review_required,uncertain_ct_observation|near_all_edge_threshold,moderate_missing_evidence_not_enough_for_absent_or_disconnected,4,758,2.720833333333333,0.0,1.0,0.0,0.34573304157549234,0.8708333333333333,False,0.0,0.0,ori101,boundary,r221,manual_review_uncertain,blocked_manual_review,blocked,mixed_or_high_uncertain_evidence,boundary_or_skin_region,false
E_N004515_N004535,8050,N004515,N004535,design_present_or_unmapped,ct_missing_like_uncertain,uncertain_review_required,uncertain,review_required,uncertain_ct_observation|near_all_edge_threshold,moderate_missing_evidence_not_enough_for_absent_or_disconnected,5,759,2.720833333333333,0.0,1.0,0.0,-0.9700854700854701,0.8708333333333333,False,0.0,0.0,ori101,boundary,r221,manual_review_uncertain,blocked_manual_review,blocked,mixed_or_high_uncertain_evidence,boundary_or_skin_region,false
E_N004515_N005655,10032,N004515,N005655,design_present_or_unmapped,ct_missing_like_uncertain,uncertain_review_required,uncertain,review_required,uncertain_ct_observation|near_all_edge_threshold,moderate_missing_evidence_not_enough_for_absent_or_disconnected,5,760,2.720833333333333,0.0,1.0,0.0,-0.8995633187772926,0.8708333333333333,False,0.0,0.0,ori101,boundary,r221,manual_review_uncertain,blocked_manual_review,blocked,mixed_or_high_uncertain_evidence,boundary_or_skin_region,false
E_N004515_N005669,10065,N004515,N005669,design_present_or_unmapped,ct_missing_like_uncertain,uncertain_review_required,uncertain,review_required,uncertain_ct_observation|near_all_edge_threshold,moderate_missing_evidence_not_enough_for_absent_or_disconnected,4,761,2.720833333333333,0.0,1.0,0.0,0.13986013986013987,0.8708333333333333,False,0.0,0.0,ori101,boundary,r221,manual_review_uncertain,blocked_manual_review,blocked,mixed_or_high_uncertain_evidence,boundary_or_skin_region,false
E_N004529_N004535,8051,N004529,N004535,design_present_or_unmapped,ct_missing_like_uncertain,uncertain_review_required,uncertain,review_required,uncertain_ct_observation|near_all_edge_threshold,moderate_missing_evidence_not_enough_for_absent_or_disconnected,4,762,2.720833333333333,0.0,1.0,0.0,0.21524663677130046,0.8708333333333333,False,0.0,0.0,ori101,boundary,r221,manual_review_uncertain,blocked_manual_review,blocked,mixed_or_high_uncertain_evidence,boundary_or_skin_region,false
E_N004529_N005669,10064,N004529,N005669,design_present_or_unmapped,ct_missing_like_uncertain,uncertain_review_required,uncertain,review_required,uncertain_ct_observation|near_all_edge_threshold,moderate_missing_evidence_not_enough_for_absent_or_disconnected,5,763,2.720833333333333,0.0,1.0,0.0,-0.9682539682539683,0.8708333333333333,False,0.0,0.0,ori101,boundary,r221,manual_review_uncertain,blocked_manual_review,blocked,mixed_or_high_uncertain_evidence,boundary_or_skin_region,false
E_N005621_N005641,10006,N005621,N005641,design_present_or_unmapped,ct_missing_like_uncertain,uncertain_review_required,uncertain,review_required,uncertain_ct_observation|near_all_edge_threshold,moderate_missing_evidence_not_enough_for_absent_or_disconnected,5,764,2.720833333333333,0.0,1.0,0.0,-0.6994047619047619,0.8708333333333333,False,0.0,0.0,ori101,boundary,r221,manual_review_uncertain,blocked_manual_review,blocked,mixed_or_high_uncertain_evidence,boundary_or_skin_region,false
E_N005621_N006775,12021,N005621,N006775,design_present_or_unmapped,ct_missing_like_uncertain,uncertain_review_required,uncertain,review_required,uncertain_ct_observation|near_all_edge_threshold,moderate_missing_evidence_not_enough_for_absent_or_disconnected,5,765,2.720833333333333,0.0,1.0,0.0,-0.3287671232876712,0.8708333333333333,False,0.0,0.0,ori101,boundary,r221,manual_review_uncertain,blocked_manual_review,blocked,mixed_or_high_uncertain_evidence,boundary_or_skin_region,false
E_N005635_N005641,10007,N005635,N005641,design_present_or_unmapped,ct_missing_like_uncertain,uncertain_review_required,uncertain,review_required,uncertain_ct_observation|near_all_edge_threshold,moderate_missing_evidence_not_enough_for_absent_or_disconnected,4,766,2.720833333333333,0.0,1.0,0.0,0.1949367088607595,0.8708333333333333,False,0.0,0.0,ori101,boundary,r221,manual_review_uncertain,blocked_manual_review,blocked,mixed_or_high_uncertain_evidence,boundary_or_skin_region,false
E_N005635_N005655,10034,N005635,N005655,design_present_or_unmapped,ct_missing_like_uncertain,uncertain_review_required,uncertain,review_required,uncertain_ct_observation|near_all_edge_threshold,moderate_missing_evidence_not_enough_for_absent_or_disconnected,5,767,2.720833333333333,0.0,1.0,0.0,-0.5733333333333334,0.8708333333333333,False,0.0,0.0,ori101,boundary,r221,manual_review_uncertain,blocked_manual_review,blocked,mixed_or_high_uncertain_evidence,boundary_or_skin_region,false
E_N005635_N006775,12020,N005635,N006775,design_present_or_unmapped,ct_missing_like_uncertain,uncertain_review_required,uncertain,review_required,uncertain_ct_observation|near_all_edge_threshold,moderate_missing_evidence_not_enough_for_absent_or_disconnected,5,768,2.720833333333333,0.0,1.0,0.0,-1.4246575342465753,0.8708333333333333,False,0.0,0.0,ori101,boundary,r221,manual_review_uncertain,blocked_manual_review,blocked,mixed_or_high_uncertain_evidence,boundary_or_skin_region,false
E_N005635_N006789,12049,N005635,N006789,design_present_or_unmapped,ct_missing_like_uncertain,uncertain_review_required,uncertain,review_required,uncertain_ct_observation|near_all_edge_threshold,moderate_missing_evidence_not_enough_for_absent_or_disconnected,5,769,2.720833333333333,0.0,1.0,0.0,-0.022113022113022112,0.8708333333333333,False,0.0,0.0,ori101,boundary,r221,manual_review_uncertain,blocked_manual_review,blocked,mixed_or_high_uncertain_evidence,boundary_or_skin_region,false
E_N005649_N005655,10035,N005649,N005655,design_present_or_unmapped,ct_missing_like_uncertain,uncertain_review_required,uncertain,review_required,uncertain_ct_observation|near_all_edge_threshold,moderate_missing_evidence_not_enough_for_absent_or_disconnected,5,770,2.720833333333333,0.0,1.0,0.0,-0.037940379403794036,0.8708333333333333,False,0.0,0.0,ori101,boundary,r221,manual_review_uncertain,blocked_manual_review,blocked,mixed_or_high_uncertain_evidence,boundary_or_skin_region,false
E_N005649_N005669,10066,N005649,N005669,design_present_or_unmapped,ct_missing_like_uncertain,uncertain_review_required,uncertain,review_required,uncertain_ct_observation|near_all_edge_threshold,moderate_missing_evidence_not_enough_for_absent_or_disconnected,5,771,2.720833333333333,0.0,1.0,0.0,-0.884020618556701,0.8708333333333333,False,0.0,0.0,ori101,boundary,r221,manual_review_uncertain,blocked_manual_review,blocked,mixed_or_high_uncertain_evidence,boundary_or_skin_region,false
E_N005649_N006789,12048,N005649,N006789,design_present_or_unmapped,ct_missing_like_uncertain,uncertain_review_required,uncertain,review_required,uncertain_ct_observation|near_all_edge_threshold,moderate_missing_evidence_not_enough_for_absent_or_disconnected,5,772,2.720833333333333,0.0,1.0,0.0,-0.773955773955774,0.8708333333333333,False,0.0,0.0,ori101,boundary,r221,manual_review_uncertain,blocked_manual_review,blocked,mixed_or_high_uncertain_evidence,boundary_or_skin_region,false
E_N005649_N006803,12081,N005649,N006803,design_present_or_unmapped,ct_missing_like_uncertain,uncertain_review_required,uncertain,review_required,uncertain_ct_observation|near_all_edge_threshold,moderate_missing_evidence_not_enough_for_absent_or_disconnected,5,773,2.720833333333333,0.0,1.0,0.0,-0.18085106382978725,0.8708333333333333,False,0.0,0.0,ori101,boundary,r221,manual_review_uncertain,blocked_manual_review,blocked,mixed_or_high_uncertain_evidence,boundary_or_skin_region,false
E_N005663_N005669,10067,N005663,N005669,design_present_or_unmapped,ct_missing_like_uncertain,uncertain_review_required,uncertain,review_required,uncertain_ct_observation|near_all_edge_threshold,moderate_missing_evidence_not_enough_for_absent_or_disconnected,4,774,2.720833333333333,0.0,1.0,0.0,0.13466334164588528,0.8708333333333333,False,0.0,0.0,ori101,boundary,r221,manual_review_uncertain,blocked_manual_review,blocked,mixed_or_high_uncertain_evidence,boundary_or_skin_region,false
E_N005663_N006803,12080,N005663,N006803,design_present_or_unmapped,ct_missing_like_uncertain,uncertain_review_required,uncertain,review_required,uncertain_ct_observation|near_all_edge_threshold,moderate_missing_evidence_not_enough_for_absent_or_disconnected,5,775,2.720833333333333,0.0,1.0,0.0,-0.5966542750929368,0.8708333333333333,False,0.0,0.0,ori101,boundary,r221,manual_review_uncertain,blocked_manual_review,blocked,mixed_or_high_uncertain_evidence,boundary_or_skin_region,false
E_N006755_N006775,12022,N006755,N006775,design_present_or_unmapped,ct_missing_like_uncertain,uncertain_review_required,uncertain,review_required,uncertain_ct_observation|near_all_edge_threshold,moderate_missing_evidence_not_enough_for_absent_or_disconnected,5,776,2.720833333333333,0.0,1.0,0.0,-2.0446096654275094,0.8708333333333333,False,0.0,0.0,ori101,boundary,r221,manual_review_uncertain,blocked_manual_review,blocked,mixed_or_high_uncertain_evidence,boundary_or_skin_region,false
E_N006755_N007909,14037,N006755,N007909,design_present_or_unmapped,ct_missing_like_uncertain,uncertain_review_required,uncertain,review_required,uncertain_ct_observation|near_all_edge_threshold,moderate_missing_evidence_not_enough_for_absent_or_disconnected,5,777,2.720833333333333,0.0,1.0,0.0,-0.3657142857142857,0.8708333333333333,False,0.0,0.0,ori101,boundary,r222,manual_review_uncertain,blocked_manual_review,blocked,mixed_or_high_uncertain_evidence,boundary_or_skin_region,false
E_N006769_N006775,12023,N006769,N006775,design_present_or_unmapped,ct_missing_like_uncertain,uncertain_review_required,uncertain,review_required,uncertain_ct_observation|near_all_edge_threshold,moderate_missing_evidence_not_enough_for_absent_or_disconnected,5,778,2.720833333333333,0.0,1.0,0.0,-0.20923913043478262,0.8708333333333333,False,0.0,0.0,ori101,boundary,r221,manual_review_uncertain,blocked_manual_review,blocked,mixed_or_high_uncertain_evidence,boundary_or_skin_region,false
E_N006769_N006789,12050,N006769,N006789,design_present_or_unmapped,ct_missing_like_uncertain,uncertain_review_required,uncertain,review_required,uncertain_ct_observation|near_all_edge_threshold,moderate_missing_evidence_not_enough_for_absent_or_disconnected,5,779,2.720833333333333,0.0,1.0,0.0,-1.24496644295302,0.8708333333333333,False,0.0,0.0,ori101,boundary,r221,manual_review_uncertain,blocked_manual_review,blocked,mixed_or_high_uncertain_evidence,boundary_or_skin_region,false
E_N006769_N007909,14036,N006769,N007909,design_present_or_unmapped,ct_missing_like_uncertain,uncertain_review_required,uncertain,review_required,uncertain_ct_observation|near_all_edge_threshold,moderate_missing_evidence_not_enough_for_absent_or_disconnected,5,780,2.720833333333333,0.0,1.0,0.0,-1.1243243243243244,0.8708333333333333,False,0.0,0.0,ori101,boundary,r222,manual_review_uncertain,blocked_manual_review,blocked,mixed_or_high_uncertain_evidence,boundary_or_skin_region,false
E_N006769_N007923,14065,N006769,N007923,design_present_or_unmapped,ct_missing_like_uncertain,uncertain_review_required,uncertain,review_required,uncertain_ct_observation|near_all_edge_threshold,moderate_missing_evidence_not_enough_for_absent_or_disconnected,5,781,2.720833333333333,0.0,1.0,0.0,-0.3058252427184466,0.8708333333333333,False,0.0,0.0,ori101,boundary,r222,manual_review_uncertain,blocked_manual_review,blocked,mixed_or_high_uncertain_evidence,boundary_or_skin_region,false
E_N006783_N006789,12051,N006783,N006789,design_present_or_unmapped,ct_missing_like_uncertain,uncertain_review_required,uncertain,review_required,uncertain_ct_observation|near_all_edge_threshold,moderate_missing_evidence_not_enough_for_absent_or_disconnected,5,782,2.720833333333333,0.0,1.0,0.0,-0.004807692307692308,0.8708333333333333,False,0.0,0.0,ori101,boundary,r221,manual_review_uncertain,blocked_manual_review,blocked,mixed_or_high_uncertain_evidence,boundary_or_skin_region,false
E_N006783_N006803,12082,N006783,N006803,design_present_or_unmapped,ct_missing_like_uncertain,uncertain_review_required,uncertain,review_required,uncertain_ct_observation|near_all_edge_threshold,moderate_missing_evidence_not_enough_for_absent_or_disconnected,5,783,2.720833333333333,0.0,1.0,0.0,-0.8302583025830258,0.8708333333333333,False,0.0,0.0,ori101,boundary,r221,manual_review_uncertain,blocked_manual_review,blocked,mixed_or_high_uncertain_evidence,boundary_or_skin_region,false
E_N006783_N007923,14064,N006783,N007923,design_present_or_unmapped,ct_missing_like_uncertain,uncertain_review_required,uncertain,review_required,uncertain_ct_observation|near_all_edge_threshold,moderate_missing_evidence_not_enough_for_absent_or_disconnected,5,784,2.720833333333333,0.0,1.0,0.0,-0.8154761904761905,0.8708333333333333,False,0.0,0.0,ori101,boundary,r222,manual_review_uncertain,blocked_manual_review,blocked,mixed_or_high_uncertain_evidence,boundary_or_skin_region,false
E_N006783_N007937,14097,N006783,N007937,design_present_or_unmapped,ct_missing_like_uncertain,uncertain_review_required,uncertain,review_required,uncertain_ct_observation|near_all_edge_threshold,moderate_missing_evidence_not_enough_for_absent_or_disconnected,5,785,2.720833333333333,0.0,1.0,0.0,-0.11578947368421053,0.8708333333333333,False,0.0,0.0,ori101,boundary,r222,manual_review_uncertain,blocked_manual_review,blocked,mixed_or_high_uncertain_evidence,boundary_or_skin_region,false
E_N006797_N006803,12083,N006797,N006803,design_present_or_unmapped,ct_missing_like_uncertain,uncertain_review_required,uncertain,review_required,uncertain_ct_observation|near_all_edge_threshold,moderate_missing_evidence_not_enough_for_absent_or_disconnected,4,786,2.720833333333333,0.0,1.0,0.0,0.14215686274509803,0.8708333333333333,False,0.0,0.0,ori101,boundary,r221,manual_review_uncertain,blocked_manual_review,blocked,mixed_or_high_uncertain_evidence,boundary_or_skin_region,false
E_N006797_N007937,14096,N006797,N007937,design_present_or_unmapped,ct_missing_like_uncertain,uncertain_review_required,uncertain,review_required,uncertain_ct_observation|near_all_edge_threshold,moderate_missing_evidence_not_enough_for_absent_or_disconnected,5,787,2.720833333333333,0.0,1.0,0.0,-0.8959349593495934,0.8708333333333333,False,0.0,0.0,ori101,boundary,r222,manual_review_uncertain,blocked_manual_review,blocked,mixed_or_high_uncertain_evidence,boundary_or_skin_region,false
E_N007889_N007909,14038,N007889,N007909,design_present_or_unmapped,ct_missing_like_uncertain,uncertain_review_required,uncertain,review_required,uncertain_ct_observation|near_all_edge_threshold,moderate_missing_evidence_not_enough_for_absent_or_disconnected,5,788,2.720833333333333,0.0,1.0,0.0,-1.4489164086687307,0.8708333333333333,False,0.0,0.0,ori101,boundary,r222,manual_review_uncertain,blocked_manual_review,blocked,mixed_or_high_uncertain_evidence,boundary_or_skin_region,false
E_N007889_N009043,16053,N007889,N009043,design_present_or_unmapped,ct_missing_like_uncertain,uncertain_review_required,uncertain,review_required,uncertain_ct_observation|near_all_edge_threshold,moderate_missing_evidence_not_enough_for_absent_or_disconnected,5,789,2.720833333333333,0.0,1.0,0.0,-0.44664031620553357,0.8708333333333333,False,0.0,0.0,ori101,boundary,r222,manual_review_uncertain,blocked_manual_review,blocked,mixed_or_high_uncertain_evidence,boundary_or_skin_region,false
E_N007903_N007909,14039,N007903,N007909,design_present_or_unmapped,ct_missing_like_uncertain,uncertain_review_required,uncertain,review_required,uncertain_ct_observation|near_all_edge_threshold,moderate_missing_evidence_not_enough_for_absent_or_disconnected,5,790,2.720833333333333,0.0,1.0,0.0,-0.14186046511627906,0.8708333333333333,False,0.0,0.0,ori101,boundary,r222,manual_review_uncertain,blocked_manual_review,blocked,mixed_or_high_uncertain_evidence,boundary_or_skin_region,false
E_N007903_N007923,14066,N007903,N007923,design_present_or_unmapped,ct_missing_like_uncertain,uncertain_review_required,uncertain,review_required,uncertain_ct_observation|near_all_edge_threshold,moderate_missing_evidence_not_enough_for_absent_or_disconnected,5,791,2.720833333333333,0.0,1.0,0.0,-0.9864253393665159,0.8708333333333333,False,0.0,0.0,ori101,boundary,r222,manual_review_uncertain,blocked_manual_review,blocked,mixed_or_high_uncertain_evidence,boundary_or_skin_region,false
E_N007903_N009043,16052,N007903,N009043,design_present_or_unmapped,ct_missing_like_uncertain,uncertain_review_required,uncertain,review_required,uncertain_ct_observation|near_all_edge_threshold,moderate_missing_evidence_not_enough_for_absent_or_disconnected,5,792,2.720833333333333,0.0,1.0,0.0,-0.8854415274463007,0.8708333333333333,False,0.0,0.0,ori101,boundary,r222,manual_review_uncertain,blocked_manual_review,blocked,mixed_or_high_uncertain_evidence,boundary_or_skin_region,false
E_N007903_N009057,16081,N007903,N009057,design_present_or_unmapped,ct_missing_like_uncertain,uncertain_review_required,uncertain,review_required,uncertain_ct_observation|near_all_edge_threshold,moderate_missing_evidence_not_enough_for_absent_or_disconnected,5,793,2.720833333333333,0.0,1.0,0.0,-0.3128964059196617,0.8708333333333333,False,0.0,0.0,ori101,boundary,r222,manual_review_uncertain,blocked_manual_review,blocked,mixed_or_high_uncertain_evidence,boundary_or_skin_region,false
E_N007917_N007923,14067,N007917,N007923,design_present_or_unmapped,ct_missing_like_uncertain,uncertain_review_required,uncertain,review_required,uncertain_ct_observation|near_all_edge_threshold,moderate_missing_evidence_not_enough_for_absent_or_disconnected,5,794,2.720833333333333,0.0,1.0,0.0,-0.32367149758454106,0.8708333333333333,False,0.0,0.0,ori101,boundary,r222,manual_review_uncertain,blocked_manual_review,blocked,mixed_or_high_uncertain_evidence,boundary_or_skin_region,false
E_N007917_N007937,14098,N007917,N007937,design_present_or_unmapped,ct_missing_like_uncertain,uncertain_review_required,uncertain,review_required,uncertain_ct_observation|near_all_edge_threshold,moderate_missing_evidence_not_enough_for_absent_or_disconnected,5,795,2.720833333333333,0.0,1.0,0.0,-0.6268174474959612,0.8708333333333333,False,0.0,0.0,ori101,boundary,r222,manual_review_uncertain,blocked_manual_review,blocked,mixed_or_high_uncertain_evidence,boundary_or_skin_region,false
E_N007917_N009057,16080,N007917,N009057,design_present_or_unmapped,ct_missing_like_uncertain,uncertain_review_required,uncertain,review_required,uncertain_ct_observation|near_all_edge_threshold,moderate_missing_evidence_not_enough_for_absent_or_disconnected,5,796,2.720833333333333,0.0,1.0,0.0,-0.7145522388059702,0.8708333333333333,False,0.0,0.0,ori101,boundary,r222,manual_review_uncertain,blocked_manual_review,blocked,mixed_or_high_uncertain_evidence,boundary_or_skin_region,false
E_N007917_N009071,16113,N007917,N009071,design_present_or_unmapped,ct_missing_like_uncertain,uncertain_review_required,uncertain,review_required,uncertain_ct_observation|near_all_edge_threshold,moderate_missing_evidence_not_enough_for_absent_or_disconnected,5,797,2.720833333333333,0.0,1.0,0.0,-0.18816067653276955,0.8708333333333333,False,0.0,0.0,ori101,boundary,r222,manual_review_uncertain,blocked_manual_review,blocked,mixed_or_high_uncertain_evidence,boundary_or_skin_region,false
E_N007931_N007937,14099,N007931,N007937,design_present_or_unmapped,ct_missing_like_uncertain,uncertain_review_required,uncertain,review_required,uncertain_ct_observation|near_all_edge_threshold,moderate_missing_evidence_not_enough_for_absent_or_disconnected,4,798,2.720833333333333,0.0,1.0,0.0,0.05737704918032787,0.8708333333333333,False,0.0,0.0,ori101,boundary,r222,manual_review_uncertain,blocked_manual_review,blocked,mixed_or_high_uncertain_evidence,boundary_or_skin_region,false
E_N007931_N009071,16112,N007931,N009071,design_present_or_unmapped,ct_missing_like_uncertain,uncertain_review_required,uncertain,review_required,uncertain_ct_observation|near_all_edge_threshold,moderate_missing_evidence_not_enough_for_absent_or_disconnected,5,799,2.720833333333333,0.0,1.0,0.0,-0.7707231040564374,0.8708333333333333,False,0.0,0.0,ori101,boundary,r222,manual_review_uncertain,blocked_manual_review,blocked,mixed_or_high_uncertain_evidence,boundary_or_skin_region,false
E_N009023_N009043,16054,N009023,N009043,design_present_or_unmapped,ct_missing_like_uncertain,uncertain_review_required,uncertain,review_required,uncertain_ct_observation|near_all_edge_threshold,moderate_missing_evidence_not_enough_for_absent_or_disconnected,5,800,2.720833333333333,0.0,1.0,0.0,-0.7777777777777778,0.8708333333333333,False,0.0,0.0,ori101,boundary,r222,manual_review_uncertain,blocked_manual_review,blocked,mixed_or_high_uncertain_evidence,boundary_or_skin_region,false
E_N009023_N010177,18385,N009023,N010177,design_present_or_unmapped,ct_missing_like_uncertain,uncertain_review_required,uncertain,review_required,uncertain_ct_observation|near_all_edge_threshold,moderate_missing_evidence_not_enough_for_absent_or_disconnected,5,801,2.720833333333333,0.0,1.0,0.0,-0.6519480519480519,0.8708333333333333,False,0.0,0.0,ori101,boundary,r222,manual_review_uncertain,blocked_manual_review,blocked,mixed_or_high_uncertain_evidence,boundary_or_skin_region,false
E_N009037_N009043,16055,N009037,N009043,design_present_or_unmapped,ct_missing_like_uncertain,uncertain_review_required,uncertain,review_required,uncertain_ct_observation|near_all_edge_threshold,moderate_missing_evidence_not_enough_for_absent_or_disconnected,5,802,2.720833333333333,0.0,1.0,0.0,-0.48130841121495327,0.8708333333333333,False,0.0,0.0,ori101,boundary,r222,manual_review_uncertain,blocked_manual_review,blocked,mixed_or_high_uncertain_evidence,boundary_or_skin_region,false
E_N009037_N009057,16082,N009037,N009057,design_present_or_unmapped,ct_missing_like_uncertain,uncertain_review_required,uncertain,review_required,uncertain_ct_observation|near_all_edge_threshold,moderate_missing_evidence_not_enough_for_absent_or_disconnected,5,803,2.720833333333333,0.0,1.0,0.0,-0.610126582278481,0.8708333333333333,False,0.0,0.0,ori101,boundary,r222,manual_review_uncertain,blocked_manual_review,blocked,mixed_or_high_uncertain_evidence,boundary_or_skin_region,false
E_N009037_N010177,18384,N009037,N010177,design_present_or_unmapped,ct_missing_like_uncertain,uncertain_review_required,uncertain,review_required,uncertain_ct_observation|near_all_edge_threshold,moderate_missing_evidence_not_enough_for_absent_or_disconnected,5,804,2.720833333333333,0.0,1.0,0.0,-0.8508771929824561,0.8708333333333333,False,0.0,0.0,ori101,boundary,r222,manual_review_uncertain,blocked_manual_review,blocked,mixed_or_high_uncertain_evidence,boundary_or_skin_region,false
E_N009037_N010191,18417,N009037,N010191,design_present_or_unmapped,ct_missing_like_uncertain,uncertain_review_required,uncertain,review_required,uncertain_ct_observation|near_all_edge_threshold,moderate_missing_evidence_not_enough_for_absent_or_disconnected,5,805,2.720833333333333,0.0,1.0,0.0,-0.28448275862068967,0.8708333333333333,False,0.0,0.0,ori101,boundary,r222,manual_review_uncertain,blocked_manual_review,blocked,mixed_or_high_uncertain_evidence,boundary_or_skin_region,false
E_N009051_N009057,16083,N009051,N009057,design_present_or_unmapped,ct_missing_like_uncertain,uncertain_review_required,uncertain,review_required,uncertain_ct_observation|near_all_edge_threshold,moderate_missing_evidence_not_enough_for_absent_or_disconnected,5,806,2.720833333333333,0.0,1.0,0.0,-0.25239005736137665,0.8708333333333333,False,0.0,0.0,ori101,boundary,r222,manual_review_uncertain,blocked_manual_review,blocked,mixed_or_high_uncertain_evidence,boundary_or_skin_region,false
E_N009051_N009071,16114,N009051,N009071,design_present_or_unmapped,ct_missing_like_uncertain,uncertain_review_required,uncertain,review_required,uncertain_ct_observation|near_all_edge_threshold,moderate_missing_evidence_not_enough_for_absent_or_disconnected,5,807,2.720833333333333,0.0,1.0,0.0,-0.3776908023483366,0.8708333333333333,False,0.0,0.0,ori101,boundary,r222,manual_review_uncertain,blocked_manual_review,blocked,mixed_or_high_uncertain_evidence,boundary_or_skin_region,false
E_N009051_N010191,18416,N009051,N010191,design_present_or_unmapped,ct_missing_like_uncertain,uncertain_review_required,uncertain,review_required,uncertain_ct_observation|near_all_edge_threshold,moderate_missing_evidence_not_enough_for_absent_or_disconnected,5,808,2.720833333333333,0.0,1.0,0.0,-0.5168831168831168,0.8708333333333333,False,0.0,0.0,ori101,boundary,r222,manual_review_uncertain,blocked_manual_review,blocked,mixed_or_high_uncertain_evidence,boundary_or_skin_region,false
E_N009051_N010205,18453,N009051,N010205,design_present_or_unmapped,ct_missing_like_uncertain,uncertain_review_required,uncertain,review_required,uncertain_ct_observation|near_all_edge_threshold,moderate_missing_evidence_not_enough_for_absent_or_disconnected,5,809,2.720833333333333,0.0,1.0,0.0,-0.19672131147540983,0.8708333333333333,False,0.0,0.0,ori101,boundary,r222,manual_review_uncertain,blocked_manual_review,blocked,mixed_or_high_uncertain_evidence,boundary_or_skin_region,false
E_N009065_N009071,16115,N009065,N009071,design_present_or_unmapped,ct_missing_like_uncertain,uncertain_review_required,uncertain,review_required,uncertain_ct_observation|near_all_edge_threshold,moderate_missing_evidence_not_enough_for_absent_or_disconnected,5,810,2.720833333333333,0.0,1.0,0.0,0.011881188118811881,0.8708333333333333,False,0.0,0.0,ori101,boundary,r222,manual_review_uncertain,blocked_manual_review,blocked,mixed_or_high_uncertain_evidence,boundary_or_skin_region,false
E_N009065_N010205,18452,N009065,N010205,design_present_or_unmapped,ct_missing_like_uncertain,uncertain_review_required,uncertain,review_required,uncertain_ct_observation|near_all_edge_threshold,moderate_missing_evidence_not_enough_for_absent_or_disconnected,5,811,2.720833333333333,0.0,1.0,0.0,-0.4427966101694915,0.8708333333333333,False,0.0,0.0,ori101,boundary,r222,manual_review_uncertain,blocked_manual_review,blocked,mixed_or_high_uncertain_evidence,boundary_or_skin_region,false
E_N010157_N010177,18386,N010157,N010177,design_present_or_unmapped,ct_missing_like_uncertain,uncertain_review_required,uncertain,review_required,uncertain_ct_observation|near_all_edge_threshold,moderate_missing_evidence_not_enough_for_absent_or_disconnected,4,812,2.720833333333333,0.0,1.0,0.0,0.06702412868632708,0.8708333333333333,False,0.0,0.0,ori101,boundary,r222,manual_review_uncertain,blocked_manual_review,blocked,mixed_or_high_uncertain_evidence,boundary_or_skin_region,false
E_N010171_N010177,18387,N010171,N010177,design_present_or_unmapped,ct_missing_like_uncertain,uncertain_review_required,uncertain,review_required,uncertain_ct_observation|near_all_edge_threshold,moderate_missing_evidence_not_enough_for_absent_or_disconnected,5,813,2.720833333333333,0.0,1.0,0.0,-0.21660649819494585,0.8708333333333333,False,0.0,0.0,ori101,boundary,r222,manual_review_uncertain,blocked_manual_review,blocked,mixed_or_high_uncertain_evidence,boundary_or_skin_region,false
E_N010171_N010191,18418,N010171,N010191,design_present_or_unmapped,ct_missing_like_uncertain,uncertain_review_required,uncertain,review_required,uncertain_ct_observation|near_all_edge_threshold,moderate_missing_evidence_not_enough_for_absent_or_disconnected,5,814,2.720833333333333,0.0,1.0,0.0,-0.07431693989071038,0.8708333333333333,False,0.0,0.0,ori101,boundary,r222,manual_review_uncertain,blocked_manual_review,blocked,mixed_or_high_uncertain_evidence,boundary_or_skin_region,false
E_N010185_N010191,18419,N010185,N010191,design_present_or_unmapped,ct_missing_like_uncertain,uncertain_review_required,uncertain,review_required,uncertain_ct_observation|near_all_edge_threshold,moderate_missing_evidence_not_enough_for_absent_or_disconnected,5,815,2.720833333333333,0.0,1.0,0.0,-0.18625,0.8708333333333333,False,0.0,0.0,ori101,boundary,r222,manual_review_uncertain,blocked_manual_review,blocked,mixed_or_high_uncertain_evidence,boundary_or_skin_region,false
E_N010185_N010205,18454,N010185,N010205,design_present_or_unmapped,ct_missing_like_uncertain,uncertain_review_required,uncertain,review_required,uncertain_ct_observation|near_all_edge_threshold,moderate_missing_evidence_not_enough_for_absent_or_disconnected,5,816,2.720833333333333,0.0,1.0,0.0,-0.2064516129032258,0.8708333333333333,False,0.0,0.0,ori101,boundary,r222,manual_review_uncertain,blocked_manual_review,blocked,mixed_or_high_uncertain_evidence,boundary_or_skin_region,false
E_N010199_N010205,18455,N010199,N010205,design_present_or_unmapped,ct_missing_like_uncertain,uncertain_review_required,uncertain,review_required,uncertain_ct_observation|near_all_edge_threshold,moderate_missing_evidence_not_enough_for_absent_or_disconnected,5,817,2.720833333333333,0.0,1.0,0.0,-0.07120933087783916,0.8708333333333333,False,0.0,0.0,ori101,boundary,r222,manual_review_uncertain,blocked_manual_review,blocked,mixed_or_high_uncertain_evidence,boundary_or_skin_region,false
E_N002653_N003793,6937,N002653,N003793,design_present_or_unmapped,ct_uncertain,uncertain_review_required,uncertain,review_required,uncertain_ct_observation|near_all_edge_threshold,mixed_or_borderline_ct_evidence,2,858,2.63125,0.625,0.375,6.875,1.522093813732155,2.0,False,0.125,0.7625715675084215,ori101,boundary,r011,manual_review_uncertain,blocked_manual_review,blocked,mixed_or_high_uncertain_evidence,boundary_or_skin_region,false
E_N000751_N000755,1319,N000751,N000755,design_present_or_unmapped,ct_missing_like_uncertain,uncertain_review_required,uncertain,review_required,uncertain_ct_observation|near_all_edge_threshold,moderate_missing_evidence_not_enough_for_absent_or_disconnected,4,859,2.6277777777777778,0.25,0.75,7.5,-0.4517543859649123,1.2361111111111112,False,0.16666666666666666,1.4984818464103549,ori011,boundary,r210,manual_review_uncertain,blocked_manual_review,blocked,mixed_or_high_uncertain_evidence,boundary_or_skin_region,false
E_N000203_N000209,571,N000203,N000209,design_present_or_unmapped,ct_uncertain,uncertain_review_required,uncertain,review_required,uncertain_ct_observation|near_all_edge_threshold,mixed_or_borderline_ct_evidence,2,879,2.583333333333333,1.0,0.0,8.666666666666666,-0.08437775816416593,2.583333333333333,True,0.0,0.7510753412907684,ori101,boundary,r100,manual_review_uncertain,blocked_manual_review,blocked,mixed_or_high_uncertain_evidence,boundary_or_skin_region,false
E_N005355_N005361,9711,N005355,N005361,design_present_or_unmapped,ct_uncertain,uncertain_review_required,uncertain,review_required,uncertain_ct_observation|near_all_edge_threshold,mixed_or_borderline_ct_evidence,2,881,2.5812500000000003,0.75,0.25,8.916666666666666,2.7883211678832116,2.2,False,0.125,0.5824893905085334,ori101,interior,r121,manual_review_uncertain,blocked_manual_review,blocked,mixed_or_high_uncertain_evidence,,false
E_N002961_N002967,5459,N002961,N002967,design_present_or_unmapped,ct_uncertain,uncertain_review_required,uncertain,review_required,uncertain_ct_observation|near_all_edge_threshold,mixed_or_borderline_ct_evidence,2,886,2.56875,0.8333333333333334,0.16666666666666666,7.083333333333333,2.440221694378464,2.3333333333333335,False,0.20833333333333326,0.7955377744553853,ori101,interior,r110,manual_review_uncertain,blocked_manual_review,blocked,mixed_or_high_uncertain_evidence,,false
E_N001999_N002010,3544,N001999,N002010,design_present_or_unmapped,ct_missing_like_uncertain,uncertain_review_required,uncertain,review_required,uncertain_ct_observation|near_all_edge_threshold,moderate_missing_evidence_not_enough_for_absent_or_disconnected,5,894,2.5508928571428573,0.08333333333333333,0.875,0.2916666666666667,0.011166253101736972,0.8571428571428571,False,0.20833333333333334,1.8400881668667388,ori101,boundary,r220,manual_review_uncertain,blocked_manual_review,blocked,mixed_or_high_uncertain_evidence,boundary_or_skin_region,false
E_N006321_N007461,13449,N006321,N007461,design_present_or_unmapped,ct_uncertain,uncertain_review_required,uncertain,review_required,uncertain_ct_observation|near_all_edge_threshold,mixed_or_borderline_ct_evidence,2,903,2.5249999999999995,0.8333333333333334,0.16666666666666666,10.875,2.232656190111154,2.3,False,0.16666666666666663,0.22812944719067724,ori101,interior,r022,manual_review_uncertain,blocked_manual_review,blocked,mixed_or_high_uncertain_evidence,,false
E_N006322_N007459,13236,N006322,N007459,design_present_or_unmapped,ct_uncertain,uncertain_review_required,uncertain,review_required,uncertain_ct_observation|near_all_edge_threshold,mixed_or_borderline_ct_evidence,2,904,2.5249999999999995,0.8333333333333334,0.16666666666666666,12.458333333333334,2.1434046630469497,2.3,False,0.16666666666666674,0.18877751503092127,ori101,interior,r012,manual_review_uncertain,blocked_manual_review,blocked,mixed_or_high_uncertain_evidence,,false
E_N002919_N004059,7401,N002919,N004059,design_present_or_unmapped,ct_uncertain,uncertain_review_required,uncertain,review_required,uncertain_ct_observation|near_all_edge_threshold,mixed_or_borderline_ct_evidence,2,905,2.5229166666666667,0.875,0.125,10.541666666666666,2.849256900212314,2.3666666666666667,False,0.125,0.4400975778071287,ori101,interior,r021,manual_review_uncertain,blocked_manual_review,blocked,mixed_or_high_uncertain_evidence,,false
E_N003718_N004855,8616,N003718,N004855,design_present_or_unmapped,ct_uncertain,uncertain_review_required,uncertain,review_required,uncertain_ct_observation|near_all_edge_threshold,mixed_or_borderline_ct_evidence,2,908,2.517759324009324,0.75,0.25,10.041666666666666,3.0064599483204133,2.1573426573426575,False,0.04166666666666663,0.5411396328038034,ori101,interior,r101,manual_review_uncertain,blocked_manual_review,blocked,mixed_or_high_uncertain_evidence,,false
E_N000567_N000573,1207,N000567,N000573,design_present_or_unmapped,ct_uncertain,uncertain_review_required,uncertain,review_required,uncertain_ct_observation|near_all_edge_threshold,mixed_or_borderline_ct_evidence,2,922,2.5024801587301586,0.875,0.125,9.208333333333334,1.1052401746724891,2.325396825396825,False,0.20833333333333326,0.9879503732147712,ori101,boundary,r110,manual_review_uncertain,blocked_manual_review,blocked,mixed_or_high_uncertain_evidence,boundary_or_skin_region,false
E_N000625_N000629,1099,N000625,N000629,design_present_or_unmapped,ct_missing_like_uncertain,uncertain_review_required,uncertain,review_required,uncertain_ct_observation|near_all_edge_threshold,moderate_missing_evidence_not_enough_for_absent_or_disconnected,4,939,2.4819444444444443,0.3333333333333333,0.6666666666666666,9.375,-0.4821501846532622,1.2361111111111112,False,0.24999999999999997,1.2930708194720328,ori011,boundary,r210,manual_review_uncertain,blocked_manual_review,blocked,mixed_or_high_uncertain_evidence,boundary_or_skin_region,false
E_N000721_N000727,1475,N000721,N000727,design_present_or_unmapped,ct_missing_like_uncertain,uncertain_review_required,uncertain,review_required,uncertain_ct_observation|near_all_edge_threshold,moderate_missing_evidence_not_enough_for_absent_or_disconnected,4,941,2.4782679738562092,0.2916666666666667,0.7083333333333334,1.5833333333333333,-0.18334985133795836,1.1699346405228759,False,0.16666666666666666,1.3270730865377083,ori101,boundary,r210,manual_review_uncertain,blocked_manual_review,blocked,mixed_or_high_uncertain_evidence,boundary_or_skin_region,false
E_N002713_N002724,4824,N002713,N002724,design_present_or_unmapped,ct_uncertain,uncertain_review_required,uncertain,review_required,uncertain_ct_observation|near_all_edge_threshold,mixed_or_borderline_ct_evidence,2,944,2.4749999999999996,0.7083333333333334,0.2916666666666667,9.166666666666666,3.0168453292496173,2.0,False,0.16666666666666674,0.8300184113443898,ori101,interior,r110,manual_review_uncertain,blocked_manual_review,blocked,mixed_or_high_uncertain_evidence,,false
E_N008351_N008371,15074,N008351,N008371,design_present_or_unmapped,ct_uncertain,uncertain_review_required,uncertain,review_required,uncertain_ct_observation|near_all_edge_threshold,mixed_or_borderline_ct_evidence,2,947,2.4708333333333337,0.75,0.25,11.833333333333334,2.407676767676768,2.1,False,0.08333333333333326,0.12099571313944472,ori101,near_boundary,r112,manual_review_uncertain,blocked_manual_review,blocked,mixed_or_high_uncertain_evidence,near_boundary_region,false
E_N001140_N002280,4041,N001140,N002280,design_present_or_unmapped,ct_uncertain,uncertain_review_required,uncertain,review_required,uncertain_ct_observation|near_all_edge_threshold,mixed_or_borderline_ct_evidence,2,958,2.447916666666667,0.9166666666666666,0.08333333333333333,13.833333333333334,7.711323763955343,2.3333333333333335,False,0.125,1.5376798853214262,ori101,boundary,r000,manual_review_uncertain,blocked_manual_review,blocked,mixed_or_high_uncertain_evidence,boundary_or_skin_region,false
E_N007078_N007081,12578,N007078,N007081,design_present_or_unmapped,ct_uncertain,uncertain_review_required,uncertain,review_required,uncertain_ct_observation|near_all_edge_threshold,mixed_or_borderline_ct_evidence,2,965,2.4375000000000004,0.6666666666666666,0.3333333333333333,14.416666666666666,2.921144182450715,1.9,False,0.08333333333333337,0.363413586182219,ori101,interior,r002,manual_review_uncertain,blocked_manual_review,blocked,mixed_or_high_uncertain_evidence,,false
E_N006391_N006397,11555,N006391,N006397,design_present_or_unmapped,ct_uncertain,uncertain_review_required,uncertain,review_required,uncertain_ct_observation|near_all_edge_threshold,mixed_or_borderline_ct_evidence,2,971,2.4303571428571433,0.5416666666666666,0.4583333333333333,4.541666666666667,0.1453781512605042,1.6428571428571428,False,0.08333333333333337,1.1730545229068268,ori101,interior,r211,manual_review_uncertain,blocked_manual_review,blocked,mixed_or_high_uncertain_evidence,,false
E_N001296_N001299,2302,N001296,N001299,design_present_or_unmapped,ct_uncertain,uncertain_review_required,uncertain,review_required,uncertain_ct_observation|near_all_edge_threshold,mixed_or_borderline_ct_evidence,2,977,2.40625,0.875,0.125,13.75,4.5322128851540615,2.25,False,0.125,0.3762517509453436,ori101,near_boundary,r000,manual_review_uncertain,blocked_manual_review,blocked,mixed_or_high_uncertain_evidence,near_boundary_region,false
E_N003787_N004941,8976,N003787,N004941,design_present_or_unmapped,ct_uncertain,uncertain_review_required,uncertain,review_required,uncertain_ct_observation|near_all_edge_threshold,mixed_or_borderline_ct_evidence,2,984,2.3982954545454542,0.7083333333333334,0.2916666666666667,12.75,2.0898391526088664,1.9545454545454546,False,0.04166666666666674,0.5558952878598785,ori101,near_boundary,r011,manual_review_uncertain,blocked_manual_review,blocked,mixed_or_high_uncertain_evidence,near_boundary_region,false
E_N002153_N002155,3797,N002153,N002155,design_present_or_unmapped,ct_uncertain,uncertain_review_required,uncertain,review_required,uncertain_ct_observation|near_all_edge_threshold,mixed_or_borderline_ct_evidence,2,995,2.375,0.9166666666666666,0.08333333333333333,4.833333333333333,3.0103092783505154,2.25,False,0.16666666666666674,0.7758410014059777,ori110,boundary,r020,manual_review_uncertain,blocked_manual_review,blocked,mixed_or_high_uncertain_evidence,boundary_or_skin_region,false
E_N003847_N003858,6840,N003847,N003858,design_present_or_unmapped,ct_uncertain,uncertain_review_required,uncertain,review_required,uncertain_ct_observation|near_all_edge_threshold,mixed_or_borderline_ct_evidence,2,1002,2.3666666666666667,0.875,0.125,8.791666666666666,3.096774193548387,2.2,False,0.16666666666666674,0.5634401948558251,ori101,interior,r111,manual_review_uncertain,blocked_manual_review,blocked,mixed_or_high_uncertain_evidence,,false
E_N002037_N002043,3815,N002037,N002043,design_present_or_unmapped,ct_uncertain,uncertain_review_required,uncertain,review_required,uncertain_ct_observation|near_all_edge_threshold,mixed_or_borderline_ct_evidence,2,1004,2.3645833333333335,0.75,0.25,10.333333333333334,3.2749540722596446,1.9833333333333334,False,0.125,0.8924547859313333,ori101,near_boundary,r020,manual_review_uncertain,blocked_manual_review,blocked,mixed_or_high_uncertain_evidence,near_boundary_region,false
E_N003801_N003821,6986,N003801,N003821,design_present_or_unmapped,ct_uncertain,uncertain_review_required,uncertain,review_required,uncertain_ct_observation|near_all_edge_threshold,mixed_or_borderline_ct_evidence,2,1015,2.3458333333333337,0.875,0.125,12.291666666666666,3.7275012569130217,2.2,False,0.08333333333333326,0.29459585736496924,ori101,interior,r011,manual_review_uncertain,blocked_manual_review,blocked,mixed_or_high_uncertain_evidence,,false
E_N003522_N003526,6265,N003522,N003526,design_present_or_unmapped,ct_missing_like_uncertain,uncertain_review_required,uncertain,review_required,uncertain_ct_observation|near_all_edge_threshold,moderate_missing_evidence_not_enough_for_absent_or_disconnected,3,1020,2.339583333333333,0.4583333333333333,0.5416666666666666,4.75,1.7032967032967032,1.375,False,0.12499999999999994,2.091990222002105,ori011,boundary,r201,manual_review_uncertain,blocked_manual_review,blocked,mixed_or_high_uncertain_evidence,boundary_or_skin_region,false
E_N001617_N002771,5116,N001617,N002771,design_present_or_unmapped,ct_uncertain,uncertain_review_required,uncertain,review_required,uncertain_ct_observation|near_all_edge_threshold,mixed_or_borderline_ct_evidence,2,1033,2.3152777777777778,0.3333333333333333,0.6666666666666666,1.5,0.06107784431137724,1.1111111111111112,False,0.08333333333333331,1.705470370989832,ori101,boundary,r210,manual_review_uncertain,blocked_manual_review,blocked,mixed_or_high_uncertain_evidence,boundary_or_skin_region,false
E_N003564_N003567,6334,N003564,N003567,design_present_or_unmapped,ct_uncertain,uncertain_review_required,uncertain,review_required,uncertain_ct_observation,mixed_or_borderline_ct_evidence,2,1048,2.2916666666666665,0.75,0.25,15.208333333333334,7.637404580152672,1.9,False,0.16666666666666663,0.22324270901059773,ori101,near_boundary,r001,manual_review_uncertain,blocked_manual_review,blocked,mixed_or_high_uncertain_evidence,near_boundary_region,false
E_N008033_N008044,14292,N008033,N008044,design_present_or_unmapped,ct_uncertain,uncertain_review_required,uncertain,review_required,uncertain_ct_observation,mixed_or_borderline_ct_evidence,2,1055,2.270138888888889,0.5,0.5,4.041666666666667,0.5164556962025316,1.3888888888888888,False,0.12499999999999994,1.4363856710347822,ori101,boundary,r202,manual_review_uncertain,blocked_manual_review,blocked,mixed_or_high_uncertain_evidence,boundary_or_skin_region,false
E_N003889_N003900,6916,N003889,N003900,design_present_or_unmapped,ct_missing_like_uncertain,uncertain_review_required,uncertain,review_required,uncertain_ct_observation,moderate_missing_evidence_not_enough_for_absent_or_disconnected,3,1062,2.2631944444444447,0.375,0.625,1.125,0.024464831804281346,1.1111111111111112,False,0.20833333333333334,2.061798039679431,ori101,boundary,r211,manual_review_uncertain,blocked_manual_review,blocked,mixed_or_high_uncertain_evidence,boundary_or_skin_region,false
E_N008029_N008035,14487,N008029,N008035,design_present_or_unmapped,ct_uncertain,uncertain_review_required,uncertain,review_required,uncertain_ct_observation,mixed_or_borderline_ct_evidence,2,1067,2.2527777777777778,0.5416666666666666,0.4583333333333333,6.416666666666667,2.1798298906439855,1.4444444444444444,False,0.16666666666666663,1.3370929269118565,ori101,near_boundary,r202,manual_review_uncertain,blocked_manual_review,blocked,mixed_or_high_uncertain_evidence,near_boundary_region,false
E_N000193_N000204,352,N000193,N000204,design_present_or_unmapped,ct_uncertain,uncertain_review_required,uncertain,review_required,uncertain_ct_observation,mixed_or_borderline_ct_evidence,2,1081,2.2435897435897436,1.0,0.0,11.375,-0.015690376569037656,2.2435897435897436,True,0.0,0.8157088809837724,ori101,boundary,r100,manual_review_uncertain,blocked_manual_review,blocked,mixed_or_high_uncertain_evidence,boundary_or_skin_region,false
E_N000333_N000335,577,N000333,N000335,design_present_or_unmapped,ct_uncertain,uncertain_review_required,uncertain,review_required,uncertain_ct_observation,mixed_or_borderline_ct_evidence,2,1089,2.2215277777777778,1.0,0.0,5.791666666666667,-0.09483079211602827,2.2111111111111112,True,0.04166666666666663,0.772961666283321,ori110,boundary,r100,manual_review_uncertain,blocked_manual_review,blocked,mixed_or_high_uncertain_evidence,boundary_or_skin_region,false
E_N005075_N006215,11237,N005075,N006215,design_present_or_unmapped,ct_uncertain,uncertain_review_required,uncertain,review_required,uncertain_ct_observation,mixed_or_borderline_ct_evidence,2,1096,2.2041666666666666,0.8333333333333334,0.16666666666666666,12.208333333333334,1.8708920187793427,2.0,False,0.08333333333333337,0.0743357582082555,ori101,interior,r011,manual_review_uncertain,blocked_manual_review,blocked,mixed_or_high_uncertain_evidence,,false
E_N001422_N001425,2522,N001422,N001425,design_present_or_unmapped,ct_uncertain,uncertain_review_required,uncertain,review_required,uncertain_ct_observation,mixed_or_borderline_ct_evidence,2,1113,2.1937499999999996,0.8333333333333334,0.16666666666666666,13.291666666666666,4.7275,2.0,False,0.04166666666666674,0.5691469232638238,ori101,interior,r000,manual_review_uncertain,blocked_manual_review,blocked,mixed_or_high_uncertain_evidence,,false
E_N004810_N004813,8546,N004810,N004813,design_present_or_unmapped,ct_uncertain,uncertain_review_required,uncertain,review_required,uncertain_ct_observation,mixed_or_borderline_ct_evidence,2,1114,2.1937499999999996,0.8333333333333334,0.16666666666666666,12.958333333333334,6.389272030651341,2.0,False,0.04166666666666663,0.13907805570579873,ori101,interior,r001,manual_review_uncertain,blocked_manual_review,blocked,mixed_or_high_uncertain_evidence,,false
E_N008688_N009825,17656,N008688,N009825,design_present_or_unmapped,ct_missing_like_uncertain,uncertain_review_required,uncertain,review_required,uncertain_ct_observation,moderate_missing_evidence_not_enough_for_absent_or_disconnected,3,1115,2.1930555555555555,0.2916666666666667,0.4166666666666667,1.2083333333333333,-0.5161030595813204,1.1555555555555554,False,0.25,1.9087642646935707,ori101,boundary,r212,manual_review_uncertain,blocked_manual_review,blocked,mixed_or_high_uncertain_evidence,boundary_or_skin_region,false
E_N000711_N000713,1237,N000711,N000713,design_present_or_unmapped,ct_uncertain,uncertain_review_required,uncertain,review_required,uncertain_ct_observation,mixed_or_borderline_ct_evidence,2,1116,2.192261904761905,1.0,0.0,4.708333333333333,-0.1557614360162131,2.1714285714285717,True,0.08333333333333337,1.159427813897068,ori110,boundary,r110,manual_review_uncertain,blocked_manual_review,blocked,mixed_or_high_uncertain_evidence,boundary_or_skin_region,false
E_N006027_N007181,12960,N006027,N007181,design_present_or_unmapped,ct_uncertain,uncertain_review_required,uncertain,review_required,uncertain_ct_observation,mixed_or_borderline_ct_evidence,2,1135,2.1590277777777778,0.4166666666666667,0.5833333333333334,2.2916666666666665,0.06712564543889846,1.1111111111111112,False,0.125,1.9248204364124453,ori101,boundary,r212,manual_review_uncertain,blocked_manual_review,blocked,mixed_or_high_uncertain_evidence,boundary_or_skin_region,false
E_N002653_N002659,4923,N002653,N002659,design_present_or_unmapped,ct_uncertain,uncertain_review_required,uncertain,review_required,uncertain_ct_observation,mixed_or_borderline_ct_evidence,2,1145,2.1327380952380954,0.5833333333333334,0.4166666666666667,9.416666666666666,1.4036054081121683,1.4285714285714286,False,0.08333333333333326,1.0562402392850283,ori101,boundary,r010,manual_review_uncertain,blocked_manual_review,blocked,mixed_or_high_uncertain_evidence,boundary_or_skin_region,false
E_N005849_N005860,10408,N005849,N005860,design_present_or_unmapped,ct_uncertain,uncertain_review_required,uncertain,review_required,uncertain_ct_observation,mixed_or_borderline_ct_evidence,2,1154,2.120833333333333,0.7916666666666666,0.20833333333333334,11.208333333333334,3.139896373056995,1.8333333333333333,False,0.08333333333333337,0.41843947684960187,ori101,near_boundary,r101,manual_review_uncertain,blocked_manual_review,blocked,mixed_or_high_uncertain_evidence,near_boundary_region,false
E_N002146_N002150,5795,N002146,N002150,design_present_or_unmapped,ct_uncertain,uncertain_review_required,uncertain,review_required,uncertain_ct_observation,mixed_or_borderline_ct_evidence,2,1157,2.1145833333333335,0.9166666666666666,0.08333333333333333,4.708333333333333,1.4635568513119535,2.0,False,0.125,0.7932282263509449,ori110,boundary,r020,manual_review_uncertain,blocked_manual_review,blocked,mixed_or_high_uncertain_evidence,boundary_or_skin_region,false
E_N004589_N004604,8175,N004589,N004604,design_present_or_unmapped,ct_uncertain,uncertain_review_required,uncertain,review_required,uncertain_ct_observation,mixed_or_borderline_ct_evidence,2,1162,2.104166666666667,0.9166666666666666,0.08333333333333333,7.166666666666667,2.7799043062200957,2.0,False,0.08333333333333326,0.7409057331522599,ori110,boundary,r101,manual_review_uncertain,blocked_manual_review,blocked,mixed_or_high_uncertain_evidence,boundary_or_skin_region,false
E_N000459_N000461,797,N000459,N000461,design_present_or_unmapped,ct_uncertain,uncertain_review_required,uncertain,review_required,uncertain_ct_observation,mixed_or_borderline_ct_evidence,2,1175,2.095238095238095,1.0,0.0,5.625,-0.08721560130010834,2.095238095238095,True,0.0,0.8139768350877997,ori110,boundary,r110,manual_review_uncertain,blocked_manual_review,blocked,mixed_or_high_uncertain_evidence,boundary_or_skin_region,false
E_N004169_N004180,7404,N004169,N004180,design_present_or_unmapped,ct_uncertain,uncertain_review_required,uncertain,review_required,uncertain_ct_observation,mixed_or_borderline_ct_evidence,2,1193,2.058333333333333,0.75,0.25,12.5,2.6524415264669674,1.6666666666666665,False,0.16666666666666663,0.5020977367005429,ori101,near_boundary,r021,manual_review_uncertain,blocked_manual_review,blocked,mixed_or_high_uncertain_evidence,near_boundary_region,false
E_N006602_N006605,11710,N006602,N006605,design_present_or_unmapped,ct_uncertain,uncertain_review_required,uncertain,review_required,uncertain_ct_observation,mixed_or_borderline_ct_evidence,2,1200,2.0520833333333335,0.75,0.25,11.625,2.647083685545224,1.65,False,0.20833333333333337,0.4232400054214031,ori101,near_boundary,r121,manual_review_uncertain,blocked_manual_review,blocked,mixed_or_high_uncertain_evidence,near_boundary_region,false
E_N000585_N000587,1017,N000585,N000587,design_present_or_unmapped,ct_uncertain,uncertain_review_required,uncertain,review_required,uncertain_ct_observation,mixed_or_borderline_ct_evidence,2,1203,2.0476190476190474,1.0,0.0,5.791666666666667,-0.020347394540942927,2.0476190476190474,True,0.0,1.0955002448392368,ori110,boundary,r110,manual_review_uncertain,blocked_manual_review,blocked,mixed_or_high_uncertain_evidence,boundary_or_skin_region,false
E_N004921_N006061,10969,N004921,N006061,design_present_or_unmapped,ct_uncertain,uncertain_review_required,uncertain,review_required,uncertain_ct_observation,mixed_or_borderline_ct_evidence,2,1235,2.0017857142857145,0.6666666666666666,0.3333333333333333,8.0,1.8061079545454546,1.4642857142857144,False,0.08333333333333337,0.5510468830549708,ori101,boundary,r011,manual_review_uncertain,blocked_manual_review,blocked,mixed_or_high_uncertain_evidence,boundary_or_skin_region,false
E_N000539_N000666,3165,N000539,N000666,design_present_or_unmapped,ct_uncertain,uncertain_review_required,uncertain,review_required,uncertain_ct_observation,mixed_or_borderline_ct_evidence,2,1252,2.0,1.0,0.0,5.708333333333333,-0.1125232486050837,2.0,True,0.0,0.888807559180492,ori110,near_boundary,r010,manual_review_uncertain,blocked_manual_review,blocked,mixed_or_high_uncertain_evidence,near_boundary_region,false
E_N000637_N000652,3143,N000637,N000652,design_present_or_unmapped,ct_uncertain,uncertain_review_required,uncertain,review_required,uncertain_ct_observation,mixed_or_borderline_ct_evidence,2,1253,2.0,1.0,0.0,6.25,-0.0431438127090301,2.0,True,0.0,0.8757048799708386,ori110,near_boundary,r010,manual_review_uncertain,blocked_manual_review,blocked,mixed_or_high_uncertain_evidence,near_boundary_region,false
E_N002373_N002379,4431,N002373,N002379,design_present_or_unmapped,ct_uncertain,uncertain_review_required,uncertain,review_required,uncertain_ct_observation,mixed_or_borderline_ct_evidence,2,1302,1.9903508771929828,0.6666666666666666,0.2916666666666667,3.7083333333333335,0.5432756324900133,1.473684210526316,False,0.16666666666666674,1.5797183769627938,ori101,near_boundary,r200,manual_review_uncertain,blocked_manual_review,blocked,mixed_or_high_uncertain_evidence,near_boundary_region,false
E_N002373_N003511,6245,N002373,N003511,design_present_or_unmapped,ct_uncertain,uncertain_review_required,uncertain,review_required,uncertain_ct_observation,mixed_or_borderline_ct_evidence,3,1311,1.975,0.5,0.5,3.4166666666666665,-0.03564727954971857,1.125,False,0.0,2.435251277280566,ori011,boundary,r201,manual_review_uncertain,blocked_manual_review,blocked,mixed_or_high_uncertain_evidence,boundary_or_skin_region,false
E_N002444_N003581,6356,N002444,N003581,design_present_or_unmapped,ct_uncertain,uncertain_review_required,uncertain,review_required,uncertain_ct_observation,mixed_or_borderline_ct_evidence,2,1314,1.9687500000000002,0.875,0.125,13.125,4.705696202531645,1.8333333333333335,False,0.04166666666666663,0.3705711442124621,ori101,near_boundary,r101,manual_review_uncertain,blocked_manual_review,blocked,mixed_or_high_uncertain_evidence,near_boundary_region,false
E_N004575_N004590,8151,N004575,N004590,design_present_or_unmapped,ct_uncertain,uncertain_review_required,uncertain,review_required,uncertain_ct_observation,mixed_or_borderline_ct_evidence,2,1326,1.95625,0.875,0.125,8.041666666666666,4.275268817204301,1.8,False,0.125,0.478805469169317,ori110,boundary,r101,manual_review_uncertain,blocked_manual_review,blocked,mixed_or_high_uncertain_evidence,boundary_or_skin_region,false
E_N007581_N008721,15685,N007581,N008721,design_present_or_unmapped,ct_uncertain,uncertain_review_required,uncertain,review_required,uncertain_ct_observation,mixed_or_borderline_ct_evidence,2,1344,1.9354166666666666,0.9166666666666666,0.08333333333333333,9.833333333333334,1.7037773359840955,1.8,False,0.20833333333333337,0.24998394741086152,ori101,interior,r022,manual_review_uncertain,blocked_manual_review,blocked,mixed_or_high_uncertain_evidence,,false
E_N009947_N009953,18163,N009947,N009953,design_present_or_unmapped,ct_uncertain,uncertain_review_required,uncertain,review_required,uncertain_ct_observation,mixed_or_borderline_ct_evidence,3,1354,1.9154761904761906,0.4166666666666667,0.5833333333333334,2.5416666666666665,-0.2671680837148463,0.8571428571428571,False,0.16666666666666663,1.878620907676281,ori101,boundary,r222,manual_review_uncertain,blocked_manual_review,blocked,mixed_or_high_uncertain_evidence,boundary_or_skin_region,false
E_N000665_N000792,3385,N000665,N000792,design_present_or_unmapped,ct_uncertain,uncertain_review_required,uncertain,review_required,uncertain_ct_observation,mixed_or_borderline_ct_evidence,2,1370,1.8958333333333333,1.0,0.0,5.75,-0.30993669143958164,1.875,True,0.08333333333333337,0.9652102779958383,ori110,near_boundary,r020,manual_review_uncertain,blocked_manual_review,blocked,mixed_or_high_uncertain_evidence,near_boundary_region,false
E_N000683_N000685,1189,N000683,N000685,design_present_or_unmapped,ct_uncertain,uncertain_review_required,uncertain,review_required,uncertain_ct_observation,mixed_or_borderline_ct_evidence,2,1382,1.8785714285714286,1.0,0.0,8.25,-0.20451237263464336,1.8785714285714286,True,0.0,0.964228438126682,ori110,boundary,r110,manual_review_uncertain,blocked_manual_review,blocked,mixed_or_high_uncertain_evidence,boundary_or_skin_region,false
E_N006829_N006840,12156,N006829,N006840,design_present_or_unmapped,ct_uncertain,uncertain_review_required,uncertain,review_required,uncertain_ct_observation,mixed_or_borderline_ct_evidence,2,1399,1.8706439393939394,0.7916666666666666,0.20833333333333334,16.25,5.963938179736691,1.5727272727272728,False,0.125,0.2525051233049596,ori101,boundary,r002,manual_review_uncertain,blocked_manual_review,blocked,mixed_or_high_uncertain_evidence,boundary_or_skin_region,false
E_N008380_N009503,17025,N008380,N009503,design_present_or_unmapped,ct_uncertain,uncertain_review_required,uncertain,review_required,uncertain_ct_observation,mixed_or_borderline_ct_evidence,2,1403,1.8678571428571429,0.8333333333333334,0.16666666666666666,12.041666666666666,3.2385912698412698,1.6428571428571428,False,0.16666666666666674,0.2654546203091322,ori101,boundary,r112,manual_review_uncertain,blocked_manual_review,blocked,mixed_or_high_uncertain_evidence,boundary_or_skin_region,false
E_N004584_N004590,8147,N004584,N004590,design_present_or_unmapped,ct_uncertain,uncertain_review_required,uncertain,review_required,uncertain_ct_observation,mixed_or_borderline_ct_evidence,2,1407,1.8604166666666668,0.75,0.25,11.625,2.8470651588583737,1.5,False,0.04166666666666663,1.362705860333376,ori101,boundary,r101,manual_review_uncertain,blocked_manual_review,blocked,mixed_or_high_uncertain_evidence,boundary_or_skin_region,false
E_N009528_N009531,17058,N009528,N009531,design_present_or_unmapped,ct_uncertain,uncertain_review_required,uncertain,review_required,uncertain_ct_observation,mixed_or_borderline_ct_evidence,2,1422,1.8455357142857145,0.75,0.25,12.291666666666666,1.030758226037196,1.4642857142857144,False,0.125,0.8073386513846196,ori101,boundary,r112,manual_review_uncertain,blocked_manual_review,blocked,mixed_or_high_uncertain_evidence,boundary_or_skin_region,false
E_N001702_N002839,5024,N001702,N002839,design_present_or_unmapped,ct_uncertain,uncertain_review_required,uncertain,review_required,uncertain_ct_observation,mixed_or_borderline_ct_evidence,2,1444,1.8229166666666667,0.875,0.125,10.208333333333334,2.9601406799531067,1.6666666666666667,False,0.125,0.6513355244248189,ori101,interior,r110,manual_review_uncertain,blocked_manual_review,blocked,mixed_or_high_uncertain_evidence,,false
E_N007442_N007445,13214,N007442,N007445,design_present_or_unmapped,ct_uncertain,uncertain_review_required,uncertain,review_required,uncertain_ct_observation,mixed_or_borderline_ct_evidence,2,1447,1.8184523809523812,0.875,0.125,9.708333333333334,2.575885774722369,1.6517857142857144,False,0.16666666666666674,0.7244988432140466,ori101,boundary,r012,manual_review_uncertain,blocked_manual_review,blocked,mixed_or_high_uncertain_evidence,boundary_or_skin_region,false
E_N006395_N006406,11360,N006395,N006406,design_present_or_unmapped,ct_uncertain,uncertain_review_required,uncertain,review_required,uncertain_ct_observation,mixed_or_borderline_ct_evidence,2,1453,1.8157738095238094,0.6666666666666666,0.3333333333333333,5.208333333333333,0.7855440826052422,1.2678571428571428,False,0.125,1.452162521405024,ori101,interior,r211,manual_review_uncertain,blocked_manual_review,blocked,mixed_or_high_uncertain_evidence,,false
E_N000559_N000669,1187,N000559,N000669,design_present_or_unmapped,ct_uncertain,uncertain_review_required,uncertain,review_required,uncertain_ct_observation,mixed_or_borderline_ct_evidence,2,1461,1.809090909090909,1.0,0.0,8.583333333333334,-0.3468286099865047,1.809090909090909,True,0.0,0.9572865370082154,ori110,boundary,r110,manual_review_uncertain,blocked_manual_review,blocked,mixed_or_high_uncertain_evidence,boundary_or_skin_region,false
E_N008841_N009995,18252,N008841,N009995,design_present_or_unmapped,ct_uncertain,uncertain_review_required,uncertain,review_required,uncertain_ct_observation,mixed_or_borderline_ct_evidence,2,1510,1.7944444444444445,0.625,0.375,5.833333333333333,1.3581117742810636,1.1736111111111112,False,0.08333333333333337,0.1277679501677754,ori101,boundary,r022,manual_review_uncertain,blocked_manual_review,blocked,mixed_or_high_uncertain_evidence,boundary_or_skin_region,false
E_N005229_N006383,11528,N005229,N006383,design_present_or_unmapped,ct_uncertain,uncertain_review_required,uncertain,review_required,uncertain_ct_observation,mixed_or_borderline_ct_evidence,2,1524,1.78125,0.9166666666666666,0.08333333333333333,13.333333333333334,4.241671073506081,1.6666666666666667,False,0.125,0.636828631830193,ori101,interior,r111,manual_review_uncertain,blocked_manual_review,blocked,mixed_or_high_uncertain_evidence,,false
E_N003049_N003060,5412,N003049,N003060,design_present_or_unmapped,ct_uncertain,uncertain_review_required,uncertain,review_required,uncertain_ct_observation,mixed_or_borderline_ct_evidence,2,1527,1.7791666666666666,0.7916666666666666,0.20833333333333334,12.75,4.772144166157605,1.45,False,0.25,0.5832137505911635,ori101,interior,r020,manual_review_uncertain,blocked_manual_review,blocked,mixed_or_high_uncertain_evidence,,false
E_N000777_N000792,3387,N000777,N000792,design_present_or_unmapped,ct_uncertain,uncertain_review_required,uncertain,review_required,uncertain_ct_observation,mixed_or_borderline_ct_evidence,2,1569,1.75,1.0,0.0,5.958333333333333,-0.40542740841248304,1.75,True,0.0,0.9652102779958383,ori110,near_boundary,r020,manual_review_uncertain,blocked_manual_review,blocked,mixed_or_high_uncertain_evidence,near_boundary_region,false
E_N000781_N000783,1361,N000781,N000783,design_present_or_unmapped,ct_uncertain,uncertain_review_required,uncertain,review_required,uncertain_ct_observation,mixed_or_borderline_ct_evidence,2,1570,1.75,1.0,0.0,7.041666666666667,-0.16138516824567134,1.75,True,0.0,0.8154797507185702,ori110,boundary,r020,manual_review_uncertain,blocked_manual_review,blocked,mixed_or_high_uncertain_evidence,boundary_or_skin_region,false
E_N005383_N005389,9759,N005383,N005389,design_present_or_unmapped,ct_uncertain,uncertain_review_required,uncertain,review_required,uncertain_ct_observation,mixed_or_borderline_ct_evidence,2,1608,1.7434523809523808,0.7916666666666666,0.20833333333333334,5.958333333333333,1.4369208838203849,1.4142857142857141,False,0.25,1.1060386508535742,ori101,interior,r221,manual_review_uncertain,blocked_manual_review,blocked,mixed_or_high_uncertain_evidence,,false
E_N001533_N001539,2931,N001533,N001539,design_present_or_unmapped,ct_uncertain,uncertain_review_required,uncertain,review_required,uncertain_ct_observation,mixed_or_borderline_ct_evidence,2,1614,1.7359848484848484,0.7083333333333334,0.2916666666666667,14.25,3.565597667638484,1.2818181818181817,False,0.08333333333333337,0.5220768014958723,ori101,near_boundary,r010,manual_review_uncertain,blocked_manual_review,blocked,mixed_or_high_uncertain_evidence,near_boundary_region,false
E_N006853_N006859,12399,N006853,N006859,design_present_or_unmapped,ct_uncertain,uncertain_review_required,uncertain,review_required,uncertain_ct_observation,mixed_or_borderline_ct_evidence,2,1631,1.7187500000000002,0.875,0.125,13.958333333333334,6.807482993197279,1.5833333333333335,False,0.04166666666666663,0.31199495976008096,ori101,near_boundary,r102,manual_review_uncertain,blocked_manual_review,blocked,mixed_or_high_uncertain_evidence,near_boundary_region,false
E_N001814_N001817,3206,N001814,N001817,design_present_or_unmapped,ct_uncertain,uncertain_review_required,uncertain,review_required,uncertain_ct_observation,mixed_or_borderline_ct_evidence,2,1638,1.7145833333333333,0.9166666666666666,0.08333333333333333,13.541666666666666,4.187949143173023,1.6,False,0.125,0.8804976304246375,ori101,near_boundary,r110,manual_review_uncertain,blocked_manual_review,blocked,mixed_or_high_uncertain_evidence,near_boundary_region,false
E_N000651_N000666,3167,N000651,N000666,design_present_or_unmapped,ct_uncertain,uncertain_review_required,uncertain,review_required,uncertain_ct_observation,mixed_or_borderline_ct_evidence,2,1643,1.7083333333333335,1.0,0.0,6.208333333333333,-0.23761292088694225,1.7083333333333335,True,0.0,0.888807559180492,ori110,near_boundary,r010,manual_review_uncertain,blocked_manual_review,blocked,mixed_or_high_uncertain_evidence,near_boundary_region,false
E_N000777_N000904,3581,N000777,N000904,design_present_or_unmapped,ct_uncertain,uncertain_review_required,uncertain,review_required,uncertain_ct_observation,mixed_or_borderline_ct_evidence,2,1644,1.7083333333333335,1.0,0.0,6.125,-0.3907087552114354,1.7083333333333335,True,0.0,0.7573514968285658,ori110,near_boundary,r020,manual_review_uncertain,blocked_manual_review,blocked,mixed_or_high_uncertain_evidence,near_boundary_region,false
E_N005317_N005328,9444,N005317,N005328,design_present_or_unmapped,ct_uncertain,uncertain_review_required,uncertain,review_required,uncertain_ct_observation,mixed_or_borderline_ct_evidence,2,1650,1.7041666666666666,0.9166666666666666,0.08333333333333333,13.916666666666666,2.73841059602649,1.6,False,0.08333333333333337,0.2683139779010555,ori101,interior,r021,manual_review_uncertain,blocked_manual_review,blocked,mixed_or_high_uncertain_evidence,,false
E_N002471_N002477,4603,N002471,N002477,design_present_or_unmapped,ct_uncertain,uncertain_review_required,uncertain,review_required,uncertain_ct_observation,mixed_or_borderline_ct_evidence,2,1666,1.6904761904761905,1.0,0.0,13.208333333333334,-0.008071955719557196,1.6904761904761905,True,0.0,0.7614431632354867,ori101,interior,r100,manual_review_uncertain,blocked_manual_review,blocked,mixed_or_high_uncertain_evidence,,false
E_N006476_N006479,11490,N006476,N006479,design_present_or_unmapped,ct_uncertain,uncertain_review_required,uncertain,review_required,uncertain_ct_observation,mixed_or_borderline_ct_evidence,2,1679,1.6768939393939393,0.8333333333333334,0.16666666666666666,13.083333333333334,2.2296843519140364,1.4727272727272727,False,0.08333333333333337,0.3590605097365211,ori101,interior,r121,manual_review_uncertain,blocked_manual_review,blocked,mixed_or_high_uncertain_evidence,,false
E_N004600_N004604,8181,N004600,N004604,design_present_or_unmapped,ct_uncertain,uncertain_review_required,uncertain,review_required,uncertain_ct_observation,mixed_or_borderline_ct_evidence,2,1688,1.6729166666666666,0.7916666666666666,0.20833333333333334,8.541666666666666,5.796875,1.375,False,0.125,0.7409057331522599,ori011,boundary,r101,manual_review_uncertain,blocked_manual_review,blocked,mixed_or_high_uncertain_evidence,boundary_or_skin_region,false
E_N000688_N000713,1448,N000688,N000713,design_present_or_unmapped,ct_uncertain,uncertain_review_required,uncertain,review_required,uncertain_ct_observation,mixed_or_borderline_ct_evidence,2,1690,1.6696428571428572,1.0,0.0,21.166666666666668,-0.2858180761406568,1.6696428571428572,True,0.0,1.0495924744951446,ori101,boundary,r110,manual_review_uncertain,blocked_manual_review,blocked,mixed_or_high_uncertain_evidence,boundary_or_skin_region,false
E_N000651_N000778,3361,N000651,N000778,design_present_or_unmapped,ct_uncertain,uncertain_review_required,uncertain,review_required,uncertain_ct_observation,mixed_or_borderline_ct_evidence,2,1709,1.6666666666666667,1.0,0.0,6.458333333333333,-0.13472877358490565,1.6666666666666667,True,0.0,0.7401573310571545,ori110,near_boundary,r020,manual_review_uncertain,blocked_manual_review,blocked,mixed_or_high_uncertain_evidence,near_boundary_region,false
E_N004558_N005695,10120,N004558,N005695,design_present_or_unmapped,ct_uncertain,uncertain_review_required,uncertain,review_required,uncertain_ct_observation,mixed_or_borderline_ct_evidence,2,1757,1.6541666666666666,0.9166666666666666,0.08333333333333333,16.458333333333332,6.036298568507157,1.55,False,0.08333333333333337,0.1465325164218946,ori101,boundary,r001,manual_review_uncertain,blocked_manual_review,blocked,mixed_or_high_uncertain_evidence,boundary_or_skin_region,false
E_N004598_N004600,10177,N004598,N004600,design_present_or_unmapped,ct_uncertain,uncertain_review_required,uncertain,review_required,uncertain_ct_observation,mixed_or_borderline_ct_evidence,2,1758,1.6541666666666666,0.9166666666666666,0.08333333333333333,8.25,4.126520681265207,1.55,False,0.08333333333333337,1.20547324970804,ori110,boundary,r101,manual_review_uncertain,blocked_manual_review,blocked,mixed_or_high_uncertain_evidence,boundary_or_skin_region,false
E_N001047_N001049,1837,N001047,N001049,design_present_or_unmapped,ct_uncertain,uncertain_review_required,uncertain,review_required,uncertain_ct_observation,mixed_or_borderline_ct_evidence,2,1760,1.6520833333333336,0.9583333333333334,0.041666666666666664,6.916666666666667,-0.13280689160086145,1.6,True,0.04166666666666663,1.227057008196754,ori110,boundary,r020,manual_review_uncertain,blocked_manual_review,blocked,mixed_or_high_uncertain_evidence,boundary_or_skin_region,false
E_N008477_N008497,15294,N008477,N008497,design_present_or_unmapped,ct_uncertain,uncertain_review_required,uncertain,review_required,uncertain_ct_observation,mixed_or_borderline_ct_evidence,2,1767,1.6458333333333333,0.875,0.125,13.75,2.388906397730854,1.5,False,0.08333333333333326,0.0803980139824509,ori101,near_boundary,r112,manual_review_uncertain,blocked_manual_review,blocked,mixed_or_high_uncertain_evidence,near_boundary_region,false
E_N000669_N000685,1186,N000669,N000685,design_present_or_unmapped,ct_uncertain,uncertain_review_required,uncertain,review_required,uncertain_ct_observation,mixed_or_borderline_ct_evidence,2,1772,1.63768115942029,1.0,0.0,10.041666666666666,-0.36539717083786727,1.63768115942029,True,0.0,0.963880708344542,ori110,boundary,r110,manual_review_uncertain,blocked_manual_review,blocked,mixed_or_high_uncertain_evidence,boundary_or_skin_region,false
E_N005817_N006957,12569,N005817,N006957,design_present_or_unmapped,ct_uncertain,uncertain_review_required,uncertain,review_required,uncertain_ct_observation,mixed_or_borderline_ct_evidence,2,1782,1.6333333333333333,0.7916666666666666,0.20833333333333334,16.583333333333332,5.847387480600103,1.325,False,0.16666666666666663,0.19389872456237814,ori101,near_boundary,r002,manual_review_uncertain,blocked_manual_review,blocked,mixed_or_high_uncertain_evidence,near_boundary_region,false
E_N004557_N004563,8319,N004557,N004563,design_present_or_unmapped,ct_uncertain,uncertain_review_required,uncertain,review_required,uncertain_ct_observation,mixed_or_borderline_ct_evidence,2,1802,1.6125,0.9583333333333334,0.041666666666666664,19.083333333333332,9.63125845737483,1.55,False,0.08333333333333337,0.2766435878651985,ori101,near_boundary,r001,manual_review_uncertain,blocked_manual_review,blocked,mixed_or_high_uncertain_evidence,near_boundary_region,false
E_N000669_N000671,1165,N000669,N000671,design_present_or_unmapped,ct_uncertain,uncertain_review_required,uncertain,review_required,uncertain_ct_observation,mixed_or_borderline_ct_evidence,2,1814,1.6,1.0,0.0,6.958333333333333,-0.5545365214543072,1.6,True,0.0,0.9014936967557324,ori110,boundary,r010,manual_review_uncertain,blocked_manual_review,blocked,mixed_or_high_uncertain_evidence,boundary_or_skin_region,false
E_N000795_N000797,1385,N000795,N000797,design_present_or_unmapped,ct_uncertain,uncertain_review_required,uncertain,review_required,uncertain_ct_observation,mixed_or_borderline_ct_evidence,2,1817,1.6,1.0,0.0,7.083333333333333,-0.20361309747835904,1.6,True,0.0,0.9101735035898354,ori110,boundary,r020,manual_review_uncertain,blocked_manual_review,blocked,mixed_or_high_uncertain_evidence,boundary_or_skin_region,false
E_N003787_N004927,8953,N003787,N004927,design_present_or_unmapped,ct_uncertain,uncertain_review_required,uncertain,review_required,uncertain_ct_observation,mixed_or_borderline_ct_evidence,2,1861,1.5848214285714286,0.875,0.125,11.166666666666666,4.930086410054988,1.4285714285714286,False,0.125,0.6911919570142304,ori101,boundary,r011,manual_review_uncertain,blocked_manual_review,blocked,mixed_or_high_uncertain_evidence,boundary_or_skin_region,false
E_N000763_N000778,3363,N000763,N000778,design_present_or_unmapped,ct_uncertain,uncertain_review_required,uncertain,review_required,uncertain_ct_observation,mixed_or_borderline_ct_evidence,2,1864,1.5833333333333335,1.0,0.0,6.75,0.0037094281298299847,1.5833333333333335,True,0.0,0.7401573310571545,ori110,near_boundary,r020,manual_review_uncertain,blocked_manual_review,blocked,mixed_or_high_uncertain_evidence,near_boundary_region,false
E_N004963_N006103,11041,N004963,N006103,design_present_or_unmapped,ct_uncertain,uncertain_review_required,uncertain,review_required,uncertain_ct_observation,mixed_or_borderline_ct_evidence,2,1879,1.5770833333333334,0.7916666666666666,0.20833333333333334,13.666666666666666,2.703601108033241,1.3,False,0.04166666666666663,0.23191218706530492,ori101,interior,r111,manual_review_uncertain,blocked_manual_review,blocked,mixed_or_high_uncertain_evidence,,false
E_N001491_N001497,2855,N001491,N001497,design_present_or_unmapped,ct_uncertain,uncertain_review_required,uncertain,review_required,uncertain_ct_observation,mixed_or_borderline_ct_evidence,2,1880,1.576388888888889,0.9583333333333334,0.041666666666666664,2.9166666666666665,-0.22323232323232323,1.4722222222222223,True,0.25,1.2469627836995554,ori101,near_boundary,r200,manual_review_uncertain,blocked_manual_review,blocked,mixed_or_high_uncertain_evidence,near_boundary_region,false
E_N001239_N001245,2415,N001239,N001245,design_present_or_unmapped,ct_uncertain,uncertain_review_required,uncertain,review_required,uncertain_ct_observation,mixed_or_borderline_ct_evidence,3,1888,1.5659722222222223,0.9583333333333334,0.041666666666666664,3.0416666666666665,-0.1448087431693989,1.4722222222222223,False,0.20833333333333337,1.49637724987693,ori101,near_boundary,r200,manual_review_uncertain,blocked_manual_review,blocked,mixed_or_high_uncertain_evidence,near_boundary_region,false
E_N003717_N003723,6815,N003717,N003723,design_present_or_unmapped,ct_uncertain,uncertain_review_required,uncertain,review_required,uncertain_ct_observation,mixed_or_borderline_ct_evidence,2,1893,1.55625,0.875,0.125,12.125,4.493661446681581,1.4,False,0.125,0.38963137261649367,ori101,interior,r111,manual_review_uncertain,blocked_manual_review,blocked,mixed_or_high_uncertain_evidence,,false
E_N000671_N000781,1383,N000671,N000781,design_present_or_unmapped,ct_uncertain,uncertain_review_required,uncertain,review_required,uncertain_ct_observation,mixed_or_borderline_ct_evidence,2,1985,1.5,1.0,0.0,7.625,-0.15923172242874845,1.5,True,0.0,0.9014936967557324,ori110,boundary,r020,manual_review_uncertain,blocked_manual_review,blocked,mixed_or_high_uncertain_evidence,boundary_or_skin_region,false
E_N000797_N000907,1603,N000797,N000907,design_present_or_unmapped,ct_uncertain,uncertain_review_required,uncertain,review_required,uncertain_ct_observation,mixed_or_borderline_ct_evidence,2,1988,1.5,1.0,0.0,7.375,-0.2589151932873839,1.5,True,0.0,0.8560586852874064,ori110,boundary,r020,manual_review_uncertain,blocked_manual_review,blocked,mixed_or_high_uncertain_evidence,boundary_or_skin_region,false
E_N000889_N000904,3583,N000889,N000904,design_present_or_unmapped,ct_uncertain,uncertain_review_required,uncertain,review_required,uncertain_ct_observation,mixed_or_borderline_ct_evidence,2,1991,1.5,1.0,0.0,6.666666666666667,0.01911860012961763,1.5,True,0.0,0.8495242855890021,ori110,near_boundary,r020,manual_review_uncertain,blocked_manual_review,blocked,mixed_or_high_uncertain_evidence,near_boundary_region,false
E_N000921_N000923,1605,N000921,N000923,design_present_or_unmapped,ct_uncertain,uncertain_review_required,uncertain,review_required,uncertain_ct_observation,mixed_or_borderline_ct_evidence,2,1994,1.5,1.0,0.0,7.75,-0.3168019236549444,1.5,True,0.0,1.1502818831802848,ori110,boundary,r020,manual_review_uncertain,blocked_manual_review,blocked,mixed_or_high_uncertain_evidence,boundary_or_skin_region,false
E_N008099_N008119,14634,N008099,N008119,design_present_or_unmapped,ct_uncertain,uncertain_review_required,uncertain,review_required,uncertain_ct_observation,mixed_or_borderline_ct_evidence,2,2089,1.475,0.8333333333333334,0.16666666666666666,14.291666666666666,3.0892153350053744,1.25,False,0.16666666666666663,0.16828499550136963,ori101,near_boundary,r102,manual_review_uncertain,blocked_manual_review,blocked,mixed_or_high_uncertain_evidence,near_boundary_region,false
E_N000923_N001033,1835,N000923,N001033,design_present_or_unmapped,ct_uncertain,uncertain_review_required,uncertain,review_required,uncertain_ct_observation,mixed_or_borderline_ct_evidence,2,2116,1.45,1.0,0.0,7.958333333333333,-0.33744075829383885,1.45,True,0.0,1.1615445437889074,ori110,boundary,r020,manual_review_uncertain,blocked_manual_review,blocked,mixed_or_high_uncertain_evidence,boundary_or_skin_region,false
E_N003578_N003581,6358,N003578,N003581,design_present_or_unmapped,ct_uncertain,uncertain_review_required,uncertain,review_required,uncertain_ct_observation,mixed_or_borderline_ct_evidence,2,2139,1.4374999999999998,0.9166666666666666,0.08333333333333333,18.083333333333332,6.164747120681022,1.3333333333333333,False,0.08333333333333337,0.37167015984675916,ori101,near_boundary,r101,manual_review_uncertain,blocked_manual_review,blocked,mixed_or_high_uncertain_evidence,near_boundary_region,false
E_N005986_N005989,10634,N005986,N005989,design_present_or_unmapped,ct_uncertain,uncertain_review_required,uncertain,review_required,uncertain_ct_observation,mixed_or_borderline_ct_evidence,2,2141,1.4315476190476188,0.875,0.125,17.208333333333332,5.117850953206239,1.2857142857142856,False,0.08333333333333326,0.5353202008563803,ori101,interior,r101,manual_review_uncertain,blocked_manual_review,blocked,mixed_or_high_uncertain_evidence,,false
E_N001239_N002393,4456,N001239,N002393,design_present_or_unmapped,ct_uncertain,uncertain_review_required,uncertain,review_required,uncertain_ct_observation,mixed_or_borderline_ct_evidence,3,2177,1.4058415032679739,0.875,0.125,3.4166666666666665,-0.09978104472943385,1.2287581699346406,False,0.20833333333333337,1.9640512282662297,ori101,boundary,r200,manual_review_uncertain,blocked_manual_review,blocked,mixed_or_high_uncertain_evidence,boundary_or_skin_region,false
E_N003717_N004871,8852,N003717,N004871,design_present_or_unmapped,ct_uncertain,uncertain_review_required,uncertain,review_required,uncertain_ct_observation,mixed_or_borderline_ct_evidence,2,2240,1.3875,0.8333333333333334,0.16666666666666666,12.666666666666666,4.6143583227446,1.1833333333333333,False,0.08333333333333337,0.5950209789529753,ori101,interior,r111,manual_review_uncertain,blocked_manual_review,blocked,mixed_or_high_uncertain_evidence,,false
E_N001492_N002629,4656,N001492,N002629,design_present_or_unmapped,ct_uncertain,uncertain_review_required,uncertain,review_required,uncertain_ct_observation,mixed_or_borderline_ct_evidence,2,2272,1.3717105263157894,1.0,0.0,4.208333333333333,-0.012014417300760914,1.3717105263157894,True,0.0,1.7113043921818853,ori101,near_boundary,r200,manual_review_uncertain,blocked_manual_review,blocked,mixed_or_high_uncertain_evidence,near_boundary_region,false
E_N001016_N001021,1786,N001016,N001021,design_present_or_unmapped,ct_uncertain,uncertain_review_required,uncertain,review_required,uncertain_ct_observation,mixed_or_borderline_ct_evidence,2,2310,1.34375,0.9166666666666666,0.08333333333333333,10.583333333333334,3.581890812250333,1.25,False,0.04166666666666674,0.944028226140081,ori011,boundary,r020,manual_review_uncertain,blocked_manual_review,blocked,mixed_or_high_uncertain_evidence,boundary_or_skin_region,false
E_N000104_N001258,2220,N000104,N001258,design_present_or_unmapped,ct_uncertain,uncertain_review_required,uncertain,review_required,uncertain_ct_observation,mixed_or_borderline_ct_evidence,2,2317,1.333829365079365,1.0,0.0,2.7916666666666665,-0.10478855721393035,1.2817460317460316,True,0.20833333333333337,1.6494098168363809,ori101,boundary,r200,manual_review_uncertain,blocked_manual_review,blocked,mixed_or_high_uncertain_evidence,boundary_or_skin_region,false
E_N001477_N002631,4868,N001477,N002631,design_present_or_unmapped,ct_uncertain,uncertain_review_required,uncertain,review_required,uncertain_ct_observation,mixed_or_borderline_ct_evidence,2,2342,1.3333333333333333,1.0,0.0,5.166666666666667,-0.05457809694793537,1.3333333333333333,True,0.0,1.2501384998039953,ori101,interior,r200,manual_review_uncertain,blocked_manual_review,blocked,mixed_or_high_uncertain_evidence,,false
E_N003507_N003513,6447,N003507,N003513,design_present_or_unmapped,ct_uncertain,uncertain_review_required,uncertain,review_required,uncertain_ct_observation,mixed_or_borderline_ct_evidence,2,2418,1.3166666666666667,1.0,0.0,5.416666666666667,-0.10518800571156592,1.3166666666666667,True,0.0,1.6537339744023067,ori101,near_boundary,r201,manual_review_uncertain,blocked_manual_review,blocked,mixed_or_high_uncertain_evidence,near_boundary_region,false
E_N001243_N001254,2224,N001243,N001254,design_present_or_unmapped,ct_uncertain,uncertain_review_required,uncertain,review_required,uncertain_ct_observation,mixed_or_borderline_ct_evidence,2,2427,1.3096092503987242,1.0,0.0,3.0416666666666665,-0.04470834788683199,1.2679425837320575,True,0.16666666666666663,1.6957442406724224,ori101,boundary,r200,manual_review_uncertain,blocked_manual_review,blocked,mixed_or_high_uncertain_evidence,boundary_or_skin_region,false
E_N005737_N005752,10215,N005737,N005752,design_present_or_unmapped,ct_uncertain,uncertain_review_required,uncertain,review_required,uncertain_ct_observation,mixed_or_borderline_ct_evidence,2,2437,1.3020833333333335,0.9583333333333334,0.041666666666666664,9.833333333333334,8.13303269447576,1.25,False,0.04166666666666663,1.4849199154294155,ori110,boundary,r101,manual_review_uncertain,blocked_manual_review,blocked,mixed_or_high_uncertain_evidence,boundary_or_skin_region,false
E_N002751_N002757,5091,N002751,N002757,design_present_or_unmapped,ct_uncertain,uncertain_review_required,uncertain,review_required,uncertain_ct_observation,mixed_or_borderline_ct_evidence,2,2482,1.2720588235294117,1.0,0.0,4.583333333333333,0.009472817133443162,1.2720588235294117,True,0.0,1.5332284241546452,ori101,near_boundary,r210,manual_review_uncertain,blocked_manual_review,blocked,mixed_or_high_uncertain_evidence,near_boundary_region,false
E_N001075_N001091,1918,N001075,N001091,design_present_or_unmapped,ct_uncertain,uncertain_review_required,uncertain,review_required,uncertain_ct_observation,mixed_or_borderline_ct_evidence,2,2517,1.2520833333333334,0.9583333333333334,0.041666666666666664,5.5,-0.18679549114331723,1.2,True,0.04166666666666674,1.1774421717880896,ori110,boundary,r120,manual_review_uncertain,blocked_manual_review,blocked,mixed_or_high_uncertain_evidence,boundary_or_skin_region,false
E_N001085_N001086,3918,N001085,N001086,design_present_or_unmapped,ct_uncertain,uncertain_review_required,uncertain,review_required,uncertain_ct_observation,mixed_or_borderline_ct_evidence,2,2518,1.2520833333333334,0.9583333333333334,0.041666666666666664,5.625,-0.08479087452471483,1.2,True,0.04166666666666674,1.2394359169707982,ori110,boundary,r120,manual_review_uncertain,blocked_manual_review,blocked,mixed_or_high_uncertain_evidence,boundary_or_skin_region,false
E_N001238_N001244,2195,N001238,N001244,design_present_or_unmapped,ct_uncertain,uncertain_review_required,uncertain,review_required,uncertain_ct_observation,mixed_or_borderline_ct_evidence,2,2639,1.2430555555555556,1.0,0.0,3.3333333333333335,-0.18127638440526447,1.2222222222222223,True,0.08333333333333337,1.722591146204975,ori101,boundary,r200,manual_review_uncertain,blocked_manual_review,blocked,mixed_or_high_uncertain_evidence,boundary_or_skin_region,false
E_N000106_N001243,2200,N000106,N001243,design_present_or_unmapped,ct_uncertain,uncertain_review_required,uncertain,review_required,uncertain_ct_observation,mixed_or_borderline_ct_evidence,2,2666,1.2287581699346406,1.0,0.0,3.25,-0.2446969696969697,1.2287581699346406,True,0.0,1.4974478079195248,ori101,boundary,r200,manual_review_uncertain,blocked_manual_review,blocked,mixed_or_high_uncertain_evidence,boundary_or_skin_region,false
E_N000657_N000767,1359,N000657,N000767,design_present_or_unmapped,ct_uncertain,uncertain_review_required,uncertain,review_required,uncertain_ct_observation,mixed_or_borderline_ct_evidence,2,2674,1.225,1.0,0.0,8.708333333333334,-0.05084745762711865,1.225,True,0.0,0.7503976558461581,ori110,boundary,r020,manual_review_uncertain,blocked_manual_review,blocked,mixed_or_high_uncertain_evidence,boundary_or_skin_region,false
E_N000090_N000096,155,N000090,N000096,design_present_or_unmapped,ct_uncertain,uncertain_review_required,uncertain,review_required,uncertain_ct_observation,mixed_or_borderline_ct_evidence,2,2689,1.2222222222222223,1.0,0.0,3.6666666666666665,-0.24402549123738715,1.2222222222222223,True,0.0,1.3195929624213707,ori101,boundary,r200,manual_review_uncertain,blocked_manual_review,blocked,mixed_or_high_uncertain_evidence,boundary_or_skin_region,false
E_N000343_N001497,2852,N000343,N001497,design_present_or_unmapped,ct_uncertain,uncertain_review_required,uncertain,review_required,uncertain_ct_observation,mixed_or_borderline_ct_evidence,2,2893,1.1507352941176472,1.0,0.0,6.166666666666667,-0.22424108132062928,1.1507352941176472,True,0.0,1.1611557081528456,ori101,near_boundary,r200,manual_review_uncertain,blocked_manual_review,blocked,mixed_or_high_uncertain_evidence,near_boundary_region,false
E_N008799_N009953,18160,N008799,N009953,design_present_or_unmapped,ct_uncertain,uncertain_review_required,uncertain,review_required,uncertain_ct_observation,mixed_or_borderline_ct_evidence,2,3809,0.9898809523809522,0.5833333333333334,0.4166666666666667,3.7916666666666665,-0.21111805121798877,0.2857142857142857,False,0.08333333333333326,1.878620907676281,ori101,boundary,r222,manual_review_uncertain,blocked_manual_review,blocked,mixed_or_high_uncertain_evidence,boundary_or_skin_region,false
E_N001089_N001105,1946,N001089,N001105,design_present_or_unmapped,ct_uncertain,uncertain_review_required,uncertain,review_required,uncertain_ct_observation,mixed_or_borderline_ct_evidence,2,5769,0.531439393939394,0.9166666666666666,0.08333333333333333,3.7916666666666665,0.0,0.42727272727272725,False,0.08333333333333337,1.3605883202741742,ori110,boundary,r220,manual_review_uncertain,blocked_manual_review,blocked,mixed_or_high_uncertain_evidence,boundary_or_skin_region,false
